MSHX1
GROUPS 23
LABEL LSM_ElecBox
MATERIAL 1
TEXTURE 0
FLAG 0
GEOM 32 12
-0.1400 -0.3364 -0.1250 0.0000 -1.0000 0.0000
-0.1400 -0.3364 0.1250 0.0000 -1.0000 0.0000
0.1400 -0.3364 -0.1250 0.0000 -1.0000 0.0000
0.1400 -0.3364 0.1250 0.0000 -1.0000 0.0000
-0.1400 -0.2064 -0.1250 0.0000 1.0000 0.0000
-0.1400 -0.2064 0.1250 0.0000 1.0000 0.0000
0.1400 -0.2064 -0.1250 0.0000 1.0000 0.0000
0.1400 -0.2064 0.1250 0.0000 1.0000 0.0000
0.1400 -0.3364 -0.1250 0.0000 0.0000 -1.0000
0.1400 -0.2064 -0.1250 0.0000 0.0000 -1.0000
-0.1400 -0.2064 -0.1250 0.0000 0.0000 -1.0000
0.1400 -0.3364 -0.1250 0.0000 0.0000 -1.0000
-0.1400 -0.2064 -0.1250 0.0000 0.0000 -1.0000
-0.1400 -0.3364 -0.1250 0.0000 0.0000 -1.0000
-0.1400 -0.3364 -0.1250 -1.0000 0.0000 0.0000
-0.1400 -0.2064 -0.1250 -1.0000 0.0000 0.0000
-0.1400 -0.2064 0.1250 -1.0000 0.0000 0.0000
-0.1400 -0.3364 -0.1250 -1.0000 0.0000 0.0000
-0.1400 -0.2064 0.1250 -1.0000 0.0000 0.0000
-0.1400 -0.3364 0.1250 -1.0000 0.0000 0.0000
-0.1400 -0.3364 0.1250 0.0000 0.0000 1.0000
-0.1400 -0.2064 0.1250 0.0000 0.0000 1.0000
0.1400 -0.2064 0.1250 0.0000 0.0000 1.0000
-0.1400 -0.3364 0.1250 0.0000 0.0000 1.0000
0.1400 -0.2064 0.1250 0.0000 0.0000 1.0000
0.1400 -0.3364 0.1250 0.0000 0.0000 1.0000
0.1400 -0.3364 0.1250 1.0000 0.0000 0.0000
0.1400 -0.2064 0.1250 1.0000 0.0000 0.0000
0.1400 -0.2064 -0.1250 1.0000 0.0000 0.0000
0.1400 -0.3364 0.1250 1.0000 0.0000 0.0000
0.1400 -0.2064 -0.1250 1.0000 0.0000 0.0000
0.1400 -0.3364 -0.1250 1.0000 0.0000 0.0000
1 2 3
1 0 2
5 6 4
5 7 6
8 10 9
11 13 12
14 16 15
17 19 18
20 22 21
23 25 24
26 28 27
29 31 30
LABEL LSM_Louvers
MATERIAL 2
TEXTURE 0
FLAG 0
GEOM 48 20
0.1457 -0.2394 -0.1176 -0.9674 -0.2532 0.0000
0.1457 -0.2394 0.1176 -0.9674 -0.2532 0.0000
0.1400 -0.2174 -0.1176 -0.9674 -0.2532 0.0000
0.1400 -0.2174 0.1176 -0.9674 -0.2532 0.0000
0.1400 -0.2394 -0.1176 0.0000 0.0000 1.0000
0.1400 -0.2394 0.1176 0.0000 0.0000 -1.0000
0.1457 -0.2707 -0.1176 0.9674 0.2532 0.0000
0.1457 -0.2707 0.1176 0.9674 0.2532 0.0000
0.1400 -0.2487 -0.1176 0.9674 0.2532 0.0000
0.1400 -0.2487 0.1176 0.9674 0.2532 0.0000
0.1400 -0.2707 -0.1176 0.0000 0.0000 -1.0000
0.1400 -0.2707 0.1176 0.0000 0.0000 1.0000
0.1457 -0.3020 -0.1176 0.9674 0.2532 0.0000
0.1457 -0.3020 0.1176 0.9674 0.2532 0.0000
0.1400 -0.2800 -0.1176 0.9674 0.2532 0.0000
0.1400 -0.2800 0.1176 0.9674 0.2532 0.0000
0.1400 -0.3020 -0.1176 0.0000 0.0000 -1.0000
0.1400 -0.3020 0.1176 0.0000 0.0000 1.0000
-0.1401 -0.2710 -0.1117 -1.0000 -0.0000 0.0000
-0.1401 -0.2710 0.1117 -1.0000 -0.0000 0.0000
-0.1401 -0.3277 -0.1117 -1.0000 -0.0000 0.0000
-0.1401 -0.3277 0.1117 -1.0000 -0.0000 0.0000
-0.1531 -0.2710 -0.1117 -0.0000 -1.0000 0.0000
-0.1531 -0.2710 0.1117 -0.0000 -1.0000 0.0000
-0.1401 -0.2710 0.1117 1.0000 0.0000 0.0000
-0.1401 -0.2710 -0.1117 1.0000 0.0000 0.0000
-0.1401 -0.2143 0.1117 1.0000 0.0000 0.0000
-0.1401 -0.2143 -0.1117 1.0000 0.0000 0.0000
-0.1531 -0.2710 0.1117 0.0000 -1.0000 0.0000
-0.1531 -0.2710 -0.1117 0.0000 -1.0000 0.0000
0.1457 -0.2394 -0.1176 0.0000 0.0000 1.0000
0.1400 -0.2174 -0.1176 0.0000 0.0000 1.0000
0.1400 -0.2174 0.1176 0.0000 0.0000 -1.0000
0.1457 -0.2394 0.1176 0.0000 0.0000 -1.0000
0.1457 -0.2707 -0.1176 0.0000 0.0000 -1.0000
0.1400 -0.2487 -0.1176 0.0000 0.0000 -1.0000
0.1400 -0.2487 0.1176 0.0000 0.0000 1.0000
0.1457 -0.2707 0.1176 0.0000 0.0000 1.0000
0.1457 -0.3020 -0.1176 0.0000 0.0000 -1.0000
0.1400 -0.2800 -0.1176 0.0000 0.0000 -1.0000
0.1400 -0.2800 0.1176 0.0000 0.0000 1.0000
0.1457 -0.3020 0.1176 0.0000 0.0000 1.0000
-0.1401 -0.2710 0.1117 -0.0000 -1.0000 0.0000
-0.1401 -0.2710 0.1117 -0.0000 -1.0000 0.0000
-0.1401 -0.2710 -0.1117 -0.0000 -1.0000 0.0000
-0.1401 -0.2710 0.1117 0.0000 -1.0000 0.0000
-0.1401 -0.2710 -0.1117 0.0000 -1.0000 0.0000
-0.1401 -0.2710 -0.1117 0.0000 -1.0000 0.0000
0 3 2
0 1 3
30 31 4
32 33 5
6 9 7
6 8 9
34 10 35
36 11 37
12 15 13
12 14 15
38 16 39
40 17 41
18 21 19
18 20 21
22 42 23
22 44 43
24 27 26
24 25 27
28 46 45
28 29 47
LABEL LSM_X_BoomBase
MATERIAL 3
TEXTURE 1
FLAG 0
GEOM 117 60
0.1517 -0.1257 0.1110 -0.4967 0.8192 -0.2868 0.7500 0.7283
0.1458 -0.1326 0.1308 -0.7048 0.5792 0.4096 0.6250 0.7283
0.1516 -0.1490 0.1437 -0.5000 -0.0000 0.8660 0.5000 0.7283
0.1657 -0.1655 0.1423 -0.0023 -0.5792 0.8152 0.3750 0.7283
0.1799 -0.1723 0.1273 0.4967 -0.8192 0.2868 0.2500 0.7283
0.1858 -0.1655 0.1075 0.7048 -0.5792 -0.4096 0.1250 0.7283
0.1800 -0.1490 0.0945 0.5000 0.0000 -0.8660 1.0000 0.7283
0.1658 -0.1326 0.0960 0.0023 0.5792 -0.8152 0.8750 0.7283
0.4226 0.0750 0.2442 0.0023 0.5792 -0.8152 0.8750 0.0073
0.4084 0.0818 0.2592 -0.4967 0.8192 -0.2868 0.7500 0.0073
0.4367 0.0586 0.2428 0.5000 0.0000 -0.8660 1.0000 0.0073
0.4425 0.0421 0.2557 0.7048 -0.5792 -0.4096 0.1250 0.0073
0.4366 0.0353 0.2755 0.4967 -0.8192 0.2868 0.2500 0.0073
0.4224 0.0421 0.2905 -0.0023 -0.5792 0.8152 0.3750 0.0073
0.4083 0.0586 0.2920 -0.5000 -0.0000 0.8660 0.5000 0.0073
0.4025 0.0750 0.2790 -0.7048 0.5792 0.4096 0.6250 0.0073
0.1481 -0.1144 0.1090 0.7094 0.5736 0.4096 0.0451 0.7433
0.1608 -0.1188 0.0932 0.7094 0.5736 0.4096 0.0744 0.8526
0.1754 -0.1308 0.0847 0.7094 0.5736 0.4096 0.1544 0.9327
0.1880 -0.1472 0.0858 0.7094 0.5736 0.4096 0.2638 0.9620
0.1953 -0.1636 0.0962 0.7094 0.5736 0.4096 0.3731 0.9327
0.1952 -0.1756 0.1130 0.7094 0.5736 0.4096 0.4531 0.8526
0.1879 -0.1800 0.1319 0.7094 0.5736 0.4096 0.4824 0.7433
0.1752 -0.1756 0.1477 0.7094 0.5736 0.4096 0.4531 0.6340
0.1606 -0.1636 0.1562 0.7094 0.5736 0.4096 0.3731 0.5539
0.1480 -0.1472 0.1551 0.7094 0.5736 0.4096 0.2638 0.5246
0.1407 -0.1308 0.1447 0.7094 0.5736 0.4096 0.1544 0.5539
0.1408 -0.1188 0.1278 0.7094 0.5736 0.4096 0.0744 0.6340
0.0684 -0.1936 0.0398 -0.7500 -0.5000 -0.4330 0.0744 0.8526
0.0561 -0.1889 0.0558 -0.7500 -0.5000 -0.4330 0.0451 0.7433
0.0821 -0.2063 0.0308 -0.7500 -0.5000 -0.4330 0.1544 0.9327
0.0474 -0.2063 0.0908 -0.7500 -0.5000 -0.4330 0.1544 0.5539
0.0484 -0.1936 0.0745 -0.7500 -0.5000 -0.4330 0.0744 0.6340
0.0750 -0.2063 0.1129 -0.5726 0.1302 0.8094 0.7347 0.8481
0.1425 -0.2063 0.0657 0.6495 -0.3065 -0.6958 0.2060 0.7439
0.1573 -0.2063 0.0911 0.4376 -0.8840 -0.1642 0.1305 0.6676
0.1554 -0.2063 0.1131 0.3226 -0.9280 0.1863 0.9612 0.6397
0.1078 -0.2063 0.1257 -0.2778 -0.3065 0.9104 0.8102 0.7439
0.1373 -0.2063 0.1258 0.0766 -0.8840 0.4611 0.8857 0.6676
0.1150 -0.2063 0.0436 0.4147 0.1302 -0.9006 0.2815 0.8481
0.4367 0.0586 0.2428 0.5000 0.0000 -0.8660 0.0000 0.0073
0.4367 0.0586 0.2428 0.5000 0.0000 -0.8660 0.0000 0.0073
0.1800 -0.1490 0.0945 0.5000 0.0000 -0.8660 0.0000 0.7283
0.1480 -0.1472 0.1551 -0.5000 -0.0000 0.8660 0.7347 0.4725
0.0474 -0.2063 0.0908 -0.6972 0.4855 0.5275 0.6591 0.9522
0.1480 -0.1472 0.1551 -0.5000 -0.0000 0.8660 0.7347 0.4725
0.0474 -0.2063 0.0908 -0.6972 0.4855 0.5275 0.6591 0.9522
0.1407 -0.1308 0.1447 -0.6815 0.4099 0.6062 0.6591 0.4725
0.1879 -0.1800 0.1319 0.4967 -0.8192 0.2868 0.9612 0.4725
0.1879 -0.1800 0.1319 0.4967 -0.8192 0.2868 0.9612 0.4725
0.1752 -0.1756 0.1477 0.1802 -0.7094 0.6814 0.8857 0.4725
0.1880 -0.1472 0.0858 0.5000 0.0000 -0.8660 0.2815 0.4725
0.1880 -0.1472 0.0858 0.5000 0.0000 -0.8660 0.2815 0.4725
0.1953 -0.1636 0.0962 0.6814 -0.4096 -0.6066 0.2060 0.4725
0.1407 -0.1308 0.1447 -0.6815 0.4099 0.6062 0.6591 0.4725
0.0474 -0.2063 0.0908 -0.6972 0.4855 0.5275 0.6591 0.9522
0.0484 -0.1936 0.0745 -0.6816 0.7066 0.1902 0.5836 0.9522
0.1407 -0.1308 0.1447 -0.6815 0.4099 0.6062 0.6591 0.4725
0.0484 -0.1936 0.0745 -0.6816 0.7066 0.1902 0.5836 0.9522
0.1408 -0.1188 0.1278 -0.6803 0.7095 0.1838 0.5836 0.4725
0.1481 -0.1144 0.1090 -0.4971 0.8189 -0.2870 0.5081 0.4725
0.0561 -0.1889 0.0558 -0.4971 0.8189 -0.2870 0.5081 0.9522
0.0684 -0.1936 0.0398 -0.1760 0.7066 -0.6854 0.4326 0.9522
0.1481 -0.1144 0.1090 -0.4971 0.8189 -0.2870 0.5081 0.4725
0.0684 -0.1936 0.0398 -0.1760 0.7066 -0.6854 0.4326 0.9522
0.1608 -0.1188 0.0932 -0.1809 0.7095 -0.6811 0.4326 0.4725
0.1752 -0.1756 0.1477 0.1802 -0.7094 0.6814 0.8857 0.4725
0.1752 -0.1756 0.1477 0.1802 -0.7094 0.6814 0.8857 0.4725
0.1606 -0.1636 0.1562 -0.1846 -0.4096 0.8934 0.8102 0.4725
0.1953 -0.1636 0.0962 0.6814 -0.4096 -0.6066 0.2060 0.4725
0.1953 -0.1636 0.0962 0.6814 -0.4096 -0.6066 0.2060 0.4725
0.1952 -0.1756 0.1130 0.6802 -0.7094 -0.1846 0.1305 0.4725
0.1408 -0.1188 0.1278 -0.6803 0.7095 0.1838 0.5836 0.4725
0.0484 -0.1936 0.0745 -0.6816 0.7066 0.1902 0.5836 0.9522
0.0561 -0.1889 0.0558 -0.4971 0.8189 -0.2870 0.5081 0.9522
0.1408 -0.1188 0.1278 -0.6803 0.7095 0.1838 0.5836 0.4725
0.0561 -0.1889 0.0558 -0.4971 0.8189 -0.2870 0.5081 0.9522
0.1481 -0.1144 0.1090 -0.4971 0.8189 -0.2870 0.5081 0.4725
0.1608 -0.1188 0.0932 -0.1809 0.7095 -0.6811 0.4326 0.4725
0.0684 -0.1936 0.0398 -0.1760 0.7066 -0.6854 0.4326 0.9522
0.0821 -0.2063 0.0308 0.1082 0.4855 -0.8675 0.3570 0.9522
0.1608 -0.1188 0.0932 -0.1809 0.7095 -0.6811 0.4326 0.4725
0.0821 -0.2063 0.0308 0.1082 0.4855 -0.8675 0.3570 0.9522
0.1754 -0.1308 0.0847 0.1843 0.4099 -0.8933 0.3570 0.4725
0.1606 -0.1636 0.1562 -0.1846 -0.4096 0.8934 0.8102 0.4725
0.1606 -0.1636 0.1562 -0.1846 -0.4096 0.8934 0.8102 0.4725
0.1480 -0.1472 0.1551 -0.5000 -0.0000 0.8660 0.7347 0.4725
0.1952 -0.1756 0.1130 0.6802 -0.7094 -0.1846 0.1305 0.4725
0.1554 -0.2063 0.1131 0.3226 -0.9280 0.1863 0.0549 0.6397
0.1952 -0.1756 0.1130 0.6802 -0.7094 -0.1846 0.1305 0.4725
0.1554 -0.2063 0.1131 0.3226 -0.9280 0.1863 0.0549 0.6397
0.1879 -0.1800 0.1319 0.4967 -0.8192 0.2868 0.0549 0.4725
0.1754 -0.1308 0.0847 0.1843 0.4099 -0.8933 0.3570 0.4725
0.0821 -0.2063 0.0308 0.1082 0.4855 -0.8675 0.3570 0.9522
0.1754 -0.1308 0.0847 0.1843 0.4099 -0.8933 0.3570 0.4725
0.1880 -0.1472 0.0858 0.5000 0.0000 -0.8660 0.2815 0.4725
0.1425 -0.2063 0.0657 0.0000 -1.0000 -0.0000 0.3731 0.9327
0.1150 -0.2063 0.0436 0.0000 -1.0000 -0.0000 0.2638 0.9620
0.0821 -0.2063 0.0308 0.0000 -1.0000 -0.0000 0.1544 0.9327
0.0821 -0.2063 0.0308 0.0000 -1.0000 -0.0000 0.1544 0.9327
0.0474 -0.2063 0.0908 0.0000 -1.0000 -0.0000 0.1544 0.5539
0.0750 -0.2063 0.1129 0.0000 -1.0000 -0.0000 0.2638 0.5246
0.0750 -0.2063 0.1129 0.0000 -1.0000 -0.0000 0.2638 0.5246
0.1078 -0.2063 0.1257 0.0000 -1.0000 -0.0000 0.3731 0.5539
0.1373 -0.2063 0.1258 0.0766 -0.8840 0.4611 0.4531 0.6340
0.1373 -0.2063 0.1258 0.0766 -0.8840 0.4611 0.4531 0.6340
0.1554 -0.2063 0.1131 0.3226 -0.9280 0.1863 0.4824 0.7433
0.1573 -0.2063 0.0911 0.4376 -0.8840 -0.1642 0.4531 0.8526
0.1573 -0.2063 0.0911 0.4376 -0.8840 -0.1642 0.4531 0.8526
0.1425 -0.2063 0.0657 0.0000 -1.0000 -0.0000 0.3731 0.9327
0.0821 -0.2063 0.0308 0.0000 -1.0000 -0.0000 0.1544 0.9327
0.0821 -0.2063 0.0308 0.0000 -1.0000 -0.0000 0.1544 0.9327
0.0750 -0.2063 0.1129 0.0000 -1.0000 -0.0000 0.2638 0.5246
0.1373 -0.2063 0.1258 0.0766 -0.8840 0.4611 0.4531 0.6340
0.0821 -0.2063 0.0308 0.0000 -1.0000 -0.0000 0.1544 0.9327
0.1373 -0.2063 0.1258 0.0766 -0.8840 0.4611 0.4531 0.6340
0.1573 -0.2063 0.0911 0.4376 -0.8840 -0.1642 0.4531 0.8526
7 9 8
7 0 9
6 8 10
6 7 8
5 40 11
5 42 41
4 11 12
4 5 11
3 12 13
3 4 12
2 13 14
2 3 13
1 14 15
1 2 14
0 15 9
0 1 15
16 18 17
18 20 19
20 22 21
22 24 23
24 26 25
26 16 27
16 20 18
20 24 22
24 16 26
20 16 24
30 29 28
29 31 32
29 30 31
43 44 33
45 47 46
48 38 36
49 50 38
51 34 39
52 53 34
54 56 55
57 59 58
60 62 61
63 65 64
66 37 38
67 68 37
69 35 34
70 71 35
72 74 73
75 77 76
78 80 79
81 83 82
84 33 37
85 86 33
87 88 35
89 91 90
92 39 93
94 95 39
96 98 97
99 101 100
102 104 103
105 107 106
108 110 109
111 113 112
114 116 115
LABEL LSM_X_BoomTop
MATERIAL 3
TEXTURE 1
FLAG 0
GEOM 19 16
0.6910 0.2410 0.4224 0.4967 -0.8192 0.2868 0.7500 0.6818
0.6768 0.2478 0.4374 -0.0023 -0.5792 0.8152 0.6250 0.6818
0.6627 0.2642 0.4388 -0.5000 -0.0000 0.8660 0.5000 0.6818
0.6569 0.2807 0.4259 -0.7048 0.5792 0.4096 0.3750 0.6818
0.6628 0.2875 0.4061 -0.4967 0.8192 -0.2868 0.2500 0.6818
0.6770 0.2807 0.3911 0.0023 0.5792 -0.8152 0.1250 0.6818
0.6911 0.2642 0.3896 0.5000 -0.0000 -0.8660 1.0000 0.6818
0.6969 0.2478 0.4026 0.7048 -0.5792 -0.4096 0.8750 0.6818
0.4567 0.0536 0.2639 0.7048 -0.5792 -0.4096 0.8750 0.0073
0.4508 0.0468 0.2837 0.4967 -0.8192 0.2868 0.7500 0.0073
0.4509 0.0700 0.2510 0.5000 -0.0000 -0.8660 1.0000 0.0073
0.4368 0.0865 0.2524 0.0023 0.5792 -0.8152 0.1250 0.0073
0.4226 0.0933 0.2674 -0.4967 0.8192 -0.2868 0.2500 0.0073
0.4167 0.0865 0.2872 -0.7048 0.5792 0.4096 0.3750 0.0073
0.4225 0.0700 0.3002 -0.5000 -0.0000 0.8660 0.5000 0.0073
0.4366 0.0536 0.2987 -0.0023 -0.5792 0.8152 0.6250 0.0073
0.4509 0.0700 0.2510 0.5000 -0.0000 -0.8660 0.0000 0.0073
0.4509 0.0700 0.2510 0.5000 -0.0000 -0.8660 0.0000 0.0073
0.6911 0.2642 0.3896 0.5000 -0.0000 -0.8660 0.0000 0.6818
7 9 8
7 0 9
6 8 10
6 7 8
5 16 11
5 18 17
4 11 12
4 5 11
3 12 13
3 4 12
2 13 14
2 3 13
1 14 15
1 2 14
0 15 9
0 1 15
LABEL LSM_X_Boom_HingeBase
MATERIAL 4
TEXTURE 0
FLAG 0
GEOM 34 16
0.4425 0.0421 0.2557 0.7094 0.5736 0.4096
0.4367 0.0586 0.2428 0.7094 0.5736 0.4096
0.4366 0.0353 0.2755 0.7094 0.5736 0.4096
0.4224 0.0421 0.2905 0.7094 0.5736 0.4096
0.4083 0.0586 0.2920 0.7094 0.5736 0.4096
0.4025 0.0750 0.2790 0.7094 0.5736 0.4096
0.4084 0.0818 0.2592 0.7094 0.5736 0.4096
0.4226 0.0750 0.2442 0.7094 0.5736 0.4096
0.4270 0.0407 0.2847 0.4967 -0.8192 0.2868
0.4053 0.0765 0.2722 -0.5000 0.0000 0.8660
0.4398 0.0407 0.2625 0.4967 -0.8192 0.2868
0.4181 0.0765 0.2500 0.5000 0.0000 -0.8660
0.4469 0.0464 0.2666 0.7094 0.5736 0.4096
0.4341 0.0464 0.2888 0.7094 0.5736 0.4096
0.4123 0.0822 0.2763 0.7094 0.5736 0.4096
0.4252 0.0822 0.2541 0.7094 0.5736 0.4096
0.4341 0.0464 0.2888 0.4967 -0.8192 0.2868
0.4341 0.0464 0.2888 0.4967 -0.8192 0.2868
0.4469 0.0464 0.2666 0.4967 -0.8192 0.2868
0.4398 0.0407 0.2625 0.5000 0.0000 -0.8660
0.4469 0.0464 0.2666 0.5000 0.0000 -0.8660
0.4469 0.0464 0.2666 0.5000 0.0000 -0.8660
0.4252 0.0822 0.2541 0.5000 0.0000 -0.8660
0.4270 0.0407 0.2847 -0.5000 0.0000 0.8660
0.4123 0.0822 0.2763 -0.5000 0.0000 0.8660
0.4270 0.0407 0.2847 -0.5000 0.0000 0.8660
0.4123 0.0822 0.2763 -0.5000 0.0000 0.8660
0.4341 0.0464 0.2888 -0.5000 0.0000 0.8660
0.4053 0.0765 0.2722 -0.4967 0.8192 -0.2868
0.4181 0.0765 0.2500 -0.4967 0.8192 -0.2868
0.4252 0.0822 0.2541 -0.4967 0.8192 -0.2868
0.4053 0.0765 0.2722 -0.4967 0.8192 -0.2868
0.4252 0.0822 0.2541 -0.4967 0.8192 -0.2868
0.4123 0.0822 0.2763 -0.4967 0.8192 -0.2868
1 2 0
2 4 3
4 6 5
6 1 7
1 4 2
4 1 6
13 15 14
13 12 15
10 16 8
10 18 17
11 20 19
11 22 21
23 24 9
25 27 26
28 30 29
31 33 32
LABEL LSM_X_Boom_HingeRoot
MATERIAL 4
TEXTURE 0
FLAG 0
GEOM 36 14
0.1334 -0.2074 0.0762 0.5000 0.0000 -0.8660
0.1334 -0.1801 0.0762 0.5000 0.0000 -0.8660
0.0780 -0.2107 0.0442 -0.8660 0.0000 -0.5000
0.0780 -0.1882 0.0442 -0.8660 0.0000 -0.5000
0.1124 -0.2074 0.1126 0.8660 0.0000 0.5000
0.1124 -0.1801 0.1126 0.8660 0.0000 0.5000
0.0570 -0.2107 0.0806 -0.8660 0.0000 -0.5000
0.0570 -0.1882 0.0806 -0.8660 0.0000 -0.5000
0.0888 -0.1801 0.0504 0.5000 0.0000 -0.8660
0.0678 -0.1801 0.0868 0.0000 1.0000 0.0000
0.0780 -0.2107 0.0442 0.5000 0.0000 -0.8660
0.0780 -0.1882 0.0442 0.5000 0.0000 -0.8660
0.0780 -0.1882 0.0442 0.5000 0.0000 -0.8660
0.0780 -0.2107 0.0442 0.5000 0.0000 -0.8660
0.1334 -0.1801 0.0762 0.8660 0.0000 0.5000
0.1334 -0.1801 0.0762 0.8660 0.0000 0.5000
0.1334 -0.2074 0.0762 0.8660 0.0000 0.5000
0.0888 -0.1801 0.0504 0.0000 1.0000 0.0000
0.1334 -0.1801 0.0762 0.0000 1.0000 0.0000
0.1334 -0.1801 0.0762 0.0000 1.0000 0.0000
0.1124 -0.1801 0.1126 0.0000 1.0000 0.0000
0.0570 -0.1882 0.0806 -0.4718 0.8386 -0.2724
0.0780 -0.1882 0.0442 -0.4718 0.8386 -0.2724
0.0888 -0.1801 0.0504 -0.4718 0.8386 -0.2724
0.0570 -0.1882 0.0806 -0.4718 0.8386 -0.2724
0.0888 -0.1801 0.0504 -0.4718 0.8386 -0.2724
0.0678 -0.1801 0.0868 -0.4718 0.8386 -0.2724
0.1124 -0.2074 0.1126 -0.5000 0.0000 0.8660
0.0570 -0.2107 0.0806 -0.5000 0.0000 0.8660
0.0570 -0.1882 0.0806 -0.5000 0.0000 0.8660
0.0570 -0.1882 0.0806 -0.5000 0.0000 0.8660
0.0678 -0.1801 0.0868 -0.5000 0.0000 0.8660
0.1124 -0.1801 0.1126 -0.5000 0.0000 0.8660
0.0570 -0.1882 0.0806 -0.5000 0.0000 0.8660
0.1124 -0.1801 0.1126 -0.5000 0.0000 0.8660
0.1124 -0.2074 0.1126 -0.5000 0.0000 0.8660
2 7 3
2 6 7
10 1 0
1 11 8
1 13 12
4 14 5
4 16 15
9 18 17
9 20 19
21 23 22
24 26 25
27 29 28
30 32 31
33 35 34
LABEL LSM_X_Boom_HingeTop
MATERIAL 4
TEXTURE 0
FLAG 0
GEOM 34 16
0.4368 0.0865 0.2524 -0.7094 -0.5736 -0.4096
0.4509 0.0700 0.2510 -0.7094 -0.5736 -0.4096
0.4226 0.0933 0.2674 -0.7094 -0.5736 -0.4096
0.4167 0.0865 0.2872 -0.7094 -0.5736 -0.4096
0.4225 0.0700 0.3002 -0.7094 -0.5736 -0.4096
0.4366 0.0536 0.2987 -0.7094 -0.5736 -0.4096
0.4508 0.0468 0.2837 -0.7094 -0.5736 -0.4096
0.4567 0.0536 0.2639 -0.7094 -0.5736 -0.4096
0.4194 0.0879 0.2804 -0.4967 0.8192 -0.2868
0.4412 0.0521 0.2929 -0.5000 -0.0000 0.8660
0.4322 0.0879 0.2582 -0.4967 0.8192 -0.2868
0.4540 0.0521 0.2707 0.5000 0.0000 -0.8660
0.4252 0.0822 0.2541 -0.7094 -0.5736 -0.4096
0.4123 0.0822 0.2763 -0.7094 -0.5736 -0.4096
0.4341 0.0464 0.2888 -0.7094 -0.5736 -0.4096
0.4469 0.0464 0.2666 -0.7094 -0.5736 -0.4096
0.4123 0.0822 0.2763 -0.4967 0.8192 -0.2868
0.4123 0.0822 0.2763 -0.4967 0.8192 -0.2868
0.4252 0.0822 0.2541 -0.4967 0.8192 -0.2868
0.4322 0.0879 0.2582 0.5000 0.0000 -0.8660
0.4252 0.0822 0.2541 0.5000 0.0000 -0.8660
0.4252 0.0822 0.2541 0.5000 0.0000 -0.8660
0.4469 0.0464 0.2666 0.5000 0.0000 -0.8660
0.4194 0.0879 0.2804 -0.5000 -0.0000 0.8660
0.4341 0.0464 0.2888 -0.5000 -0.0000 0.8660
0.4194 0.0879 0.2804 -0.5000 -0.0000 0.8660
0.4341 0.0464 0.2888 -0.5000 -0.0000 0.8660
0.4123 0.0822 0.2763 -0.5000 -0.0000 0.8660
0.4412 0.0521 0.2929 0.4967 -0.8192 0.2868
0.4540 0.0521 0.2707 0.4967 -0.8192 0.2868
0.4469 0.0464 0.2666 0.4967 -0.8192 0.2868
0.4412 0.0521 0.2929 0.4967 -0.8192 0.2868
0.4469 0.0464 0.2666 0.4967 -0.8192 0.2868
0.4341 0.0464 0.2888 0.4967 -0.8192 0.2868
1 2 0
2 4 3
4 6 5
6 1 7
1 4 2
4 1 6
13 15 14
13 12 15
10 16 8
10 18 17
11 20 19
11 22 21
23 24 9
25 27 26
28 30 29
31 33 32
LABEL LSM_X_Leg
MATERIAL 2
TEXTURE 0
FLAG 0
GEOM 188 126
0.2863 -0.3927 0.2393 0.9665 0.0094 -0.2564
0.2858 -0.3926 0.2432 0.8659 0.0163 0.4999
0.2827 -0.3927 0.2456 0.2612 0.0094 0.9652
0.2789 -0.3931 0.2451 -0.5257 0.0032 0.8507
0.2766 -0.3935 0.2421 -0.9764 0.0117 0.2159
0.2772 -0.3937 0.2382 -0.8659 0.0192 -0.4999
0.2802 -0.3935 0.2358 -0.3012 0.0117 -0.9535
0.2840 -0.3931 0.2363 0.4739 0.0032 -0.8806
0.2861 -0.3758 0.2392 0.9197 0.3118 -0.2386
0.2855 -0.3752 0.2430 0.7869 0.4175 0.4543
0.2825 -0.3758 0.2454 0.2532 0.3118 0.9158
0.2789 -0.3773 0.2451 -0.4192 0.0429 0.9069
0.2768 -0.3788 0.2422 -0.8909 -0.2596 0.3726
0.2775 -0.3794 0.2384 -0.7932 -0.4014 -0.4580
0.2804 -0.3788 0.2359 -0.1228 -0.2596 -0.9579
0.2840 -0.3773 0.2363 0.5758 0.0429 -0.8165
0.1060 -0.1915 0.1352 0.5674 0.6928 -0.4451
0.1046 -0.1901 0.1386 0.3123 0.9327 0.1803
0.1024 -0.1915 0.1414 -0.1018 0.6928 0.7140
0.1005 -0.1948 0.1421 -0.4700 0.0807 0.8790
0.1002 -0.1982 0.1402 -0.5781 -0.6116 0.5401
0.1015 -0.1996 0.1368 -0.3019 -0.9373 -0.1743
0.1038 -0.1982 0.1339 0.1787 -0.6116 -0.7707
0.1056 -0.1948 0.1333 0.5262 0.0807 -0.8465
0.0849 -0.1913 0.1231 0.3549 0.7161 -0.6011
0.0831 -0.1898 0.1262 0.0099 0.9999 0.0057
0.0813 -0.1913 0.1293 -0.3431 0.7161 0.6079
0.0806 -0.1948 0.1306 -0.4981 -0.0003 0.8671
0.0813 -0.1984 0.1293 -0.3418 -0.7170 0.6075
0.0831 -0.1999 0.1262 0.0114 -0.9999 0.0066
0.0849 -0.1984 0.1231 0.3552 -0.7170 -0.5998
0.0857 -0.1948 0.1218 0.5019 -0.0003 -0.8649
0.0800 -0.1888 0.1317 -0.5000 0.0000 0.8660
0.0826 -0.1896 0.1332 -0.5000 0.0000 0.8660
0.0845 -0.1918 0.1343 -0.5000 0.0000 0.8660
0.0852 -0.1948 0.1347 -0.5000 0.0000 0.8660
0.0845 -0.1979 0.1343 -0.5000 0.0000 0.8660
0.0826 -0.2001 0.1332 -0.5000 0.0000 0.8660
0.0800 -0.2009 0.1317 -0.5000 0.0000 0.8660
0.0774 -0.2001 0.1301 -0.5000 0.0000 0.8660
0.0754 -0.1979 0.1290 -0.5000 0.0000 0.8660
0.0747 -0.1948 0.1286 -0.5000 0.0000 0.8660
0.0754 -0.1918 0.1290 -0.5000 0.0000 0.8660
0.0774 -0.1896 0.1301 -0.5000 0.0000 0.8660
0.0923 -0.1896 0.1163 0.4330 0.8660 0.2500
0.0897 -0.1888 0.1148 -0.0000 1.0000 0.0000
0.0942 -0.1918 0.1175 0.7500 0.5000 0.4330
0.0949 -0.1948 0.1179 0.8660 -0.0000 0.5000
0.0942 -0.1979 0.1175 0.7500 -0.5000 0.4330
0.0923 -0.2001 0.1163 0.4330 -0.8660 0.2500
0.0897 -0.2009 0.1148 -0.0000 -1.0000 -0.0000
0.0871 -0.2001 0.1133 -0.4330 -0.8660 -0.2500
0.0851 -0.1979 0.1122 -0.7500 -0.5000 -0.4330
0.0844 -0.1948 0.1118 -0.8660 -0.0000 -0.5000
0.0851 -0.1918 0.1122 -0.7500 0.5000 -0.4330
0.0871 -0.1896 0.1133 -0.4330 0.8660 -0.2500
0.2745 -0.3990 0.2528 0.0000 -1.0000 -0.0000
0.2815 -0.3990 0.2546 0.0000 -1.0000 -0.0000
0.2885 -0.3990 0.2528 0.0000 -1.0000 -0.0000
0.2936 -0.3990 0.2477 0.0000 -1.0000 -0.0000
0.2954 -0.3990 0.2407 0.0000 -1.0000 -0.0000
0.2936 -0.3990 0.2337 0.0000 -1.0000 -0.0000
0.2885 -0.3990 0.2286 0.0000 -1.0000 -0.0000
0.2815 -0.3990 0.2267 0.0000 -1.0000 -0.0000
0.2745 -0.3990 0.2286 0.0000 -1.0000 -0.0000
0.2694 -0.3990 0.2337 0.0000 -1.0000 -0.0000
0.2675 -0.3990 0.2407 0.0000 -1.0000 -0.0000
0.2694 -0.3990 0.2477 0.0000 -1.0000 -0.0000
0.2815 -0.3913 0.2546 -0.0000 1.0000 0.0000
0.2745 -0.3913 0.2528 -0.0000 1.0000 0.0000
0.2885 -0.3913 0.2528 -0.0000 1.0000 0.0000
0.2936 -0.3913 0.2477 -0.0000 1.0000 0.0000
0.2954 -0.3913 0.2407 -0.0000 1.0000 0.0000
0.2936 -0.3913 0.2337 -0.0000 1.0000 0.0000
0.2885 -0.3913 0.2286 -0.0000 1.0000 0.0000
0.2815 -0.3913 0.2267 -0.0000 1.0000 0.0000
0.2745 -0.3913 0.2286 -0.0000 1.0000 0.0000
0.2694 -0.3913 0.2337 -0.0000 1.0000 0.0000
0.2675 -0.3913 0.2407 -0.0000 1.0000 0.0000
0.2694 -0.3913 0.2477 -0.0000 1.0000 0.0000
0.0800 -0.2009 0.1317 -0.0000 -1.0000 -0.0000
0.0800 -0.2009 0.1317 -0.0000 -1.0000 -0.0000
0.0774 -0.2001 0.1301 -0.4330 -0.8660 -0.2500
0.0852 -0.1948 0.1347 0.8660 -0.0000 0.5000
0.0852 -0.1948 0.1347 0.8660 -0.0000 0.5000
0.0845 -0.1979 0.1343 0.7500 -0.5000 0.4330
0.0754 -0.1918 0.1290 -0.7500 0.5000 -0.4330
0.0754 -0.1918 0.1290 -0.7500 0.5000 -0.4330
0.0774 -0.1896 0.1301 -0.4330 0.8660 -0.2500
0.0800 -0.1888 0.1317 -0.0000 1.0000 0.0000
0.0800 -0.1888 0.1317 -0.0000 1.0000 0.0000
0.0826 -0.1896 0.1332 0.4330 0.8660 0.2500
0.0774 -0.2001 0.1301 -0.4330 -0.8660 -0.2500
0.0774 -0.2001 0.1301 -0.4330 -0.8660 -0.2500
0.0754 -0.1979 0.1290 -0.7500 -0.5000 -0.4330
0.0845 -0.1979 0.1343 0.7500 -0.5000 0.4330
0.0845 -0.1979 0.1343 0.7500 -0.5000 0.4330
0.0826 -0.2001 0.1332 0.4330 -0.8660 0.2500
0.0774 -0.1896 0.1301 -0.4330 0.8660 -0.2500
0.0774 -0.1896 0.1301 -0.4330 0.8660 -0.2500
0.0800 -0.1888 0.1317 -0.0000 1.0000 0.0000
0.0826 -0.1896 0.1332 0.4330 0.8660 0.2500
0.0826 -0.1896 0.1332 0.4330 0.8660 0.2500
0.0845 -0.1918 0.1343 0.7500 0.5000 0.4330
0.0754 -0.1979 0.1290 -0.7500 -0.5000 -0.4330
0.0754 -0.1979 0.1290 -0.7500 -0.5000 -0.4330
0.0747 -0.1948 0.1286 -0.8660 -0.0000 -0.5000
0.0826 -0.2001 0.1332 0.4330 -0.8660 0.2500
0.0826 -0.2001 0.1332 0.4330 -0.8660 0.2500
0.0800 -0.2009 0.1317 -0.0000 -1.0000 -0.0000
0.0845 -0.1918 0.1343 0.7500 0.5000 0.4330
0.0845 -0.1918 0.1343 0.7500 0.5000 0.4330
0.0852 -0.1948 0.1347 0.8660 -0.0000 0.5000
0.0747 -0.1948 0.1286 -0.8660 -0.0000 -0.5000
0.0747 -0.1948 0.1286 -0.8660 -0.0000 -0.5000
0.0754 -0.1918 0.1290 -0.7500 0.5000 -0.4330
0.2885 -0.3990 0.2286 0.5000 0.0000 -0.8660
0.2885 -0.3913 0.2286 0.5000 0.0000 -0.8660
0.2815 -0.3913 0.2267 0.0000 0.0000 -1.0000
0.2885 -0.3990 0.2286 0.5000 0.0000 -0.8660
0.2815 -0.3913 0.2267 0.0000 0.0000 -1.0000
0.2815 -0.3990 0.2267 0.0000 0.0000 -1.0000
0.2936 -0.3990 0.2477 0.8660 -0.0000 0.5000
0.2936 -0.3913 0.2477 0.8660 -0.0000 0.5000
0.2954 -0.3913 0.2407 1.0000 0.0000 0.0000
0.2936 -0.3990 0.2477 0.8660 -0.0000 0.5000
0.2954 -0.3913 0.2407 1.0000 0.0000 0.0000
0.2954 -0.3990 0.2407 1.0000 0.0000 0.0000
0.2675 -0.3990 0.2407 -1.0000 0.0000 0.0000
0.2675 -0.3913 0.2407 -1.0000 0.0000 0.0000
0.2694 -0.3913 0.2477 -0.8660 0.0000 0.5000
0.2675 -0.3990 0.2407 -1.0000 0.0000 0.0000
0.2694 -0.3913 0.2477 -0.8660 0.0000 0.5000
0.2694 -0.3990 0.2477 -0.8660 0.0000 0.5000
0.2745 -0.3990 0.2528 -0.5000 0.0000 0.8660
0.2745 -0.3913 0.2528 -0.5000 0.0000 0.8660
0.2815 -0.3913 0.2546 0.0000 -0.0000 1.0000
0.2745 -0.3990 0.2528 -0.5000 0.0000 0.8660
0.2815 -0.3913 0.2546 0.0000 -0.0000 1.0000
0.2815 -0.3990 0.2546 0.0000 -0.0000 1.0000
0.2815 -0.3990 0.2267 0.0000 0.0000 -1.0000
0.2815 -0.3913 0.2267 0.0000 0.0000 -1.0000
0.2745 -0.3913 0.2286 -0.5000 0.0000 -0.8660
0.2815 -0.3990 0.2267 0.0000 0.0000 -1.0000
0.2745 -0.3913 0.2286 -0.5000 0.0000 -0.8660
0.2745 -0.3990 0.2286 -0.5000 0.0000 -0.8660
0.2954 -0.3990 0.2407 1.0000 0.0000 0.0000
0.2954 -0.3913 0.2407 1.0000 0.0000 0.0000
0.2936 -0.3913 0.2337 0.8660 0.0000 -0.5000
0.2954 -0.3990 0.2407 1.0000 0.0000 0.0000
0.2936 -0.3913 0.2337 0.8660 0.0000 -0.5000
0.2936 -0.3990 0.2337 0.8660 0.0000 -0.5000
0.2694 -0.3990 0.2477 -0.8660 0.0000 0.5000
0.2694 -0.3913 0.2477 -0.8660 0.0000 0.5000
0.2745 -0.3913 0.2528 -0.5000 0.0000 0.8660
0.2694 -0.3990 0.2477 -0.8660 0.0000 0.5000
0.2745 -0.3913 0.2528 -0.5000 0.0000 0.8660
0.2745 -0.3990 0.2528 -0.5000 0.0000 0.8660
0.2815 -0.3990 0.2546 0.0000 -0.0000 1.0000
0.2815 -0.3913 0.2546 0.0000 -0.0000 1.0000
0.2885 -0.3913 0.2528 0.5000 -0.0000 0.8660
0.2815 -0.3990 0.2546 0.0000 -0.0000 1.0000
0.2885 -0.3913 0.2528 0.5000 -0.0000 0.8660
0.2885 -0.3990 0.2528 0.5000 -0.0000 0.8660
0.2745 -0.3990 0.2286 -0.5000 0.0000 -0.8660
0.2745 -0.3913 0.2286 -0.5000 0.0000 -0.8660
0.2694 -0.3913 0.2337 -0.8660 0.0000 -0.5000
0.2745 -0.3990 0.2286 -0.5000 0.0000 -0.8660
0.2694 -0.3913 0.2337 -0.8660 0.0000 -0.5000
0.2694 -0.3990 0.2337 -0.8660 0.0000 -0.5000
0.2936 -0.3990 0.2337 0.8660 0.0000 -0.5000
0.2936 -0.3913 0.2337 0.8660 0.0000 -0.5000
0.2885 -0.3913 0.2286 0.5000 0.0000 -0.8660
0.2936 -0.3990 0.2337 0.8660 0.0000 -0.5000
0.2885 -0.3913 0.2286 0.5000 0.0000 -0.8660
0.2885 -0.3990 0.2286 0.5000 0.0000 -0.8660
0.2885 -0.3990 0.2528 0.5000 -0.0000 0.8660
0.2885 -0.3913 0.2528 0.5000 -0.0000 0.8660
0.2936 -0.3913 0.2477 0.8660 -0.0000 0.5000
0.2885 -0.3990 0.2528 0.5000 -0.0000 0.8660
0.2936 -0.3913 0.2477 0.8660 -0.0000 0.5000
0.2936 -0.3990 0.2477 0.8660 -0.0000 0.5000
0.2694 -0.3990 0.2337 -0.8660 0.0000 -0.5000
0.2694 -0.3913 0.2337 -0.8660 0.0000 -0.5000
0.2675 -0.3913 0.2407 -1.0000 0.0000 0.0000
0.2694 -0.3990 0.2337 -0.8660 0.0000 -0.5000
0.2675 -0.3913 0.2407 -1.0000 0.0000 0.0000
0.2675 -0.3990 0.2407 -1.0000 0.0000 0.0000
0 15 8
0 7 15
1 8 9
1 0 8
2 9 10
2 1 9
3 10 11
3 2 10
4 11 12
4 3 11
5 12 13
5 4 12
6 13 14
6 5 13
7 14 15
7 6 14
8 23 16
8 15 23
9 16 17
9 8 16
10 17 18
10 9 17
11 18 19
11 10 18
12 19 20
12 11 19
13 20 21
13 12 20
14 21 22
14 13 21
15 22 23
15 14 22
16 31 24
16 23 31
17 24 25
17 16 24
18 25 26
18 17 25
19 26 27
19 18 26
20 27 28
20 19 27
21 28 29
21 20 28
22 29 30
22 21 29
23 30 31
23 22 30
32 34 33
34 36 35
36 38 37
38 40 39
40 42 41
42 32 43
32 36 34
36 40 38
40 32 42
36 32 40
80 51 50
81 82 51
83 48 47
84 85 48
86 55 54
87 88 55
89 44 45
90 91 44
92 52 51
93 94 52
95 49 48
96 97 49
98 45 55
99 100 45
101 46 44
102 103 46
104 53 52
105 106 53
107 50 49
108 109 50
110 47 46
111 112 47
113 54 53
114 115 54
56 58 57
58 60 59
60 62 61
62 64 63
64 66 65
66 56 67
56 60 58
60 64 62
64 56 66
60 56 64
70 69 68
69 78 79
78 76 77
76 74 75
74 72 73
72 70 71
70 78 69
78 74 76
74 70 72
78 70 74
116 118 117
119 121 120
122 124 123
125 127 126
128 130 129
131 133 132
134 136 135
137 139 138
140 142 141
143 145 144
146 148 147
149 151 150
152 154 153
155 157 156
158 160 159
161 163 162
164 166 165
167 169 168
170 172 171
173 175 174
176 178 177
179 181 180
182 184 183
185 187 186
LABEL LSM_X_Sensor
MATERIAL 5
TEXTURE 2
FLAG 0
GEOM 204 140
0.7011 0.3435 0.4282 -0.7941 0.3991 -0.4584 0.5000 0.5195
0.7157 0.3435 0.4136 -0.4396 0.2959 -0.8481 0.7500 0.5517
0.7357 0.3435 0.4082 0.0424 0.1241 -0.9914 0.9330 0.6397
0.7557 0.3435 0.4136 0.5273 -0.0015 -0.8497 1.0000 0.7598
0.7704 0.3435 0.4282 0.8731 -0.0863 -0.4799 0.9330 0.8799
0.7757 0.3435 0.4482 0.9904 -0.1376 0.0103 0.7500 0.9678
0.7704 0.3435 0.4682 0.8556 -0.1549 0.4940 0.5000 1.0000
0.7557 0.3435 0.4829 0.5042 -0.1376 0.8526 0.2500 0.9678
0.7357 0.3435 0.4882 0.0209 -0.0863 0.9960 0.0670 0.8799
0.7157 0.3435 0.4829 -0.4722 -0.0015 0.8815 0.0000 0.7598
0.7011 0.3435 0.4682 -0.8373 0.1241 0.5324 0.0670 0.6397
0.6957 0.3435 0.4482 -0.9542 0.2959 0.0433 0.2500 0.5517
0.7001 0.3412 0.4276 -0.8095 0.3553 -0.4674 0.5000 0.3999
0.6977 0.3329 0.4263 -0.8225 0.3132 -0.4749 0.5000 0.3419
0.6909 0.3250 0.4223 -0.5596 0.7632 -0.3231 0.5000 0.2547
0.6840 0.3211 0.4414 -0.7380 0.6564 0.1565 0.2500 0.2562
0.6917 0.3301 0.4459 -0.9608 0.2751 0.0344 0.2500 0.3554
0.6946 0.3401 0.4476 -0.9559 0.2931 0.0152 0.2500 0.4258
0.6852 0.3102 0.4590 -0.7142 0.3691 0.5947 0.0670 0.2603
0.6952 0.3225 0.4648 -0.8306 0.1591 0.5337 0.0670 0.3922
0.6997 0.3370 0.4674 -0.8460 0.1489 0.5120 0.0670 0.4964
0.6941 0.2953 0.4703 -0.4896 -0.0120 0.8718 0.0000 0.2660
0.7073 0.3121 0.4780 -0.4737 -0.0122 0.8806 0.0000 0.4424
0.7140 0.3329 0.4818 -0.4890 -0.0025 0.8723 0.0000 0.5929
0.7084 0.2805 0.4724 -0.1311 -0.3813 0.9151 0.0670 0.2716
0.7248 0.3017 0.4819 0.0037 -0.1855 0.9826 0.0670 0.4927
0.7336 0.3287 0.4870 0.0005 -0.1338 0.9910 0.0670 0.6894
0.7242 0.2696 0.4646 0.2603 -0.6452 0.7183 0.2500 0.2757
0.7430 0.2941 0.4755 0.4691 -0.3094 0.8272 0.2500 0.5295
0.7533 0.3257 0.4814 0.4837 -0.2232 0.8463 0.2500 0.7600
0.7373 0.2656 0.4491 0.5819 -0.7406 0.3360 0.5000 0.2772
0.7569 0.2913 0.4605 0.8100 -0.3537 0.4677 0.5000 0.5430
0.7678 0.3245 0.4667 0.8374 -0.2549 0.4835 0.5000 0.7859
0.7442 0.2696 0.4300 0.7522 -0.6452 -0.1338 0.7500 0.2757
0.7630 0.2941 0.4408 0.9509 -0.3094 -0.0073 0.7500 0.5295
0.7733 0.3257 0.4468 0.9748 -0.2232 -0.0043 0.7500 0.7600
0.7430 0.2805 0.4124 0.7269 -0.3813 -0.5711 0.9330 0.2716
0.7595 0.3017 0.4219 0.8529 -0.1855 -0.4881 0.9330 0.4927
0.7682 0.3287 0.4270 0.8585 -0.1338 -0.4951 0.9330 0.6894
0.7341 0.2953 0.4011 0.5102 -0.0120 -0.8600 1.0000 0.2660
0.7473 0.3121 0.4087 0.5258 -0.0122 -0.8505 1.0000 0.4424
0.7540 0.3329 0.4125 0.5109 -0.0025 -0.8596 1.0000 0.5929
0.7198 0.3102 0.3990 0.1579 0.3691 -0.9159 0.9330 0.2603
0.7299 0.3225 0.4048 0.0469 0.1591 -0.9861 0.9330 0.3922
0.7343 0.3370 0.4074 0.0205 0.1489 -0.9886 0.9330 0.4964
0.7040 0.3211 0.4068 -0.2334 0.6564 -0.7174 0.7500 0.2562
0.7117 0.3301 0.4112 -0.4506 0.2751 -0.8493 0.7500 0.3554
0.7146 0.3401 0.4129 -0.4648 0.2931 -0.8355 0.7500 0.4258
0.6621 0.3013 0.4057 -0.5032 0.8139 -0.2905 0.5000 0.1180
0.6604 0.2885 0.4047 -0.8567 0.1465 -0.4946 0.5000 0.0421
0.6702 0.2851 0.3926 -0.6382 0.0717 -0.7665 0.6924 0.0393
0.6747 0.2969 0.3899 -0.1866 0.7049 -0.6843 0.7500 0.1143
0.6814 0.2759 0.3860 -0.3844 -0.1332 -0.9135 0.8333 0.0316
0.6893 0.2849 0.3814 0.1809 0.4064 -0.8956 0.9330 0.1043
0.6911 0.2633 0.3869 -0.1615 -0.4146 -0.8955 0.8848 0.0210
0.7019 0.2686 0.3825 0.5013 -0.0016 -0.8653 1.0000 0.0907
0.6967 0.2507 0.3949 -0.0293 -0.6982 -0.7153 0.8333 0.0105
0.7091 0.2522 0.3929 0.6875 -0.4075 -0.6010 0.9330 0.0770
0.6966 0.2414 0.4079 -0.0252 -0.9075 -0.4193 0.6924 0.0028
0.7091 0.2402 0.4097 0.6898 -0.7022 -0.1764 0.7500 0.0671
0.6910 0.2381 0.4224 -0.1521 -0.9845 -0.0878 0.5000 0.0000
0.7017 0.2358 0.4286 0.5086 -0.8094 0.2937 0.5000 0.0634
0.6812 0.2414 0.4345 -0.3757 -0.9075 0.1879 0.3076 0.0028
0.6891 0.2402 0.4444 0.1921 -0.7022 0.6856 0.2500 0.0671
0.6700 0.2507 0.4410 -0.6341 -0.6982 0.3323 0.1667 0.0105
0.6745 0.2522 0.4529 -0.1768 -0.4075 0.8959 0.0670 0.0770
0.6603 0.2633 0.4402 -0.8563 -0.4146 0.3079 0.1152 0.0210
0.6619 0.2686 0.4518 -0.4987 -0.0016 0.8668 0.0000 0.0907
0.6547 0.2759 0.4322 -0.9833 -0.1332 0.1239 0.1667 0.0316
0.6547 0.2849 0.4414 -0.6852 0.4064 0.6045 0.0670 0.1043
0.6548 0.2851 0.4192 -0.9829 0.0717 -0.1695 0.3076 0.0393
0.6547 0.2969 0.4245 -0.6859 0.7049 0.1806 0.2500 0.1143
0.6977 0.3329 0.4263 -0.6127 0.7067 -0.3537 0.5000 0.3419
0.6917 0.3301 0.4459 -0.7866 0.6023 0.1363 0.2500 0.3554
0.6977 0.3329 0.4263 -0.6127 0.7067 -0.3537 0.5000 0.3419
0.6917 0.3301 0.4459 -0.7866 0.6023 0.1363 0.2500 0.3554
0.6952 0.3225 0.4648 -0.7391 0.3298 0.5873 0.0670 0.3922
0.6917 0.3301 0.4459 -0.7866 0.6023 0.1363 0.2500 0.3554
0.6952 0.3225 0.4648 -0.7391 0.3298 0.5873 0.0670 0.3922
0.7073 0.3121 0.4780 -0.4781 -0.0205 0.8781 0.0000 0.4424
0.6952 0.3225 0.4648 -0.7391 0.3298 0.5873 0.0670 0.3922
0.7073 0.3121 0.4780 -0.4781 -0.0205 0.8781 0.0000 0.4424
0.7248 0.3017 0.4819 -0.0850 -0.3510 0.9325 0.0670 0.4927
0.7073 0.3121 0.4780 -0.4781 -0.0205 0.8781 0.0000 0.4424
0.7248 0.3017 0.4819 -0.0850 -0.3510 0.9325 0.0670 0.4927
0.7430 0.2941 0.4755 0.3254 -0.5812 0.7459 0.2500 0.5295
0.7248 0.3017 0.4819 -0.0850 -0.3510 0.9325 0.0670 0.4927
0.7430 0.2941 0.4755 0.3254 -0.5812 0.7459 0.2500 0.5295
0.7569 0.2913 0.4605 0.6484 -0.6629 0.3743 0.5000 0.5430
0.7430 0.2941 0.4755 0.3254 -0.5812 0.7459 0.2500 0.5295
0.7569 0.2913 0.4605 0.6484 -0.6629 0.3743 0.5000 0.5430
0.7630 0.2941 0.4408 0.8086 -0.5812 -0.0912 0.7500 0.5295
0.7569 0.2913 0.4605 0.6484 -0.6629 0.3743 0.5000 0.5430
0.7630 0.2941 0.4408 0.8086 -0.5812 -0.0912 0.7500 0.5295
0.7595 0.3017 0.4219 0.7651 -0.3510 -0.5399 0.9330 0.4927
0.7630 0.2941 0.4408 0.8086 -0.5812 -0.0912 0.7500 0.5295
0.7595 0.3017 0.4219 0.7651 -0.3510 -0.5399 0.9330 0.4927
0.7473 0.3121 0.4087 0.5214 -0.0205 -0.8531 1.0000 0.4424
0.7595 0.3017 0.4219 0.7651 -0.3510 -0.5399 0.9330 0.4927
0.7473 0.3121 0.4087 0.5214 -0.0205 -0.8531 1.0000 0.4424
0.7299 0.3225 0.4048 0.1390 0.3298 -0.9338 0.9330 0.3922
0.7473 0.3121 0.4087 0.5214 -0.0205 -0.8531 1.0000 0.4424
0.7299 0.3225 0.4048 0.1390 0.3298 -0.9338 0.9330 0.3922
0.7117 0.3301 0.4112 -0.2752 0.6023 -0.7494 0.7500 0.3554
0.7299 0.3225 0.4048 0.1390 0.3298 -0.9338 0.9330 0.3922
0.7117 0.3301 0.4112 -0.2752 0.6023 -0.7494 0.7500 0.3554
0.6977 0.3329 0.4263 -0.6127 0.7067 -0.3537 0.5000 0.3419
0.7117 0.3301 0.4112 -0.2752 0.6023 -0.7494 0.7500 0.3554
0.7011 0.3435 0.4282 0.0000 1.0000 -0.0000 0.9961 0.3613
0.7157 0.3435 0.4136 0.0000 1.0000 -0.0000 0.9961 0.2284
0.7357 0.3435 0.4082 0.0000 1.0000 -0.0000 0.8632 0.1133
0.7357 0.3435 0.4082 0.0000 1.0000 -0.0000 0.8632 0.1133
0.7557 0.3435 0.4136 0.0000 1.0000 -0.0000 0.6329 0.0468
0.7704 0.3435 0.4282 0.0000 1.0000 -0.0000 0.3671 0.0468
0.7704 0.3435 0.4282 0.0000 1.0000 -0.0000 0.3671 0.0468
0.7757 0.3435 0.4482 0.0000 1.0000 -0.0000 0.1368 0.1133
0.7704 0.3435 0.4682 0.0000 1.0000 -0.0000 0.0039 0.2284
0.7704 0.3435 0.4682 0.0000 1.0000 -0.0000 0.0039 0.2284
0.7557 0.3435 0.4829 0.0000 1.0000 -0.0000 0.0039 0.3613
0.7357 0.3435 0.4882 0.0000 1.0000 -0.0000 0.1368 0.4764
0.7357 0.3435 0.4882 0.0000 1.0000 -0.0000 0.1368 0.4764
0.7157 0.3435 0.4829 0.0000 1.0000 -0.0000 0.3671 0.5429
0.7011 0.3435 0.4682 0.0000 1.0000 -0.0000 0.6329 0.5429
0.7011 0.3435 0.4682 0.0000 1.0000 -0.0000 0.6329 0.5429
0.6957 0.3435 0.4482 0.0000 1.0000 -0.0000 0.8632 0.4764
0.7011 0.3435 0.4282 0.0000 1.0000 -0.0000 0.9961 0.3613
0.7011 0.3435 0.4282 0.0000 1.0000 -0.0000 0.9961 0.3613
0.7357 0.3435 0.4082 0.0000 1.0000 -0.0000 0.8632 0.1133
0.7704 0.3435 0.4282 0.0000 1.0000 -0.0000 0.3671 0.0468
0.7704 0.3435 0.4282 0.0000 1.0000 -0.0000 0.3671 0.0468
0.7704 0.3435 0.4682 0.0000 1.0000 -0.0000 0.0039 0.2284
0.7357 0.3435 0.4882 0.0000 1.0000 -0.0000 0.1368 0.4764
0.7357 0.3435 0.4882 0.0000 1.0000 -0.0000 0.1368 0.4764
0.7011 0.3435 0.4682 0.0000 1.0000 -0.0000 0.6329 0.5429
0.7011 0.3435 0.4282 0.0000 1.0000 -0.0000 0.9961 0.3613
0.7704 0.3435 0.4282 0.0000 1.0000 -0.0000 0.3671 0.0468
0.7357 0.3435 0.4882 0.0000 1.0000 -0.0000 0.1368 0.4764
0.7011 0.3435 0.4282 0.0000 1.0000 -0.0000 0.9961 0.3613
0.6747 0.2969 0.3899 -0.6394 0.0724 -0.7655 0.7500 0.1143
0.6621 0.3013 0.4057 -0.8567 0.1465 -0.4946 0.5000 0.1180
0.6747 0.2969 0.3899 -0.6394 0.0724 -0.7655 0.7500 0.1143
0.6893 0.2849 0.3814 -0.3867 -0.1309 -0.9129 0.9330 0.1043
0.6747 0.2969 0.3899 -0.6394 0.0724 -0.7655 0.7500 0.1143
0.6893 0.2849 0.3814 -0.3867 -0.1309 -0.9129 0.9330 0.1043
0.7019 0.2686 0.3825 -0.1638 -0.4110 -0.8968 1.0000 0.0907
0.6893 0.2849 0.3814 -0.3867 -0.1309 -0.9129 0.9330 0.1043
0.7019 0.2686 0.3825 -0.1638 -0.4110 -0.8968 1.0000 0.0907
0.7091 0.2522 0.3929 -0.0301 -0.6952 -0.7182 0.9330 0.0770
0.7019 0.2686 0.3825 -0.1638 -0.4110 -0.8968 1.0000 0.0907
0.7091 0.2522 0.3929 -0.0301 -0.6952 -0.7182 0.9330 0.0770
0.7091 0.2402 0.4097 -0.0247 -0.9064 -0.4217 0.7500 0.0671
0.7091 0.2522 0.3929 -0.0301 -0.6952 -0.7182 0.9330 0.0770
0.7091 0.2402 0.4097 -0.0247 -0.9064 -0.4217 0.7500 0.0671
0.7017 0.2358 0.4286 -0.1521 -0.9845 -0.0878 0.5000 0.0634
0.7091 0.2402 0.4097 -0.0247 -0.9064 -0.4217 0.7500 0.0671
0.7017 0.2358 0.4286 -0.1521 -0.9845 -0.0878 0.5000 0.0634
0.6891 0.2402 0.4444 -0.3776 -0.9064 0.1895 0.2500 0.0671
0.7017 0.2358 0.4286 -0.1521 -0.9845 -0.0878 0.5000 0.0634
0.6891 0.2402 0.4444 -0.3776 -0.9064 0.1895 0.2500 0.0671
0.6745 0.2522 0.4529 -0.6370 -0.6952 0.3330 0.0670 0.0770
0.6891 0.2402 0.4444 -0.3776 -0.9064 0.1895 0.2500 0.0671
0.6745 0.2522 0.4529 -0.6370 -0.6952 0.3330 0.0670 0.0770
0.6619 0.2686 0.4518 -0.8585 -0.4110 0.3066 0.0000 0.0907
0.6745 0.2522 0.4529 -0.6370 -0.6952 0.3330 0.0670 0.0770
0.6619 0.2686 0.4518 -0.8585 -0.4110 0.3066 0.0000 0.0907
0.6547 0.2849 0.4414 -0.9839 -0.1309 0.1216 0.0670 0.1043
0.6619 0.2686 0.4518 -0.8585 -0.4110 0.3066 0.0000 0.0907
0.6547 0.2849 0.4414 -0.9839 -0.1309 0.1216 0.0670 0.1043
0.6547 0.2969 0.4245 -0.9826 0.0724 -0.1710 0.2500 0.1143
0.6547 0.2849 0.4414 -0.9839 -0.1309 0.1216 0.0670 0.1043
0.6547 0.2969 0.4245 -0.9826 0.0724 -0.1710 0.2500 0.1143
0.6621 0.3013 0.4057 -0.8567 0.1465 -0.4946 0.5000 0.1180
0.6547 0.2969 0.4245 -0.9826 0.0724 -0.1710 0.2500 0.1143
0.6621 0.3013 0.4057 -0.8567 0.1465 -0.4946 0.5000 0.1180
0.6814 0.2759 0.3860 -0.7094 -0.5736 -0.4096 0.5966 0.4827
0.6702 0.2851 0.3926 -0.7094 -0.5736 -0.4096 0.7738 0.4315
0.6604 0.2885 0.4047 -0.7094 -0.5736 -0.4096 0.8761 0.3429
0.6604 0.2885 0.4047 -0.7094 -0.5736 -0.4096 0.8761 0.3429
0.6548 0.2851 0.4192 -0.7094 -0.5736 -0.4096 0.8761 0.2406
0.6547 0.2759 0.4322 -0.7094 -0.5736 -0.4096 0.7738 0.1520
0.6547 0.2759 0.4322 -0.7094 -0.5736 -0.4096 0.7738 0.1520
0.6603 0.2633 0.4402 -0.7094 -0.5736 -0.4096 0.5966 0.1009
0.6700 0.2507 0.4410 -0.7094 -0.5736 -0.4096 0.3920 0.1009
0.6700 0.2507 0.4410 -0.7094 -0.5736 -0.4096 0.3920 0.1009
0.6812 0.2414 0.4345 -0.7094 -0.5736 -0.4096 0.2148 0.1520
0.6910 0.2381 0.4224 -0.7094 -0.5736 -0.4096 0.1125 0.2406
0.6910 0.2381 0.4224 -0.7094 -0.5736 -0.4096 0.1125 0.2406
0.6966 0.2414 0.4079 -0.7094 -0.5736 -0.4096 0.1125 0.3429
0.6967 0.2507 0.3949 -0.7094 -0.5736 -0.4096 0.2148 0.4315
0.6967 0.2507 0.3949 -0.7094 -0.5736 -0.4096 0.2148 0.4315
0.6911 0.2633 0.3869 -0.7094 -0.5736 -0.4096 0.3920 0.4827
0.6814 0.2759 0.3860 -0.7094 -0.5736 -0.4096 0.5966 0.4827
0.6814 0.2759 0.3860 -0.7094 -0.5736 -0.4096 0.5966 0.4827
0.6604 0.2885 0.4047 -0.7094 -0.5736 -0.4096 0.8761 0.3429
0.6547 0.2759 0.4322 -0.7094 -0.5736 -0.4096 0.7738 0.1520
0.6547 0.2759 0.4322 -0.7094 -0.5736 -0.4096 0.7738 0.1520
0.6700 0.2507 0.4410 -0.7094 -0.5736 -0.4096 0.3920 0.1009
0.6910 0.2381 0.4224 -0.7094 -0.5736 -0.4096 0.1125 0.2406
0.6910 0.2381 0.4224 -0.7094 -0.5736 -0.4096 0.1125 0.2406
0.6967 0.2507 0.3949 -0.7094 -0.5736 -0.4096 0.2148 0.4315
0.6814 0.2759 0.3860 -0.7094 -0.5736 -0.4096 0.5966 0.4827
0.6547 0.2759 0.4322 -0.7094 -0.5736 -0.4096 0.7738 0.1520
0.6910 0.2381 0.4224 -0.7094 -0.5736 -0.4096 0.1125 0.2406
0.6814 0.2759 0.3860 -0.7094 -0.5736 -0.4096 0.5966 0.4827
0 17 11
0 12 17
11 20 10
11 17 20
10 23 9
10 20 23
9 26 8
9 23 26
8 29 7
8 26 29
7 32 6
7 29 32
6 35 5
6 32 35
5 38 4
5 35 38
4 41 3
4 38 41
3 44 2
3 41 44
2 47 1
2 44 47
1 12 0
1 47 12
12 16 17
12 13 16
72 15 73
74 14 15
45 48 14
45 51 48
17 19 20
17 16 19
75 18 76
77 15 18
20 22 23
20 19 22
78 21 79
80 18 21
15 69 18
15 71 69
23 25 26
23 22 25
81 24 82
83 21 24
18 67 21
18 69 67
26 28 29
26 25 28
84 27 85
86 24 27
21 65 24
21 67 65
29 31 32
29 28 31
87 30 88
89 27 30
24 63 27
24 65 63
32 34 35
32 31 34
90 33 91
92 30 33
27 61 30
27 63 61
35 37 38
35 34 37
93 36 94
95 33 36
30 59 33
30 61 59
38 40 41
38 37 40
96 39 97
98 36 39
33 57 36
33 59 57
41 43 44
41 40 43
99 42 100
101 39 42
36 55 39
36 57 55
44 46 47
44 43 46
102 45 103
104 42 45
39 53 42
39 55 53
47 13 12
47 46 13
105 14 106
107 45 14
42 51 45
42 53 51
108 110 109
111 113 112
114 116 115
117 119 118
120 122 121
123 125 124
126 128 127
129 131 130
132 134 133
135 137 136
14 71 15
14 48 71
138 49 139
140 50 49
141 50 142
143 52 50
144 52 145
146 54 52
147 54 148
149 56 54
150 56 151
152 58 56
153 58 154
155 60 58
156 60 157
158 62 60
159 62 160
161 64 62
162 64 163
164 66 64
165 66 166
167 68 66
168 68 169
170 70 68
171 70 172
173 49 70
174 176 175
177 179 178
180 182 181
183 185 184
186 188 187
189 191 190
192 194 193
195 197 196
198 200 199
201 203 202
LABEL LSM_Y_BoomBase
MATERIAL 3
TEXTURE 1
FLAG 0
GEOM 117 60
-0.1517 -0.1257 0.1110 0.4967 0.8192 -0.2868 0.7500 0.7283
-0.1658 -0.1326 0.0960 -0.0023 0.5792 -0.8152 0.6250 0.7283
-0.1800 -0.1490 0.0945 -0.5000 -0.0000 -0.8660 0.5000 0.7283
-0.1858 -0.1655 0.1075 -0.7048 -0.5792 -0.4096 0.3750 0.7283
-0.1799 -0.1723 0.1273 -0.4967 -0.8192 0.2868 0.2500 0.7283
-0.1657 -0.1655 0.1423 0.0023 -0.5792 0.8152 0.1250 0.7283
-0.1516 -0.1490 0.1437 0.5000 0.0000 0.8660 1.0000 0.7283
-0.1458 -0.1326 0.1308 0.7048 0.5792 0.4096 0.8750 0.7283
-0.4025 0.0750 0.2790 0.7048 0.5792 0.4096 0.8750 0.0073
-0.4084 0.0818 0.2592 0.4967 0.8192 -0.2868 0.7500 0.0073
-0.4083 0.0586 0.2920 0.5000 0.0000 0.8660 1.0000 0.0073
-0.4224 0.0421 0.2905 0.0023 -0.5792 0.8152 0.1250 0.0073
-0.4366 0.0353 0.2755 -0.4967 -0.8192 0.2868 0.2500 0.0073
-0.4425 0.0421 0.2557 -0.7048 -0.5792 -0.4096 0.3750 0.0073
-0.4367 0.0586 0.2428 -0.5000 -0.0000 -0.8660 0.5000 0.0073
-0.4226 0.0750 0.2442 -0.0023 0.5792 -0.8152 0.6250 0.0073
-0.1481 -0.1144 0.1090 -0.7094 0.5736 0.4096 0.0451 0.7433
-0.1408 -0.1188 0.1278 -0.7094 0.5736 0.4096 0.0744 0.8526
-0.1407 -0.1308 0.1447 -0.7094 0.5736 0.4096 0.1544 0.9327
-0.1480 -0.1472 0.1551 -0.7094 0.5736 0.4096 0.2638 0.9620
-0.1606 -0.1636 0.1562 -0.7094 0.5736 0.4096 0.3731 0.9327
-0.1752 -0.1756 0.1477 -0.7094 0.5736 0.4096 0.4531 0.8526
-0.1879 -0.1800 0.1319 -0.7094 0.5736 0.4096 0.4824 0.7433
-0.1952 -0.1756 0.1130 -0.7094 0.5736 0.4096 0.4531 0.6340
-0.1953 -0.1636 0.0962 -0.7094 0.5736 0.4096 0.3731 0.5539
-0.1880 -0.1472 0.0858 -0.7094 0.5736 0.4096 0.2638 0.5246
-0.1754 -0.1308 0.0847 -0.7094 0.5736 0.4096 0.1544 0.5539
-0.1608 -0.1188 0.0932 -0.7094 0.5736 0.4096 0.0744 0.6340
-0.0484 -0.1936 0.0745 0.7500 -0.5000 -0.4330 0.0744 0.8526
-0.0561 -0.1889 0.0558 0.7500 -0.5000 -0.4330 0.0451 0.7433
-0.0474 -0.2063 0.0908 0.7500 -0.5000 -0.4330 0.1544 0.9327
-0.0821 -0.2063 0.0308 0.7500 -0.5000 -0.4330 0.1544 0.5539
-0.0684 -0.1936 0.0398 0.7500 -0.5000 -0.4330 0.0744 0.6340
-0.1150 -0.2063 0.0436 -0.4147 0.1302 -0.9006 0.7347 0.8481
-0.1078 -0.2063 0.1257 0.2778 -0.3065 0.9104 0.2060 0.7439
-0.1373 -0.2063 0.1258 -0.0766 -0.8840 0.4611 0.1305 0.6676
-0.1554 -0.2063 0.1131 -0.3226 -0.9280 0.1863 0.9612 0.6397
-0.1425 -0.2063 0.0657 -0.6495 -0.3065 -0.6958 0.8102 0.7439
-0.1573 -0.2063 0.0911 -0.4376 -0.8840 -0.1642 0.8857 0.6676
-0.0750 -0.2063 0.1129 0.5726 0.1302 0.8094 0.2815 0.8481
-0.4083 0.0586 0.2920 0.5000 0.0000 0.8660 0.0000 0.0073
-0.4083 0.0586 0.2920 0.5000 0.0000 0.8660 0.0000 0.0073
-0.1516 -0.1490 0.1437 0.5000 0.0000 0.8660 0.0000 0.7283
-0.1880 -0.1472 0.0858 -0.5000 -0.0000 -0.8660 0.7347 0.4725
-0.0821 -0.2063 0.0308 -0.1082 0.4855 -0.8675 0.6591 0.9522
-0.1880 -0.1472 0.0858 -0.5000 -0.0000 -0.8660 0.7347 0.4725
-0.0821 -0.2063 0.0308 -0.1082 0.4855 -0.8675 0.6591 0.9522
-0.1754 -0.1308 0.0847 -0.1843 0.4099 -0.8933 0.6591 0.4725
-0.1879 -0.1800 0.1319 -0.4967 -0.8192 0.2868 0.9612 0.4725
-0.1879 -0.1800 0.1319 -0.4967 -0.8192 0.2868 0.9612 0.4725
-0.1952 -0.1756 0.1130 -0.6802 -0.7094 -0.1846 0.8857 0.4725
-0.1480 -0.1472 0.1551 0.5000 0.0000 0.8660 0.2815 0.4725
-0.1480 -0.1472 0.1551 0.5000 0.0000 0.8660 0.2815 0.4725
-0.1606 -0.1636 0.1562 0.1846 -0.4096 0.8934 0.2060 0.4725
-0.1754 -0.1308 0.0847 -0.1843 0.4099 -0.8933 0.6591 0.4725
-0.0821 -0.2063 0.0308 -0.1082 0.4855 -0.8675 0.6591 0.9522
-0.0684 -0.1936 0.0398 0.1760 0.7066 -0.6854 0.5836 0.9522
-0.1754 -0.1308 0.0847 -0.1843 0.4099 -0.8933 0.6591 0.4725
-0.0684 -0.1936 0.0398 0.1760 0.7066 -0.6854 0.5836 0.9522
-0.1608 -0.1188 0.0932 0.1809 0.7095 -0.6811 0.5836 0.4725
-0.1481 -0.1144 0.1090 0.4971 0.8189 -0.2870 0.5081 0.4725
-0.0561 -0.1889 0.0558 0.4971 0.8189 -0.2870 0.5081 0.9522
-0.0484 -0.1936 0.0745 0.6816 0.7066 0.1902 0.4326 0.9522
-0.1481 -0.1144 0.1090 0.4971 0.8189 -0.2870 0.5081 0.4725
-0.0484 -0.1936 0.0745 0.6816 0.7066 0.1902 0.4326 0.9522
-0.1408 -0.1188 0.1278 0.6803 0.7095 0.1838 0.4326 0.4725
-0.1952 -0.1756 0.1130 -0.6802 -0.7094 -0.1846 0.8857 0.4725
-0.1952 -0.1756 0.1130 -0.6802 -0.7094 -0.1846 0.8857 0.4725
-0.1953 -0.1636 0.0962 -0.6814 -0.4096 -0.6066 0.8102 0.4725
-0.1606 -0.1636 0.1562 0.1846 -0.4096 0.8934 0.2060 0.4725
-0.1606 -0.1636 0.1562 0.1846 -0.4096 0.8934 0.2060 0.4725
-0.1752 -0.1756 0.1477 -0.1802 -0.7094 0.6814 0.1305 0.4725
-0.1608 -0.1188 0.0932 0.1809 0.7095 -0.6811 0.5836 0.4725
-0.0684 -0.1936 0.0398 0.1760 0.7066 -0.6854 0.5836 0.9522
-0.0561 -0.1889 0.0558 0.4971 0.8189 -0.2870 0.5081 0.9522
-0.1608 -0.1188 0.0932 0.1809 0.7095 -0.6811 0.5836 0.4725
-0.0561 -0.1889 0.0558 0.4971 0.8189 -0.2870 0.5081 0.9522
-0.1481 -0.1144 0.1090 0.4971 0.8189 -0.2870 0.5081 0.4725
-0.1408 -0.1188 0.1278 0.6803 0.7095 0.1838 0.4326 0.4725
-0.0484 -0.1936 0.0745 0.6816 0.7066 0.1902 0.4326 0.9522
-0.0474 -0.2063 0.0908 0.6972 0.4855 0.5275 0.3570 0.9522
-0.1408 -0.1188 0.1278 0.6803 0.7095 0.1838 0.4326 0.4725
-0.0474 -0.2063 0.0908 0.6972 0.4855 0.5275 0.3570 0.9522
-0.1407 -0.1308 0.1447 0.6815 0.4099 0.6062 0.3570 0.4725
-0.1953 -0.1636 0.0962 -0.6814 -0.4096 -0.6066 0.8102 0.4725
-0.1953 -0.1636 0.0962 -0.6814 -0.4096 -0.6066 0.8102 0.4725
-0.1880 -0.1472 0.0858 -0.5000 -0.0000 -0.8660 0.7347 0.4725
-0.1752 -0.1756 0.1477 -0.1802 -0.7094 0.6814 0.1305 0.4725
-0.1554 -0.2063 0.1131 -0.3226 -0.9280 0.1863 0.0549 0.6397
-0.1752 -0.1756 0.1477 -0.1802 -0.7094 0.6814 0.1305 0.4725
-0.1554 -0.2063 0.1131 -0.3226 -0.9280 0.1863 0.0549 0.6397
-0.1879 -0.1800 0.1319 -0.4967 -0.8192 0.2868 0.0549 0.4725
-0.1407 -0.1308 0.1447 0.6815 0.4099 0.6062 0.3570 0.4725
-0.0474 -0.2063 0.0908 0.6972 0.4855 0.5275 0.3570 0.9522
-0.1407 -0.1308 0.1447 0.6815 0.4099 0.6062 0.3570 0.4725
-0.1480 -0.1472 0.1551 0.5000 0.0000 0.8660 0.2815 0.4725
-0.1078 -0.2063 0.1257 -0.0000 -1.0000 0.0000 0.3731 0.9327
-0.0750 -0.2063 0.1129 -0.0000 -1.0000 0.0000 0.2638 0.9620
-0.0474 -0.2063 0.0908 -0.0000 -1.0000 0.0000 0.1544 0.9327
-0.0474 -0.2063 0.0908 -0.0000 -1.0000 0.0000 0.1544 0.9327
-0.0821 -0.2063 0.0308 -0.0000 -1.0000 0.0000 0.1544 0.5539
-0.1150 -0.2063 0.0436 -0.0000 -1.0000 0.0000 0.2638 0.5246
-0.1150 -0.2063 0.0436 -0.0000 -1.0000 0.0000 0.2638 0.5246
-0.1425 -0.2063 0.0657 -0.0000 -1.0000 0.0000 0.3731 0.5539
-0.1573 -0.2063 0.0911 -0.4376 -0.8840 -0.1642 0.4531 0.6340
-0.1573 -0.2063 0.0911 -0.4376 -0.8840 -0.1642 0.4531 0.6340
-0.1554 -0.2063 0.1131 -0.3226 -0.9280 0.1863 0.4824 0.7433
-0.1373 -0.2063 0.1258 -0.0766 -0.8840 0.4611 0.4531 0.8526
-0.1373 -0.2063 0.1258 -0.0766 -0.8840 0.4611 0.4531 0.8526
-0.1078 -0.2063 0.1257 -0.0000 -1.0000 0.0000 0.3731 0.9327
-0.0474 -0.2063 0.0908 -0.0000 -1.0000 0.0000 0.1544 0.9327
-0.0474 -0.2063 0.0908 -0.0000 -1.0000 0.0000 0.1544 0.9327
-0.1150 -0.2063 0.0436 -0.0000 -1.0000 0.0000 0.2638 0.5246
-0.1573 -0.2063 0.0911 -0.4376 -0.8840 -0.1642 0.4531 0.6340
-0.0474 -0.2063 0.0908 -0.0000 -1.0000 0.0000 0.1544 0.9327
-0.1573 -0.2063 0.0911 -0.4376 -0.8840 -0.1642 0.4531 0.6340
-0.1373 -0.2063 0.1258 -0.0766 -0.8840 0.4611 0.4531 0.8526
7 9 8
7 0 9
6 8 10
6 7 8
5 40 11
5 42 41
4 11 12
4 5 11
3 12 13
3 4 12
2 13 14
2 3 13
1 14 15
1 2 14
0 15 9
0 1 15
16 18 17
18 20 19
20 22 21
22 24 23
24 26 25
26 16 27
16 20 18
20 24 22
24 16 26
20 16 24
30 29 28
29 31 32
29 30 31
43 44 33
45 47 46
48 38 36
49 50 38
51 34 39
52 53 34
54 56 55
57 59 58
60 62 61
63 65 64
66 37 38
67 68 37
69 35 34
70 71 35
72 74 73
75 77 76
78 80 79
81 83 82
84 33 37
85 86 33
87 88 35
89 91 90
92 39 93
94 95 39
96 98 97
99 101 100
102 104 103
105 107 106
108 110 109
111 113 112
114 116 115
LABEL LSM_Y_BoomTop
MATERIAL 3
TEXTURE 1
FLAG 0
GEOM 19 16
-0.6910 0.2410 0.4224 -0.4967 -0.8192 0.2868 0.7500 0.6818
-0.6969 0.2478 0.4026 -0.7048 -0.5792 -0.4096 0.6250 0.6818
-0.6911 0.2642 0.3896 -0.5000 0.0000 -0.8660 0.5000 0.6818
-0.6770 0.2807 0.3911 -0.0023 0.5792 -0.8152 0.3750 0.6818
-0.6628 0.2875 0.4061 0.4967 0.8192 -0.2868 0.2500 0.6818
-0.6569 0.2807 0.4259 0.7048 0.5792 0.4096 0.1250 0.6818
-0.6627 0.2642 0.4388 0.5000 -0.0000 0.8660 1.0000 0.6818
-0.6768 0.2478 0.4374 0.0023 -0.5792 0.8152 0.8750 0.6818
-0.4366 0.0536 0.2987 0.0023 -0.5792 0.8152 0.8750 0.0073
-0.4508 0.0468 0.2837 -0.4967 -0.8192 0.2868 0.7500 0.0073
-0.4225 0.0700 0.3002 0.5000 -0.0000 0.8660 1.0000 0.0073
-0.4167 0.0865 0.2872 0.7048 0.5792 0.4096 0.1250 0.0073
-0.4226 0.0933 0.2674 0.4967 0.8192 -0.2868 0.2500 0.0073
-0.4368 0.0865 0.2524 -0.0023 0.5792 -0.8152 0.3750 0.0073
-0.4509 0.0700 0.2510 -0.5000 0.0000 -0.8660 0.5000 0.0073
-0.4567 0.0536 0.2639 -0.7048 -0.5792 -0.4096 0.6250 0.0073
-0.4225 0.0700 0.3002 0.5000 -0.0000 0.8660 0.0000 0.0073
-0.4225 0.0700 0.3002 0.5000 -0.0000 0.8660 0.0000 0.0073
-0.6627 0.2642 0.4388 0.5000 -0.0000 0.8660 0.0000 0.6818
7 9 8
7 0 9
6 8 10
6 7 8
5 16 11
5 18 17
4 11 12
4 5 11
3 12 13
3 4 12
2 13 14
2 3 13
1 14 15
1 2 14
0 15 9
0 1 15
LABEL LSM_Y_Boom_HingeBase
MATERIAL 4
TEXTURE 0
FLAG 0
GEOM 34 16
-0.4224 0.0421 0.2905 -0.7094 0.5736 0.4096
-0.4083 0.0586 0.2920 -0.7094 0.5736 0.4096
-0.4366 0.0353 0.2755 -0.7094 0.5736 0.4096
-0.4425 0.0421 0.2557 -0.7094 0.5736 0.4096
-0.4367 0.0586 0.2428 -0.7094 0.5736 0.4096
-0.4226 0.0750 0.2442 -0.7094 0.5736 0.4096
-0.4084 0.0818 0.2592 -0.7094 0.5736 0.4096
-0.4025 0.0750 0.2790 -0.7094 0.5736 0.4096
-0.4398 0.0407 0.2625 -0.4967 -0.8192 0.2868
-0.4181 0.0765 0.2500 -0.5000 0.0000 -0.8660
-0.4270 0.0407 0.2847 -0.4967 -0.8192 0.2868
-0.4052 0.0765 0.2722 0.5000 0.0000 0.8660
-0.4341 0.0464 0.2888 -0.7094 0.5736 0.4096
-0.4469 0.0464 0.2666 -0.7094 0.5736 0.4096
-0.4252 0.0822 0.2541 -0.7094 0.5736 0.4096
-0.4123 0.0822 0.2763 -0.7094 0.5736 0.4096
-0.4469 0.0464 0.2666 -0.4967 -0.8192 0.2868
-0.4469 0.0464 0.2666 -0.4967 -0.8192 0.2868
-0.4341 0.0464 0.2888 -0.4967 -0.8192 0.2868
-0.4270 0.0407 0.2847 0.5000 0.0000 0.8660
-0.4341 0.0464 0.2888 0.5000 0.0000 0.8660
-0.4341 0.0464 0.2888 0.5000 0.0000 0.8660
-0.4123 0.0822 0.2763 0.5000 0.0000 0.8660
-0.4398 0.0407 0.2625 -0.5000 0.0000 -0.8660
-0.4252 0.0822 0.2541 -0.5000 0.0000 -0.8660
-0.4398 0.0407 0.2625 -0.5000 0.0000 -0.8660
-0.4252 0.0822 0.2541 -0.5000 0.0000 -0.8660
-0.4469 0.0464 0.2666 -0.5000 0.0000 -0.8660
-0.4181 0.0765 0.2500 0.4967 0.8192 -0.2868
-0.4052 0.0765 0.2722 0.4967 0.8192 -0.2868
-0.4123 0.0822 0.2763 0.4967 0.8192 -0.2868
-0.4181 0.0765 0.2500 0.4967 0.8192 -0.2868
-0.4123 0.0822 0.2763 0.4967 0.8192 -0.2868
-0.4252 0.0822 0.2541 0.4967 0.8192 -0.2868
1 2 0
2 4 3
4 6 5
6 1 7
1 4 2
4 1 6
13 15 14
13 12 15
10 16 8
10 18 17
11 20 19
11 22 21
23 24 9
25 27 26
28 30 29
31 33 32
LABEL LSM_Y_Boom_HingeRoot
MATERIAL 4
TEXTURE 0
FLAG 0
GEOM 36 14
-0.1124 -0.2074 0.1126 0.5000 -0.0000 0.8660
-0.1124 -0.1801 0.1126 0.5000 -0.0000 0.8660
-0.0570 -0.2107 0.0806 0.8660 0.0000 -0.5000
-0.0570 -0.1882 0.0806 0.8660 0.0000 -0.5000
-0.1334 -0.2074 0.0762 -0.8660 0.0000 0.5000
-0.1334 -0.1801 0.0762 -0.8660 0.0000 0.5000
-0.0780 -0.2107 0.0442 0.8660 0.0000 -0.5000
-0.0780 -0.1882 0.0442 0.8660 0.0000 -0.5000
-0.0678 -0.1801 0.0868 0.5000 -0.0000 0.8660
-0.0888 -0.1801 0.0504 -0.0000 1.0000 0.0000
-0.0570 -0.2107 0.0806 0.5000 -0.0000 0.8660
-0.0570 -0.1882 0.0806 0.5000 -0.0000 0.8660
-0.0570 -0.1882 0.0806 0.5000 -0.0000 0.8660
-0.0570 -0.2107 0.0806 0.5000 -0.0000 0.8660
-0.1124 -0.1801 0.1126 -0.8660 0.0000 0.5000
-0.1124 -0.1801 0.1126 -0.8660 0.0000 0.5000
-0.1124 -0.2074 0.1126 -0.8660 0.0000 0.5000
-0.0678 -0.1801 0.0868 -0.0000 1.0000 0.0000
-0.1124 -0.1801 0.1126 -0.0000 1.0000 0.0000
-0.1124 -0.1801 0.1126 -0.0000 1.0000 0.0000
-0.1334 -0.1801 0.0762 -0.0000 1.0000 0.0000
-0.0780 -0.1882 0.0442 0.4718 0.8386 -0.2724
-0.0570 -0.1882 0.0806 0.4718 0.8386 -0.2724
-0.0678 -0.1801 0.0868 0.4718 0.8386 -0.2724
-0.0780 -0.1882 0.0442 0.4718 0.8386 -0.2724
-0.0678 -0.1801 0.0868 0.4718 0.8386 -0.2724
-0.0888 -0.1801 0.0504 0.4718 0.8386 -0.2724
-0.1334 -0.2074 0.0762 -0.5000 -0.0000 -0.8660
-0.0780 -0.2107 0.0442 -0.5000 -0.0000 -0.8660
-0.0780 -0.1882 0.0442 -0.5000 -0.0000 -0.8660
-0.0780 -0.1882 0.0442 -0.5000 -0.0000 -0.8660
-0.0888 -0.1801 0.0504 -0.5000 -0.0000 -0.8660
-0.1334 -0.1801 0.0762 -0.5000 -0.0000 -0.8660
-0.0780 -0.1882 0.0442 -0.5000 -0.0000 -0.8660
-0.1334 -0.1801 0.0762 -0.5000 -0.0000 -0.8660
-0.1334 -0.2074 0.0762 -0.5000 -0.0000 -0.8660
2 7 3
2 6 7
10 1 0
1 11 8
1 13 12
4 14 5
4 16 15
9 18 17
9 20 19
21 23 22
24 26 25
27 29 28
30 32 31
33 35 34
LABEL LSM_Y_Boom_HingeTop
MATERIAL 4
TEXTURE 0
FLAG 0
GEOM 34 16
-0.4167 0.0865 0.2872 0.7094 -0.5736 -0.4096
-0.4225 0.0700 0.3002 0.7094 -0.5736 -0.4096
-0.4226 0.0933 0.2674 0.7094 -0.5736 -0.4096
-0.4368 0.0865 0.2524 0.7094 -0.5736 -0.4096
-0.4509 0.0700 0.2510 0.7094 -0.5736 -0.4096
-0.4567 0.0536 0.2639 0.7094 -0.5736 -0.4096
-0.4508 0.0468 0.2837 0.7094 -0.5736 -0.4096
-0.4366 0.0536 0.2987 0.7094 -0.5736 -0.4096
-0.4322 0.0879 0.2582 0.4967 0.8192 -0.2868
-0.4540 0.0521 0.2707 -0.5000 -0.0000 -0.8660
-0.4194 0.0879 0.2804 0.4967 0.8192 -0.2868
-0.4412 0.0521 0.2929 0.5000 -0.0000 0.8660
-0.4123 0.0822 0.2763 0.7094 -0.5736 -0.4096
-0.4252 0.0822 0.2541 0.7094 -0.5736 -0.4096
-0.4469 0.0464 0.2666 0.7094 -0.5736 -0.4096
-0.4341 0.0464 0.2888 0.7094 -0.5736 -0.4096
-0.4252 0.0822 0.2541 0.4967 0.8192 -0.2868
-0.4252 0.0822 0.2541 0.4967 0.8192 -0.2868
-0.4123 0.0822 0.2763 0.4967 0.8192 -0.2868
-0.4194 0.0879 0.2804 0.5000 -0.0000 0.8660
-0.4123 0.0822 0.2763 0.5000 -0.0000 0.8660
-0.4123 0.0822 0.2763 0.5000 -0.0000 0.8660
-0.4341 0.0464 0.2888 0.5000 -0.0000 0.8660
-0.4322 0.0879 0.2582 -0.5000 -0.0000 -0.8660
-0.4469 0.0464 0.2666 -0.5000 -0.0000 -0.8660
-0.4322 0.0879 0.2582 -0.5000 -0.0000 -0.8660
-0.4469 0.0464 0.2666 -0.5000 -0.0000 -0.8660
-0.4252 0.0822 0.2541 -0.5000 -0.0000 -0.8660
-0.4540 0.0521 0.2707 -0.4967 -0.8192 0.2868
-0.4412 0.0521 0.2929 -0.4967 -0.8192 0.2868
-0.4341 0.0464 0.2888 -0.4967 -0.8192 0.2868
-0.4540 0.0521 0.2707 -0.4967 -0.8192 0.2868
-0.4341 0.0464 0.2888 -0.4967 -0.8192 0.2868
-0.4469 0.0464 0.2666 -0.4967 -0.8192 0.2868
1 2 0
2 4 3
4 6 5
6 1 7
1 4 2
4 1 6
13 15 14
13 12 15
10 16 8
10 18 17
11 20 19
11 22 21
23 24 9
25 27 26
28 30 29
31 33 32
LABEL LSM_Y_Leg
MATERIAL 2
TEXTURE 0
FLAG 0
GEOM 188 126
-0.3301 -0.3927 0.1634 -0.2612 0.0094 0.9652
-0.3332 -0.3926 0.1610 -0.8659 0.0163 0.4999
-0.3337 -0.3927 0.1572 -0.9665 0.0094 -0.2564
-0.3314 -0.3931 0.1542 -0.4739 0.0032 -0.8806
-0.3277 -0.3935 0.1537 0.3012 0.0117 -0.9535
-0.3246 -0.3937 0.1561 0.8659 0.0192 -0.4999
-0.3241 -0.3935 0.1599 0.9764 0.0117 0.2159
-0.3264 -0.3931 0.1630 0.5257 0.0032 0.8507
-0.3299 -0.3758 0.1633 -0.2532 0.3118 0.9158
-0.3329 -0.3752 0.1609 -0.7869 0.4175 0.4543
-0.3335 -0.3758 0.1571 -0.9197 0.3118 -0.2386
-0.3314 -0.3773 0.1542 -0.5758 0.0429 -0.8165
-0.3279 -0.3788 0.1538 0.1228 -0.2596 -0.9579
-0.3249 -0.3794 0.1562 0.7932 -0.4014 -0.4579
-0.3243 -0.3788 0.1600 0.8909 -0.2596 0.3726
-0.3264 -0.3773 0.1630 0.4192 0.0429 0.9069
-0.1498 -0.1915 0.0593 0.1018 0.6928 0.7139
-0.1520 -0.1901 0.0565 -0.3123 0.9327 0.1803
-0.1534 -0.1915 0.0531 -0.5674 0.6928 -0.4451
-0.1530 -0.1948 0.0512 -0.5262 0.0807 -0.8465
-0.1512 -0.1982 0.0518 -0.1787 -0.6116 -0.7707
-0.1489 -0.1996 0.0547 0.3019 -0.9373 -0.1743
-0.1476 -0.1982 0.0580 0.5781 -0.6116 0.5401
-0.1479 -0.1948 0.0600 0.4700 0.0807 0.8790
-0.1288 -0.1913 0.0472 0.3431 0.7161 0.6079
-0.1306 -0.1898 0.0440 -0.0099 0.9999 0.0057
-0.1324 -0.1913 0.0409 -0.3549 0.7161 -0.6011
-0.1331 -0.1948 0.0397 -0.5019 -0.0003 -0.8649
-0.1324 -0.1984 0.0409 -0.3552 -0.7170 -0.5998
-0.1306 -0.1999 0.0440 -0.0114 -0.9999 0.0066
-0.1288 -0.1984 0.0472 0.3418 -0.7170 0.6075
-0.1280 -0.1948 0.0484 0.4981 -0.0003 0.8671
-0.1337 -0.1888 0.0386 -0.5000 -0.0000 -0.8660
-0.1363 -0.1896 0.0401 -0.5000 -0.0000 -0.8660
-0.1383 -0.1918 0.0412 -0.5000 -0.0000 -0.8660
-0.1390 -0.1948 0.0416 -0.5000 -0.0000 -0.8660
-0.1383 -0.1979 0.0412 -0.5000 -0.0000 -0.8660
-0.1363 -0.2001 0.0401 -0.5000 -0.0000 -0.8660
-0.1337 -0.2009 0.0386 -0.5000 -0.0000 -0.8660
-0.1311 -0.2001 0.0371 -0.5000 -0.0000 -0.8660
-0.1292 -0.1979 0.0360 -0.5000 -0.0000 -0.8660
-0.1285 -0.1948 0.0355 -0.5000 -0.0000 -0.8660
-0.1292 -0.1918 0.0360 -0.5000 -0.0000 -0.8660
-0.1311 -0.1896 0.0371 -0.5000 -0.0000 -0.8660
-0.1266 -0.1896 0.0569 -0.4330 0.8660 0.2500
-0.1240 -0.1888 0.0554 -0.0000 1.0000 -0.0000
-0.1286 -0.1918 0.0580 -0.7500 0.5000 0.4330
-0.1293 -0.1948 0.0584 -0.8660 -0.0000 0.5000
-0.1286 -0.1979 0.0580 -0.7500 -0.5000 0.4330
-0.1266 -0.2001 0.0569 -0.4330 -0.8660 0.2500
-0.1240 -0.2009 0.0554 0.0000 -1.0000 0.0000
-0.1214 -0.2001 0.0539 0.4330 -0.8660 -0.2500
-0.1195 -0.1979 0.0528 0.7500 -0.5000 -0.4330
-0.1188 -0.1948 0.0524 0.8660 0.0000 -0.5000
-0.1195 -0.1918 0.0528 0.7500 0.5000 -0.4330
-0.1214 -0.1896 0.0539 0.4330 0.8660 -0.2500
-0.3359 -0.3990 0.1465 0.0000 -1.0000 0.0000
-0.3410 -0.3990 0.1516 0.0000 -1.0000 0.0000
-0.3428 -0.3990 0.1586 0.0000 -1.0000 0.0000
-0.3410 -0.3990 0.1655 0.0000 -1.0000 0.0000
-0.3359 -0.3990 0.1706 0.0000 -1.0000 0.0000
-0.3289 -0.3990 0.1725 0.0000 -1.0000 0.0000
-0.3219 -0.3990 0.1706 0.0000 -1.0000 0.0000
-0.3168 -0.3990 0.1655 0.0000 -1.0000 0.0000
-0.3149 -0.3990 0.1586 0.0000 -1.0000 0.0000
-0.3168 -0.3990 0.1516 0.0000 -1.0000 0.0000
-0.3219 -0.3990 0.1465 0.0000 -1.0000 0.0000
-0.3289 -0.3990 0.1446 0.0000 -1.0000 0.0000
-0.3410 -0.3913 0.1516 0.0000 1.0000 0.0000
-0.3359 -0.3913 0.1465 0.0000 1.0000 0.0000
-0.3428 -0.3913 0.1586 0.0000 1.0000 0.0000
-0.3410 -0.3913 0.1655 0.0000 1.0000 0.0000
-0.3359 -0.3913 0.1706 0.0000 1.0000 0.0000
-0.3289 -0.3913 0.1725 0.0000 1.0000 0.0000
-0.3219 -0.3913 0.1706 0.0000 1.0000 0.0000
-0.3168 -0.3913 0.1655 0.0000 1.0000 0.0000
-0.3149 -0.3913 0.1586 0.0000 1.0000 0.0000
-0.3168 -0.3913 0.1516 0.0000 1.0000 0.0000
-0.3219 -0.3913 0.1465 0.0000 1.0000 0.0000
-0.3289 -0.3913 0.1446 0.0000 1.0000 0.0000
-0.1337 -0.2009 0.0386 0.0000 -1.0000 0.0000
-0.1337 -0.2009 0.0386 0.0000 -1.0000 0.0000
-0.1311 -0.2001 0.0371 0.4330 -0.8660 -0.2500
-0.1390 -0.1948 0.0416 -0.8660 -0.0000 0.5000
-0.1390 -0.1948 0.0416 -0.8660 -0.0000 0.5000
-0.1383 -0.1979 0.0412 -0.7500 -0.5000 0.4330
-0.1292 -0.1918 0.0360 0.7500 0.5000 -0.4330
-0.1292 -0.1918 0.0360 0.7500 0.5000 -0.4330
-0.1311 -0.1896 0.0371 0.4330 0.8660 -0.2500
-0.1337 -0.1888 0.0386 -0.0000 1.0000 -0.0000
-0.1337 -0.1888 0.0386 -0.0000 1.0000 -0.0000
-0.1363 -0.1896 0.0401 -0.4330 0.8660 0.2500
-0.1311 -0.2001 0.0371 0.4330 -0.8660 -0.2500
-0.1311 -0.2001 0.0371 0.4330 -0.8660 -0.2500
-0.1292 -0.1979 0.0360 0.7500 -0.5000 -0.4330
-0.1383 -0.1979 0.0412 -0.7500 -0.5000 0.4330
-0.1383 -0.1979 0.0412 -0.7500 -0.5000 0.4330
-0.1363 -0.2001 0.0401 -0.4330 -0.8660 0.2500
-0.1311 -0.1896 0.0371 0.4330 0.8660 -0.2500
-0.1311 -0.1896 0.0371 0.4330 0.8660 -0.2500
-0.1337 -0.1888 0.0386 -0.0000 1.0000 -0.0000
-0.1363 -0.1896 0.0401 -0.4330 0.8660 0.2500
-0.1363 -0.1896 0.0401 -0.4330 0.8660 0.2500
-0.1383 -0.1918 0.0412 -0.7500 0.5000 0.4330
-0.1292 -0.1979 0.0360 0.7500 -0.5000 -0.4330
-0.1292 -0.1979 0.0360 0.7500 -0.5000 -0.4330
-0.1285 -0.1948 0.0355 0.8660 -0.0000 -0.5000
-0.1363 -0.2001 0.0401 -0.4330 -0.8660 0.2500
-0.1363 -0.2001 0.0401 -0.4330 -0.8660 0.2500
-0.1337 -0.2009 0.0386 0.0000 -1.0000 0.0000
-0.1383 -0.1918 0.0412 -0.7500 0.5000 0.4330
-0.1383 -0.1918 0.0412 -0.7500 0.5000 0.4330
-0.1390 -0.1948 0.0416 -0.8660 -0.0000 0.5000
-0.1285 -0.1948 0.0355 0.8660 -0.0000 -0.5000
-0.1285 -0.1948 0.0355 0.8660 -0.0000 -0.5000
-0.1292 -0.1918 0.0360 0.7500 0.5000 -0.4330
-0.3219 -0.3990 0.1706 0.5000 0.0000 0.8660
-0.3219 -0.3913 0.1706 0.5000 0.0000 0.8660
-0.3168 -0.3913 0.1655 0.8660 0.0000 0.5000
-0.3219 -0.3990 0.1706 0.5000 0.0000 0.8660
-0.3168 -0.3913 0.1655 0.8660 0.0000 0.5000
-0.3168 -0.3990 0.1655 0.8660 0.0000 0.5000
-0.3410 -0.3990 0.1655 -0.8660 0.0000 0.5000
-0.3410 -0.3913 0.1655 -0.8660 0.0000 0.5000
-0.3359 -0.3913 0.1706 -0.5000 0.0000 0.8660
-0.3410 -0.3990 0.1655 -0.8660 0.0000 0.5000
-0.3359 -0.3913 0.1706 -0.5000 0.0000 0.8660
-0.3359 -0.3990 0.1706 -0.5000 0.0000 0.8660
-0.3219 -0.3990 0.1465 0.5000 -0.0000 -0.8660
-0.3219 -0.3913 0.1465 0.5000 -0.0000 -0.8660
-0.3289 -0.3913 0.1446 0.0000 -0.0000 -1.0000
-0.3219 -0.3990 0.1465 0.5000 -0.0000 -0.8660
-0.3289 -0.3913 0.1446 0.0000 -0.0000 -1.0000
-0.3289 -0.3990 0.1446 0.0000 -0.0000 -1.0000
-0.3359 -0.3990 0.1465 -0.5000 -0.0000 -0.8660
-0.3359 -0.3913 0.1465 -0.5000 -0.0000 -0.8660
-0.3410 -0.3913 0.1516 -0.8660 -0.0000 -0.5000
-0.3359 -0.3990 0.1465 -0.5000 -0.0000 -0.8660
-0.3410 -0.3913 0.1516 -0.8660 -0.0000 -0.5000
-0.3410 -0.3990 0.1516 -0.8660 -0.0000 -0.5000
-0.3168 -0.3990 0.1655 0.8660 0.0000 0.5000
-0.3168 -0.3913 0.1655 0.8660 0.0000 0.5000
-0.3149 -0.3913 0.1586 1.0000 0.0000 -0.0000
-0.3168 -0.3990 0.1655 0.8660 0.0000 0.5000
-0.3149 -0.3913 0.1586 1.0000 0.0000 -0.0000
-0.3149 -0.3990 0.1586 1.0000 0.0000 -0.0000
-0.3359 -0.3990 0.1706 -0.5000 0.0000 0.8660
-0.3359 -0.3913 0.1706 -0.5000 0.0000 0.8660
-0.3289 -0.3913 0.1725 -0.0000 0.0000 1.0000
-0.3359 -0.3990 0.1706 -0.5000 0.0000 0.8660
-0.3289 -0.3913 0.1725 -0.0000 0.0000 1.0000
-0.3289 -0.3990 0.1725 -0.0000 0.0000 1.0000
-0.3289 -0.3990 0.1446 0.0000 -0.0000 -1.0000
-0.3289 -0.3913 0.1446 0.0000 -0.0000 -1.0000
-0.3359 -0.3913 0.1465 -0.5000 -0.0000 -0.8660
-0.3289 -0.3990 0.1446 0.0000 -0.0000 -1.0000
-0.3359 -0.3913 0.1465 -0.5000 -0.0000 -0.8660
-0.3359 -0.3990 0.1465 -0.5000 -0.0000 -0.8660
-0.3410 -0.3990 0.1516 -0.8660 -0.0000 -0.5000
-0.3410 -0.3913 0.1516 -0.8660 -0.0000 -0.5000
-0.3428 -0.3913 0.1586 -1.0000 -0.0000 0.0000
-0.3410 -0.3990 0.1516 -0.8660 -0.0000 -0.5000
-0.3428 -0.3913 0.1586 -1.0000 -0.0000 0.0000
-0.3428 -0.3990 0.1586 -1.0000 -0.0000 0.0000
-0.3149 -0.3990 0.1586 1.0000 0.0000 -0.0000
-0.3149 -0.3913 0.1586 1.0000 0.0000 -0.0000
-0.3168 -0.3913 0.1516 0.8660 0.0000 -0.5000
-0.3149 -0.3990 0.1586 1.0000 0.0000 -0.0000
-0.3168 -0.3913 0.1516 0.8660 0.0000 -0.5000
-0.3168 -0.3990 0.1516 0.8660 0.0000 -0.5000
-0.3289 -0.3990 0.1725 -0.0000 0.0000 1.0000
-0.3289 -0.3913 0.1725 -0.0000 0.0000 1.0000
-0.3219 -0.3913 0.1706 0.5000 0.0000 0.8660
-0.3289 -0.3990 0.1725 -0.0000 0.0000 1.0000
-0.3219 -0.3913 0.1706 0.5000 0.0000 0.8660
-0.3219 -0.3990 0.1706 0.5000 0.0000 0.8660
-0.3428 -0.3990 0.1586 -1.0000 -0.0000 0.0000
-0.3428 -0.3913 0.1586 -1.0000 -0.0000 0.0000
-0.3410 -0.3913 0.1655 -0.8660 0.0000 0.5000
-0.3428 -0.3990 0.1586 -1.0000 -0.0000 0.0000
-0.3410 -0.3913 0.1655 -0.8660 0.0000 0.5000
-0.3410 -0.3990 0.1655 -0.8660 0.0000 0.5000
-0.3168 -0.3990 0.1516 0.8660 0.0000 -0.5000
-0.3168 -0.3913 0.1516 0.8660 0.0000 -0.5000
-0.3219 -0.3913 0.1465 0.5000 -0.0000 -0.8660
-0.3168 -0.3990 0.1516 0.8660 0.0000 -0.5000
-0.3219 -0.3913 0.1465 0.5000 -0.0000 -0.8660
-0.3219 -0.3990 0.1465 0.5000 -0.0000 -0.8660
0 15 8
0 7 15
1 8 9
1 0 8
2 9 10
2 1 9
3 10 11
3 2 10
4 11 12
4 3 11
5 12 13
5 4 12
6 13 14
6 5 13
7 14 15
7 6 14
8 23 16
8 15 23
9 16 17
9 8 16
10 17 18
10 9 17
11 18 19
11 10 18
12 19 20
12 11 19
13 20 21
13 12 20
14 21 22
14 13 21
15 22 23
15 14 22
16 31 24
16 23 31
17 24 25
17 16 24
18 25 26
18 17 25
19 26 27
19 18 26
20 27 28
20 19 27
21 28 29
21 20 28
22 29 30
22 21 29
23 30 31
23 22 30
32 34 33
34 36 35
36 38 37
38 40 39
40 42 41
42 32 43
32 36 34
36 40 38
40 32 42
36 32 40
80 51 50
81 82 51
83 48 47
84 85 48
86 55 54
87 88 55
89 44 45
90 91 44
92 52 51
93 94 52
95 49 48
96 97 49
98 45 55
99 100 45
101 46 44
102 103 46
104 53 52
105 106 53
107 50 49
108 109 50
110 47 46
111 112 47
113 54 53
114 115 54
56 58 57
58 60 59
60 62 61
62 64 63
64 66 65
66 56 67
56 60 58
60 64 62
64 56 66
60 56 64
70 69 68
69 78 79
78 76 77
76 74 75
74 72 73
72 70 71
70 78 69
78 74 76
74 70 72
78 70 74
116 118 117
119 121 120
122 124 123
125 127 126
128 130 129
131 133 132
134 136 135
137 139 138
140 142 141
143 145 144
146 148 147
149 151 150
152 154 153
155 157 156
158 160 159
161 163 162
164 166 165
167 169 168
170 172 171
173 175 174
176 178 177
179 181 180
182 184 183
185 187 186
LABEL LSM_Y_Sensor
MATERIAL 5
TEXTURE 2
FLAG 0
GEOM 204 140
-0.7011 0.3435 0.4282 0.7941 0.3991 -0.4584 0.5000 0.5195
-0.6957 0.3435 0.4482 0.9542 0.2959 0.0433 0.7500 0.5517
-0.7011 0.3435 0.4682 0.8373 0.1241 0.5324 0.9330 0.6397
-0.7157 0.3435 0.4829 0.4722 -0.0015 0.8815 1.0000 0.7598
-0.7357 0.3435 0.4882 -0.0209 -0.0863 0.9960 0.9330 0.8799
-0.7557 0.3435 0.4829 -0.5042 -0.1376 0.8526 0.7500 0.9678
-0.7704 0.3435 0.4682 -0.8556 -0.1549 0.4940 0.5000 1.0000
-0.7757 0.3435 0.4482 -0.9904 -0.1376 0.0103 0.2500 0.9678
-0.7704 0.3435 0.4282 -0.8731 -0.0863 -0.4799 0.0670 0.8799
-0.7557 0.3435 0.4136 -0.5273 -0.0015 -0.8497 0.0000 0.7598
-0.7357 0.3435 0.4082 -0.0424 0.1241 -0.9914 0.0670 0.6397
-0.7157 0.3435 0.4136 0.4396 0.2959 -0.8481 0.2500 0.5517
-0.7001 0.3412 0.4276 0.8095 0.3553 -0.4674 0.5000 0.3999
-0.6977 0.3329 0.4263 0.8225 0.3132 -0.4749 0.5000 0.3419
-0.6909 0.3250 0.4223 0.5596 0.7632 -0.3231 0.5000 0.2547
-0.7040 0.3211 0.4068 0.2334 0.6564 -0.7174 0.2500 0.2562
-0.7117 0.3301 0.4112 0.4506 0.2751 -0.8493 0.2500 0.3554
-0.7146 0.3401 0.4129 0.4648 0.2931 -0.8355 0.2500 0.4258
-0.7198 0.3102 0.3990 -0.1579 0.3691 -0.9159 0.0670 0.2603
-0.7299 0.3225 0.4048 -0.0469 0.1591 -0.9861 0.0670 0.3922
-0.7343 0.3370 0.4074 -0.0205 0.1489 -0.9886 0.0670 0.4964
-0.7341 0.2953 0.4011 -0.5102 -0.0120 -0.8600 0.0000 0.2660
-0.7473 0.3121 0.4087 -0.5258 -0.0122 -0.8505 0.0000 0.4424
-0.7540 0.3329 0.4125 -0.5109 -0.0025 -0.8596 0.0000 0.5929
-0.7430 0.2805 0.4124 -0.7269 -0.3813 -0.5711 0.0670 0.2716
-0.7595 0.3017 0.4219 -0.8528 -0.1855 -0.4881 0.0670 0.4927
-0.7682 0.3287 0.4270 -0.8585 -0.1338 -0.4951 0.0670 0.6894
-0.7442 0.2696 0.4300 -0.7522 -0.6452 -0.1338 0.2500 0.2757
-0.7630 0.2941 0.4408 -0.9509 -0.3094 -0.0073 0.2500 0.5295
-0.7733 0.3257 0.4468 -0.9748 -0.2232 -0.0043 0.2500 0.7600
-0.7373 0.2656 0.4491 -0.5820 -0.7406 0.3360 0.5000 0.2772
-0.7569 0.2913 0.4605 -0.8100 -0.3537 0.4677 0.5000 0.5430
-0.7678 0.3245 0.4667 -0.8374 -0.2549 0.4835 0.5000 0.7859
-0.7242 0.2696 0.4646 -0.2603 -0.6452 0.7183 0.7500 0.2757
-0.7430 0.2941 0.4755 -0.4691 -0.3094 0.8272 0.7500 0.5295
-0.7533 0.3257 0.4814 -0.4837 -0.2232 0.8463 0.7500 0.7600
-0.7084 0.2805 0.4724 0.1311 -0.3813 0.9151 0.9330 0.2716
-0.7248 0.3017 0.4819 -0.0037 -0.1855 0.9826 0.9330 0.4927
-0.7336 0.3287 0.4870 -0.0005 -0.1338 0.9910 0.9330 0.6894
-0.6941 0.2953 0.4703 0.4896 -0.0120 0.8718 1.0000 0.2660
-0.7073 0.3121 0.4780 0.4737 -0.0122 0.8806 1.0000 0.4424
-0.7140 0.3329 0.4818 0.4890 -0.0025 0.8723 1.0000 0.5929
-0.6852 0.3102 0.4590 0.7142 0.3691 0.5947 0.9330 0.2603
-0.6952 0.3225 0.4648 0.8306 0.1591 0.5337 0.9330 0.3922
-0.6997 0.3370 0.4674 0.8460 0.1489 0.5120 0.9330 0.4964
-0.6840 0.3211 0.4414 0.7380 0.6564 0.1565 0.7500 0.2562
-0.6917 0.3301 0.4459 0.9608 0.2751 0.0344 0.7500 0.3554
-0.6946 0.3401 0.4476 0.9559 0.2931 0.0153 0.7500 0.4258
-0.6621 0.3013 0.4057 0.5032 0.8139 -0.2905 0.5000 0.1180
-0.6604 0.2885 0.4047 0.8567 0.1465 -0.4946 0.5000 0.0421
-0.6548 0.2851 0.4192 0.9829 0.0717 -0.1695 0.6924 0.0393
-0.6547 0.2969 0.4245 0.6859 0.7049 0.1806 0.7500 0.1143
-0.6547 0.2759 0.4322 0.9833 -0.1332 0.1239 0.8333 0.0316
-0.6547 0.2849 0.4414 0.6852 0.4064 0.6045 0.9330 0.1043
-0.6603 0.2633 0.4402 0.8563 -0.4146 0.3079 0.8848 0.0210
-0.6619 0.2686 0.4518 0.4987 -0.0016 0.8668 1.0000 0.0907
-0.6700 0.2507 0.4410 0.6341 -0.6982 0.3323 0.8333 0.0105
-0.6745 0.2522 0.4529 0.1768 -0.4075 0.8959 0.9330 0.0770
-0.6812 0.2414 0.4345 0.3757 -0.9075 0.1879 0.6924 0.0028
-0.6891 0.2402 0.4444 -0.1921 -0.7022 0.6856 0.7500 0.0671
-0.6910 0.2381 0.4224 0.1521 -0.9845 -0.0878 0.5000 0.0000
-0.7017 0.2358 0.4286 -0.5086 -0.8094 0.2937 0.5000 0.0634
-0.6966 0.2414 0.4079 0.0252 -0.9075 -0.4193 0.3076 0.0028
-0.7091 0.2402 0.4097 -0.6898 -0.7022 -0.1765 0.2500 0.0671
-0.6967 0.2507 0.3949 0.0293 -0.6982 -0.7153 0.1667 0.0105
-0.7091 0.2522 0.3929 -0.6875 -0.4075 -0.6010 0.0670 0.0770
-0.6911 0.2633 0.3869 0.1615 -0.4146 -0.8955 0.1152 0.0210
-0.7019 0.2686 0.3825 -0.5013 -0.0016 -0.8653 0.0000 0.0907
-0.6814 0.2759 0.3860 0.3844 -0.1332 -0.9135 0.1667 0.0316
-0.6893 0.2849 0.3814 -0.1809 0.4064 -0.8956 0.0670 0.1043
-0.6702 0.2851 0.3926 0.6382 0.0717 -0.7665 0.3076 0.0393
-0.6747 0.2969 0.3899 0.1866 0.7049 -0.6843 0.2500 0.1143
-0.6977 0.3329 0.4263 0.6127 0.7067 -0.3537 0.5000 0.3419
-0.7117 0.3301 0.4112 0.2752 0.6023 -0.7494 0.2500 0.3554
-0.6977 0.3329 0.4263 0.6127 0.7067 -0.3537 0.5000 0.3419
-0.7117 0.3301 0.4112 0.2752 0.6023 -0.7494 0.2500 0.3554
-0.7299 0.3225 0.4048 -0.1390 0.3298 -0.9338 0.0670 0.3922
-0.7117 0.3301 0.4112 0.2752 0.6023 -0.7494 0.2500 0.3554
-0.7299 0.3225 0.4048 -0.1390 0.3298 -0.9338 0.0670 0.3922
-0.7473 0.3121 0.4087 -0.5214 -0.0205 -0.8531 0.0000 0.4424
-0.7299 0.3225 0.4048 -0.1390 0.3298 -0.9338 0.0670 0.3922
-0.7473 0.3121 0.4087 -0.5214 -0.0205 -0.8531 0.0000 0.4424
-0.7595 0.3017 0.4219 -0.7651 -0.3510 -0.5399 0.0670 0.4927
-0.7473 0.3121 0.4087 -0.5214 -0.0205 -0.8531 0.0000 0.4424
-0.7595 0.3017 0.4219 -0.7651 -0.3510 -0.5399 0.0670 0.4927
-0.7630 0.2941 0.4408 -0.8086 -0.5812 -0.0912 0.2500 0.5295
-0.7595 0.3017 0.4219 -0.7651 -0.3510 -0.5399 0.0670 0.4927
-0.7630 0.2941 0.4408 -0.8086 -0.5812 -0.0912 0.2500 0.5295
-0.7569 0.2913 0.4605 -0.6484 -0.6629 0.3743 0.5000 0.5430
-0.7630 0.2941 0.4408 -0.8086 -0.5812 -0.0912 0.2500 0.5295
-0.7569 0.2913 0.4605 -0.6484 -0.6629 0.3743 0.5000 0.5430
-0.7430 0.2941 0.4755 -0.3254 -0.5812 0.7459 0.7500 0.5295
-0.7569 0.2913 0.4605 -0.6484 -0.6629 0.3743 0.5000 0.5430
-0.7430 0.2941 0.4755 -0.3254 -0.5812 0.7459 0.7500 0.5295
-0.7248 0.3017 0.4819 0.0850 -0.3510 0.9325 0.9330 0.4927
-0.7430 0.2941 0.4755 -0.3254 -0.5812 0.7459 0.7500 0.5295
-0.7248 0.3017 0.4819 0.0850 -0.3510 0.9325 0.9330 0.4927
-0.7073 0.3121 0.4780 0.4781 -0.0205 0.8781 1.0000 0.4424
-0.7248 0.3017 0.4819 0.0850 -0.3510 0.9325 0.9330 0.4927
-0.7073 0.3121 0.4780 0.4781 -0.0205 0.8781 1.0000 0.4424
-0.6952 0.3225 0.4648 0.7391 0.3298 0.5873 0.9330 0.3922
-0.7073 0.3121 0.4780 0.4781 -0.0205 0.8781 1.0000 0.4424
-0.6952 0.3225 0.4648 0.7391 0.3298 0.5873 0.9330 0.3922
-0.6917 0.3301 0.4459 0.7866 0.6023 0.1363 0.7500 0.3554
-0.6952 0.3225 0.4648 0.7391 0.3298 0.5873 0.9330 0.3922
-0.6917 0.3301 0.4459 0.7866 0.6023 0.1363 0.7500 0.3554
-0.6977 0.3329 0.4263 0.6127 0.7067 -0.3537 0.5000 0.3419
-0.6917 0.3301 0.4459 0.7866 0.6023 0.1363 0.7500 0.3554
-0.7011 0.3435 0.4282 0.0000 1.0000 0.0000 0.9961 0.3613
-0.6957 0.3435 0.4482 0.0000 1.0000 0.0000 0.9961 0.2284
-0.7011 0.3435 0.4682 0.0000 1.0000 0.0000 0.8632 0.1133
-0.7011 0.3435 0.4682 0.0000 1.0000 0.0000 0.8632 0.1133
-0.7157 0.3435 0.4829 0.0000 1.0000 0.0000 0.6329 0.0468
-0.7357 0.3435 0.4882 0.0000 1.0000 0.0000 0.3671 0.0468
-0.7357 0.3435 0.4882 0.0000 1.0000 0.0000 0.3671 0.0468
-0.7557 0.3435 0.4829 0.0000 1.0000 0.0000 0.1368 0.1133
-0.7704 0.3435 0.4682 0.0000 1.0000 0.0000 0.0039 0.2284
-0.7704 0.3435 0.4682 0.0000 1.0000 0.0000 0.0039 0.2284
-0.7757 0.3435 0.4482 0.0000 1.0000 0.0000 0.0039 0.3613
-0.7704 0.3435 0.4282 0.0000 1.0000 0.0000 0.1368 0.4764
-0.7704 0.3435 0.4282 0.0000 1.0000 0.0000 0.1368 0.4764
-0.7557 0.3435 0.4136 0.0000 1.0000 0.0000 0.3671 0.5429
-0.7357 0.3435 0.4082 0.0000 1.0000 0.0000 0.6329 0.5429
-0.7357 0.3435 0.4082 0.0000 1.0000 0.0000 0.6329 0.5429
-0.7157 0.3435 0.4136 0.0000 1.0000 0.0000 0.8632 0.4764
-0.7011 0.3435 0.4282 0.0000 1.0000 0.0000 0.9961 0.3613
-0.7011 0.3435 0.4282 0.0000 1.0000 0.0000 0.9961 0.3613
-0.7011 0.3435 0.4682 0.0000 1.0000 0.0000 0.8632 0.1133
-0.7357 0.3435 0.4882 0.0000 1.0000 0.0000 0.3671 0.0468
-0.7357 0.3435 0.4882 0.0000 1.0000 0.0000 0.3671 0.0468
-0.7704 0.3435 0.4682 0.0000 1.0000 0.0000 0.0039 0.2284
-0.7704 0.3435 0.4282 0.0000 1.0000 0.0000 0.1368 0.4764
-0.7704 0.3435 0.4282 0.0000 1.0000 0.0000 0.1368 0.4764
-0.7357 0.3435 0.4082 0.0000 1.0000 0.0000 0.6329 0.5429
-0.7011 0.3435 0.4282 0.0000 1.0000 0.0000 0.9961 0.3613
-0.7357 0.3435 0.4882 0.0000 1.0000 0.0000 0.3671 0.0468
-0.7704 0.3435 0.4282 0.0000 1.0000 0.0000 0.1368 0.4764
-0.7011 0.3435 0.4282 0.0000 1.0000 0.0000 0.9961 0.3613
-0.6547 0.2969 0.4245 0.9826 0.0724 -0.1710 0.7500 0.1143
-0.6621 0.3013 0.4057 0.8567 0.1465 -0.4946 0.5000 0.1180
-0.6547 0.2969 0.4245 0.9826 0.0724 -0.1710 0.7500 0.1143
-0.6547 0.2849 0.4414 0.9839 -0.1309 0.1216 0.9330 0.1043
-0.6547 0.2969 0.4245 0.9826 0.0724 -0.1710 0.7500 0.1143
-0.6547 0.2849 0.4414 0.9839 -0.1309 0.1216 0.9330 0.1043
-0.6619 0.2686 0.4518 0.8585 -0.4110 0.3066 1.0000 0.0907
-0.6547 0.2849 0.4414 0.9839 -0.1309 0.1216 0.9330 0.1043
-0.6619 0.2686 0.4518 0.8585 -0.4110 0.3066 1.0000 0.0907
-0.6745 0.2522 0.4529 0.6370 -0.6952 0.3330 0.9330 0.0770
-0.6619 0.2686 0.4518 0.8585 -0.4110 0.3066 1.0000 0.0907
-0.6745 0.2522 0.4529 0.6370 -0.6952 0.3330 0.9330 0.0770
-0.6891 0.2402 0.4444 0.3776 -0.9064 0.1895 0.7500 0.0671
-0.6745 0.2522 0.4529 0.6370 -0.6952 0.3330 0.9330 0.0770
-0.6891 0.2402 0.4444 0.3776 -0.9064 0.1895 0.7500 0.0671
-0.7017 0.2358 0.4286 0.1521 -0.9845 -0.0878 0.5000 0.0634
-0.6891 0.2402 0.4444 0.3776 -0.9064 0.1895 0.7500 0.0671
-0.7017 0.2358 0.4286 0.1521 -0.9845 -0.0878 0.5000 0.0634
-0.7091 0.2402 0.4097 0.0247 -0.9064 -0.4217 0.2500 0.0671
-0.7017 0.2358 0.4286 0.1521 -0.9845 -0.0878 0.5000 0.0634
-0.7091 0.2402 0.4097 0.0247 -0.9064 -0.4217 0.2500 0.0671
-0.7091 0.2522 0.3929 0.0301 -0.6952 -0.7182 0.0670 0.0770
-0.7091 0.2402 0.4097 0.0247 -0.9064 -0.4217 0.2500 0.0671
-0.7091 0.2522 0.3929 0.0301 -0.6952 -0.7182 0.0670 0.0770
-0.7019 0.2686 0.3825 0.1638 -0.4110 -0.8968 0.0000 0.0907
-0.7091 0.2522 0.3929 0.0301 -0.6952 -0.7182 0.0670 0.0770
-0.7019 0.2686 0.3825 0.1638 -0.4110 -0.8968 0.0000 0.0907
-0.6893 0.2849 0.3814 0.3867 -0.1309 -0.9129 0.0670 0.1043
-0.7019 0.2686 0.3825 0.1638 -0.4110 -0.8968 0.0000 0.0907
-0.6893 0.2849 0.3814 0.3867 -0.1309 -0.9129 0.0670 0.1043
-0.6747 0.2969 0.3899 0.6394 0.0724 -0.7655 0.2500 0.1143
-0.6893 0.2849 0.3814 0.3867 -0.1309 -0.9129 0.0670 0.1043
-0.6747 0.2969 0.3899 0.6394 0.0724 -0.7655 0.2500 0.1143
-0.6621 0.3013 0.4057 0.8567 0.1465 -0.4946 0.5000 0.1180
-0.6747 0.2969 0.3899 0.6394 0.0724 -0.7655 0.2500 0.1143
-0.6621 0.3013 0.4057 0.8567 0.1465 -0.4946 0.5000 0.1180
-0.6547 0.2759 0.4322 0.7094 -0.5736 -0.4096 0.5966 0.4827
-0.6548 0.2851 0.4192 0.7094 -0.5736 -0.4096 0.7738 0.4315
-0.6604 0.2885 0.4047 0.7094 -0.5736 -0.4096 0.8761 0.3429
-0.6604 0.2885 0.4047 0.7094 -0.5736 -0.4096 0.8761 0.3429
-0.6702 0.2851 0.3926 0.7094 -0.5736 -0.4096 0.8761 0.2406
-0.6814 0.2759 0.3860 0.7094 -0.5736 -0.4096 0.7738 0.1520
-0.6814 0.2759 0.3860 0.7094 -0.5736 -0.4096 0.7738 0.1520
-0.6911 0.2633 0.3869 0.7094 -0.5736 -0.4096 0.5966 0.1009
-0.6967 0.2507 0.3949 0.7094 -0.5736 -0.4096 0.3920 0.1009
-0.6967 0.2507 0.3949 0.7094 -0.5736 -0.4096 0.3920 0.1009
-0.6966 0.2414 0.4079 0.7094 -0.5736 -0.4096 0.2148 0.1520
-0.6910 0.2381 0.4224 0.7094 -0.5736 -0.4096 0.1125 0.2406
-0.6910 0.2381 0.4224 0.7094 -0.5736 -0.4096 0.1125 0.2406
-0.6812 0.2414 0.4345 0.7094 -0.5736 -0.4096 0.1125 0.3429
-0.6700 0.2507 0.4410 0.7094 -0.5736 -0.4096 0.2148 0.4315
-0.6700 0.2507 0.4410 0.7094 -0.5736 -0.4096 0.2148 0.4315
-0.6603 0.2633 0.4402 0.7094 -0.5736 -0.4096 0.3920 0.4827
-0.6547 0.2759 0.4322 0.7094 -0.5736 -0.4096 0.5966 0.4827
-0.6547 0.2759 0.4322 0.7094 -0.5736 -0.4096 0.5966 0.4827
-0.6604 0.2885 0.4047 0.7094 -0.5736 -0.4096 0.8761 0.3429
-0.6814 0.2759 0.3860 0.7094 -0.5736 -0.4096 0.7738 0.1520
-0.6814 0.2759 0.3860 0.7094 -0.5736 -0.4096 0.7738 0.1520
-0.6967 0.2507 0.3949 0.7094 -0.5736 -0.4096 0.3920 0.1009
-0.6910 0.2381 0.4224 0.7094 -0.5736 -0.4096 0.1125 0.2406
-0.6910 0.2381 0.4224 0.7094 -0.5736 -0.4096 0.1125 0.2406
-0.6700 0.2507 0.4410 0.7094 -0.5736 -0.4096 0.2148 0.4315
-0.6547 0.2759 0.4322 0.7094 -0.5736 -0.4096 0.5966 0.4827
-0.6814 0.2759 0.3860 0.7094 -0.5736 -0.4096 0.7738 0.1520
-0.6910 0.2381 0.4224 0.7094 -0.5736 -0.4096 0.1125 0.2406
-0.6547 0.2759 0.4322 0.7094 -0.5736 -0.4096 0.5966 0.4827
0 17 11
0 12 17
11 20 10
11 17 20
10 23 9
10 20 23
9 26 8
9 23 26
8 29 7
8 26 29
7 32 6
7 29 32
6 35 5
6 32 35
5 38 4
5 35 38
4 41 3
4 38 41
3 44 2
3 41 44
2 47 1
2 44 47
1 12 0
1 47 12
12 16 17
12 13 16
72 15 73
74 14 15
45 48 14
45 51 48
17 19 20
17 16 19
75 18 76
77 15 18
20 22 23
20 19 22
78 21 79
80 18 21
15 69 18
15 71 69
23 25 26
23 22 25
81 24 82
83 21 24
18 67 21
18 69 67
26 28 29
26 25 28
84 27 85
86 24 27
21 65 24
21 67 65
29 31 32
29 28 31
87 30 88
89 27 30
24 63 27
24 65 63
32 34 35
32 31 34
90 33 91
92 30 33
27 61 30
27 63 61
35 37 38
35 34 37
93 36 94
95 33 36
30 59 33
30 61 59
38 40 41
38 37 40
96 39 97
98 36 39
33 57 36
33 59 57
41 43 44
41 40 43
99 42 100
101 39 42
36 55 39
36 57 55
44 46 47
44 43 46
102 45 103
104 42 45
39 53 42
39 55 53
47 13 12
47 46 13
105 14 106
107 45 14
42 51 45
42 53 51
108 110 109
111 113 112
114 116 115
117 119 118
120 122 121
123 125 124
126 128 127
129 131 130
132 134 133
135 137 136
14 71 15
14 48 71
138 49 139
140 50 49
141 50 142
143 52 50
144 52 145
146 54 52
147 54 148
149 56 54
150 56 151
152 58 56
153 58 154
155 60 58
156 60 157
158 62 60
159 62 160
161 64 62
162 64 163
164 66 64
165 66 166
167 68 66
168 68 169
170 70 68
171 70 172
173 49 70
174 176 175
177 179 178
180 182 181
183 185 184
186 188 187
189 191 190
192 194 193
195 197 196
198 200 199
201 203 202
LABEL LSM_Z_BoomBase
MATERIAL 3
TEXTURE 1
FLAG 0
GEOM 117 60
0.0000 -0.1257 -0.1482 -0.0000 0.8192 0.5736 0.7500 0.7283
0.0201 -0.1326 -0.1530 0.7071 0.5792 0.4056 0.6250 0.7283
0.0284 -0.1490 -0.1645 1.0000 0.0000 0.0000 0.5000 0.7283
0.0201 -0.1655 -0.1761 0.7071 -0.5792 -0.4056 0.3750 0.7283
0.0000 -0.1723 -0.1808 0.0000 -0.8192 -0.5736 0.2500 0.7283
-0.0201 -0.1655 -0.1761 -0.7071 -0.5792 -0.4056 0.1250 0.7283
-0.0284 -0.1490 -0.1645 -1.0000 0.0000 0.0000 1.0000 0.7283
-0.0201 -0.1326 -0.1530 -0.7071 0.5792 0.4056 0.8750 0.7283
-0.0201 0.0750 -0.4495 -0.7071 0.5792 0.4056 0.8750 0.0073
0.0000 0.0818 -0.4447 -0.0000 0.8192 0.5736 0.7500 0.0073
-0.0284 0.0586 -0.4610 -1.0000 -0.0000 -0.0000 1.0000 0.0073
-0.0201 0.0421 -0.4725 -0.7071 -0.5792 -0.4056 0.1250 0.0073
0.0000 0.0353 -0.4773 0.0000 -0.8192 -0.5736 0.2500 0.0073
0.0201 0.0421 -0.4725 0.7071 -0.5792 -0.4056 0.3750 0.0073
0.0284 0.0586 -0.4610 1.0000 -0.0000 -0.0000 0.5000 0.0073
0.0201 0.0750 -0.4495 0.7071 0.5792 0.4056 0.6250 0.0073
0.0000 -0.1144 -0.1442 0.0000 0.5736 -0.8192 0.0451 0.7433
-0.0200 -0.1188 -0.1472 0.0000 0.5736 -0.8192 0.0744 0.8526
-0.0346 -0.1308 -0.1556 0.0000 0.5736 -0.8192 0.1544 0.9327
-0.0400 -0.1472 -0.1671 0.0000 0.5736 -0.8192 0.2638 0.9620
-0.0346 -0.1636 -0.1786 0.0000 0.5736 -0.8192 0.3731 0.9327
-0.0200 -0.1756 -0.1870 0.0000 0.5736 -0.8192 0.4531 0.8526
0.0000 -0.1800 -0.1900 0.0000 0.5736 -0.8192 0.4824 0.7433
0.0200 -0.1756 -0.1870 0.0000 0.5736 -0.8192 0.4531 0.6340
0.0346 -0.1636 -0.1786 0.0000 0.5736 -0.8192 0.3731 0.5539
0.0400 -0.1472 -0.1671 0.0000 0.5736 -0.8192 0.2638 0.5246
0.0346 -0.1308 -0.1556 0.0000 0.5736 -0.8192 0.1544 0.5539
0.0200 -0.1188 -0.1472 0.0000 0.5736 -0.8192 0.0744 0.6340
-0.0200 -0.1936 -0.0406 0.0000 -0.5000 0.8660 0.0744 0.8526
0.0000 -0.1889 -0.0379 0.0000 -0.5000 0.8660 0.0451 0.7433
-0.0346 -0.2063 -0.0479 0.0000 -0.5000 0.8660 0.1544 0.9327
0.0346 -0.2063 -0.0479 0.0000 -0.5000 0.8660 0.1544 0.5539
0.0200 -0.1936 -0.0406 0.0000 -0.5000 0.8660 0.0744 0.6340
0.0400 -0.2063 -0.0828 0.9873 0.1302 0.0911 0.7347 0.8481
-0.0346 -0.2063 -0.1176 -0.9274 -0.3065 -0.2146 0.2060 0.7439
-0.0200 -0.2063 -0.1432 -0.3611 -0.8840 -0.2969 0.1305 0.6676
0.0000 -0.2063 -0.1525 -0.0000 -0.9280 -0.3725 0.9612 0.6397
0.0346 -0.2063 -0.1176 0.9274 -0.3065 -0.2146 0.8102 0.7439
0.0200 -0.2063 -0.1432 0.3611 -0.8840 -0.2969 0.8857 0.6676
-0.0400 -0.2063 -0.0828 -0.9873 0.1302 0.0911 0.2815 0.8481
-0.0284 0.0586 -0.4610 -1.0000 -0.0000 -0.0000 0.0000 0.0073
-0.0284 0.0586 -0.4610 -1.0000 -0.0000 -0.0000 0.0000 0.0073
-0.0284 -0.1490 -0.1645 -1.0000 0.0000 0.0000 0.0000 0.7283
0.0400 -0.1472 -0.1671 1.0000 -0.0000 0.0000 0.7347 0.4725
0.0346 -0.2063 -0.0479 0.8054 0.4855 0.3401 0.6591 0.9522
0.0400 -0.1472 -0.1671 1.0000 -0.0000 0.0000 0.7347 0.4725
0.0346 -0.2063 -0.0479 0.8054 0.4855 0.3401 0.6591 0.9522
0.0346 -0.1308 -0.1556 0.8658 0.4099 0.2871 0.6591 0.4725
0.0000 -0.1800 -0.1900 0.0000 -0.8192 -0.5736 0.9612 0.4725
0.0000 -0.1800 -0.1900 0.0000 -0.8192 -0.5736 0.9612 0.4725
0.0200 -0.1756 -0.1870 0.5000 -0.7094 -0.4967 0.8857 0.4725
-0.0400 -0.1472 -0.1671 -1.0000 0.0000 -0.0000 0.2815 0.4725
-0.0400 -0.1472 -0.1671 -1.0000 0.0000 -0.0000 0.2815 0.4725
-0.0346 -0.1636 -0.1786 -0.8660 -0.4096 -0.2868 0.2060 0.4725
0.0346 -0.1308 -0.1556 0.8658 0.4099 0.2871 0.6591 0.4725
0.0346 -0.2063 -0.0479 0.8054 0.4855 0.3401 0.6591 0.9522
0.0200 -0.1936 -0.0406 0.5055 0.7066 0.4952 0.5836 0.9522
0.0346 -0.1308 -0.1556 0.8658 0.4099 0.2871 0.6591 0.4725
0.0200 -0.1936 -0.0406 0.5055 0.7066 0.4952 0.5836 0.9522
0.0200 -0.1188 -0.1472 0.4993 0.7095 0.4972 0.5836 0.4725
0.0000 -0.1144 -0.1442 0.0000 0.8189 0.5740 0.5081 0.4725
0.0000 -0.1889 -0.0379 -0.0000 0.8189 0.5740 0.5081 0.9522
-0.0200 -0.1936 -0.0406 -0.5055 0.7066 0.4952 0.4326 0.9522
0.0000 -0.1144 -0.1442 0.0000 0.8189 0.5740 0.5081 0.4725
-0.0200 -0.1936 -0.0406 -0.5055 0.7066 0.4952 0.4326 0.9522
-0.0200 -0.1188 -0.1472 -0.4993 0.7095 0.4972 0.4326 0.4725
0.0200 -0.1756 -0.1870 0.5000 -0.7094 -0.4967 0.8857 0.4725
0.0200 -0.1756 -0.1870 0.5000 -0.7094 -0.4967 0.8857 0.4725
0.0346 -0.1636 -0.1786 0.8660 -0.4096 -0.2868 0.8102 0.4725
-0.0346 -0.1636 -0.1786 -0.8660 -0.4096 -0.2868 0.2060 0.4725
-0.0346 -0.1636 -0.1786 -0.8660 -0.4096 -0.2868 0.2060 0.4725
-0.0200 -0.1756 -0.1870 -0.5000 -0.7094 -0.4967 0.1305 0.4725
0.0200 -0.1188 -0.1472 0.4993 0.7095 0.4972 0.5836 0.4725
0.0200 -0.1936 -0.0406 0.5055 0.7066 0.4952 0.5836 0.9522
0.0000 -0.1889 -0.0379 -0.0000 0.8189 0.5740 0.5081 0.9522
0.0200 -0.1188 -0.1472 0.4993 0.7095 0.4972 0.5836 0.4725
0.0000 -0.1889 -0.0379 -0.0000 0.8189 0.5740 0.5081 0.9522
0.0000 -0.1144 -0.1442 0.0000 0.8189 0.5740 0.5081 0.4725
-0.0200 -0.1188 -0.1472 -0.4993 0.7095 0.4972 0.4326 0.4725
-0.0200 -0.1936 -0.0406 -0.5055 0.7066 0.4952 0.4326 0.9522
-0.0346 -0.2063 -0.0479 -0.8054 0.4855 0.3401 0.3570 0.9522
-0.0200 -0.1188 -0.1472 -0.4993 0.7095 0.4972 0.4326 0.4725
-0.0346 -0.2063 -0.0479 -0.8054 0.4855 0.3401 0.3570 0.9522
-0.0346 -0.1308 -0.1556 -0.8658 0.4099 0.2871 0.3570 0.4725
0.0346 -0.1636 -0.1786 0.8660 -0.4096 -0.2868 0.8102 0.4725
0.0346 -0.1636 -0.1786 0.8660 -0.4096 -0.2868 0.8102 0.4725
0.0400 -0.1472 -0.1671 1.0000 -0.0000 0.0000 0.7347 0.4725
-0.0200 -0.1756 -0.1870 -0.5000 -0.7094 -0.4967 0.1305 0.4725
0.0000 -0.2063 -0.1525 -0.0000 -0.9280 -0.3725 0.0549 0.6397
-0.0200 -0.1756 -0.1870 -0.5000 -0.7094 -0.4967 0.1305 0.4725
0.0000 -0.2063 -0.1525 -0.0000 -0.9280 -0.3725 0.0549 0.6397
0.0000 -0.1800 -0.1900 0.0000 -0.8192 -0.5736 0.0549 0.4725
-0.0346 -0.1308 -0.1556 -0.8658 0.4099 0.2871 0.3570 0.4725
-0.0346 -0.2063 -0.0479 -0.8054 0.4855 0.3401 0.3570 0.9522
-0.0346 -0.1308 -0.1556 -0.8658 0.4099 0.2871 0.3570 0.4725
-0.0400 -0.1472 -0.1671 -1.0000 0.0000 -0.0000 0.2815 0.4725
-0.0346 -0.2063 -0.1176 0.0000 -1.0000 -0.0000 0.3731 0.9327
-0.0400 -0.2063 -0.0828 0.0000 -1.0000 -0.0000 0.2638 0.9620
-0.0346 -0.2063 -0.0479 0.0000 -1.0000 -0.0000 0.1544 0.9327
-0.0346 -0.2063 -0.0479 0.0000 -1.0000 -0.0000 0.1544 0.9327
0.0346 -0.2063 -0.0479 0.0000 -1.0000 -0.0000 0.1544 0.5539
0.0400 -0.2063 -0.0828 0.0000 -1.0000 -0.0000 0.2638 0.5246
0.0400 -0.2063 -0.0828 0.0000 -1.0000 -0.0000 0.2638 0.5246
0.0346 -0.2063 -0.1176 0.0000 -1.0000 -0.0000 0.3731 0.5539
0.0200 -0.2063 -0.1432 0.3611 -0.8840 -0.2969 0.4531 0.6340
0.0200 -0.2063 -0.1432 0.3611 -0.8840 -0.2969 0.4531 0.6340
0.0000 -0.2063 -0.1525 -0.0000 -0.9280 -0.3725 0.4824 0.7433
-0.0200 -0.2063 -0.1432 -0.3611 -0.8840 -0.2969 0.4531 0.8526
-0.0200 -0.2063 -0.1432 -0.3611 -0.8840 -0.2969 0.4531 0.8526
-0.0346 -0.2063 -0.1176 0.0000 -1.0000 -0.0000 0.3731 0.9327
-0.0346 -0.2063 -0.0479 0.0000 -1.0000 -0.0000 0.1544 0.9327
-0.0346 -0.2063 -0.0479 0.0000 -1.0000 -0.0000 0.1544 0.9327
0.0400 -0.2063 -0.0828 0.0000 -1.0000 -0.0000 0.2638 0.5246
0.0200 -0.2063 -0.1432 0.3611 -0.8840 -0.2969 0.4531 0.6340
-0.0346 -0.2063 -0.0479 0.0000 -1.0000 -0.0000 0.1544 0.9327
0.0200 -0.2063 -0.1432 0.3611 -0.8840 -0.2969 0.4531 0.6340
-0.0200 -0.2063 -0.1432 -0.3611 -0.8840 -0.2969 0.4531 0.8526
7 9 8
7 0 9
6 8 10
6 7 8
5 40 11
5 42 41
4 11 12
4 5 11
3 12 13
3 4 12
2 13 14
2 3 13
1 14 15
1 2 14
0 15 9
0 1 15
16 18 17
18 20 19
20 22 21
22 24 23
24 26 25
26 16 27
16 20 18
20 24 22
24 16 26
20 16 24
30 29 28
29 31 32
29 30 31
43 44 33
45 47 46
48 38 36
49 50 38
51 34 39
52 53 34
54 56 55
57 59 58
60 62 61
63 65 64
66 37 38
67 68 37
69 35 34
70 71 35
72 74 73
75 77 76
78 80 79
81 83 82
84 33 37
85 86 33
87 88 35
89 91 90
92 39 93
94 95 39
96 98 97
99 101 100
102 104 103
105 107 106
108 110 109
111 113 112
114 116 115
LABEL LSM_Z_BoomTop
MATERIAL 3
TEXTURE 1
FLAG 0
GEOM 19 16
0.0000 0.2410 -0.7710 0.0000 -0.8192 -0.5736 0.7500 0.6818
0.0201 0.2478 -0.7662 0.7071 -0.5792 -0.4056 0.6250 0.6818
0.0284 0.2642 -0.7547 1.0000 0.0000 0.0000 0.5000 0.6818
0.0201 0.2807 -0.7432 0.7071 0.5792 0.4056 0.3750 0.6818
0.0000 0.2875 -0.7384 -0.0000 0.8192 0.5736 0.2500 0.6818
-0.0201 0.2807 -0.7432 -0.7071 0.5792 0.4056 0.1250 0.6818
-0.0284 0.2642 -0.7547 -1.0000 0.0000 0.0000 1.0000 0.6818
-0.0201 0.2478 -0.7662 -0.7071 -0.5792 -0.4056 0.8750 0.6818
-0.0201 0.0536 -0.4889 -0.7071 -0.5792 -0.4056 0.8750 0.0073
0.0000 0.0468 -0.4937 -0.0000 -0.8192 -0.5736 0.7500 0.0073
-0.0284 0.0700 -0.4774 -1.0000 -0.0000 -0.0000 1.0000 0.0073
-0.0201 0.0865 -0.4659 -0.7071 0.5792 0.4056 0.1250 0.0073
0.0000 0.0933 -0.4611 -0.0000 0.8192 0.5736 0.2500 0.0073
0.0201 0.0865 -0.4659 0.7071 0.5792 0.4056 0.3750 0.0073
0.0284 0.0700 -0.4774 1.0000 -0.0000 -0.0000 0.5000 0.0073
0.0201 0.0536 -0.4889 0.7071 -0.5792 -0.4056 0.6250 0.0073
-0.0284 0.0700 -0.4774 -1.0000 -0.0000 -0.0000 0.0000 0.0073
-0.0284 0.0700 -0.4774 -1.0000 -0.0000 -0.0000 0.0000 0.0073
-0.0284 0.2642 -0.7547 -1.0000 0.0000 0.0000 0.0000 0.6818
7 9 8
7 0 9
6 8 10
6 7 8
5 16 11
5 18 17
4 11 12
4 5 11
3 12 13
3 4 12
2 13 14
2 3 13
1 14 15
1 2 14
0 15 9
0 1 15
LABEL LSM_Z_Boom_HingeBase
MATERIAL 4
TEXTURE 0
FLAG 0
GEOM 34 16
-0.0201 0.0421 -0.4725 0.0000 0.5736 -0.8192
-0.0284 0.0586 -0.4610 0.0000 0.5736 -0.8192
0.0000 0.0353 -0.4773 0.0000 0.5736 -0.8192
0.0201 0.0421 -0.4725 0.0000 0.5736 -0.8192
0.0284 0.0586 -0.4610 0.0000 0.5736 -0.8192
0.0201 0.0750 -0.4495 0.0000 0.5736 -0.8192
0.0000 0.0818 -0.4447 0.0000 0.5736 -0.8192
-0.0201 0.0750 -0.4495 0.0000 0.5736 -0.8192
0.0128 0.0407 -0.4735 0.0000 -0.8192 -0.5736
0.0128 0.0765 -0.4485 1.0000 0.0000 -0.0000
-0.0128 0.0407 -0.4735 0.0000 -0.8192 -0.5736
-0.0128 0.0765 -0.4485 -1.0000 -0.0000 0.0000
-0.0128 0.0464 -0.4817 0.0000 0.5736 -0.8192
0.0128 0.0464 -0.4817 0.0000 0.5736 -0.8192
0.0128 0.0822 -0.4566 0.0000 0.5736 -0.8192
-0.0128 0.0822 -0.4566 0.0000 0.5736 -0.8192
0.0128 0.0464 -0.4817 0.0000 -0.8192 -0.5736
0.0128 0.0464 -0.4817 0.0000 -0.8192 -0.5736
-0.0128 0.0464 -0.4817 0.0000 -0.8192 -0.5736
-0.0128 0.0407 -0.4735 -1.0000 -0.0000 0.0000
-0.0128 0.0464 -0.4817 -1.0000 -0.0000 0.0000
-0.0128 0.0464 -0.4817 -1.0000 -0.0000 0.0000
-0.0128 0.0822 -0.4566 -1.0000 -0.0000 0.0000
0.0128 0.0407 -0.4735 1.0000 0.0000 -0.0000
0.0128 0.0822 -0.4566 1.0000 0.0000 -0.0000
0.0128 0.0407 -0.4735 1.0000 0.0000 -0.0000
0.0128 0.0822 -0.4566 1.0000 0.0000 -0.0000
0.0128 0.0464 -0.4817 1.0000 0.0000 -0.0000
0.0128 0.0765 -0.4485 0.0000 0.8192 0.5736
-0.0128 0.0765 -0.4485 0.0000 0.8192 0.5736
-0.0128 0.0822 -0.4566 0.0000 0.8192 0.5736
0.0128 0.0765 -0.4485 0.0000 0.8192 0.5736
-0.0128 0.0822 -0.4566 0.0000 0.8192 0.5736
0.0128 0.0822 -0.4566 0.0000 0.8192 0.5736
1 2 0
2 4 3
4 6 5
6 1 7
1 4 2
4 1 6
13 15 14
13 12 15
10 16 8
10 18 17
11 20 19
11 22 21
23 24 9
25 27 26
28 30 29
31 33 32
LABEL LSM_Z_Boom_HingeRoot
MATERIAL 4
TEXTURE 0
FLAG 0
GEOM 36 14
-0.0210 -0.2074 -0.1150 -1.0000 0.0000 -0.0000
-0.0210 -0.1801 -0.1150 -1.0000 0.0000 -0.0000
-0.0210 -0.2107 -0.0511 0.0000 0.0000 1.0000
-0.0210 -0.1882 -0.0511 0.0000 0.0000 1.0000
0.0210 -0.2074 -0.1150 0.0000 0.0000 -1.0000
0.0210 -0.1801 -0.1150 0.0000 0.0000 -1.0000
0.0210 -0.2107 -0.0511 0.0000 0.0000 1.0000
0.0210 -0.1882 -0.0511 0.0000 0.0000 1.0000
-0.0210 -0.1801 -0.0635 -1.0000 0.0000 -0.0000
0.0210 -0.1801 -0.0635 0.0000 1.0000 -0.0000
-0.0210 -0.2107 -0.0511 -1.0000 0.0000 -0.0000
-0.0210 -0.1882 -0.0511 -1.0000 0.0000 -0.0000
-0.0210 -0.1882 -0.0511 -1.0000 0.0000 -0.0000
-0.0210 -0.2107 -0.0511 -1.0000 0.0000 -0.0000
-0.0210 -0.1801 -0.1150 0.0000 0.0000 -1.0000
-0.0210 -0.1801 -0.1150 0.0000 0.0000 -1.0000
-0.0210 -0.2074 -0.1150 0.0000 0.0000 -1.0000
-0.0210 -0.1801 -0.0635 0.0000 1.0000 -0.0000
-0.0210 -0.1801 -0.1150 0.0000 1.0000 -0.0000
-0.0210 -0.1801 -0.1150 0.0000 1.0000 -0.0000
0.0210 -0.1801 -0.1150 0.0000 1.0000 -0.0000
0.0210 -0.1882 -0.0511 0.0000 0.8386 0.5448
-0.0210 -0.1882 -0.0511 0.0000 0.8386 0.5448
-0.0210 -0.1801 -0.0635 0.0000 0.8386 0.5448
0.0210 -0.1882 -0.0511 0.0000 0.8386 0.5448
-0.0210 -0.1801 -0.0635 0.0000 0.8386 0.5448
0.0210 -0.1801 -0.0635 0.0000 0.8386 0.5448
0.0210 -0.2074 -0.1150 1.0000 0.0000 0.0000
0.0210 -0.2107 -0.0511 1.0000 0.0000 0.0000
0.0210 -0.1882 -0.0511 1.0000 0.0000 0.0000
0.0210 -0.1882 -0.0511 1.0000 0.0000 0.0000
0.0210 -0.1801 -0.0635 1.0000 0.0000 0.0000
0.0210 -0.1801 -0.1150 1.0000 0.0000 0.0000
0.0210 -0.1882 -0.0511 1.0000 0.0000 0.0000
0.0210 -0.1801 -0.1150 1.0000 0.0000 0.0000
0.0210 -0.2074 -0.1150 1.0000 0.0000 0.0000
2 7 3
2 6 7
10 1 0
1 11 8
1 13 12
4 14 5
4 16 15
9 18 17
9 20 19
21 23 22
24 26 25
27 29 28
30 32 31
33 35 34
LABEL LSM_Z_Boom_HingeTop
MATERIAL 4
TEXTURE 0
FLAG 0
GEOM 34 16
-0.0201 0.0865 -0.4659 0.0000 -0.5736 0.8192
-0.0284 0.0700 -0.4774 0.0000 -0.5736 0.8192
0.0000 0.0933 -0.4611 0.0000 -0.5736 0.8192
0.0201 0.0865 -0.4659 0.0000 -0.5736 0.8192
0.0284 0.0700 -0.4774 0.0000 -0.5736 0.8192
0.0201 0.0536 -0.4889 0.0000 -0.5736 0.8192
0.0000 0.0468 -0.4937 0.0000 -0.5736 0.8192
-0.0201 0.0536 -0.4889 0.0000 -0.5736 0.8192
0.0128 0.0879 -0.4648 0.0000 0.8192 0.5736
0.0128 0.0521 -0.4899 1.0000 -0.0000 0.0000
-0.0128 0.0879 -0.4648 0.0000 0.8192 0.5736
-0.0128 0.0521 -0.4899 -1.0000 0.0000 -0.0000
-0.0128 0.0822 -0.4566 0.0000 -0.5736 0.8192
0.0128 0.0822 -0.4566 0.0000 -0.5736 0.8192
0.0128 0.0464 -0.4817 0.0000 -0.5736 0.8192
-0.0128 0.0464 -0.4817 0.0000 -0.5736 0.8192
0.0128 0.0822 -0.4566 0.0000 0.8192 0.5736
0.0128 0.0822 -0.4566 0.0000 0.8192 0.5736
-0.0128 0.0822 -0.4566 0.0000 0.8192 0.5736
-0.0128 0.0879 -0.4648 -1.0000 0.0000 -0.0000
-0.0128 0.0822 -0.4566 -1.0000 0.0000 -0.0000
-0.0128 0.0822 -0.4566 -1.0000 0.0000 -0.0000
-0.0128 0.0464 -0.4817 -1.0000 0.0000 -0.0000
0.0128 0.0879 -0.4648 1.0000 -0.0000 0.0000
0.0128 0.0464 -0.4817 1.0000 -0.0000 0.0000
0.0128 0.0879 -0.4648 1.0000 -0.0000 0.0000
0.0128 0.0464 -0.4817 1.0000 -0.0000 0.0000
0.0128 0.0822 -0.4566 1.0000 -0.0000 0.0000
0.0128 0.0521 -0.4899 0.0000 -0.8192 -0.5736
-0.0128 0.0521 -0.4899 0.0000 -0.8192 -0.5736
-0.0128 0.0464 -0.4817 0.0000 -0.8192 -0.5736
0.0128 0.0521 -0.4899 0.0000 -0.8192 -0.5736
-0.0128 0.0464 -0.4817 0.0000 -0.8192 -0.5736
0.0128 0.0464 -0.4817 0.0000 -0.8192 -0.5736
1 2 0
2 4 3
4 6 5
6 1 7
1 4 2
4 1 6
13 15 14
13 12 15
10 16 8
10 18 17
11 20 19
11 22 21
23 24 9
25 27 26
28 30 29
31 33 32
LABEL LSM_Z_Leg
MATERIAL 2
TEXTURE 0
FLAG 0
GEOM 188 126
0.0438 -0.3927 -0.3290 -0.7053 0.0094 -0.7088
0.0474 -0.3926 -0.3305 -0.0000 0.0163 -0.9999
0.0510 -0.3927 -0.3290 0.7053 0.0094 -0.7088
0.0525 -0.3931 -0.3255 0.9995 0.0032 0.0299
0.0510 -0.3935 -0.3220 0.6751 0.0117 0.7376
0.0474 -0.3937 -0.3206 -0.0000 0.0192 0.9998
0.0438 -0.3935 -0.3220 -0.6751 0.0117 0.7376
0.0423 -0.3931 -0.3255 -0.9995 0.0032 0.0299
0.0438 -0.3758 -0.3288 -0.6665 0.3118 -0.6772
0.0474 -0.3752 -0.3301 -0.0000 0.4175 -0.9087
0.0510 -0.3758 -0.3288 0.6665 0.3118 -0.6772
0.0525 -0.3773 -0.3255 0.9950 0.0429 -0.0904
0.0510 -0.3788 -0.3222 0.7682 -0.2596 0.5853
0.0474 -0.3794 -0.3209 -0.0000 -0.4014 0.9159
0.0438 -0.3788 -0.3222 -0.7682 -0.2596 0.5853
0.0423 -0.3773 -0.3255 -0.9950 0.0429 -0.0904
0.0438 -0.1915 -0.1208 -0.6692 0.6928 -0.2688
0.0474 -0.1901 -0.1213 -0.0000 0.9327 -0.3606
0.0510 -0.1915 -0.1208 0.6692 0.6928 -0.2688
0.0525 -0.1948 -0.1195 0.9962 0.0807 -0.0325
0.0510 -0.1982 -0.1182 0.7568 -0.6116 0.2306
0.0474 -0.1996 -0.1177 0.0000 -0.9373 0.3487
0.0438 -0.1982 -0.1182 -0.7568 -0.6116 0.2306
0.0423 -0.1948 -0.1195 -0.9962 0.0807 -0.0325
0.0438 -0.1913 -0.0965 -0.6980 0.7161 -0.0068
0.0474 -0.1898 -0.0965 -0.0000 0.9999 -0.0115
0.0510 -0.1913 -0.0965 0.6980 0.7161 -0.0068
0.0525 -0.1948 -0.0965 1.0000 -0.0003 -0.0022
0.0510 -0.1984 -0.0965 0.6970 -0.7170 -0.0077
0.0474 -0.1999 -0.0965 0.0000 -0.9999 -0.0131
0.0438 -0.1984 -0.0965 -0.6970 -0.7170 -0.0077
0.0423 -0.1948 -0.0965 -1.0000 -0.0003 -0.0022
0.0537 -0.1888 -0.0965 1.0000 0.0000 0.0000
0.0537 -0.1896 -0.0995 1.0000 0.0000 0.0000
0.0537 -0.1918 -0.1017 1.0000 0.0000 0.0000
0.0537 -0.1948 -0.1026 1.0000 0.0000 0.0000
0.0537 -0.1979 -0.1017 1.0000 0.0000 0.0000
0.0537 -0.2001 -0.0995 1.0000 0.0000 0.0000
0.0537 -0.2009 -0.0965 1.0000 0.0000 0.0000
0.0537 -0.2001 -0.0935 1.0000 0.0000 0.0000
0.0537 -0.1979 -0.0912 1.0000 0.0000 0.0000
0.0537 -0.1948 -0.0904 1.0000 0.0000 0.0000
0.0537 -0.1918 -0.0912 1.0000 0.0000 0.0000
0.0537 -0.1896 -0.0935 1.0000 0.0000 0.0000
0.0343 -0.1896 -0.0995 0.0000 0.8660 -0.5000
0.0343 -0.1888 -0.0965 0.0000 1.0000 0.0000
0.0343 -0.1918 -0.1017 0.0000 0.5000 -0.8660
0.0343 -0.1948 -0.1026 0.0000 0.0000 -1.0000
0.0343 -0.1979 -0.1017 0.0000 -0.5000 -0.8660
0.0343 -0.2001 -0.0995 0.0000 -0.8660 -0.5000
0.0343 -0.2009 -0.0965 0.0000 -1.0000 0.0000
0.0343 -0.2001 -0.0935 0.0000 -0.8660 0.5000
0.0343 -0.1979 -0.0912 0.0000 -0.5000 0.8660
0.0343 -0.1948 -0.0904 0.0000 0.0000 1.0000
0.0343 -0.1918 -0.0912 0.0000 0.5000 0.8660
0.0343 -0.1896 -0.0935 0.0000 0.8660 0.5000
0.0614 -0.3990 -0.3255 -0.0000 -1.0000 0.0000
0.0595 -0.3990 -0.3325 -0.0000 -1.0000 0.0000
0.0544 -0.3990 -0.3376 -0.0000 -1.0000 0.0000
0.0474 -0.3990 -0.3395 -0.0000 -1.0000 0.0000
0.0404 -0.3990 -0.3376 -0.0000 -1.0000 0.0000
0.0353 -0.3990 -0.3325 -0.0000 -1.0000 0.0000
0.0335 -0.3990 -0.3255 -0.0000 -1.0000 0.0000
0.0353 -0.3990 -0.3185 -0.0000 -1.0000 0.0000
0.0404 -0.3990 -0.3134 -0.0000 -1.0000 0.0000
0.0474 -0.3990 -0.3116 -0.0000 -1.0000 0.0000
0.0544 -0.3990 -0.3134 -0.0000 -1.0000 0.0000
0.0595 -0.3990 -0.3185 -0.0000 -1.0000 0.0000
0.0595 -0.3913 -0.3325 0.0000 1.0000 0.0000
0.0614 -0.3913 -0.3255 0.0000 1.0000 0.0000
0.0544 -0.3913 -0.3376 0.0000 1.0000 0.0000
0.0474 -0.3913 -0.3395 0.0000 1.0000 0.0000
0.0404 -0.3913 -0.3376 0.0000 1.0000 0.0000
0.0353 -0.3913 -0.3325 0.0000 1.0000 0.0000
0.0335 -0.3913 -0.3255 0.0000 1.0000 0.0000
0.0353 -0.3913 -0.3185 0.0000 1.0000 0.0000
0.0404 -0.3913 -0.3134 0.0000 1.0000 0.0000
0.0474 -0.3913 -0.3116 0.0000 1.0000 0.0000
0.0544 -0.3913 -0.3134 0.0000 1.0000 0.0000
0.0595 -0.3913 -0.3185 0.0000 1.0000 0.0000
0.0537 -0.2009 -0.0965 0.0000 -1.0000 0.0000
0.0537 -0.2009 -0.0965 0.0000 -1.0000 0.0000
0.0537 -0.2001 -0.0935 0.0000 -0.8660 0.5000
0.0537 -0.1948 -0.1026 0.0000 0.0000 -1.0000
0.0537 -0.1948 -0.1026 0.0000 0.0000 -1.0000
0.0537 -0.1979 -0.1017 0.0000 -0.5000 -0.8660
0.0537 -0.1918 -0.0912 0.0000 0.5000 0.8660
0.0537 -0.1918 -0.0912 0.0000 0.5000 0.8660
0.0537 -0.1896 -0.0935 0.0000 0.8660 0.5000
0.0537 -0.1888 -0.0965 0.0000 1.0000 0.0000
0.0537 -0.1888 -0.0965 0.0000 1.0000 0.0000
0.0537 -0.1896 -0.0995 0.0000 0.8660 -0.5000
0.0537 -0.2001 -0.0935 0.0000 -0.8660 0.5000
0.0537 -0.2001 -0.0935 0.0000 -0.8660 0.5000
0.0537 -0.1979 -0.0912 0.0000 -0.5000 0.8660
0.0537 -0.1979 -0.1017 0.0000 -0.5000 -0.8660
0.0537 -0.1979 -0.1017 0.0000 -0.5000 -0.8660
0.0537 -0.2001 -0.0995 0.0000 -0.8660 -0.5000
0.0537 -0.1896 -0.0935 0.0000 0.8660 0.5000
0.0537 -0.1896 -0.0935 0.0000 0.8660 0.5000
0.0537 -0.1888 -0.0965 0.0000 1.0000 0.0000
0.0537 -0.1896 -0.0995 0.0000 0.8660 -0.5000
0.0537 -0.1896 -0.0995 0.0000 0.8660 -0.5000
0.0537 -0.1918 -0.1017 0.0000 0.5000 -0.8660
0.0537 -0.1979 -0.0912 0.0000 -0.5000 0.8660
0.0537 -0.1979 -0.0912 0.0000 -0.5000 0.8660
0.0537 -0.1948 -0.0904 0.0000 0.0000 1.0000
0.0537 -0.2001 -0.0995 0.0000 -0.8660 -0.5000
0.0537 -0.2001 -0.0995 0.0000 -0.8660 -0.5000
0.0537 -0.2009 -0.0965 0.0000 -1.0000 0.0000
0.0537 -0.1918 -0.1017 0.0000 0.5000 -0.8660
0.0537 -0.1918 -0.1017 0.0000 0.5000 -0.8660
0.0537 -0.1948 -0.1026 0.0000 0.0000 -1.0000
0.0537 -0.1948 -0.0904 0.0000 0.0000 1.0000
0.0537 -0.1948 -0.0904 0.0000 0.0000 1.0000
0.0537 -0.1918 -0.0912 0.0000 0.5000 0.8660
0.0335 -0.3990 -0.3255 -1.0000 0.0000 0.0000
0.0335 -0.3913 -0.3255 -1.0000 0.0000 0.0000
0.0353 -0.3913 -0.3185 -0.8660 -0.0000 0.5000
0.0335 -0.3990 -0.3255 -1.0000 0.0000 0.0000
0.0353 -0.3913 -0.3185 -0.8660 -0.0000 0.5000
0.0353 -0.3990 -0.3185 -0.8660 -0.0000 0.5000
0.0474 -0.3990 -0.3395 0.0000 -0.0000 -1.0000
0.0474 -0.3913 -0.3395 0.0000 -0.0000 -1.0000
0.0404 -0.3913 -0.3376 -0.5000 -0.0000 -0.8660
0.0474 -0.3990 -0.3395 0.0000 -0.0000 -1.0000
0.0404 -0.3913 -0.3376 -0.5000 -0.0000 -0.8660
0.0404 -0.3990 -0.3376 -0.5000 -0.0000 -0.8660
0.0544 -0.3990 -0.3134 0.5000 0.0000 0.8660
0.0544 -0.3913 -0.3134 0.5000 0.0000 0.8660
0.0595 -0.3913 -0.3185 0.8660 0.0000 0.5000
0.0544 -0.3990 -0.3134 0.5000 0.0000 0.8660
0.0595 -0.3913 -0.3185 0.8660 0.0000 0.5000
0.0595 -0.3990 -0.3185 0.8660 0.0000 0.5000
0.0614 -0.3990 -0.3255 1.0000 0.0000 -0.0000
0.0614 -0.3913 -0.3255 1.0000 0.0000 -0.0000
0.0595 -0.3913 -0.3325 0.8660 0.0000 -0.5000
0.0614 -0.3990 -0.3255 1.0000 0.0000 -0.0000
0.0595 -0.3913 -0.3325 0.8660 0.0000 -0.5000
0.0595 -0.3990 -0.3325 0.8660 0.0000 -0.5000
0.0353 -0.3990 -0.3185 -0.8660 -0.0000 0.5000
0.0353 -0.3913 -0.3185 -0.8660 -0.0000 0.5000
0.0404 -0.3913 -0.3134 -0.5000 -0.0000 0.8660
0.0353 -0.3990 -0.3185 -0.8660 -0.0000 0.5000
0.0404 -0.3913 -0.3134 -0.5000 -0.0000 0.8660
0.0404 -0.3990 -0.3134 -0.5000 -0.0000 0.8660
0.0404 -0.3990 -0.3376 -0.5000 -0.0000 -0.8660
0.0404 -0.3913 -0.3376 -0.5000 -0.0000 -0.8660
0.0353 -0.3913 -0.3325 -0.8660 0.0000 -0.5000
0.0404 -0.3990 -0.3376 -0.5000 -0.0000 -0.8660
0.0353 -0.3913 -0.3325 -0.8660 0.0000 -0.5000
0.0353 -0.3990 -0.3325 -0.8660 0.0000 -0.5000
0.0595 -0.3990 -0.3185 0.8660 0.0000 0.5000
0.0595 -0.3913 -0.3185 0.8660 0.0000 0.5000
0.0614 -0.3913 -0.3255 1.0000 0.0000 -0.0000
0.0595 -0.3990 -0.3185 0.8660 0.0000 0.5000
0.0614 -0.3913 -0.3255 1.0000 0.0000 -0.0000
0.0614 -0.3990 -0.3255 1.0000 0.0000 -0.0000
0.0595 -0.3990 -0.3325 0.8660 0.0000 -0.5000
0.0595 -0.3913 -0.3325 0.8660 0.0000 -0.5000
0.0544 -0.3913 -0.3376 0.5000 0.0000 -0.8660
0.0595 -0.3990 -0.3325 0.8660 0.0000 -0.5000
0.0544 -0.3913 -0.3376 0.5000 0.0000 -0.8660
0.0544 -0.3990 -0.3376 0.5000 0.0000 -0.8660
0.0404 -0.3990 -0.3134 -0.5000 -0.0000 0.8660
0.0404 -0.3913 -0.3134 -0.5000 -0.0000 0.8660
0.0474 -0.3913 -0.3116 -0.0000 0.0000 1.0000
0.0404 -0.3990 -0.3134 -0.5000 -0.0000 0.8660
0.0474 -0.3913 -0.3116 -0.0000 0.0000 1.0000
0.0474 -0.3990 -0.3116 -0.0000 0.0000 1.0000
0.0353 -0.3990 -0.3325 -0.8660 0.0000 -0.5000
0.0353 -0.3913 -0.3325 -0.8660 0.0000 -0.5000
0.0335 -0.3913 -0.3255 -1.0000 0.0000 0.0000
0.0353 -0.3990 -0.3325 -0.8660 0.0000 -0.5000
0.0335 -0.3913 -0.3255 -1.0000 0.0000 0.0000
0.0335 -0.3990 -0.3255 -1.0000 0.0000 0.0000
0.0544 -0.3990 -0.3376 0.5000 0.0000 -0.8660
0.0544 -0.3913 -0.3376 0.5000 0.0000 -0.8660
0.0474 -0.3913 -0.3395 0.0000 -0.0000 -1.0000
0.0544 -0.3990 -0.3376 0.5000 0.0000 -0.8660
0.0474 -0.3913 -0.3395 0.0000 -0.0000 -1.0000
0.0474 -0.3990 -0.3395 0.0000 -0.0000 -1.0000
0.0474 -0.3990 -0.3116 -0.0000 0.0000 1.0000
0.0474 -0.3913 -0.3116 -0.0000 0.0000 1.0000
0.0544 -0.3913 -0.3134 0.5000 0.0000 0.8660
0.0474 -0.3990 -0.3116 -0.0000 0.0000 1.0000
0.0544 -0.3913 -0.3134 0.5000 0.0000 0.8660
0.0544 -0.3990 -0.3134 0.5000 0.0000 0.8660
0 15 8
0 7 15
1 8 9
1 0 8
2 9 10
2 1 9
3 10 11
3 2 10
4 11 12
4 3 11
5 12 13
5 4 12
6 13 14
6 5 13
7 14 15
7 6 14
8 23 16
8 15 23
9 16 17
9 8 16
10 17 18
10 9 17
11 18 19
11 10 18
12 19 20
12 11 19
13 20 21
13 12 20
14 21 22
14 13 21
15 22 23
15 14 22
16 31 24
16 23 31
17 24 25
17 16 24
18 25 26
18 17 25
19 26 27
19 18 26
20 27 28
20 19 27
21 28 29
21 20 28
22 29 30
22 21 29
23 30 31
23 22 30
32 34 33
34 36 35
36 38 37
38 40 39
40 42 41
42 32 43
32 36 34
36 40 38
40 32 42
36 32 40
80 51 50
81 82 51
83 48 47
84 85 48
86 55 54
87 88 55
89 44 45
90 91 44
92 52 51
93 94 52
95 49 48
96 97 49
98 45 55
99 100 45
101 46 44
102 103 46
104 53 52
105 106 53
107 50 49
108 109 50
110 47 46
111 112 47
113 54 53
114 115 54
56 58 57
58 60 59
60 62 61
62 64 63
64 66 65
66 56 67
56 60 58
60 64 62
64 56 66
60 56 64
70 69 68
69 78 79
78 76 77
76 74 75
74 72 73
72 70 71
70 78 69
78 74 76
74 70 72
78 70 74
116 118 117
119 121 120
122 124 123
125 127 126
128 130 129
131 133 132
134 136 135
137 139 138
140 142 141
143 145 144
146 148 147
149 151 150
152 154 153
155 157 156
158 160 159
161 163 162
164 166 165
167 169 168
170 172 171
173 175 174
176 178 177
179 181 180
182 184 183
185 187 186
LABEL LSM_Z_Sensor
MATERIAL 5
TEXTURE 2
FLAG 0
GEOM 204 140
0.0000 0.3435 -0.7827 -0.0000 0.3991 0.9169 0.5000 0.5195
-0.0200 0.3435 -0.7880 -0.5146 0.2959 0.8047 0.7500 0.5517
-0.0346 0.3435 -0.8027 -0.8798 0.1241 0.4589 0.9330 0.6397
-0.0400 0.3435 -0.8227 -0.9995 -0.0015 -0.0318 1.0000 0.7598
-0.0346 0.3435 -0.8427 -0.8522 -0.0863 -0.5161 0.9330 0.8799
-0.0200 0.3435 -0.8573 -0.4863 -0.1376 -0.8629 0.7500 0.9678
0.0000 0.3435 -0.8627 -0.0000 -0.1549 -0.9879 0.5000 1.0000
0.0200 0.3435 -0.8573 0.4863 -0.1376 -0.8629 0.2500 0.9678
0.0346 0.3435 -0.8427 0.8522 -0.0863 -0.5161 0.0670 0.8799
0.0400 0.3435 -0.8227 0.9995 -0.0015 -0.0318 0.0000 0.7598
0.0346 0.3435 -0.8027 0.8798 0.1241 0.4589 0.0670 0.6397
0.0200 0.3435 -0.7880 0.5146 0.2959 0.8047 0.2500 0.5517
0.0000 0.3412 -0.7815 -0.0000 0.3553 0.9348 0.5000 0.3999
0.0000 0.3329 -0.7788 -0.0000 0.3132 0.9497 0.5000 0.3419
0.0000 0.3250 -0.7709 0.0000 0.7632 0.6462 0.5000 0.2547
0.0200 0.3211 -0.7745 0.5045 0.6564 0.5608 0.2500 0.2562
0.0200 0.3301 -0.7834 0.5102 0.2751 0.8149 0.2500 0.3554
0.0200 0.3401 -0.7867 0.4912 0.2931 0.8203 0.2500 0.4258
0.0346 0.3102 -0.7843 0.8721 0.3691 0.3212 0.0670 0.2603
0.0346 0.3225 -0.7959 0.8775 0.1591 0.4525 0.0670 0.3922
0.0346 0.3370 -0.8011 0.8664 0.1489 0.4766 0.0670 0.4964
0.0400 0.2953 -0.7977 0.9999 -0.0120 -0.0119 0.0000 0.2660
0.0400 0.3121 -0.8130 0.9995 -0.0122 -0.0300 0.0000 0.4424
0.0400 0.3329 -0.8206 0.9999 -0.0025 -0.0127 0.0000 0.5929
0.0346 0.2805 -0.8111 0.8581 -0.3813 -0.3440 0.0670 0.2716
0.0346 0.3017 -0.8301 0.8491 -0.1855 -0.4945 0.0670 0.4927
0.0346 0.3287 -0.8402 0.8580 -0.1338 -0.4959 0.0670 0.6894
0.0200 0.2696 -0.8209 0.4920 -0.6452 -0.5846 0.2500 0.2757
0.0200 0.2941 -0.8426 0.4818 -0.3094 -0.8199 0.2500 0.5295
0.0200 0.3257 -0.8545 0.4911 -0.2232 -0.8420 0.2500 0.7600
0.0000 0.2656 -0.8245 0.0000 -0.7406 -0.6720 0.5000 0.2772
0.0000 0.2913 -0.8472 0.0000 -0.3537 -0.9354 0.5000 0.5430
0.0000 0.3245 -0.8597 0.0000 -0.2549 -0.9670 0.5000 0.7859
-0.0200 0.2696 -0.8209 -0.4920 -0.6452 -0.5846 0.7500 0.2757
-0.0200 0.2941 -0.8426 -0.4818 -0.3094 -0.8199 0.7500 0.5295
-0.0200 0.3257 -0.8545 -0.4911 -0.2232 -0.8420 0.7500 0.7600
-0.0346 0.2805 -0.8111 -0.8581 -0.3813 -0.3440 0.9330 0.2716
-0.0346 0.3017 -0.8301 -0.8491 -0.1855 -0.4945 0.9330 0.4927
-0.0346 0.3287 -0.8402 -0.8580 -0.1338 -0.4959 0.9330 0.6894
-0.0400 0.2953 -0.7977 -0.9999 -0.0120 -0.0119 1.0000 0.2660
-0.0400 0.3121 -0.8130 -0.9995 -0.0122 -0.0300 1.0000 0.4424
-0.0400 0.3329 -0.8206 -0.9999 -0.0025 -0.0127 1.0000 0.5929
-0.0346 0.3102 -0.7843 -0.8721 0.3691 0.3212 0.9330 0.2603
-0.0346 0.3225 -0.7959 -0.8775 0.1591 0.4525 0.9330 0.3922
-0.0346 0.3370 -0.8011 -0.8664 0.1489 0.4766 0.9330 0.4964
-0.0200 0.3211 -0.7745 -0.5045 0.6564 0.5608 0.7500 0.2562
-0.0200 0.3301 -0.7834 -0.5102 0.2751 0.8149 0.7500 0.3554
-0.0200 0.3401 -0.7867 -0.4912 0.2931 0.8203 0.7500 0.4258
0.0000 0.3013 -0.7376 0.0000 0.8139 0.5810 0.5000 0.1180
0.0000 0.2885 -0.7357 0.0000 0.1465 0.9892 0.5000 0.0421
-0.0154 0.2851 -0.7381 -0.3447 0.0717 0.9360 0.6924 0.0393
-0.0200 0.2969 -0.7407 -0.4994 0.7049 0.5038 0.7500 0.1143
-0.0267 0.2759 -0.7445 -0.5989 -0.1332 0.7896 0.8333 0.0316
-0.0346 0.2849 -0.7490 -0.8661 0.4064 0.2911 0.9330 0.1043
-0.0308 0.2633 -0.7533 -0.6948 -0.4146 0.5876 0.8848 0.0210
-0.0400 0.2686 -0.7605 -1.0000 -0.0016 -0.0015 1.0000 0.0907
-0.0267 0.2507 -0.7622 -0.6048 -0.6982 0.3830 0.8333 0.0105
-0.0346 0.2522 -0.7720 -0.8643 -0.4075 -0.2949 0.9330 0.0770
-0.0154 0.2414 -0.7686 -0.3506 -0.9075 0.2314 0.6924 0.0028
-0.0200 0.2402 -0.7803 -0.4977 -0.7022 -0.5091 0.7500 0.0671
0.0000 0.2381 -0.7710 -0.0000 -0.9845 0.1756 0.5000 0.0000
0.0000 0.2358 -0.7834 0.0000 -0.8094 -0.5873 0.5000 0.0634
0.0154 0.2414 -0.7686 0.3506 -0.9075 0.2314 0.3076 0.0028
0.0200 0.2402 -0.7803 0.4977 -0.7022 -0.5091 0.2500 0.0671
0.0267 0.2507 -0.7622 0.6048 -0.6982 0.3830 0.1667 0.0105
0.0346 0.2522 -0.7720 0.8643 -0.4075 -0.2949 0.0670 0.0770
0.0308 0.2633 -0.7533 0.6948 -0.4146 0.5876 0.1152 0.0210
0.0400 0.2686 -0.7605 1.0000 -0.0016 -0.0015 0.0000 0.0907
0.0267 0.2759 -0.7445 0.5989 -0.1332 0.7896 0.1667 0.0316
0.0346 0.2849 -0.7490 0.8661 0.4064 0.2911 0.0670 0.1043
0.0154 0.2851 -0.7381 0.3447 0.0717 0.9360 0.3076 0.0393
0.0200 0.2969 -0.7407 0.4994 0.7049 0.5038 0.2500 0.1143
0.0000 0.3329 -0.7788 0.0000 0.7067 0.7075 0.5000 0.3419
0.0200 0.3301 -0.7834 0.5114 0.6023 0.6130 0.2500 0.3554
0.0000 0.3329 -0.7788 0.0000 0.7067 0.7075 0.5000 0.3419
0.0200 0.3301 -0.7834 0.5114 0.6023 0.6130 0.2500 0.3554
0.0346 0.3225 -0.7959 0.8782 0.3298 0.3465 0.0670 0.3922
0.0200 0.3301 -0.7834 0.5114 0.6023 0.6130 0.2500 0.3554
0.0346 0.3225 -0.7959 0.8782 0.3298 0.3465 0.0670 0.3922
0.0400 0.3121 -0.8130 0.9995 -0.0205 -0.0250 0.0000 0.4424
0.0346 0.3225 -0.7959 0.8782 0.3298 0.3465 0.0670 0.3922
0.0400 0.3121 -0.8130 0.9995 -0.0205 -0.0250 0.0000 0.4424
0.0346 0.3017 -0.8301 0.8501 -0.3510 -0.3926 0.0670 0.4927
0.0400 0.3121 -0.8130 0.9995 -0.0205 -0.0250 0.0000 0.4424
0.0346 0.3017 -0.8301 0.8501 -0.3510 -0.3926 0.0670 0.4927
0.0200 0.2941 -0.8426 0.4833 -0.5812 -0.6547 0.2500 0.5295
0.0346 0.3017 -0.8301 0.8501 -0.3510 -0.3926 0.0670 0.4927
0.0200 0.2941 -0.8426 0.4833 -0.5812 -0.6547 0.2500 0.5295
0.0000 0.2913 -0.8472 0.0000 -0.6629 -0.7487 0.5000 0.5430
0.0200 0.2941 -0.8426 0.4833 -0.5812 -0.6547 0.2500 0.5295
0.0000 0.2913 -0.8472 0.0000 -0.6629 -0.7487 0.5000 0.5430
-0.0200 0.2941 -0.8426 -0.4833 -0.5812 -0.6547 0.7500 0.5295
0.0000 0.2913 -0.8472 0.0000 -0.6629 -0.7487 0.5000 0.5430
-0.0200 0.2941 -0.8426 -0.4833 -0.5812 -0.6547 0.7500 0.5295
-0.0346 0.3017 -0.8301 -0.8501 -0.3510 -0.3926 0.9330 0.4927
-0.0200 0.2941 -0.8426 -0.4833 -0.5812 -0.6547 0.7500 0.5295
-0.0346 0.3017 -0.8301 -0.8501 -0.3510 -0.3926 0.9330 0.4927
-0.0400 0.3121 -0.8130 -0.9995 -0.0205 -0.0250 1.0000 0.4424
-0.0346 0.3017 -0.8301 -0.8501 -0.3510 -0.3926 0.9330 0.4927
-0.0400 0.3121 -0.8130 -0.9995 -0.0205 -0.0250 1.0000 0.4424
-0.0346 0.3225 -0.7959 -0.8782 0.3298 0.3465 0.9330 0.3922
-0.0400 0.3121 -0.8130 -0.9995 -0.0205 -0.0250 1.0000 0.4424
-0.0346 0.3225 -0.7959 -0.8782 0.3298 0.3465 0.9330 0.3922
-0.0200 0.3301 -0.7834 -0.5114 0.6023 0.6130 0.7500 0.3554
-0.0346 0.3225 -0.7959 -0.8782 0.3298 0.3465 0.9330 0.3922
-0.0200 0.3301 -0.7834 -0.5114 0.6023 0.6130 0.7500 0.3554
0.0000 0.3329 -0.7788 0.0000 0.7067 0.7075 0.5000 0.3419
-0.0200 0.3301 -0.7834 -0.5114 0.6023 0.6130 0.7500 0.3554
0.0000 0.3435 -0.7827 0.0000 1.0000 0.0000 0.9961 0.3613
-0.0200 0.3435 -0.7880 0.0000 1.0000 0.0000 0.9961 0.2284
-0.0346 0.3435 -0.8027 0.0000 1.0000 0.0000 0.8632 0.1133
-0.0346 0.3435 -0.8027 0.0000 1.0000 0.0000 0.8632 0.1133
-0.0400 0.3435 -0.8227 0.0000 1.0000 0.0000 0.6329 0.0468
-0.0346 0.3435 -0.8427 0.0000 1.0000 0.0000 0.3671 0.0468
-0.0346 0.3435 -0.8427 0.0000 1.0000 0.0000 0.3671 0.0468
-0.0200 0.3435 -0.8573 0.0000 1.0000 0.0000 0.1368 0.1133
0.0000 0.3435 -0.8627 0.0000 1.0000 0.0000 0.0039 0.2284
0.0000 0.3435 -0.8627 0.0000 1.0000 0.0000 0.0039 0.2284
0.0200 0.3435 -0.8573 0.0000 1.0000 0.0000 0.0039 0.3613
0.0346 0.3435 -0.8427 0.0000 1.0000 0.0000 0.1368 0.4764
0.0346 0.3435 -0.8427 0.0000 1.0000 0.0000 0.1368 0.4764
0.0400 0.3435 -0.8227 0.0000 1.0000 0.0000 0.3671 0.5429
0.0346 0.3435 -0.8027 0.0000 1.0000 0.0000 0.6329 0.5429
0.0346 0.3435 -0.8027 0.0000 1.0000 0.0000 0.6329 0.5429
0.0200 0.3435 -0.7880 0.0000 1.0000 0.0000 0.8632 0.4764
0.0000 0.3435 -0.7827 0.0000 1.0000 0.0000 0.9961 0.3613
0.0000 0.3435 -0.7827 0.0000 1.0000 0.0000 0.9961 0.3613
-0.0346 0.3435 -0.8027 0.0000 1.0000 0.0000 0.8632 0.1133
-0.0346 0.3435 -0.8427 0.0000 1.0000 0.0000 0.3671 0.0468
-0.0346 0.3435 -0.8427 0.0000 1.0000 0.0000 0.3671 0.0468
0.0000 0.3435 -0.8627 0.0000 1.0000 0.0000 0.0039 0.2284
0.0346 0.3435 -0.8427 0.0000 1.0000 0.0000 0.1368 0.4764
0.0346 0.3435 -0.8427 0.0000 1.0000 0.0000 0.1368 0.4764
0.0346 0.3435 -0.8027 0.0000 1.0000 0.0000 0.6329 0.5429
0.0000 0.3435 -0.7827 0.0000 1.0000 0.0000 0.9961 0.3613
-0.0346 0.3435 -0.8427 0.0000 1.0000 0.0000 0.3671 0.0468
0.0346 0.3435 -0.8427 0.0000 1.0000 0.0000 0.1368 0.4764
0.0000 0.3435 -0.7827 0.0000 1.0000 0.0000 0.9961 0.3613
-0.0200 0.2969 -0.7407 -0.3432 0.0724 0.9365 0.7500 0.1143
0.0000 0.3013 -0.7376 0.0000 0.1465 0.9892 0.5000 0.1180
-0.0200 0.2969 -0.7407 -0.3432 0.0724 0.9365 0.7500 0.1143
-0.0346 0.2849 -0.7490 -0.5972 -0.1309 0.7913 0.9330 0.1043
-0.0200 0.2969 -0.7407 -0.3432 0.0724 0.9365 0.7500 0.1143
-0.0346 0.2849 -0.7490 -0.5972 -0.1309 0.7913 0.9330 0.1043
-0.0400 0.2686 -0.7605 -0.6948 -0.4110 0.5902 1.0000 0.0907
-0.0346 0.2849 -0.7490 -0.5972 -0.1309 0.7913 0.9330 0.1043
-0.0400 0.2686 -0.7605 -0.6948 -0.4110 0.5902 1.0000 0.0907
-0.0346 0.2522 -0.7720 -0.6069 -0.6952 0.3852 0.9330 0.0770
-0.0400 0.2686 -0.7605 -0.6948 -0.4110 0.5902 1.0000 0.0907
-0.0346 0.2522 -0.7720 -0.6069 -0.6952 0.3852 0.9330 0.0770
-0.0200 0.2402 -0.7803 -0.3529 -0.9064 0.2322 0.7500 0.0671
-0.0346 0.2522 -0.7720 -0.6069 -0.6952 0.3852 0.9330 0.0770
-0.0200 0.2402 -0.7803 -0.3529 -0.9064 0.2322 0.7500 0.0671
0.0000 0.2358 -0.7834 -0.0000 -0.9845 0.1756 0.5000 0.0634
-0.0200 0.2402 -0.7803 -0.3529 -0.9064 0.2322 0.7500 0.0671
0.0000 0.2358 -0.7834 -0.0000 -0.9845 0.1756 0.5000 0.0634
0.0200 0.2402 -0.7803 0.3529 -0.9064 0.2322 0.2500 0.0671
0.0000 0.2358 -0.7834 -0.0000 -0.9845 0.1756 0.5000 0.0634
0.0200 0.2402 -0.7803 0.3529 -0.9064 0.2322 0.2500 0.0671
0.0346 0.2522 -0.7720 0.6069 -0.6952 0.3852 0.0670 0.0770
0.0200 0.2402 -0.7803 0.3529 -0.9064 0.2322 0.2500 0.0671
0.0346 0.2522 -0.7720 0.6069 -0.6952 0.3852 0.0670 0.0770
0.0400 0.2686 -0.7605 0.6948 -0.4110 0.5902 0.0000 0.0907
0.0346 0.2522 -0.7720 0.6069 -0.6952 0.3852 0.0670 0.0770
0.0400 0.2686 -0.7605 0.6948 -0.4110 0.5902 0.0000 0.0907
0.0346 0.2849 -0.7490 0.5972 -0.1309 0.7913 0.0670 0.1043
0.0400 0.2686 -0.7605 0.6948 -0.4110 0.5902 0.0000 0.0907
0.0346 0.2849 -0.7490 0.5972 -0.1309 0.7913 0.0670 0.1043
0.0200 0.2969 -0.7407 0.3432 0.0724 0.9365 0.2500 0.1143
0.0346 0.2849 -0.7490 0.5972 -0.1309 0.7913 0.0670 0.1043
0.0200 0.2969 -0.7407 0.3432 0.0724 0.9365 0.2500 0.1143
0.0000 0.3013 -0.7376 0.0000 0.1465 0.9892 0.5000 0.1180
0.0200 0.2969 -0.7407 0.3432 0.0724 0.9365 0.2500 0.1143
0.0000 0.3013 -0.7376 0.0000 0.1465 0.9892 0.5000 0.1180
-0.0267 0.2759 -0.7445 0.0000 -0.5736 0.8192 0.5966 0.4827
-0.0154 0.2851 -0.7381 0.0000 -0.5736 0.8192 0.7738 0.4315
0.0000 0.2885 -0.7357 0.0000 -0.5736 0.8192 0.8761 0.3429
0.0000 0.2885 -0.7357 0.0000 -0.5736 0.8192 0.8761 0.3429
0.0154 0.2851 -0.7381 0.0000 -0.5736 0.8192 0.8761 0.2406
0.0267 0.2759 -0.7445 0.0000 -0.5736 0.8192 0.7738 0.1520
0.0267 0.2759 -0.7445 0.0000 -0.5736 0.8192 0.7738 0.1520
0.0308 0.2633 -0.7533 0.0000 -0.5736 0.8192 0.5966 0.1009
0.0267 0.2507 -0.7622 0.0000 -0.5736 0.8192 0.3920 0.1009
0.0267 0.2507 -0.7622 0.0000 -0.5736 0.8192 0.3920 0.1009
0.0154 0.2414 -0.7686 0.0000 -0.5736 0.8192 0.2148 0.1520
0.0000 0.2381 -0.7710 0.0000 -0.5736 0.8192 0.1125 0.2406
0.0000 0.2381 -0.7710 0.0000 -0.5736 0.8192 0.1125 0.2406
-0.0154 0.2414 -0.7686 0.0000 -0.5736 0.8192 0.1125 0.3429
-0.0267 0.2507 -0.7622 0.0000 -0.5736 0.8192 0.2148 0.4315
-0.0267 0.2507 -0.7622 0.0000 -0.5736 0.8192 0.2148 0.4315
-0.0308 0.2633 -0.7533 0.0000 -0.5736 0.8192 0.3920 0.4827
-0.0267 0.2759 -0.7445 0.0000 -0.5736 0.8192 0.5966 0.4827
-0.0267 0.2759 -0.7445 0.0000 -0.5736 0.8192 0.5966 0.4827
0.0000 0.2885 -0.7357 0.0000 -0.5736 0.8192 0.8761 0.3429
0.0267 0.2759 -0.7445 0.0000 -0.5736 0.8192 0.7738 0.1520
0.0267 0.2759 -0.7445 0.0000 -0.5736 0.8192 0.7738 0.1520
0.0267 0.2507 -0.7622 0.0000 -0.5736 0.8192 0.3920 0.1009
0.0000 0.2381 -0.7710 0.0000 -0.5736 0.8192 0.1125 0.2406
0.0000 0.2381 -0.7710 0.0000 -0.5736 0.8192 0.1125 0.2406
-0.0267 0.2507 -0.7622 0.0000 -0.5736 0.8192 0.2148 0.4315
-0.0267 0.2759 -0.7445 0.0000 -0.5736 0.8192 0.5966 0.4827
0.0267 0.2759 -0.7445 0.0000 -0.5736 0.8192 0.7738 0.1520
0.0000 0.2381 -0.7710 0.0000 -0.5736 0.8192 0.1125 0.2406
-0.0267 0.2759 -0.7445 0.0000 -0.5736 0.8192 0.5966 0.4827
0 17 11
0 12 17
11 20 10
11 17 20
10 23 9
10 20 23
9 26 8
9 23 26
8 29 7
8 26 29
7 32 6
7 29 32
6 35 5
6 32 35
5 38 4
5 35 38
4 41 3
4 38 41
3 44 2
3 41 44
2 47 1
2 44 47
1 12 0
1 47 12
12 16 17
12 13 16
72 15 73
74 14 15
45 48 14
45 51 48
17 19 20
17 16 19
75 18 76
77 15 18
20 22 23
20 19 22
78 21 79
80 18 21
15 69 18
15 71 69
23 25 26
23 22 25
81 24 82
83 21 24
18 67 21
18 69 67
26 28 29
26 25 28
84 27 85
86 24 27
21 65 24
21 67 65
29 31 32
29 28 31
87 30 88
89 27 30
24 63 27
24 65 63
32 34 35
32 31 34
90 33 91
92 30 33
27 61 30
27 63 61
35 37 38
35 34 37
93 36 94
95 33 36
30 59 33
30 61 59
38 40 41
38 37 40
96 39 97
98 36 39
33 57 36
33 59 57
41 43 44
41 40 43
99 42 100
101 39 42
36 55 39
36 57 55
44 46 47
44 43 46
102 45 103
104 42 45
39 53 42
39 55 53
47 13 12
47 46 13
105 14 106
107 45 14
42 51 45
42 53 51
108 110 109
111 113 112
114 116 115
117 119 118
120 122 121
123 125 124
126 128 127
129 131 130
132 134 133
135 137 136
14 71 15
14 48 71
138 49 139
140 50 49
141 50 142
143 52 50
144 52 145
146 54 52
147 54 148
149 56 54
150 56 151
152 58 56
153 58 154
155 60 58
156 60 157
158 62 60
159 62 160
161 64 62
162 64 163
164 66 64
165 66 166
167 68 66
168 68 169
170 70 68
171 70 172
173 49 70
174 176 175
177 179 178
180 182 181
183 185 184
186 188 187
189 191 190
192 194 193
195 197 196
198 200 199
201 203 202
MATERIALS 5
ALSEP_White
ALSEP_Light
ALSEP_Gold
ALSEP_Dark
ALSEP_Fabric
MATERIAL ALSEP_White
0.800 0.800 0.800 1.000
1.000 1.000 1.000 1.000
1.000 1.000 1.000 1.000 0.000
0.000 0.000 0.000 1.000
MATERIAL ALSEP_Light
0.500 0.500 0.500 1.000
0.500 0.500 0.500 1.000
0.500 0.500 0.500 1.000 100.000
0.000 0.000 0.000 0.500
MATERIAL ALSEP_Gold
0.800 0.800 0.800 1.000
1.000 1.000 1.000 1.000
1.000 1.000 1.000 1.000 100.000
0.000 0.000 0.000 0.500
MATERIAL ALSEP_Dark
0.200 0.200 0.200 1.000
0.200 0.200 0.200 1.000
0.200 0.200 0.200 1.000 0.000
0.000 0.000 0.000 1.000
MATERIAL ALSEP_Fabric
0.800 0.800 0.800 1.000
1.000 1.000 1.000 1.000
1.000 1.000 1.000 1.000 0.000
0.000 0.000 0.000 1.000
TEXTURES 2
ProjectApollo\goldfoil.dds
ProjectApollo\suit_tex.dds
