MSHX1
GROUPS 5
LABEL SWS_Details
MATERIAL 1
TEXTURE 0
FLAG 0
GEOM 1064 512
0.1087 -0.2977 -0.1111 0.9069 0.4214 -0.0000
0.1087 -0.2977 0.1084 0.9069 0.4214 -0.0000
0.0938 -0.2025 -0.1111 0.9102 0.4141 -0.0000
0.0938 -0.2025 0.1084 0.9102 0.4141 -0.0000
0.1087 -0.2656 -0.1111 0.8980 0.4399 -0.0000
0.1087 -0.2656 0.1084 0.8980 0.4399 -0.0000
0.1087 -0.2352 -0.1111 0.0000 -1.0000 0.0000
0.0938 -0.2656 0.1084 0.9069 0.4214 -0.0000
0.0938 -0.2656 -0.1111 0.9069 0.4214 -0.0000
0.1087 -0.2352 0.1084 0.0000 -1.0000 0.0000
0.0938 -0.2352 -0.1111 0.0000 -1.0000 0.0000
0.0938 -0.2352 0.1084 0.0000 -1.0000 0.0000
-0.0734 -0.1853 0.0827 0.5000 0.0000 -0.8660
-0.0626 -0.1853 0.0890 0.5000 0.0000 -0.8660
-0.0626 -0.1853 0.1015 0.5000 0.0000 0.8660
-0.0734 -0.1853 0.1077 0.5000 0.0000 0.8660
-0.0842 -0.1853 0.1015 -1.0000 0.0000 0.0000
-0.0842 -0.1853 0.0890 -1.0000 0.0000 0.0000
-0.0734 -0.1732 0.0827 0.5000 0.0000 -0.8660
-0.0626 -0.1732 0.0890 0.5000 0.0000 -0.8660
-0.0626 -0.1732 0.1015 0.5000 0.0000 0.8660
-0.0734 -0.1732 0.1077 0.5000 0.0000 0.8660
-0.0842 -0.1732 0.1015 -1.0000 -0.0000 0.0000
-0.0842 -0.1732 0.0890 -1.0000 -0.0000 0.0000
-0.0734 -0.1567 0.0504 -0.0000 -0.8914 -0.4531
-0.0626 -0.1567 0.0567 0.2531 -0.8624 -0.4384
-0.0626 -0.1567 0.0692 0.2531 0.8624 0.4384
-0.0734 -0.1567 0.0754 0.0000 0.8914 0.4531
-0.0842 -0.1567 0.0692 -1.0000 -0.0000 0.0000
-0.0842 -0.1567 0.0567 -1.0000 -0.0000 0.0000
0.0854 -0.1853 0.0827 0.5000 0.0000 -0.8660
0.0962 -0.1853 0.0890 0.5000 0.0000 -0.8660
0.0962 -0.1853 0.1015 0.5000 0.0000 0.8660
0.0854 -0.1853 0.1077 0.5000 0.0000 0.8660
0.0746 -0.1853 0.1015 -1.0000 0.0000 0.0000
0.0746 -0.1853 0.0890 -1.0000 0.0000 0.0000
0.0854 -0.1732 0.0827 0.5000 0.0000 -0.8660
0.0962 -0.1732 0.0890 0.5000 0.0000 -0.8660
0.0962 -0.1732 0.1015 0.5000 0.0000 0.8660
0.0854 -0.1732 0.1077 0.5000 0.0000 0.8660
0.0746 -0.1732 0.1015 -1.0000 -0.0000 0.0000
0.0746 -0.1732 0.0890 -1.0000 -0.0000 0.0000
0.0854 -0.1567 0.0504 -0.0000 -0.8914 -0.4531
0.0962 -0.1567 0.0567 0.2531 -0.8624 -0.4384
0.0962 -0.1567 0.0692 0.2531 0.8624 0.4384
0.0854 -0.1567 0.0754 0.0000 0.8914 0.4531
0.0746 -0.1567 0.0692 -1.0000 -0.0000 0.0000
0.0746 -0.1567 0.0567 -1.0000 -0.0000 0.0000
0.0903 -0.1853 -0.0633 -0.5000 0.0000 0.8660
0.0795 -0.1853 -0.0695 -0.5000 0.0000 0.8660
0.0795 -0.1853 -0.0820 -0.5000 0.0000 -0.8660
0.0903 -0.1853 -0.0882 -0.5000 0.0000 -0.8660
0.1011 -0.1853 -0.0820 1.0000 0.0000 -0.0000
0.1011 -0.1853 -0.0695 1.0000 0.0000 -0.0000
0.0903 -0.1732 -0.0633 -0.5000 0.0000 0.8660
0.0795 -0.1732 -0.0695 -0.5000 0.0000 0.8660
0.0795 -0.1732 -0.0820 -0.5000 0.0000 -0.8660
0.0903 -0.1732 -0.0882 -0.5000 0.0000 -0.8660
0.1011 -0.1732 -0.0820 1.0000 -0.0000 -0.0000
0.1011 -0.1732 -0.0695 1.0000 -0.0000 -0.0000
0.0903 -0.1567 -0.0309 0.0000 -0.8914 0.4531
0.0795 -0.1567 -0.0372 -0.2531 -0.8624 0.4384
0.0795 -0.1567 -0.0497 -0.2531 0.8624 -0.4384
0.0903 -0.1567 -0.0559 -0.0000 0.8914 -0.4531
0.1011 -0.1567 -0.0497 1.0000 -0.0000 0.0000
0.1011 -0.1567 -0.0372 1.0000 -0.0000 0.0000
-0.0685 -0.1853 -0.0633 -0.5000 0.0000 0.8660
-0.0793 -0.1853 -0.0695 -0.5000 0.0000 0.8660
-0.0793 -0.1853 -0.0820 -0.5000 0.0000 -0.8660
-0.0685 -0.1853 -0.0882 -0.5000 0.0000 -0.8660
-0.0577 -0.1853 -0.0820 1.0000 0.0000 -0.0000
-0.0577 -0.1853 -0.0695 1.0000 0.0000 -0.0000
-0.0685 -0.1732 -0.0633 -0.5000 0.0000 0.8660
-0.0793 -0.1732 -0.0695 -0.5000 0.0000 0.8660
-0.0793 -0.1732 -0.0820 -0.5000 0.0000 -0.8660
-0.0685 -0.1732 -0.0882 -0.5000 0.0000 -0.8660
-0.0577 -0.1732 -0.0820 1.0000 -0.0000 -0.0000
-0.0577 -0.1732 -0.0695 1.0000 -0.0000 -0.0000
-0.0685 -0.1567 -0.0309 -0.0000 -0.8914 0.4531
-0.0793 -0.1567 -0.0372 -0.2531 -0.8624 0.4384
-0.0793 -0.1567 -0.0497 -0.2531 0.8624 -0.4384
-0.0685 -0.1567 -0.0559 0.0000 0.8914 -0.4531
-0.0577 -0.1567 -0.0497 1.0000 -0.0000 -0.0000
-0.0577 -0.1567 -0.0372 1.0000 -0.0000 -0.0000
0.1191 -0.1501 0.0540 0.0000 1.0000 0.0000
0.1191 -0.1501 -0.0345 0.0000 1.0000 0.0000
0.1021 -0.1501 -0.0639 0.0000 1.0000 0.0000
0.0255 -0.1501 -0.1081 0.0000 1.0000 0.0000
-0.0085 -0.1501 -0.1081 0.0000 1.0000 0.0000
-0.0851 -0.1501 -0.0639 0.0000 1.0000 0.0000
-0.1021 -0.1501 -0.0345 0.0000 1.0000 0.0000
-0.1021 -0.1501 0.0540 0.0000 1.0000 0.0000
-0.0851 -0.1501 0.0834 0.0000 1.0000 0.0000
-0.0085 -0.1501 0.1276 0.0000 1.0000 0.0000
0.0255 -0.1501 0.1276 0.0000 1.0000 0.0000
0.1021 -0.1501 0.0834 0.0000 1.0000 0.0000
0.1191 -0.1580 0.0540 0.0000 -1.0000 0.0000
0.1191 -0.1580 -0.0345 0.0000 -1.0000 0.0000
0.1021 -0.1580 -0.0639 0.0000 -1.0000 0.0000
0.0255 -0.1580 -0.1081 0.0000 -1.0000 0.0000
-0.0085 -0.1580 -0.1081 0.0000 -1.0000 0.0000
-0.0851 -0.1580 -0.0639 0.0000 -1.0000 0.0000
0.1021 -0.1580 0.0834 0.0000 -1.0000 0.0000
-0.1021 -0.1580 -0.0345 0.0000 -1.0000 0.0000
-0.1021 -0.1580 0.0540 0.0000 -1.0000 0.0000
-0.0851 -0.1580 0.0834 0.0000 -1.0000 0.0000
-0.0085 -0.1580 0.1276 0.0000 -1.0000 0.0000
0.0255 -0.1580 0.1276 0.0000 -1.0000 0.0000
0.1623 -0.1672 0.1089 0.4954 -0.8687 -0.0000
0.1036 -0.2006 0.1089 0.4954 -0.8687 -0.0000
0.1623 -0.1672 -0.1111 0.4954 -0.8687 -0.0000
0.1036 -0.2006 -0.1111 0.4954 -0.8687 -0.0000
0.1623 -0.1672 0.1089 0.4954 -0.8687 -0.0000
0.1036 -0.2006 0.1089 0.4954 -0.8687 -0.0000
0.1623 -0.1672 -0.1111 0.4954 -0.8687 -0.0000
0.1036 -0.2006 -0.1111 0.4954 -0.8687 -0.0000
0.0062 -0.1510 0.1314 0.0000 -0.0000 1.0000
0.0119 -0.1529 0.1314 0.0000 -0.0000 1.0000
0.0154 -0.1577 0.1314 0.0000 -0.0000 1.0000
0.0154 -0.1637 0.1314 0.0000 -0.0000 1.0000
0.0119 -0.1685 0.1314 0.0000 -0.0000 1.0000
0.0062 -0.1703 0.1314 0.0000 -0.0000 1.0000
0.0005 -0.1685 0.1314 0.0000 -0.0000 1.0000
-0.0030 -0.1637 0.1314 0.0000 -0.0000 1.0000
-0.0030 -0.1577 0.1314 0.0000 -0.0000 1.0000
0.0005 -0.1529 0.1314 0.0000 -0.0000 1.0000
0.0119 -0.1529 0.1088 0.5878 0.8090 0.0000
0.0062 -0.1510 0.1088 0.0000 1.0000 0.0000
0.0154 -0.1577 0.1088 0.9511 0.3090 -0.0000
0.0154 -0.1637 0.1088 0.9511 -0.3090 -0.0000
0.0119 -0.1685 0.1088 0.5878 -0.8090 -0.0000
0.0062 -0.1703 0.1088 0.0000 -1.0000 -0.0000
0.0005 -0.1685 0.1088 -0.5878 -0.8090 0.0000
-0.0030 -0.1637 0.1088 -0.9511 -0.3090 0.0000
-0.0030 -0.1577 0.1088 -0.9511 0.3090 0.0000
0.0005 -0.1529 0.1088 -0.5878 0.8090 0.0000
-0.0550 -0.2716 0.1436 0.0000 0.0000 1.0000
-0.0467 -0.2743 0.1436 0.0000 0.0000 1.0000
-0.0415 -0.2814 0.1436 0.0000 0.0000 1.0000
-0.0415 -0.2902 0.1436 0.0000 0.0000 1.0000
-0.0467 -0.2973 0.1436 0.0000 0.0000 1.0000
-0.0550 -0.3000 0.1436 0.0000 0.0000 1.0000
-0.0634 -0.2973 0.1436 0.0000 0.0000 1.0000
-0.0686 -0.2902 0.1436 0.0000 0.0000 1.0000
-0.0686 -0.2814 0.1436 0.0000 0.0000 1.0000
-0.0634 -0.2743 0.1436 0.0000 0.0000 1.0000
-0.0518 -0.2813 0.1352 0.5878 0.8090 -0.0000
-0.0550 -0.2803 0.1352 -0.0000 0.0000 -1.0000
-0.0497 -0.2841 0.1352 0.9511 0.3090 -0.0000
-0.0497 -0.2875 0.1352 0.0000 0.0000 -1.0000
-0.0518 -0.2903 0.1352 0.0000 0.0000 -1.0000
-0.0550 -0.2914 0.1352 -0.0000 -0.0000 -1.0000
-0.0583 -0.2903 0.1352 -0.0000 -0.0000 -1.0000
-0.0603 -0.2875 0.1352 -0.0000 -0.0000 -1.0000
-0.0603 -0.2841 0.1352 -0.0000 0.0000 -1.0000
-0.0583 -0.2813 0.1352 -0.0000 0.0000 -1.0000
-0.0467 -0.2743 0.1352 0.5878 0.8090 -0.0000
-0.0550 -0.2716 0.1352 -0.0000 1.0000 0.0000
-0.0415 -0.2814 0.1352 0.9511 0.3090 -0.0000
-0.0415 -0.2902 0.1352 0.9511 -0.3090 -0.0000
-0.0467 -0.2973 0.1352 0.5878 -0.8090 -0.0000
-0.0550 -0.3000 0.1352 -0.0000 -1.0000 0.0000
-0.0634 -0.2973 0.1352 -0.5878 -0.8090 0.0000
-0.0686 -0.2902 0.1352 -0.9511 -0.3090 0.0000
-0.0686 -0.2814 0.1352 -0.9511 0.3090 0.0000
-0.0634 -0.2743 0.1352 -0.5878 0.8090 0.0000
-0.0518 -0.2813 0.1172 0.5878 0.8090 -0.0000
-0.0550 -0.2803 0.1172 -0.0000 1.0000 0.0000
-0.0497 -0.2841 0.1172 0.9511 0.3090 -0.0000
-0.0497 -0.2875 0.1172 0.9511 -0.3090 -0.0000
-0.0518 -0.2903 0.1172 0.5878 -0.8090 -0.0000
-0.0550 -0.2914 0.1172 -0.0000 -1.0000 0.0000
-0.0583 -0.2903 0.1172 -0.5878 -0.8090 0.0000
-0.0603 -0.2875 0.1172 -0.9511 -0.3090 0.0000
-0.0603 -0.2841 0.1172 -0.9511 0.3090 0.0000
-0.0583 -0.2813 0.1172 -0.5878 0.8090 0.0000
0.0686 -0.2716 0.1436 0.0000 -0.0000 1.0000
0.0603 -0.2743 0.1436 0.0000 -0.0000 1.0000
0.0551 -0.2814 0.1436 0.0000 -0.0000 1.0000
0.0551 -0.2902 0.1436 0.0000 -0.0000 1.0000
0.0603 -0.2973 0.1436 0.0000 -0.0000 1.0000
0.0686 -0.3000 0.1436 0.0000 -0.0000 1.0000
0.0770 -0.2973 0.1436 0.0000 -0.0000 1.0000
0.0821 -0.2902 0.1436 0.0000 -0.0000 1.0000
0.0821 -0.2814 0.1436 0.0000 -0.0000 1.0000
0.0770 -0.2743 0.1436 0.0000 -0.0000 1.0000
0.0653 -0.2813 0.1352 -0.5878 0.8090 0.0000
0.0686 -0.2803 0.1352 -0.0000 0.0000 -1.0000
0.0633 -0.2841 0.1352 -0.9511 0.3090 0.0000
0.0633 -0.2875 0.1352 0.0000 0.0000 -1.0000
0.0653 -0.2903 0.1352 0.0000 0.0000 -1.0000
0.0686 -0.2914 0.1352 0.0000 0.0000 -1.0000
0.0719 -0.2903 0.1352 -0.0000 0.0000 -1.0000
0.0739 -0.2875 0.1352 -0.0000 0.0000 -1.0000
0.0739 -0.2841 0.1352 -0.0000 -0.0000 -1.0000
0.0719 -0.2813 0.1352 -0.0000 -0.0000 -1.0000
0.0603 -0.2743 0.1352 -0.5878 0.8090 0.0000
0.0686 -0.2716 0.1352 -0.0000 1.0000 0.0000
0.0551 -0.2814 0.1352 -0.9511 0.3090 0.0000
0.0551 -0.2902 0.1352 -0.9511 -0.3090 0.0000
0.0603 -0.2973 0.1352 -0.5878 -0.8090 0.0000
0.0686 -0.3000 0.1352 0.0000 -1.0000 0.0000
0.0770 -0.2973 0.1352 0.5878 -0.8090 0.0000
0.0821 -0.2902 0.1352 0.9511 -0.3090 -0.0000
0.0821 -0.2814 0.1352 0.9511 0.3090 -0.0000
0.0770 -0.2743 0.1352 0.5878 0.8090 0.0000
0.0653 -0.2813 0.1172 -0.5878 0.8090 0.0000
0.0686 -0.2803 0.1172 0.0000 1.0000 -0.0000
0.0633 -0.2841 0.1172 -0.9511 0.3090 0.0000
0.0633 -0.2875 0.1172 -0.9511 -0.3090 0.0000
0.0653 -0.2903 0.1172 -0.5878 -0.8090 0.0000
0.0686 -0.2914 0.1172 -0.0000 -1.0000 -0.0000
0.0719 -0.2903 0.1172 0.5878 -0.8090 -0.0000
0.0739 -0.2875 0.1172 0.9511 -0.3090 -0.0000
0.0739 -0.2841 0.1172 0.9511 0.3090 -0.0000
0.0719 -0.2813 0.1172 0.5878 0.8090 -0.0000
0.0062 -0.1510 -0.1314 -0.0000 -0.0000 -1.0000
0.0119 -0.1529 -0.1314 -0.0000 -0.0000 -1.0000
0.0154 -0.1577 -0.1314 -0.0000 -0.0000 -1.0000
0.0154 -0.1637 -0.1314 -0.0000 -0.0000 -1.0000
0.0119 -0.1685 -0.1314 -0.0000 -0.0000 -1.0000
0.0062 -0.1703 -0.1314 -0.0000 -0.0000 -1.0000
0.0005 -0.1685 -0.1314 -0.0000 -0.0000 -1.0000
-0.0030 -0.1637 -0.1314 -0.0000 -0.0000 -1.0000
-0.0030 -0.1577 -0.1314 -0.0000 -0.0000 -1.0000
0.0005 -0.1529 -0.1314 -0.0000 -0.0000 -1.0000
0.0119 -0.1529 -0.0973 0.5878 0.8090 -0.0000
0.0062 -0.1510 -0.0973 0.0000 1.0000 -0.0000
0.0154 -0.1577 -0.0973 0.9511 0.3090 -0.0000
0.0154 -0.1637 -0.0973 0.9511 -0.3090 -0.0000
0.0119 -0.1685 -0.0973 0.5878 -0.8090 -0.0000
0.0062 -0.1703 -0.0973 -0.0000 -1.0000 -0.0000
0.0005 -0.1685 -0.0973 -0.5878 -0.8090 -0.0000
-0.0030 -0.1637 -0.0973 -0.9511 -0.3090 0.0000
-0.0030 -0.1577 -0.0973 -0.9511 0.3090 0.0000
0.0005 -0.1529 -0.0973 -0.5878 0.8090 0.0000
-0.0550 -0.2716 -0.1436 -0.0000 -0.0000 -1.0000
-0.0467 -0.2743 -0.1436 -0.0000 -0.0000 -1.0000
-0.0415 -0.2814 -0.1436 -0.0000 -0.0000 -1.0000
-0.0415 -0.2902 -0.1436 -0.0000 -0.0000 -1.0000
-0.0467 -0.2973 -0.1436 -0.0000 -0.0000 -1.0000
-0.0550 -0.3000 -0.1436 -0.0000 -0.0000 -1.0000
-0.0634 -0.2973 -0.1436 -0.0000 -0.0000 -1.0000
-0.0686 -0.2902 -0.1436 -0.0000 -0.0000 -1.0000
-0.0686 -0.2814 -0.1436 -0.0000 -0.0000 -1.0000
-0.0634 -0.2743 -0.1436 -0.0000 -0.0000 -1.0000
-0.0518 -0.2813 -0.1352 0.5878 0.8090 0.0000
-0.0550 -0.2803 -0.1352 0.0000 0.0000 1.0000
-0.0497 -0.2841 -0.1352 0.9511 0.3090 -0.0000
-0.0497 -0.2875 -0.1352 0.0000 0.0000 1.0000
-0.0518 -0.2903 -0.1352 0.0000 0.0000 1.0000
-0.0550 -0.2914 -0.1352 0.0000 0.0000 1.0000
-0.0583 -0.2903 -0.1352 0.0000 0.0000 1.0000
-0.0603 -0.2875 -0.1352 0.0000 0.0000 1.0000
-0.0603 -0.2841 -0.1352 0.0000 -0.0000 1.0000
-0.0583 -0.2813 -0.1352 0.0000 -0.0000 1.0000
-0.0467 -0.2743 -0.1352 0.5878 0.8090 -0.0000
-0.0550 -0.2716 -0.1352 0.0000 1.0000 0.0000
-0.0415 -0.2814 -0.1352 0.9511 0.3090 -0.0000
-0.0415 -0.2902 -0.1352 0.9511 -0.3090 -0.0000
-0.0467 -0.2973 -0.1352 0.5878 -0.8090 -0.0000
-0.0550 -0.3000 -0.1352 -0.0000 -1.0000 0.0000
-0.0634 -0.2973 -0.1352 -0.5878 -0.8090 0.0000
-0.0686 -0.2902 -0.1352 -0.9511 -0.3090 0.0000
-0.0686 -0.2814 -0.1352 -0.9511 0.3090 0.0000
-0.0634 -0.2743 -0.1352 -0.5878 0.8090 0.0000
-0.0518 -0.2813 -0.1172 0.5878 0.8090 0.0000
-0.0550 -0.2803 -0.1172 -0.0000 1.0000 0.0000
-0.0497 -0.2841 -0.1172 0.9511 0.3090 -0.0000
-0.0497 -0.2875 -0.1172 0.9511 -0.3090 -0.0000
-0.0518 -0.2903 -0.1172 0.5878 -0.8090 -0.0000
-0.0550 -0.2914 -0.1172 -0.0000 -1.0000 -0.0000
-0.0583 -0.2903 -0.1172 -0.5878 -0.8090 0.0000
-0.0603 -0.2875 -0.1172 -0.9511 -0.3090 0.0000
-0.0603 -0.2841 -0.1172 -0.9511 0.3090 0.0000
-0.0583 -0.2813 -0.1172 -0.5878 0.8090 0.0000
0.0686 -0.2716 -0.1436 -0.0000 0.0000 -1.0000
0.0603 -0.2743 -0.1436 -0.0000 0.0000 -1.0000
0.0551 -0.2814 -0.1436 -0.0000 0.0000 -1.0000
0.0551 -0.2902 -0.1436 -0.0000 0.0000 -1.0000
0.0603 -0.2973 -0.1436 -0.0000 0.0000 -1.0000
0.0686 -0.3000 -0.1436 -0.0000 0.0000 -1.0000
0.0770 -0.2973 -0.1436 -0.0000 0.0000 -1.0000
0.0821 -0.2902 -0.1436 -0.0000 0.0000 -1.0000
0.0821 -0.2814 -0.1436 -0.0000 0.0000 -1.0000
0.0770 -0.2743 -0.1436 -0.0000 0.0000 -1.0000
0.0653 -0.2813 -0.1352 -0.5878 0.8090 0.0000
0.0686 -0.2803 -0.1352 0.0000 0.0000 1.0000
0.0633 -0.2841 -0.1352 -0.9511 0.3090 0.0000
0.0633 -0.2875 -0.1352 0.0000 0.0000 1.0000
0.0653 -0.2903 -0.1352 -0.0000 0.0000 1.0000
0.0686 -0.2914 -0.1352 -0.0000 -0.0000 1.0000
0.0719 -0.2903 -0.1352 0.0000 -0.0000 1.0000
0.0739 -0.2875 -0.1352 0.0000 0.0000 1.0000
0.0739 -0.2841 -0.1352 0.0000 0.0000 1.0000
0.0719 -0.2813 -0.1352 0.0000 0.0000 1.0000
0.0603 -0.2743 -0.1352 -0.5878 0.8090 0.0000
0.0686 -0.2716 -0.1352 0.0000 1.0000 0.0000
0.0551 -0.2814 -0.1352 -0.9511 0.3090 0.0000
0.0551 -0.2902 -0.1352 -0.9511 -0.3090 0.0000
0.0603 -0.2973 -0.1352 -0.5878 -0.8090 0.0000
0.0686 -0.3000 -0.1352 0.0000 -1.0000 0.0000
0.0770 -0.2973 -0.1352 0.5878 -0.8090 -0.0000
0.0821 -0.2902 -0.1352 0.9511 -0.3090 -0.0000
0.0821 -0.2814 -0.1352 0.9511 0.3090 0.0000
0.0770 -0.2743 -0.1352 0.5878 0.8090 0.0000
0.0653 -0.2813 -0.1172 -0.5878 0.8090 0.0000
0.0686 -0.2803 -0.1172 -0.0000 1.0000 0.0000
0.0633 -0.2841 -0.1172 -0.9511 0.3090 0.0000
0.0633 -0.2875 -0.1172 -0.9511 -0.3090 0.0000
0.0653 -0.2903 -0.1172 -0.5878 -0.8090 0.0000
0.0686 -0.2914 -0.1172 0.0000 -1.0000 0.0000
0.0719 -0.2903 -0.1172 0.5878 -0.8090 0.0000
0.0739 -0.2875 -0.1172 0.9511 -0.3090 0.0000
0.0739 -0.2841 -0.1172 0.9511 0.3090 0.0000
0.0719 -0.2813 -0.1172 0.5878 0.8090 0.0000
0.1623 -0.1672 0.1089 -0.4954 0.8687 0.0000
0.1036 -0.2006 0.1089 -0.4954 0.8687 0.0000
0.1623 -0.1672 -0.1111 -0.4954 0.8687 0.0000
0.1036 -0.2006 -0.1111 -0.4954 0.8687 0.0000
0.0938 -0.2352 0.1084 0.8980 0.4399 -0.0000
0.0938 -0.2352 -0.1111 0.8980 0.4399 -0.0000
0.0938 -0.2352 0.1084 0.8980 0.4399 -0.0000
0.1087 -0.2656 0.1084 0.0000 -1.0000 0.0000
0.1087 -0.2656 -0.1111 0.0000 -1.0000 0.0000
0.0938 -0.2656 -0.1111 0.0000 -1.0000 0.0000
0.1087 -0.2656 0.1084 0.0000 -1.0000 0.0000
0.0938 -0.2656 -0.1111 0.0000 -1.0000 0.0000
0.0938 -0.2656 0.1084 0.0000 -1.0000 0.0000
0.1087 -0.2352 -0.1111 0.9102 0.4141 -0.0000
0.1087 -0.2352 0.1084 0.9102 0.4141 -0.0000
0.1087 -0.2352 0.1084 0.9102 0.4141 -0.0000
-0.0842 -0.1853 0.0890 -0.5000 0.0000 -0.8660
-0.0734 -0.1853 0.0827 -0.5000 0.0000 -0.8660
-0.0734 -0.1732 0.0827 -0.5000 0.0000 -0.8660
-0.0842 -0.1853 0.0890 -0.5000 0.0000 -0.8660
-0.0734 -0.1732 0.0827 -0.5000 0.0000 -0.8660
-0.0842 -0.1732 0.0890 -0.5000 0.0000 -0.8660
-0.0734 -0.1853 0.1077 -0.5000 0.0000 0.8660
-0.0842 -0.1853 0.1015 -0.5000 0.0000 0.8660
-0.0842 -0.1732 0.1015 -0.5000 0.0000 0.8660
-0.0734 -0.1853 0.1077 -0.5000 0.0000 0.8660
-0.0842 -0.1732 0.1015 -0.5000 0.0000 0.8660
-0.0734 -0.1732 0.1077 -0.5000 0.0000 0.8660
-0.0626 -0.1853 0.0890 1.0000 0.0000 0.0000
-0.0626 -0.1853 0.1015 1.0000 0.0000 0.0000
-0.0626 -0.1732 0.1015 1.0000 0.0000 0.0000
-0.0626 -0.1853 0.0890 1.0000 0.0000 0.0000
-0.0626 -0.1732 0.1015 1.0000 0.0000 0.0000
-0.0626 -0.1732 0.0890 1.0000 0.0000 0.0000
-0.0626 -0.1732 0.1015 0.2531 0.8624 0.4384
-0.0734 -0.1732 0.1077 0.0000 0.8914 0.4531
-0.0626 -0.1732 0.1015 0.2531 0.8624 0.4384
-0.0734 -0.1732 0.0827 -0.0000 -0.8914 -0.4531
-0.0626 -0.1732 0.0890 0.2531 -0.8624 -0.4384
-0.0734 -0.1732 0.0827 -0.0000 -0.8914 -0.4531
-0.0842 -0.1732 0.0890 -0.2531 -0.8624 -0.4384
-0.0734 -0.1732 0.0827 -0.0000 -0.8914 -0.4531
-0.0842 -0.1732 0.0890 -0.2531 -0.8624 -0.4384
-0.0842 -0.1567 0.0567 -0.2531 -0.8624 -0.4384
-0.0734 -0.1732 0.1077 0.0000 0.8914 0.4531
-0.0842 -0.1732 0.1015 -0.2531 0.8624 0.4384
-0.0842 -0.1567 0.0692 -0.2531 0.8624 0.4384
-0.0734 -0.1732 0.1077 0.0000 0.8914 0.4531
-0.0842 -0.1567 0.0692 -0.2531 0.8624 0.4384
-0.0626 -0.1732 0.0890 1.0000 0.0000 0.0000
-0.0626 -0.1732 0.1015 1.0000 0.0000 0.0000
-0.0626 -0.1567 0.0692 1.0000 0.0000 0.0000
-0.0626 -0.1732 0.0890 1.0000 0.0000 0.0000
-0.0626 -0.1567 0.0692 1.0000 0.0000 0.0000
-0.0626 -0.1567 0.0567 1.0000 0.0000 0.0000
-0.0626 -0.1853 0.1015 0.0000 -1.0000 0.0000
-0.0626 -0.1853 0.0890 0.0000 -1.0000 0.0000
-0.0734 -0.1853 0.0827 0.0000 -1.0000 0.0000
-0.0734 -0.1853 0.0827 0.0000 -1.0000 0.0000
-0.0842 -0.1853 0.0890 0.0000 -1.0000 0.0000
-0.0842 -0.1853 0.1015 0.0000 -1.0000 0.0000
-0.0842 -0.1853 0.1015 0.0000 -1.0000 0.0000
-0.0734 -0.1853 0.1077 0.0000 -1.0000 0.0000
-0.0626 -0.1853 0.1015 0.0000 -1.0000 0.0000
-0.0734 -0.1853 0.0827 0.0000 -1.0000 0.0000
-0.0842 -0.1853 0.1015 0.0000 -1.0000 0.0000
-0.0626 -0.1853 0.1015 0.0000 -1.0000 0.0000
0.0746 -0.1853 0.0890 -0.5000 0.0000 -0.8660
0.0854 -0.1853 0.0827 -0.5000 0.0000 -0.8660
0.0854 -0.1732 0.0827 -0.5000 0.0000 -0.8660
0.0746 -0.1853 0.0890 -0.5000 0.0000 -0.8660
0.0854 -0.1732 0.0827 -0.5000 0.0000 -0.8660
0.0746 -0.1732 0.0890 -0.5000 0.0000 -0.8660
0.0854 -0.1853 0.1077 -0.5000 0.0000 0.8660
0.0746 -0.1853 0.1015 -0.5000 0.0000 0.8660
0.0746 -0.1732 0.1015 -0.5000 0.0000 0.8660
0.0854 -0.1853 0.1077 -0.5000 0.0000 0.8660
0.0746 -0.1732 0.1015 -0.5000 0.0000 0.8660
0.0854 -0.1732 0.1077 -0.5000 0.0000 0.8660
0.0962 -0.1853 0.0890 1.0000 0.0000 0.0000
0.0962 -0.1853 0.1015 1.0000 0.0000 0.0000
0.0962 -0.1732 0.1015 1.0000 0.0000 0.0000
0.0962 -0.1853 0.0890 1.0000 0.0000 0.0000
0.0962 -0.1732 0.1015 1.0000 0.0000 0.0000
0.0962 -0.1732 0.0890 1.0000 0.0000 0.0000
0.0962 -0.1732 0.1015 0.2531 0.8624 0.4384
0.0854 -0.1732 0.1077 0.0000 0.8914 0.4531
0.0962 -0.1732 0.1015 0.2531 0.8624 0.4384
0.0854 -0.1732 0.0827 -0.0000 -0.8914 -0.4531
0.0962 -0.1732 0.0890 0.2531 -0.8624 -0.4384
0.0854 -0.1732 0.0827 -0.0000 -0.8914 -0.4531
0.0746 -0.1732 0.0890 -0.2531 -0.8624 -0.4384
0.0854 -0.1732 0.0827 -0.0000 -0.8914 -0.4531
0.0746 -0.1732 0.0890 -0.2531 -0.8624 -0.4384
0.0746 -0.1567 0.0567 -0.2531 -0.8624 -0.4384
0.0854 -0.1732 0.1077 0.0000 0.8914 0.4531
0.0746 -0.1732 0.1015 -0.2531 0.8624 0.4384
0.0746 -0.1567 0.0692 -0.2531 0.8624 0.4384
0.0854 -0.1732 0.1077 0.0000 0.8914 0.4531
0.0746 -0.1567 0.0692 -0.2531 0.8624 0.4384
0.0962 -0.1732 0.0890 1.0000 0.0000 0.0000
0.0962 -0.1732 0.1015 1.0000 0.0000 0.0000
0.0962 -0.1567 0.0692 1.0000 0.0000 0.0000
0.0962 -0.1732 0.0890 1.0000 0.0000 0.0000
0.0962 -0.1567 0.0692 1.0000 0.0000 0.0000
0.0962 -0.1567 0.0567 1.0000 0.0000 0.0000
0.1011 -0.1853 -0.0695 0.5000 0.0000 0.8660
0.0903 -0.1853 -0.0633 0.5000 0.0000 0.8660
0.0903 -0.1732 -0.0633 0.5000 0.0000 0.8660
0.1011 -0.1853 -0.0695 0.5000 0.0000 0.8660
0.0903 -0.1732 -0.0633 0.5000 0.0000 0.8660
0.1011 -0.1732 -0.0695 0.5000 0.0000 0.8660
0.0903 -0.1853 -0.0882 0.5000 0.0000 -0.8660
0.1011 -0.1853 -0.0820 0.5000 0.0000 -0.8660
0.1011 -0.1732 -0.0820 0.5000 0.0000 -0.8660
0.0903 -0.1853 -0.0882 0.5000 0.0000 -0.8660
0.1011 -0.1732 -0.0820 0.5000 0.0000 -0.8660
0.0903 -0.1732 -0.0882 0.5000 0.0000 -0.8660
0.0795 -0.1853 -0.0695 -1.0000 0.0000 0.0000
0.0795 -0.1853 -0.0820 -1.0000 0.0000 0.0000
0.0795 -0.1732 -0.0820 -1.0000 -0.0000 0.0000
0.0795 -0.1853 -0.0695 -1.0000 0.0000 0.0000
0.0795 -0.1732 -0.0820 -1.0000 -0.0000 0.0000
0.0795 -0.1732 -0.0695 -1.0000 -0.0000 0.0000
0.0795 -0.1732 -0.0820 -0.2531 0.8624 -0.4384
0.0903 -0.1732 -0.0882 -0.0000 0.8914 -0.4531
0.0795 -0.1732 -0.0820 -0.2531 0.8624 -0.4384
0.0903 -0.1732 -0.0633 0.0000 -0.8914 0.4531
0.0795 -0.1732 -0.0695 -0.2531 -0.8624 0.4384
0.0903 -0.1732 -0.0633 0.0000 -0.8914 0.4531
0.1011 -0.1732 -0.0695 0.2531 -0.8624 0.4384
0.0903 -0.1732 -0.0633 0.0000 -0.8914 0.4531
0.1011 -0.1732 -0.0695 0.2531 -0.8624 0.4384
0.1011 -0.1567 -0.0372 0.2531 -0.8624 0.4384
0.0903 -0.1732 -0.0882 -0.0000 0.8914 -0.4531
0.1011 -0.1732 -0.0820 0.2531 0.8624 -0.4384
0.1011 -0.1567 -0.0497 0.2531 0.8624 -0.4384
0.0903 -0.1732 -0.0882 -0.0000 0.8914 -0.4531
0.1011 -0.1567 -0.0497 0.2531 0.8624 -0.4384
0.0795 -0.1732 -0.0695 -1.0000 -0.0000 0.0000
0.0795 -0.1732 -0.0820 -1.0000 -0.0000 0.0000
0.0795 -0.1567 -0.0497 -1.0000 -0.0000 0.0000
0.0795 -0.1732 -0.0695 -1.0000 -0.0000 0.0000
0.0795 -0.1567 -0.0497 -1.0000 -0.0000 0.0000
0.0795 -0.1567 -0.0372 -1.0000 -0.0000 0.0000
0.0795 -0.1853 -0.0820 -0.0000 -1.0000 0.0000
0.0795 -0.1853 -0.0695 -0.0000 -1.0000 0.0000
0.0903 -0.1853 -0.0633 -0.0000 -1.0000 0.0000
0.0903 -0.1853 -0.0633 -0.0000 -1.0000 0.0000
0.1011 -0.1853 -0.0695 -0.0000 -1.0000 0.0000
0.1011 -0.1853 -0.0820 -0.0000 -1.0000 0.0000
0.1011 -0.1853 -0.0820 -0.0000 -1.0000 0.0000
0.0903 -0.1853 -0.0882 -0.0000 -1.0000 0.0000
0.0795 -0.1853 -0.0820 -0.0000 -1.0000 0.0000
0.0903 -0.1853 -0.0633 -0.0000 -1.0000 0.0000
0.1011 -0.1853 -0.0820 -0.0000 -1.0000 0.0000
0.0795 -0.1853 -0.0820 -0.0000 -1.0000 0.0000
-0.0577 -0.1853 -0.0695 0.5000 0.0000 0.8660
-0.0685 -0.1853 -0.0633 0.5000 0.0000 0.8660
-0.0685 -0.1732 -0.0633 0.5000 0.0000 0.8660
-0.0577 -0.1853 -0.0695 0.5000 0.0000 0.8660
-0.0685 -0.1732 -0.0633 0.5000 0.0000 0.8660
-0.0577 -0.1732 -0.0695 0.5000 0.0000 0.8660
-0.0685 -0.1853 -0.0882 0.5000 0.0000 -0.8660
-0.0577 -0.1853 -0.0820 0.5000 0.0000 -0.8660
-0.0577 -0.1732 -0.0820 0.5000 0.0000 -0.8660
-0.0685 -0.1853 -0.0882 0.5000 0.0000 -0.8660
-0.0577 -0.1732 -0.0820 0.5000 0.0000 -0.8660
-0.0685 -0.1732 -0.0882 0.5000 0.0000 -0.8660
-0.0793 -0.1853 -0.0695 -1.0000 0.0000 0.0000
-0.0793 -0.1853 -0.0820 -1.0000 0.0000 0.0000
-0.0793 -0.1732 -0.0820 -1.0000 0.0000 0.0000
-0.0793 -0.1853 -0.0695 -1.0000 0.0000 0.0000
-0.0793 -0.1732 -0.0820 -1.0000 0.0000 0.0000
-0.0793 -0.1732 -0.0695 -1.0000 0.0000 0.0000
-0.0793 -0.1732 -0.0820 -0.2531 0.8624 -0.4384
-0.0685 -0.1732 -0.0882 0.0000 0.8914 -0.4531
-0.0793 -0.1732 -0.0820 -0.2531 0.8624 -0.4384
-0.0685 -0.1732 -0.0633 0.0000 -0.8914 0.4531
-0.0793 -0.1732 -0.0695 -0.2531 -0.8624 0.4384
-0.0685 -0.1732 -0.0633 0.0000 -0.8914 0.4531
-0.0577 -0.1732 -0.0695 0.2531 -0.8624 0.4384
-0.0685 -0.1732 -0.0633 0.0000 -0.8914 0.4531
-0.0577 -0.1732 -0.0695 0.2531 -0.8624 0.4384
-0.0577 -0.1567 -0.0372 0.2531 -0.8624 0.4384
-0.0685 -0.1732 -0.0882 0.0000 0.8914 -0.4531
-0.0577 -0.1732 -0.0820 0.2531 0.8624 -0.4384
-0.0577 -0.1567 -0.0497 0.2531 0.8624 -0.4384
-0.0685 -0.1732 -0.0882 0.0000 0.8914 -0.4531
-0.0577 -0.1567 -0.0497 0.2531 0.8624 -0.4384
-0.0793 -0.1732 -0.0695 -1.0000 0.0000 0.0000
-0.0793 -0.1732 -0.0820 -1.0000 0.0000 0.0000
-0.0793 -0.1567 -0.0497 -1.0000 0.0000 0.0000
-0.0793 -0.1732 -0.0695 -1.0000 0.0000 0.0000
-0.0793 -0.1567 -0.0497 -1.0000 0.0000 0.0000
-0.0793 -0.1567 -0.0372 -1.0000 0.0000 0.0000
-0.1021 -0.1501 -0.0345 -0.9659 0.0000 -0.2588
-0.1021 -0.1580 -0.0345 -0.9659 0.0000 -0.2588
-0.0851 -0.1580 -0.0639 -0.7071 0.0000 -0.7071
-0.1021 -0.1501 -0.0345 -0.9659 0.0000 -0.2588
-0.0851 -0.1580 -0.0639 -0.7071 0.0000 -0.7071
-0.0851 -0.1501 -0.0639 -0.7071 0.0000 -0.7071
0.0255 -0.1501 -0.1081 0.2588 0.0000 -0.9659
0.0255 -0.1580 -0.1081 0.2588 0.0000 -0.9659
0.1021 -0.1580 -0.0639 0.7071 0.0000 -0.7071
0.0255 -0.1501 -0.1081 0.2588 0.0000 -0.9659
0.1021 -0.1580 -0.0639 0.7071 0.0000 -0.7071
0.1021 -0.1501 -0.0639 0.7071 0.0000 -0.7071
0.1021 -0.1501 0.0834 0.7071 0.0000 0.7071
0.1021 -0.1580 0.0834 0.7071 0.0000 0.7071
0.0255 -0.1580 0.1276 0.2588 0.0000 0.9659
0.1021 -0.1501 0.0834 0.7071 0.0000 0.7071
0.0255 -0.1580 0.1276 0.2588 0.0000 0.9659
0.0255 -0.1501 0.1276 0.2588 0.0000 0.9659
0.1021 -0.1501 -0.0639 0.7071 0.0000 -0.7071
0.1021 -0.1580 -0.0639 0.7071 0.0000 -0.7071
0.1191 -0.1580 -0.0345 0.9659 0.0000 -0.2588
0.1021 -0.1501 -0.0639 0.7071 0.0000 -0.7071
0.1191 -0.1580 -0.0345 0.9659 0.0000 -0.2588
0.1191 -0.1501 -0.0345 0.9659 0.0000 -0.2588
-0.0851 -0.1501 -0.0639 -0.7071 0.0000 -0.7071
-0.0851 -0.1580 -0.0639 -0.7071 0.0000 -0.7071
-0.0085 -0.1580 -0.1081 -0.2588 0.0000 -0.9659
-0.0851 -0.1501 -0.0639 -0.7071 0.0000 -0.7071
-0.0085 -0.1580 -0.1081 -0.2588 0.0000 -0.9659
-0.0085 -0.1501 -0.1081 -0.2588 0.0000 -0.9659
0.0255 -0.1501 0.1276 0.2588 0.0000 0.9659
0.0255 -0.1580 0.1276 0.2588 0.0000 0.9659
-0.0085 -0.1580 0.1276 -0.2588 0.0000 0.9659
0.0255 -0.1501 0.1276 0.2588 0.0000 0.9659
-0.0085 -0.1580 0.1276 -0.2588 0.0000 0.9659
-0.0085 -0.1501 0.1276 -0.2588 0.0000 0.9659
-0.0085 -0.1501 0.1276 -0.2588 0.0000 0.9659
-0.0085 -0.1580 0.1276 -0.2588 0.0000 0.9659
-0.0851 -0.1580 0.0834 -0.7071 0.0000 0.7071
-0.0085 -0.1501 0.1276 -0.2588 0.0000 0.9659
-0.0851 -0.1580 0.0834 -0.7071 0.0000 0.7071
-0.0851 -0.1501 0.0834 -0.7071 0.0000 0.7071
0.1191 -0.1501 0.0540 0.9659 0.0000 0.2588
0.1191 -0.1580 0.0540 0.9659 0.0000 0.2588
0.1021 -0.1580 0.0834 0.7071 0.0000 0.7071
0.1191 -0.1501 0.0540 0.9659 0.0000 0.2588
0.1021 -0.1580 0.0834 0.7071 0.0000 0.7071
0.1021 -0.1501 0.0834 0.7071 0.0000 0.7071
-0.0851 -0.1501 0.0834 -0.7071 0.0000 0.7071
-0.0851 -0.1580 0.0834 -0.7071 0.0000 0.7071
-0.1021 -0.1580 0.0540 -0.9659 0.0000 0.2588
-0.0851 -0.1501 0.0834 -0.7071 0.0000 0.7071
-0.1021 -0.1580 0.0540 -0.9659 0.0000 0.2588
-0.1021 -0.1501 0.0540 -0.9659 0.0000 0.2588
0.1191 -0.1501 -0.0345 0.9659 0.0000 -0.2588
0.1191 -0.1580 -0.0345 0.9659 0.0000 -0.2588
0.1191 -0.1580 0.0540 0.9659 0.0000 0.2588
0.1191 -0.1501 -0.0345 0.9659 0.0000 -0.2588
0.1191 -0.1580 0.0540 0.9659 0.0000 0.2588
0.1191 -0.1501 0.0540 0.9659 0.0000 0.2588
-0.0085 -0.1501 -0.1081 -0.2588 0.0000 -0.9659
-0.0085 -0.1580 -0.1081 -0.2588 0.0000 -0.9659
0.0255 -0.1580 -0.1081 0.2588 0.0000 -0.9659
-0.0085 -0.1501 -0.1081 -0.2588 0.0000 -0.9659
0.0255 -0.1580 -0.1081 0.2588 0.0000 -0.9659
0.0255 -0.1501 -0.1081 0.2588 0.0000 -0.9659
-0.1021 -0.1501 0.0540 -0.9659 0.0000 0.2588
-0.1021 -0.1580 0.0540 -0.9659 0.0000 0.2588
-0.1021 -0.1580 -0.0345 -0.9659 0.0000 -0.2588
-0.1021 -0.1501 0.0540 -0.9659 0.0000 0.2588
-0.1021 -0.1580 -0.0345 -0.9659 0.0000 -0.2588
-0.1021 -0.1501 -0.0345 -0.9659 0.0000 -0.2588
-0.0793 -0.1853 -0.0820 -0.0000 -1.0000 0.0000
-0.0793 -0.1853 -0.0695 -0.0000 -1.0000 0.0000
-0.0685 -0.1853 -0.0633 -0.0000 -1.0000 0.0000
-0.0685 -0.1853 -0.0633 -0.0000 -1.0000 0.0000
-0.0577 -0.1853 -0.0695 -0.0000 -1.0000 0.0000
-0.0577 -0.1853 -0.0820 -0.0000 -1.0000 0.0000
-0.0577 -0.1853 -0.0820 -0.0000 -1.0000 0.0000
-0.0685 -0.1853 -0.0882 -0.0000 -1.0000 0.0000
-0.0793 -0.1853 -0.0820 -0.0000 -1.0000 0.0000
-0.0685 -0.1853 -0.0633 -0.0000 -1.0000 0.0000
-0.0577 -0.1853 -0.0820 -0.0000 -1.0000 0.0000
-0.0793 -0.1853 -0.0820 -0.0000 -1.0000 0.0000
0.0005 -0.1685 0.1314 -0.5878 -0.8090 0.0000
0.0005 -0.1685 0.1314 -0.5878 -0.8090 0.0000
-0.0030 -0.1637 0.1314 -0.9511 -0.3090 0.0000
0.0154 -0.1637 0.1314 0.9511 -0.3090 -0.0000
0.0154 -0.1637 0.1314 0.9511 -0.3090 -0.0000
0.0119 -0.1685 0.1314 0.5878 -0.8090 -0.0000
0.0062 -0.1510 0.1314 -0.0000 1.0000 0.0000
0.0062 -0.1510 0.1314 -0.0000 1.0000 0.0000
0.0119 -0.1529 0.1314 0.5878 0.8090 0.0000
-0.0030 -0.1637 0.1314 -0.9511 -0.3090 0.0000
-0.0030 -0.1637 0.1314 -0.9511 -0.3090 0.0000
-0.0030 -0.1577 0.1314 -0.9511 0.3090 0.0000
0.0119 -0.1685 0.1314 0.5878 -0.8090 -0.0000
0.0119 -0.1685 0.1314 0.5878 -0.8090 -0.0000
0.0062 -0.1703 0.1314 -0.0000 -1.0000 -0.0000
0.0119 -0.1529 0.1314 0.5878 0.8090 0.0000
0.0119 -0.1529 0.1314 0.5878 0.8090 0.0000
0.0154 -0.1577 0.1314 0.9511 0.3090 -0.0000
-0.0030 -0.1577 0.1314 -0.9511 0.3090 0.0000
-0.0030 -0.1577 0.1314 -0.9511 0.3090 0.0000
0.0005 -0.1529 0.1314 -0.5878 0.8090 0.0000
0.0062 -0.1703 0.1314 -0.0000 -1.0000 -0.0000
0.0062 -0.1703 0.1314 -0.0000 -1.0000 -0.0000
0.0005 -0.1685 0.1314 -0.5878 -0.8090 0.0000
0.0154 -0.1577 0.1314 0.9511 0.3090 -0.0000
0.0154 -0.1577 0.1314 0.9511 0.3090 -0.0000
0.0154 -0.1637 0.1314 0.9511 -0.3090 -0.0000
0.0005 -0.1529 0.1314 -0.5878 0.8090 0.0000
0.0005 -0.1529 0.1314 -0.5878 0.8090 0.0000
0.0062 -0.1510 0.1314 -0.0000 1.0000 0.0000
-0.0467 -0.2743 0.1436 0.5878 0.8090 -0.0000
-0.0467 -0.2743 0.1436 0.5878 0.8090 -0.0000
-0.0415 -0.2814 0.1436 0.9511 0.3090 -0.0000
-0.0686 -0.2814 0.1436 -0.9511 0.3090 0.0000
-0.0686 -0.2814 0.1436 -0.9511 0.3090 0.0000
-0.0634 -0.2743 0.1436 -0.5878 0.8090 0.0000
-0.0550 -0.3000 0.1436 -0.0000 -1.0000 0.0000
-0.0550 -0.3000 0.1436 -0.0000 -1.0000 0.0000
-0.0634 -0.2973 0.1436 -0.5878 -0.8090 0.0000
-0.0415 -0.2814 0.1436 0.9511 0.3090 -0.0000
-0.0415 -0.2814 0.1436 0.9511 0.3090 -0.0000
-0.0415 -0.2902 0.1436 0.9511 -0.3090 -0.0000
-0.0634 -0.2743 0.1436 -0.5878 0.8090 0.0000
-0.0634 -0.2743 0.1436 -0.5878 0.8090 0.0000
-0.0550 -0.2716 0.1436 -0.0000 1.0000 0.0000
-0.0634 -0.2973 0.1436 -0.5878 -0.8090 0.0000
-0.0634 -0.2973 0.1436 -0.5878 -0.8090 0.0000
-0.0686 -0.2902 0.1436 -0.9511 -0.3090 0.0000
-0.0415 -0.2902 0.1436 0.9511 -0.3090 -0.0000
-0.0415 -0.2902 0.1436 0.9511 -0.3090 -0.0000
-0.0467 -0.2973 0.1436 0.5878 -0.8090 -0.0000
-0.0550 -0.2716 0.1436 -0.0000 1.0000 0.0000
-0.0550 -0.2716 0.1436 -0.0000 1.0000 0.0000
-0.0467 -0.2743 0.1436 0.5878 0.8090 -0.0000
-0.0686 -0.2902 0.1436 -0.9511 -0.3090 0.0000
-0.0686 -0.2902 0.1436 -0.9511 -0.3090 0.0000
-0.0686 -0.2814 0.1436 -0.9511 0.3090 0.0000
-0.0467 -0.2973 0.1436 0.5878 -0.8090 -0.0000
-0.0467 -0.2973 0.1436 0.5878 -0.8090 -0.0000
-0.0550 -0.3000 0.1436 -0.0000 -1.0000 0.0000
-0.0518 -0.2813 0.1352 0.0000 -0.0000 -1.0000
-0.0467 -0.2743 0.1352 0.0000 -0.0000 -1.0000
-0.0550 -0.2716 0.1352 -0.0000 0.0000 -1.0000
-0.0518 -0.2813 0.1352 0.0000 -0.0000 -1.0000
-0.0550 -0.2716 0.1352 -0.0000 0.0000 -1.0000
-0.0497 -0.2841 0.1352 0.0000 -0.0000 -1.0000
-0.0415 -0.2814 0.1352 0.0000 -0.0000 -1.0000
-0.0467 -0.2743 0.1352 0.0000 -0.0000 -1.0000
-0.0497 -0.2841 0.1352 0.0000 -0.0000 -1.0000
-0.0467 -0.2743 0.1352 0.0000 -0.0000 -1.0000
-0.0518 -0.2813 0.1352 0.0000 -0.0000 -1.0000
-0.0415 -0.2902 0.1352 0.0000 0.0000 -1.0000
-0.0415 -0.2814 0.1352 0.0000 -0.0000 -1.0000
-0.0415 -0.2814 0.1352 0.0000 -0.0000 -1.0000
-0.0497 -0.2841 0.1352 0.0000 -0.0000 -1.0000
-0.0467 -0.2973 0.1352 0.0000 0.0000 -1.0000
-0.0415 -0.2902 0.1352 0.0000 0.0000 -1.0000
-0.0415 -0.2902 0.1352 0.0000 0.0000 -1.0000
-0.0550 -0.3000 0.1352 -0.0000 -0.0000 -1.0000
-0.0467 -0.2973 0.1352 0.0000 0.0000 -1.0000
-0.0467 -0.2973 0.1352 0.0000 0.0000 -1.0000
-0.0634 -0.2973 0.1352 -0.0000 -0.0000 -1.0000
-0.0550 -0.3000 0.1352 -0.0000 -0.0000 -1.0000
-0.0550 -0.3000 0.1352 -0.0000 -0.0000 -1.0000
-0.0686 -0.2902 0.1352 -0.0000 -0.0000 -1.0000
-0.0634 -0.2973 0.1352 -0.0000 -0.0000 -1.0000
-0.0634 -0.2973 0.1352 -0.0000 -0.0000 -1.0000
-0.0686 -0.2814 0.1352 -0.0000 0.0000 -1.0000
-0.0686 -0.2902 0.1352 -0.0000 -0.0000 -1.0000
-0.0686 -0.2902 0.1352 -0.0000 -0.0000 -1.0000
-0.0634 -0.2743 0.1352 -0.0000 0.0000 -1.0000
-0.0686 -0.2814 0.1352 -0.0000 0.0000 -1.0000
-0.0686 -0.2814 0.1352 -0.0000 0.0000 -1.0000
-0.0550 -0.2716 0.1352 -0.0000 0.0000 -1.0000
-0.0634 -0.2743 0.1352 -0.0000 0.0000 -1.0000
-0.0634 -0.2743 0.1352 -0.0000 0.0000 -1.0000
-0.0603 -0.2841 0.1352 -0.9511 0.3090 0.0000
-0.0603 -0.2841 0.1352 -0.9511 0.3090 0.0000
-0.0583 -0.2813 0.1352 -0.5878 0.8090 0.0000
-0.0550 -0.2914 0.1352 -0.0000 -1.0000 0.0000
-0.0550 -0.2914 0.1352 -0.0000 -1.0000 0.0000
-0.0583 -0.2903 0.1352 -0.5878 -0.8090 0.0000
-0.0497 -0.2875 0.1352 0.9511 -0.3090 -0.0000
-0.0583 -0.2813 0.1352 -0.5878 0.8090 0.0000
-0.0583 -0.2813 0.1352 -0.5878 0.8090 0.0000
-0.0550 -0.2803 0.1352 -0.0000 1.0000 0.0000
-0.0583 -0.2903 0.1352 -0.5878 -0.8090 0.0000
-0.0583 -0.2903 0.1352 -0.5878 -0.8090 0.0000
-0.0603 -0.2875 0.1352 -0.9511 -0.3090 0.0000
-0.0497 -0.2875 0.1352 0.9511 -0.3090 -0.0000
-0.0497 -0.2875 0.1352 0.9511 -0.3090 -0.0000
-0.0518 -0.2903 0.1352 0.5878 -0.8090 -0.0000
-0.0550 -0.2803 0.1352 -0.0000 1.0000 0.0000
-0.0550 -0.2803 0.1352 -0.0000 1.0000 0.0000
-0.0603 -0.2875 0.1352 -0.9511 -0.3090 0.0000
-0.0603 -0.2875 0.1352 -0.9511 -0.3090 0.0000
-0.0603 -0.2841 0.1352 -0.9511 0.3090 0.0000
-0.0518 -0.2903 0.1352 0.5878 -0.8090 -0.0000
-0.0518 -0.2903 0.1352 0.5878 -0.8090 -0.0000
-0.0550 -0.2914 0.1352 -0.0000 -1.0000 0.0000
0.0603 -0.2743 0.1436 -0.5878 0.8090 0.0000
0.0551 -0.2814 0.1436 -0.9511 0.3090 0.0000
0.0603 -0.2743 0.1436 -0.5878 0.8090 0.0000
0.0821 -0.2814 0.1436 0.9511 0.3090 -0.0000
0.0770 -0.2743 0.1436 0.5878 0.8090 0.0000
0.0821 -0.2814 0.1436 0.9511 0.3090 -0.0000
0.0686 -0.3000 0.1436 0.0000 -1.0000 0.0000
0.0770 -0.2973 0.1436 0.5878 -0.8090 0.0000
0.0686 -0.3000 0.1436 0.0000 -1.0000 0.0000
0.0551 -0.2814 0.1436 -0.9511 0.3090 0.0000
0.0551 -0.2902 0.1436 -0.9511 -0.3090 0.0000
0.0551 -0.2814 0.1436 -0.9511 0.3090 0.0000
0.0770 -0.2743 0.1436 0.5878 0.8090 0.0000
0.0686 -0.2716 0.1436 -0.0000 1.0000 0.0000
0.0770 -0.2743 0.1436 0.5878 0.8090 0.0000
0.0770 -0.2973 0.1436 0.5878 -0.8090 0.0000
0.0821 -0.2902 0.1436 0.9511 -0.3090 -0.0000
0.0770 -0.2973 0.1436 0.5878 -0.8090 0.0000
0.0551 -0.2902 0.1436 -0.9511 -0.3090 0.0000
0.0603 -0.2973 0.1436 -0.5878 -0.8090 0.0000
0.0551 -0.2902 0.1436 -0.9511 -0.3090 0.0000
0.0686 -0.2716 0.1436 -0.0000 1.0000 0.0000
0.0603 -0.2743 0.1436 -0.5878 0.8090 0.0000
0.0686 -0.2716 0.1436 -0.0000 1.0000 0.0000
0.0821 -0.2902 0.1436 0.9511 -0.3090 -0.0000
0.0821 -0.2814 0.1436 0.9511 0.3090 -0.0000
0.0821 -0.2902 0.1436 0.9511 -0.3090 -0.0000
0.0603 -0.2973 0.1436 -0.5878 -0.8090 0.0000
0.0686 -0.3000 0.1436 0.0000 -1.0000 0.0000
0.0603 -0.2973 0.1436 -0.5878 -0.8090 0.0000
0.0653 -0.2813 0.1352 0.0000 0.0000 -1.0000
0.0686 -0.2716 0.1352 -0.0000 0.0000 -1.0000
0.0653 -0.2813 0.1352 0.0000 0.0000 -1.0000
0.0686 -0.2716 0.1352 -0.0000 0.0000 -1.0000
0.0603 -0.2743 0.1352 0.0000 0.0000 -1.0000
0.0633 -0.2841 0.1352 0.0000 0.0000 -1.0000
0.0653 -0.2813 0.1352 0.0000 0.0000 -1.0000
0.0603 -0.2743 0.1352 0.0000 0.0000 -1.0000
0.0633 -0.2841 0.1352 0.0000 0.0000 -1.0000
0.0603 -0.2743 0.1352 0.0000 0.0000 -1.0000
0.0551 -0.2814 0.1352 0.0000 0.0000 -1.0000
0.0633 -0.2841 0.1352 0.0000 0.0000 -1.0000
0.0551 -0.2814 0.1352 0.0000 0.0000 -1.0000
0.0551 -0.2814 0.1352 0.0000 0.0000 -1.0000
0.0551 -0.2902 0.1352 0.0000 0.0000 -1.0000
0.0551 -0.2902 0.1352 0.0000 0.0000 -1.0000
0.0551 -0.2902 0.1352 0.0000 0.0000 -1.0000
0.0603 -0.2973 0.1352 0.0000 0.0000 -1.0000
0.0603 -0.2973 0.1352 0.0000 0.0000 -1.0000
0.0603 -0.2973 0.1352 0.0000 0.0000 -1.0000
0.0686 -0.3000 0.1352 0.0000 0.0000 -1.0000
0.0686 -0.3000 0.1352 0.0000 0.0000 -1.0000
0.0686 -0.3000 0.1352 0.0000 0.0000 -1.0000
0.0770 -0.2973 0.1352 -0.0000 0.0000 -1.0000
0.0770 -0.2973 0.1352 -0.0000 0.0000 -1.0000
0.0770 -0.2973 0.1352 -0.0000 0.0000 -1.0000
0.0821 -0.2902 0.1352 -0.0000 0.0000 -1.0000
0.0821 -0.2902 0.1352 -0.0000 0.0000 -1.0000
0.0821 -0.2902 0.1352 -0.0000 0.0000 -1.0000
0.0821 -0.2814 0.1352 -0.0000 -0.0000 -1.0000
0.0821 -0.2814 0.1352 -0.0000 -0.0000 -1.0000
0.0821 -0.2814 0.1352 -0.0000 -0.0000 -1.0000
0.0770 -0.2743 0.1352 -0.0000 -0.0000 -1.0000
0.0770 -0.2743 0.1352 -0.0000 -0.0000 -1.0000
0.0770 -0.2743 0.1352 -0.0000 -0.0000 -1.0000
0.0686 -0.2716 0.1352 -0.0000 0.0000 -1.0000
0.0739 -0.2841 0.1352 0.9511 0.3090 -0.0000
0.0719 -0.2813 0.1352 0.5878 0.8090 -0.0000
0.0739 -0.2841 0.1352 0.9511 0.3090 -0.0000
0.0686 -0.2914 0.1352 -0.0000 -1.0000 -0.0000
0.0719 -0.2903 0.1352 0.5878 -0.8090 -0.0000
0.0686 -0.2914 0.1352 -0.0000 -1.0000 -0.0000
0.0633 -0.2875 0.1352 -0.9511 -0.3090 0.0000
0.0719 -0.2813 0.1352 0.5878 0.8090 -0.0000
0.0686 -0.2803 0.1352 0.0000 1.0000 -0.0000
0.0719 -0.2813 0.1352 0.5878 0.8090 -0.0000
0.0719 -0.2903 0.1352 0.5878 -0.8090 -0.0000
0.0739 -0.2875 0.1352 0.9511 -0.3090 -0.0000
0.0719 -0.2903 0.1352 0.5878 -0.8090 -0.0000
0.0633 -0.2875 0.1352 -0.9511 -0.3090 0.0000
0.0653 -0.2903 0.1352 -0.5878 -0.8090 0.0000
0.0633 -0.2875 0.1352 -0.9511 -0.3090 0.0000
0.0686 -0.2803 0.1352 0.0000 1.0000 -0.0000
0.0686 -0.2803 0.1352 0.0000 1.0000 -0.0000
0.0739 -0.2875 0.1352 0.9511 -0.3090 -0.0000
0.0739 -0.2841 0.1352 0.9511 0.3090 -0.0000
0.0739 -0.2875 0.1352 0.9511 -0.3090 -0.0000
0.0653 -0.2903 0.1352 -0.5878 -0.8090 0.0000
0.0686 -0.2914 0.1352 -0.0000 -1.0000 -0.0000
0.0653 -0.2903 0.1352 -0.5878 -0.8090 0.0000
0.0005 -0.1685 -0.1314 -0.5878 -0.8090 -0.0000
-0.0030 -0.1637 -0.1314 -0.9511 -0.3090 0.0000
0.0005 -0.1685 -0.1314 -0.5878 -0.8090 -0.0000
0.0154 -0.1637 -0.1314 0.9511 -0.3090 -0.0000
0.0119 -0.1685 -0.1314 0.5878 -0.8090 -0.0000
0.0154 -0.1637 -0.1314 0.9511 -0.3090 -0.0000
0.0062 -0.1510 -0.1314 0.0000 1.0000 -0.0000
0.0119 -0.1529 -0.1314 0.5878 0.8090 -0.0000
0.0062 -0.1510 -0.1314 0.0000 1.0000 -0.0000
-0.0030 -0.1637 -0.1314 -0.9511 -0.3090 0.0000
-0.0030 -0.1577 -0.1314 -0.9511 0.3090 0.0000
-0.0030 -0.1637 -0.1314 -0.9511 -0.3090 0.0000
0.0119 -0.1685 -0.1314 0.5878 -0.8090 -0.0000
0.0062 -0.1703 -0.1314 -0.0000 -1.0000 -0.0000
0.0119 -0.1685 -0.1314 0.5878 -0.8090 -0.0000
0.0119 -0.1529 -0.1314 0.5878 0.8090 -0.0000
0.0154 -0.1577 -0.1314 0.9511 0.3090 -0.0000
0.0119 -0.1529 -0.1314 0.5878 0.8090 -0.0000
-0.0030 -0.1577 -0.1314 -0.9511 0.3090 0.0000
0.0005 -0.1529 -0.1314 -0.5878 0.8090 0.0000
-0.0030 -0.1577 -0.1314 -0.9511 0.3090 0.0000
0.0062 -0.1703 -0.1314 -0.0000 -1.0000 -0.0000
0.0005 -0.1685 -0.1314 -0.5878 -0.8090 -0.0000
0.0062 -0.1703 -0.1314 -0.0000 -1.0000 -0.0000
0.0154 -0.1577 -0.1314 0.9511 0.3090 -0.0000
0.0154 -0.1637 -0.1314 0.9511 -0.3090 -0.0000
0.0154 -0.1577 -0.1314 0.9511 0.3090 -0.0000
0.0005 -0.1529 -0.1314 -0.5878 0.8090 0.0000
0.0062 -0.1510 -0.1314 0.0000 1.0000 -0.0000
0.0005 -0.1529 -0.1314 -0.5878 0.8090 0.0000
-0.0467 -0.2743 -0.1436 0.5878 0.8090 -0.0000
-0.0415 -0.2814 -0.1436 0.9511 0.3090 -0.0000
-0.0467 -0.2743 -0.1436 0.5878 0.8090 -0.0000
-0.0686 -0.2814 -0.1436 -0.9511 0.3090 0.0000
-0.0634 -0.2743 -0.1436 -0.5878 0.8090 0.0000
-0.0686 -0.2814 -0.1436 -0.9511 0.3090 0.0000
-0.0550 -0.3000 -0.1436 0.0000 -1.0000 0.0000
-0.0634 -0.2973 -0.1436 -0.5878 -0.8090 0.0000
-0.0550 -0.3000 -0.1436 0.0000 -1.0000 0.0000
-0.0415 -0.2814 -0.1436 0.9511 0.3090 -0.0000
-0.0415 -0.2902 -0.1436 0.9511 -0.3090 -0.0000
-0.0415 -0.2814 -0.1436 0.9511 0.3090 -0.0000
-0.0634 -0.2743 -0.1436 -0.5878 0.8090 0.0000
-0.0550 -0.2716 -0.1436 0.0000 1.0000 0.0000
-0.0634 -0.2743 -0.1436 -0.5878 0.8090 0.0000
-0.0634 -0.2973 -0.1436 -0.5878 -0.8090 0.0000
-0.0686 -0.2902 -0.1436 -0.9511 -0.3090 0.0000
-0.0634 -0.2973 -0.1436 -0.5878 -0.8090 0.0000
-0.0415 -0.2902 -0.1436 0.9511 -0.3090 -0.0000
-0.0467 -0.2973 -0.1436 0.5878 -0.8090 -0.0000
-0.0415 -0.2902 -0.1436 0.9511 -0.3090 -0.0000
-0.0550 -0.2716 -0.1436 0.0000 1.0000 0.0000
-0.0467 -0.2743 -0.1436 0.5878 0.8090 -0.0000
-0.0550 -0.2716 -0.1436 0.0000 1.0000 0.0000
-0.0686 -0.2902 -0.1436 -0.9511 -0.3090 0.0000
-0.0686 -0.2814 -0.1436 -0.9511 0.3090 0.0000
-0.0686 -0.2902 -0.1436 -0.9511 -0.3090 0.0000
-0.0467 -0.2973 -0.1436 0.5878 -0.8090 -0.0000
-0.0550 -0.3000 -0.1436 0.0000 -1.0000 0.0000
-0.0467 -0.2973 -0.1436 0.5878 -0.8090 -0.0000
-0.0518 -0.2813 -0.1352 0.0000 0.0000 1.0000
-0.0550 -0.2716 -0.1352 0.0000 0.0000 1.0000
-0.0518 -0.2813 -0.1352 0.0000 0.0000 1.0000
-0.0550 -0.2716 -0.1352 0.0000 0.0000 1.0000
-0.0467 -0.2743 -0.1352 0.0000 0.0000 1.0000
-0.0497 -0.2841 -0.1352 0.0000 0.0000 1.0000
-0.0518 -0.2813 -0.1352 0.0000 0.0000 1.0000
-0.0467 -0.2743 -0.1352 0.0000 0.0000 1.0000
-0.0497 -0.2841 -0.1352 0.0000 0.0000 1.0000
-0.0467 -0.2743 -0.1352 0.0000 0.0000 1.0000
-0.0415 -0.2814 -0.1352 0.0000 0.0000 1.0000
-0.0497 -0.2841 -0.1352 0.0000 0.0000 1.0000
-0.0415 -0.2814 -0.1352 0.0000 0.0000 1.0000
-0.0415 -0.2814 -0.1352 0.0000 0.0000 1.0000
-0.0415 -0.2902 -0.1352 0.0000 0.0000 1.0000
-0.0415 -0.2902 -0.1352 0.0000 0.0000 1.0000
-0.0415 -0.2902 -0.1352 0.0000 0.0000 1.0000
-0.0467 -0.2973 -0.1352 0.0000 0.0000 1.0000
-0.0467 -0.2973 -0.1352 0.0000 0.0000 1.0000
-0.0467 -0.2973 -0.1352 0.0000 0.0000 1.0000
-0.0550 -0.3000 -0.1352 0.0000 0.0000 1.0000
-0.0550 -0.3000 -0.1352 0.0000 0.0000 1.0000
-0.0550 -0.3000 -0.1352 0.0000 0.0000 1.0000
-0.0634 -0.2973 -0.1352 0.0000 0.0000 1.0000
-0.0634 -0.2973 -0.1352 0.0000 0.0000 1.0000
-0.0634 -0.2973 -0.1352 0.0000 0.0000 1.0000
-0.0686 -0.2902 -0.1352 0.0000 0.0000 1.0000
-0.0686 -0.2902 -0.1352 0.0000 0.0000 1.0000
-0.0686 -0.2902 -0.1352 0.0000 0.0000 1.0000
-0.0686 -0.2814 -0.1352 0.0000 -0.0000 1.0000
-0.0686 -0.2814 -0.1352 0.0000 -0.0000 1.0000
-0.0686 -0.2814 -0.1352 0.0000 -0.0000 1.0000
-0.0634 -0.2743 -0.1352 0.0000 -0.0000 1.0000
-0.0634 -0.2743 -0.1352 0.0000 -0.0000 1.0000
-0.0634 -0.2743 -0.1352 0.0000 -0.0000 1.0000
-0.0550 -0.2716 -0.1352 0.0000 0.0000 1.0000
-0.0603 -0.2841 -0.1352 -0.9511 0.3090 0.0000
-0.0583 -0.2813 -0.1352 -0.5878 0.8090 0.0000
-0.0603 -0.2841 -0.1352 -0.9511 0.3090 0.0000
-0.0550 -0.2914 -0.1352 -0.0000 -1.0000 -0.0000
-0.0583 -0.2903 -0.1352 -0.5878 -0.8090 0.0000
-0.0550 -0.2914 -0.1352 -0.0000 -1.0000 -0.0000
-0.0497 -0.2875 -0.1352 0.9511 -0.3090 -0.0000
-0.0583 -0.2813 -0.1352 -0.5878 0.8090 0.0000
-0.0550 -0.2803 -0.1352 -0.0000 1.0000 0.0000
-0.0583 -0.2813 -0.1352 -0.5878 0.8090 0.0000
-0.0583 -0.2903 -0.1352 -0.5878 -0.8090 0.0000
-0.0603 -0.2875 -0.1352 -0.9511 -0.3090 0.0000
-0.0583 -0.2903 -0.1352 -0.5878 -0.8090 0.0000
-0.0497 -0.2875 -0.1352 0.9511 -0.3090 -0.0000
-0.0518 -0.2903 -0.1352 0.5878 -0.8090 -0.0000
-0.0497 -0.2875 -0.1352 0.9511 -0.3090 -0.0000
-0.0550 -0.2803 -0.1352 -0.0000 1.0000 0.0000
-0.0550 -0.2803 -0.1352 -0.0000 1.0000 0.0000
-0.0603 -0.2875 -0.1352 -0.9511 -0.3090 0.0000
-0.0603 -0.2841 -0.1352 -0.9511 0.3090 0.0000
-0.0603 -0.2875 -0.1352 -0.9511 -0.3090 0.0000
-0.0518 -0.2903 -0.1352 0.5878 -0.8090 -0.0000
-0.0550 -0.2914 -0.1352 -0.0000 -1.0000 -0.0000
-0.0518 -0.2903 -0.1352 0.5878 -0.8090 -0.0000
0.0603 -0.2743 -0.1436 -0.5878 0.8090 0.0000
0.0603 -0.2743 -0.1436 -0.5878 0.8090 0.0000
0.0551 -0.2814 -0.1436 -0.9511 0.3090 0.0000
0.0821 -0.2814 -0.1436 0.9511 0.3090 0.0000
0.0821 -0.2814 -0.1436 0.9511 0.3090 0.0000
0.0770 -0.2743 -0.1436 0.5878 0.8090 0.0000
0.0686 -0.3000 -0.1436 0.0000 -1.0000 0.0000
0.0686 -0.3000 -0.1436 0.0000 -1.0000 0.0000
0.0770 -0.2973 -0.1436 0.5878 -0.8090 -0.0000
0.0551 -0.2814 -0.1436 -0.9511 0.3090 0.0000
0.0551 -0.2814 -0.1436 -0.9511 0.3090 0.0000
0.0551 -0.2902 -0.1436 -0.9511 -0.3090 0.0000
0.0770 -0.2743 -0.1436 0.5878 0.8090 0.0000
0.0770 -0.2743 -0.1436 0.5878 0.8090 0.0000
0.0686 -0.2716 -0.1436 0.0000 1.0000 0.0000
0.0770 -0.2973 -0.1436 0.5878 -0.8090 -0.0000
0.0770 -0.2973 -0.1436 0.5878 -0.8090 -0.0000
0.0821 -0.2902 -0.1436 0.9511 -0.3090 -0.0000
0.0551 -0.2902 -0.1436 -0.9511 -0.3090 0.0000
0.0551 -0.2902 -0.1436 -0.9511 -0.3090 0.0000
0.0603 -0.2973 -0.1436 -0.5878 -0.8090 0.0000
0.0686 -0.2716 -0.1436 0.0000 1.0000 0.0000
0.0686 -0.2716 -0.1436 0.0000 1.0000 0.0000
0.0603 -0.2743 -0.1436 -0.5878 0.8090 0.0000
0.0821 -0.2902 -0.1436 0.9511 -0.3090 -0.0000
0.0821 -0.2902 -0.1436 0.9511 -0.3090 -0.0000
0.0821 -0.2814 -0.1436 0.9511 0.3090 0.0000
0.0603 -0.2973 -0.1436 -0.5878 -0.8090 0.0000
0.0603 -0.2973 -0.1436 -0.5878 -0.8090 0.0000
0.0686 -0.3000 -0.1436 0.0000 -1.0000 0.0000
0.0653 -0.2813 -0.1352 -0.0000 -0.0000 1.0000
0.0603 -0.2743 -0.1352 -0.0000 -0.0000 1.0000
0.0686 -0.2716 -0.1352 0.0000 0.0000 1.0000
0.0653 -0.2813 -0.1352 -0.0000 -0.0000 1.0000
0.0686 -0.2716 -0.1352 0.0000 0.0000 1.0000
0.0633 -0.2841 -0.1352 -0.0000 -0.0000 1.0000
0.0551 -0.2814 -0.1352 -0.0000 -0.0000 1.0000
0.0603 -0.2743 -0.1352 -0.0000 -0.0000 1.0000
0.0633 -0.2841 -0.1352 -0.0000 -0.0000 1.0000
0.0603 -0.2743 -0.1352 -0.0000 -0.0000 1.0000
0.0653 -0.2813 -0.1352 -0.0000 -0.0000 1.0000
0.0551 -0.2902 -0.1352 0.0000 0.0000 1.0000
0.0551 -0.2814 -0.1352 -0.0000 -0.0000 1.0000
0.0551 -0.2814 -0.1352 -0.0000 -0.0000 1.0000
0.0633 -0.2841 -0.1352 -0.0000 -0.0000 1.0000
0.0603 -0.2973 -0.1352 -0.0000 0.0000 1.0000
0.0551 -0.2902 -0.1352 0.0000 0.0000 1.0000
0.0551 -0.2902 -0.1352 0.0000 0.0000 1.0000
0.0686 -0.3000 -0.1352 -0.0000 -0.0000 1.0000
0.0603 -0.2973 -0.1352 -0.0000 0.0000 1.0000
0.0603 -0.2973 -0.1352 -0.0000 0.0000 1.0000
0.0770 -0.2973 -0.1352 0.0000 -0.0000 1.0000
0.0686 -0.3000 -0.1352 -0.0000 -0.0000 1.0000
0.0686 -0.3000 -0.1352 -0.0000 -0.0000 1.0000
0.0821 -0.2902 -0.1352 0.0000 0.0000 1.0000
0.0770 -0.2973 -0.1352 0.0000 -0.0000 1.0000
0.0770 -0.2973 -0.1352 0.0000 -0.0000 1.0000
0.0821 -0.2814 -0.1352 0.0000 0.0000 1.0000
0.0821 -0.2902 -0.1352 0.0000 0.0000 1.0000
0.0821 -0.2902 -0.1352 0.0000 0.0000 1.0000
0.0770 -0.2743 -0.1352 0.0000 0.0000 1.0000
0.0821 -0.2814 -0.1352 0.0000 0.0000 1.0000
0.0821 -0.2814 -0.1352 0.0000 0.0000 1.0000
0.0686 -0.2716 -0.1352 0.0000 0.0000 1.0000
0.0770 -0.2743 -0.1352 0.0000 0.0000 1.0000
0.0770 -0.2743 -0.1352 0.0000 0.0000 1.0000
0.0739 -0.2841 -0.1352 0.9511 0.3090 0.0000
0.0739 -0.2841 -0.1352 0.9511 0.3090 0.0000
0.0719 -0.2813 -0.1352 0.5878 0.8090 0.0000
0.0686 -0.2914 -0.1352 0.0000 -1.0000 0.0000
0.0686 -0.2914 -0.1352 0.0000 -1.0000 0.0000
0.0719 -0.2903 -0.1352 0.5878 -0.8090 0.0000
0.0633 -0.2875 -0.1352 -0.9511 -0.3090 0.0000
0.0719 -0.2813 -0.1352 0.5878 0.8090 0.0000
0.0719 -0.2813 -0.1352 0.5878 0.8090 0.0000
0.0686 -0.2803 -0.1352 0.0000 1.0000 0.0000
0.0719 -0.2903 -0.1352 0.5878 -0.8090 0.0000
0.0719 -0.2903 -0.1352 0.5878 -0.8090 0.0000
0.0739 -0.2875 -0.1352 0.9511 -0.3090 0.0000
0.0633 -0.2875 -0.1352 -0.9511 -0.3090 0.0000
0.0633 -0.2875 -0.1352 -0.9511 -0.3090 0.0000
0.0653 -0.2903 -0.1352 -0.5878 -0.8090 0.0000
0.0686 -0.2803 -0.1352 0.0000 1.0000 0.0000
0.0686 -0.2803 -0.1352 0.0000 1.0000 0.0000
0.0739 -0.2875 -0.1352 0.9511 -0.3090 0.0000
0.0739 -0.2875 -0.1352 0.9511 -0.3090 0.0000
0.0739 -0.2841 -0.1352 0.9511 0.3090 0.0000
0.0653 -0.2903 -0.1352 -0.5878 -0.8090 0.0000
0.0653 -0.2903 -0.1352 -0.5878 -0.8090 0.0000
0.0686 -0.2914 -0.1352 0.0000 -1.0000 0.0000
0.0062 -0.1510 -0.0973 0.0000 0.0000 1.0000
0.0119 -0.1529 -0.0973 0.0000 0.0000 1.0000
0.0154 -0.1577 -0.0973 0.0000 0.0000 1.0000
0.0154 -0.1577 -0.0973 0.0000 0.0000 1.0000
0.0154 -0.1637 -0.0973 0.0000 0.0000 1.0000
0.0119 -0.1685 -0.0973 0.0000 0.0000 1.0000
0.0119 -0.1685 -0.0973 0.0000 0.0000 1.0000
0.0062 -0.1703 -0.0973 0.0000 0.0000 1.0000
0.0005 -0.1685 -0.0973 0.0000 0.0000 1.0000
0.0005 -0.1685 -0.0973 0.0000 0.0000 1.0000
-0.0030 -0.1637 -0.0973 0.0000 0.0000 1.0000
-0.0030 -0.1577 -0.0973 0.0000 0.0000 1.0000
-0.0030 -0.1577 -0.0973 0.0000 0.0000 1.0000
0.0005 -0.1529 -0.0973 0.0000 0.0000 1.0000
0.0062 -0.1510 -0.0973 0.0000 0.0000 1.0000
0.0062 -0.1510 -0.0973 0.0000 0.0000 1.0000
0.0154 -0.1577 -0.0973 0.0000 0.0000 1.0000
0.0119 -0.1685 -0.0973 0.0000 0.0000 1.0000
0.0119 -0.1685 -0.0973 0.0000 0.0000 1.0000
0.0005 -0.1685 -0.0973 0.0000 0.0000 1.0000
-0.0030 -0.1577 -0.0973 0.0000 0.0000 1.0000
0.0119 -0.1685 -0.0973 0.0000 0.0000 1.0000
-0.0030 -0.1577 -0.0973 0.0000 0.0000 1.0000
0.0062 -0.1510 -0.0973 0.0000 0.0000 1.0000
0.0154 -0.1577 0.1088 -0.0000 0.0000 -1.0000
0.0119 -0.1529 0.1088 -0.0000 0.0000 -1.0000
0.0062 -0.1510 0.1088 -0.0000 0.0000 -1.0000
0.0062 -0.1510 0.1088 -0.0000 0.0000 -1.0000
0.0005 -0.1529 0.1088 -0.0000 0.0000 -1.0000
-0.0030 -0.1577 0.1088 -0.0000 0.0000 -1.0000
-0.0030 -0.1577 0.1088 -0.0000 0.0000 -1.0000
-0.0030 -0.1637 0.1088 -0.0000 0.0000 -1.0000
0.0005 -0.1685 0.1088 -0.0000 0.0000 -1.0000
0.0005 -0.1685 0.1088 -0.0000 0.0000 -1.0000
0.0062 -0.1703 0.1088 -0.0000 0.0000 -1.0000
0.0119 -0.1685 0.1088 -0.0000 0.0000 -1.0000
0.0119 -0.1685 0.1088 -0.0000 0.0000 -1.0000
0.0154 -0.1637 0.1088 -0.0000 0.0000 -1.0000
0.0154 -0.1577 0.1088 -0.0000 0.0000 -1.0000
0.0154 -0.1577 0.1088 -0.0000 0.0000 -1.0000
0.0062 -0.1510 0.1088 -0.0000 0.0000 -1.0000
-0.0030 -0.1577 0.1088 -0.0000 0.0000 -1.0000
-0.0030 -0.1577 0.1088 -0.0000 0.0000 -1.0000
0.0005 -0.1685 0.1088 -0.0000 0.0000 -1.0000
0.0119 -0.1685 0.1088 -0.0000 0.0000 -1.0000
-0.0030 -0.1577 0.1088 -0.0000 0.0000 -1.0000
0.0119 -0.1685 0.1088 -0.0000 0.0000 -1.0000
0.0154 -0.1577 0.1088 -0.0000 0.0000 -1.0000
6 11 10
6 9 11
320 4 321
322 5 4
7 0 8
7 1 0
323 325 324
326 328 327
2 330 329
2 3 331
16 23 17
16 22 23
14 21 15
14 20 21
12 19 13
12 18 19
332 334 333
335 337 336
338 340 339
341 343 342
344 346 345
347 349 348
22 29 23
22 28 29
350 27 351
352 26 27
353 25 354
355 24 25
356 24 357
358 359 24
360 362 361
363 27 364
365 367 366
368 370 369
371 373 372
374 376 375
377 379 378
380 382 381
34 41 35
34 40 41
32 39 33
32 38 39
30 37 31
30 36 37
383 385 384
386 388 387
389 391 390
392 394 393
395 397 396
398 400 399
40 47 41
40 46 47
401 45 402
403 44 45
404 43 405
406 42 43
407 42 408
409 410 42
411 413 412
414 45 415
416 418 417
419 421 420
52 59 53
52 58 59
50 57 51
50 56 57
48 55 49
48 54 55
422 424 423
425 427 426
428 430 429
431 433 432
434 436 435
437 439 438
58 65 59
58 64 65
440 63 441
442 62 63
443 61 444
445 60 61
446 60 447
448 449 60
450 452 451
453 63 454
455 457 456
458 460 459
461 463 462
464 466 465
467 469 468
470 472 471
70 77 71
70 76 77
68 75 69
68 74 75
66 73 67
66 72 73
473 475 474
476 478 477
479 481 480
482 484 483
485 487 486
488 490 489
76 83 77
76 82 83
491 81 492
493 80 81
494 79 495
496 78 79
497 78 498
499 500 78
501 503 502
504 81 505
506 508 507
509 511 510
85 95 84
95 93 94
93 91 92
91 89 90
89 87 88
87 85 86
85 93 95
93 89 91
89 85 87
93 85 89
102 97 96
97 99 98
99 101 100
101 104 103
104 106 105
106 102 107
102 99 97
99 104 101
104 102 106
99 102 104
512 514 513
515 517 516
518 520 519
521 523 522
524 526 525
527 529 528
530 532 531
533 535 534
536 538 537
539 541 540
542 544 543
545 547 546
548 550 549
551 553 552
554 556 555
557 559 558
560 562 561
563 565 564
566 568 567
569 571 570
572 574 573
575 577 576
578 580 579
581 583 582
108 111 110
108 109 111
112 115 114
112 113 115
584 586 585
587 589 588
590 592 591
593 595 594
116 118 117
118 120 119
120 122 121
122 124 123
124 116 125
116 120 118
120 124 122
120 116 124
596 133 132
597 598 133
599 130 129
600 601 130
602 126 127
603 604 126
605 134 133
606 607 134
608 131 130
609 610 131
611 128 126
612 613 128
614 135 134
615 616 135
617 132 131
618 619 132
620 129 128
621 622 129
623 127 135
624 625 127
136 138 137
138 140 139
140 142 141
142 144 143
144 136 145
136 140 138
140 144 142
140 136 144
146 168 166
146 148 168
626 158 156
627 628 158
629 165 164
630 631 165
632 162 161
633 634 162
635 159 158
636 637 159
638 157 165
639 640 157
641 163 162
642 643 163
644 160 159
645 646 160
647 156 157
648 649 156
650 164 163
651 652 164
653 161 160
654 655 161
656 658 657
659 147 660
661 663 662
664 666 665
149 668 667
149 670 669
150 672 671
150 149 673
151 675 674
151 150 676
152 678 677
152 151 679
153 681 680
153 152 682
154 684 683
154 153 685
155 687 686
155 154 688
147 690 689
147 155 691
692 175 174
693 694 175
695 172 171
696 697 172
148 169 168
148 698 169
699 167 175
700 701 167
702 173 172
703 704 173
705 170 169
706 707 170
708 166 167
709 146 166
710 174 173
711 712 174
713 171 170
714 715 171
178 176 177
176 184 185
184 182 183
182 180 181
180 178 179
178 184 176
184 180 182
184 178 180
186 208 188
186 206 208
716 198 717
718 196 198
719 205 720
721 204 205
722 202 723
724 201 202
725 199 726
727 198 199
728 197 729
730 205 197
731 203 732
733 202 203
734 200 735
736 199 200
737 196 738
739 197 196
740 204 741
742 203 204
743 201 744
745 200 201
746 747 187
748 750 749
751 753 752
754 756 755
189 758 757
189 760 759
190 761 189
190 763 762
191 764 190
191 766 765
192 767 191
192 769 768
193 770 192
193 772 771
194 773 193
194 775 774
195 776 194
195 778 777
187 779 195
187 781 780
782 215 783
784 214 215
785 212 786
787 211 212
188 209 788
188 208 209
789 207 790
791 215 207
792 213 793
794 212 213
795 210 796
797 209 210
798 206 186
799 207 206
800 214 801
802 213 214
803 211 804
805 210 211
218 216 217
216 224 225
224 222 223
222 220 221
220 218 219
218 224 216
224 220 222
224 218 220
806 233 807
808 232 233
809 230 810
811 229 230
812 226 813
814 227 226
815 234 816
817 233 234
818 231 819
820 230 231
821 228 822
823 226 228
824 235 825
826 234 235
827 232 828
829 231 232
830 229 831
832 228 229
833 227 834
835 235 227
238 236 237
236 244 245
244 242 243
242 240 241
240 238 239
238 244 236
244 240 242
244 238 240
246 268 248
246 266 268
836 258 837
838 256 258
839 265 840
841 264 265
842 262 843
844 261 262
845 259 846
847 258 259
848 257 849
850 265 257
851 263 852
853 262 263
854 260 855
856 259 260
857 256 858
859 257 256
860 264 861
862 263 264
863 261 864
865 260 261
866 867 247
868 870 869
871 873 872
874 876 875
249 878 877
249 880 879
250 881 249
250 883 882
251 884 250
251 886 885
252 887 251
252 889 888
253 890 252
253 892 891
254 893 253
254 895 894
255 896 254
255 898 897
247 899 255
247 901 900
902 275 903
904 274 275
905 272 906
907 271 272
248 269 908
248 268 269
909 267 910
911 275 267
912 273 913
914 272 273
915 270 916
917 269 270
918 266 246
919 267 266
920 274 921
922 273 274
923 271 924
925 270 271
276 278 277
278 280 279
280 282 281
282 284 283
284 276 285
276 280 278
280 284 282
280 276 284
286 308 306
286 288 308
926 298 296
927 928 298
929 305 304
930 931 305
932 302 301
933 934 302
935 299 298
936 937 299
938 297 305
939 940 297
941 303 302
942 943 303
944 300 299
945 946 300
947 296 297
948 949 296
950 304 303
951 952 304
953 301 300
954 955 301
956 958 957
959 287 960
961 963 962
964 966 965
289 968 967
289 970 969
290 972 971
290 289 973
291 975 974
291 290 976
292 978 977
292 291 979
293 981 980
293 292 982
294 984 983
294 293 985
295 987 986
295 294 988
287 990 989
287 295 991
992 315 314
993 994 315
995 312 311
996 997 312
288 309 308
288 998 309
999 307 315
1000 1001 307
1002 313 312
1003 1004 313
1005 310 309
1006 1007 310
1008 306 307
1009 286 306
1010 314 313
1011 1012 314
1013 311 310
1014 1015 311
1016 1018 1017
1019 1021 1020
1022 1024 1023
1025 1027 1026
1028 1030 1029
1031 1033 1032
1034 1036 1035
1037 1039 1038
1040 1042 1041
1043 1045 1044
1046 1048 1047
1049 1051 1050
1052 1054 1053
1055 1057 1056
1058 1060 1059
1061 1063 1062
316 319 317
316 318 319
LABEL SWS_ElecBox
MATERIAL 2
TEXTURE 0
FLAG 0
GEOM 68 26
0.1155 -0.2973 0.1080 1.0000 0.0000 -0.0000
-0.0788 -0.3089 0.1129 0.0000 -1.0000 0.0000
0.1155 -0.2973 -0.1107 0.0000 0.0000 1.0000
-0.0788 -0.3089 -0.1156 0.0000 -1.0000 0.0000
0.1155 -0.2027 0.1080 1.0000 -0.0000 -0.0000
-0.0788 -0.1836 0.1129 0.0000 1.0000 0.0000
0.1155 -0.2027 -0.1107 0.0000 0.0000 1.0000
-0.0788 -0.1836 -0.1156 0.0000 1.0000 0.0000
0.1155 -0.3089 0.1129 0.0000 -1.0000 0.0000
0.1155 -0.3089 -0.1156 0.0000 -1.0000 0.0000
0.1155 -0.1836 0.1129 0.0000 1.0000 0.0000
0.1155 -0.1836 -0.1156 0.0000 1.0000 0.0000
0.0931 -0.2973 0.1080 0.0000 0.0000 -1.0000
0.0931 -0.2973 -0.1107 0.0000 0.0000 1.0000
0.0931 -0.2027 0.1080 0.0000 -1.0000 0.0000
0.0931 -0.2027 -0.1107 0.0000 0.0000 1.0000
0.1155 -0.3089 0.1129 0.0000 0.0000 1.0000
-0.0788 -0.3089 0.1129 0.0000 0.0000 1.0000
-0.0788 -0.1836 0.1129 0.0000 0.0000 1.0000
0.1155 -0.3089 0.1129 0.0000 0.0000 1.0000
-0.0788 -0.1836 0.1129 0.0000 0.0000 1.0000
0.1155 -0.1836 0.1129 0.0000 0.0000 1.0000
-0.0788 -0.3089 -0.1156 -0.0000 0.0000 -1.0000
0.1155 -0.3089 -0.1156 -0.0000 0.0000 -1.0000
0.1155 -0.1836 -0.1156 -0.0000 0.0000 -1.0000
-0.0788 -0.3089 -0.1156 -0.0000 0.0000 -1.0000
0.1155 -0.1836 -0.1156 -0.0000 0.0000 -1.0000
-0.0788 -0.1836 -0.1156 -0.0000 0.0000 -1.0000
-0.0788 -0.3089 -0.1156 -1.0000 0.0000 0.0000
-0.0788 -0.1836 -0.1156 -1.0000 0.0000 0.0000
-0.0788 -0.1836 0.1129 -1.0000 0.0000 0.0000
-0.0788 -0.3089 -0.1156 -1.0000 0.0000 0.0000
-0.0788 -0.1836 0.1129 -1.0000 0.0000 0.0000
-0.0788 -0.3089 0.1129 -1.0000 0.0000 0.0000
0.1155 -0.2973 -0.1107 1.0000 0.0000 -0.0000
0.1155 -0.3089 -0.1156 1.0000 0.0000 -0.0000
0.1155 -0.3089 -0.1156 1.0000 0.0000 -0.0000
0.1155 -0.3089 0.1129 1.0000 0.0000 -0.0000
0.1155 -0.2027 -0.1107 1.0000 -0.0000 -0.0000
0.1155 -0.1836 0.1129 1.0000 -0.0000 -0.0000
0.1155 -0.2027 -0.1107 1.0000 -0.0000 -0.0000
0.1155 -0.1836 0.1129 1.0000 -0.0000 -0.0000
0.1155 -0.1836 -0.1156 1.0000 -0.0000 -0.0000
0.1155 -0.3089 0.1129 1.0000 0.0000 0.0000
0.1155 -0.3089 0.1129 1.0000 0.0000 0.0000
0.1155 -0.1836 0.1129 1.0000 0.0000 0.0000
0.1155 -0.2973 -0.1107 1.0000 0.0000 0.0000
0.1155 -0.2027 -0.1107 1.0000 0.0000 0.0000
0.1155 -0.1836 -0.1156 1.0000 0.0000 0.0000
0.1155 -0.2973 -0.1107 1.0000 0.0000 0.0000
0.1155 -0.1836 -0.1156 1.0000 0.0000 0.0000
0.1155 -0.3089 -0.1156 1.0000 0.0000 0.0000
0.1155 -0.2027 0.1080 0.0000 -1.0000 0.0000
0.1155 -0.2027 -0.1107 0.0000 -1.0000 0.0000
0.0931 -0.2027 -0.1107 0.0000 -1.0000 0.0000
0.1155 -0.2027 0.1080 0.0000 -1.0000 0.0000
0.0931 -0.2027 -0.1107 0.0000 -1.0000 0.0000
0.1155 -0.2973 0.1080 0.0000 0.0000 -1.0000
0.1155 -0.2027 0.1080 0.0000 0.0000 -1.0000
0.0931 -0.2027 0.1080 0.0000 0.0000 -1.0000
0.1155 -0.2973 0.1080 0.0000 0.0000 -1.0000
0.0931 -0.2027 0.1080 0.0000 0.0000 -1.0000
0.1155 -0.2973 -0.1107 0.0000 1.0000 0.0000
0.1155 -0.2973 0.1080 0.0000 1.0000 0.0000
0.0931 -0.2973 0.1080 0.0000 1.0000 0.0000
0.1155 -0.2973 -0.1107 0.0000 1.0000 0.0000
0.0931 -0.2973 0.1080 0.0000 1.0000 0.0000
0.0931 -0.2973 -0.1107 0.0000 1.0000 0.0000
1 9 8
1 3 9
5 11 7
5 10 11
16 18 17
19 21 20
22 24 23
25 27 26
6 13 2
6 15 13
28 30 29
31 33 32
0 35 34
0 37 36
38 39 4
40 42 41
4 43 0
4 45 44
46 48 47
49 51 50
52 54 53
55 14 56
57 59 58
60 12 61
62 64 63
65 67 66
LABEL SWS_Legs
MATERIAL 3
TEXTURE 0
FLAG 0
GEOM 524 288
0.0024 -0.1599 0.1150 -0.6320 0.3171 -0.7071
0.0005 -0.1589 0.1199 -0.8938 0.4485 0.0000
0.0024 -0.1599 0.1249 -0.6320 0.3171 0.7071
0.0068 -0.1621 0.1269 0.0000 0.0000 1.0000
0.0112 -0.1643 0.1249 0.6320 -0.3171 0.7071
0.0130 -0.1652 0.1199 0.8938 -0.4485 0.0000
0.0112 -0.1643 0.1150 0.6320 -0.3171 -0.7071
0.0068 -0.1621 0.1129 -0.0000 -0.0000 -1.0000
-0.0568 -0.2841 0.1150 -0.0000 0.7071 -0.7071
-0.0568 -0.2821 0.1199 0.0000 1.0000 0.0000
-0.0568 -0.2841 0.1249 0.0000 0.7071 0.7071
-0.0568 -0.2891 0.1269 0.0000 0.0000 1.0000
-0.0568 -0.2940 0.1249 0.0000 -0.7071 0.7071
-0.0568 -0.2960 0.1199 -0.0000 -1.0000 0.0000
-0.0568 -0.2940 0.1150 -0.0000 -0.7071 -0.7071
-0.0568 -0.2891 0.1129 -0.0000 0.0000 -1.0000
0.0112 -0.1599 0.1150 0.6320 0.3171 -0.7071
0.0130 -0.1589 0.1199 0.8938 0.4485 -0.0000
0.0112 -0.1599 0.1249 0.6320 0.3171 0.7071
0.0024 -0.1643 0.1249 -0.6320 -0.3171 0.7071
0.0005 -0.1652 0.1199 -0.8938 -0.4485 -0.0000
0.0024 -0.1643 0.1150 -0.6320 -0.3171 -0.7071
0.0704 -0.2841 0.1150 -0.0000 0.7071 -0.7071
0.0704 -0.2821 0.1199 0.0000 1.0000 -0.0000
0.0704 -0.2841 0.1249 0.0000 0.7071 0.7071
0.0704 -0.2891 0.1269 0.0000 0.0000 1.0000
0.0704 -0.2940 0.1249 0.0000 -0.7071 0.7071
0.0704 -0.2960 0.1199 -0.0000 -1.0000 -0.0000
0.0704 -0.2940 0.1150 -0.0000 -0.7071 -0.7071
0.0704 -0.2891 0.1129 -0.0000 0.0000 -1.0000
0.1303 -0.3927 0.1199 0.8938 0.4485 -0.0000
-0.1145 -0.3927 0.1249 -0.6857 0.3440 0.6415
-0.1089 -0.3927 0.1269 -0.1016 0.0510 0.9935
0.1280 -0.3927 0.1249 0.6857 0.3440 0.6415
-0.1034 -0.3927 0.1249 0.5821 -0.2921 0.7589
0.1225 -0.3927 0.1269 0.1016 0.0510 0.9935
-0.1011 -0.3927 0.1199 0.8938 -0.4485 0.0000
0.1170 -0.3927 0.1249 -0.5821 -0.2921 0.7589
-0.1034 -0.3927 0.1150 0.5821 -0.2921 -0.7589
0.1147 -0.3927 0.1199 -0.8938 -0.4485 0.0000
-0.1145 -0.3927 0.1150 -0.6857 0.3440 -0.6415
-0.1089 -0.3927 0.1129 -0.1016 0.0510 -0.9935
0.1170 -0.3927 0.1150 -0.5821 -0.2921 -0.7589
0.1280 -0.3927 0.1150 0.6857 0.3440 -0.6415
-0.1167 -0.3927 0.1199 -0.8938 0.4485 0.0000
0.1225 -0.3927 0.1129 0.1016 0.0510 -0.9935
-0.0902 -0.3920 0.1177 1.0000 -0.0000 -0.0000
-0.1096 -0.3920 0.1360 -0.0000 1.0000 0.0000
-0.1189 -0.3920 0.1008 -0.0000 1.0000 0.0000
-0.0902 -0.3993 0.1177 1.0000 -0.0000 -0.0000
-0.1096 -0.3993 0.1360 0.0000 -1.0000 0.0000
-0.1189 -0.3993 0.1008 0.0000 -1.0000 0.0000
-0.0902 -0.3920 0.0752 1.0000 -0.0000 -0.0000
-0.0943 -0.3920 0.0698 0.0000 1.0000 0.0000
-0.0974 -0.3920 0.1360 0.0000 1.0000 0.0000
-0.0902 -0.3920 0.1286 1.0000 -0.0000 -0.0000
-0.1512 -0.3920 0.1286 -1.0000 0.0000 0.0000
-0.1426 -0.3920 0.1360 -0.0000 1.0000 0.0000
-0.1148 -0.3920 0.0698 0.0000 1.0000 0.0000
-0.1189 -0.3920 0.0752 0.0000 1.0000 0.0000
-0.1426 -0.3920 0.1008 -0.0000 1.0000 0.0000
-0.1512 -0.3920 0.1083 -1.0000 0.0000 0.0000
-0.1189 -0.3993 0.0752 -1.0000 0.0000 0.0000
-0.1148 -0.3993 0.0698 0.0000 -1.0000 0.0000
-0.0943 -0.3993 0.0698 0.0000 -1.0000 0.0000
-0.0902 -0.3993 0.0752 1.0000 -0.0000 -0.0000
-0.0902 -0.3993 0.1286 1.0000 -0.0000 -0.0000
-0.0974 -0.3993 0.1360 0.0000 -1.0000 0.0000
-0.1426 -0.3993 0.1360 0.0000 -1.0000 0.0000
-0.1512 -0.3993 0.1286 -1.0000 0.0000 0.0000
-0.1512 -0.3993 0.1083 -1.0000 0.0000 0.0000
-0.1426 -0.3993 0.1008 0.0000 -1.0000 0.0000
0.1038 -0.3920 0.1177 -1.0000 -0.0000 0.0000
0.1232 -0.3920 0.1360 0.0000 1.0000 0.0000
0.1325 -0.3920 0.1008 0.0000 1.0000 0.0000
0.1038 -0.3993 0.1177 -1.0000 -0.0000 0.0000
0.1232 -0.3993 0.1360 0.0000 -1.0000 0.0000
0.1325 -0.3993 0.1008 0.0000 -1.0000 0.0000
0.1038 -0.3920 0.0752 -1.0000 -0.0000 0.0000
0.1079 -0.3920 0.0698 -0.0000 1.0000 0.0000
0.1110 -0.3920 0.1360 -0.0000 1.0000 0.0000
0.1038 -0.3920 0.1286 -1.0000 -0.0000 0.0000
0.1648 -0.3920 0.1286 1.0000 0.0000 -0.0000
0.1561 -0.3920 0.1360 0.0000 1.0000 0.0000
0.1284 -0.3920 0.0698 -0.0000 1.0000 0.0000
0.1325 -0.3920 0.0752 -0.0000 1.0000 0.0000
0.1561 -0.3920 0.1008 0.0000 1.0000 0.0000
0.1648 -0.3920 0.1083 1.0000 0.0000 -0.0000
0.1325 -0.3993 0.0752 1.0000 0.0000 0.0000
0.1284 -0.3993 0.0698 0.0000 -1.0000 0.0000
0.1079 -0.3993 0.0698 0.0000 -1.0000 0.0000
0.1038 -0.3993 0.0752 -1.0000 -0.0000 0.0000
0.1038 -0.3993 0.1286 -1.0000 -0.0000 0.0000
0.1110 -0.3993 0.1360 0.0000 -1.0000 0.0000
0.1561 -0.3993 0.1360 -0.0000 -1.0000 0.0000
0.1648 -0.3993 0.1286 1.0000 0.0000 -0.0000
0.1648 -0.3993 0.1083 1.0000 0.0000 -0.0000
0.1561 -0.3993 0.1008 -0.0000 -1.0000 0.0000
0.0024 -0.1599 -0.1178 -0.6320 0.3171 0.7071
0.0005 -0.1589 -0.1227 -0.8938 0.4485 -0.0000
0.0024 -0.1599 -0.1277 -0.6320 0.3171 -0.7071
0.0068 -0.1621 -0.1297 0.0000 -0.0000 -1.0000
0.0112 -0.1643 -0.1277 0.6320 -0.3171 -0.7071
0.0130 -0.1652 -0.1227 0.8938 -0.4485 -0.0000
0.0112 -0.1643 -0.1178 0.6320 -0.3171 0.7071
0.0068 -0.1621 -0.1157 0.0000 -0.0000 1.0000
-0.0568 -0.2841 -0.1178 0.0000 0.7071 0.7071
-0.0568 -0.2821 -0.1227 -0.0000 1.0000 -0.0000
-0.0568 -0.2841 -0.1277 -0.0000 0.7071 -0.7071
-0.0568 -0.2891 -0.1297 -0.0000 0.0000 -1.0000
-0.0568 -0.2940 -0.1277 -0.0000 -0.7071 -0.7071
-0.0568 -0.2960 -0.1227 -0.0000 -1.0000 -0.0000
-0.0568 -0.2940 -0.1178 0.0000 -0.7071 0.7071
-0.0568 -0.2891 -0.1157 0.0000 0.0000 1.0000
0.0112 -0.1599 -0.1178 0.6320 0.3171 0.7071
0.0130 -0.1589 -0.1227 0.8938 0.4485 -0.0000
0.0112 -0.1599 -0.1277 0.6320 0.3171 -0.7071
0.0024 -0.1643 -0.1277 -0.6320 -0.3171 -0.7071
0.0005 -0.1652 -0.1227 -0.8938 -0.4485 0.0000
0.0024 -0.1643 -0.1178 -0.6320 -0.3171 0.7071
0.0704 -0.2841 -0.1178 0.0000 0.7071 0.7071
0.0704 -0.2821 -0.1227 -0.0000 1.0000 -0.0000
0.0704 -0.2841 -0.1277 -0.0000 0.7071 -0.7071
0.0704 -0.2891 -0.1297 -0.0000 0.0000 -1.0000
0.0704 -0.2940 -0.1277 -0.0000 -0.7071 -0.7071
0.0704 -0.2960 -0.1227 -0.0000 -1.0000 -0.0000
0.0704 -0.2940 -0.1178 0.0000 -0.7071 0.7071
0.0704 -0.2891 -0.1157 0.0000 0.0000 1.0000
0.1303 -0.3927 -0.1227 0.8938 0.4485 0.0000
-0.1145 -0.3927 -0.1277 -0.6857 0.3440 -0.6415
-0.1089 -0.3927 -0.1297 -0.1016 0.0510 -0.9935
0.1280 -0.3927 -0.1277 0.6857 0.3440 -0.6415
-0.1034 -0.3927 -0.1277 0.5821 -0.2921 -0.7589
0.1225 -0.3927 -0.1297 0.1016 0.0510 -0.9935
-0.1011 -0.3927 -0.1227 0.8938 -0.4485 -0.0000
0.1170 -0.3927 -0.1277 -0.5821 -0.2921 -0.7589
-0.1034 -0.3927 -0.1178 0.5821 -0.2921 0.7589
0.1147 -0.3927 -0.1227 -0.8938 -0.4485 0.0000
-0.1145 -0.3927 -0.1178 -0.6857 0.3440 0.6415
-0.1089 -0.3927 -0.1157 -0.1016 0.0510 0.9935
0.1170 -0.3927 -0.1178 -0.5821 -0.2921 0.7589
0.1280 -0.3927 -0.1178 0.6857 0.3440 0.6415
-0.1167 -0.3927 -0.1227 -0.8938 0.4485 -0.0000
0.1225 -0.3927 -0.1157 0.1016 0.0510 0.9935
-0.0902 -0.3920 -0.1205 1.0000 0.0000 -0.0000
-0.1096 -0.3920 -0.1388 -0.0000 1.0000 0.0000
-0.1189 -0.3920 -0.1036 -0.0000 1.0000 0.0000
-0.0902 -0.3993 -0.1205 1.0000 0.0000 -0.0000
-0.1096 -0.3993 -0.1388 0.0000 -1.0000 0.0000
-0.1189 -0.3993 -0.1036 0.0000 -1.0000 0.0000
-0.0902 -0.3920 -0.0780 1.0000 0.0000 -0.0000
-0.0943 -0.3920 -0.0726 0.0000 1.0000 0.0000
-0.0974 -0.3920 -0.1388 0.0000 1.0000 0.0000
-0.0902 -0.3920 -0.1314 1.0000 0.0000 -0.0000
-0.1512 -0.3920 -0.1314 -1.0000 0.0000 0.0000
-0.1426 -0.3920 -0.1388 -0.0000 1.0000 0.0000
-0.1148 -0.3920 -0.0726 0.0000 1.0000 0.0000
-0.1189 -0.3920 -0.0780 0.0000 1.0000 0.0000
-0.1426 -0.3920 -0.1036 -0.0000 1.0000 0.0000
-0.1512 -0.3920 -0.1111 -1.0000 0.0000 0.0000
-0.1189 -0.3993 -0.0780 -1.0000 0.0000 0.0000
-0.1148 -0.3993 -0.0726 -0.0000 -1.0000 0.0000
-0.0943 -0.3993 -0.0726 -0.0000 -1.0000 0.0000
-0.0902 -0.3993 -0.0780 1.0000 0.0000 -0.0000
-0.0902 -0.3993 -0.1314 1.0000 0.0000 -0.0000
-0.0974 -0.3993 -0.1388 0.0000 -1.0000 0.0000
-0.1426 -0.3993 -0.1388 0.0000 -1.0000 0.0000
-0.1512 -0.3993 -0.1314 -1.0000 0.0000 0.0000
-0.1512 -0.3993 -0.1111 -1.0000 0.0000 0.0000
-0.1426 -0.3993 -0.1036 0.0000 -1.0000 0.0000
0.1038 -0.3920 -0.1205 -1.0000 0.0000 0.0000
0.1232 -0.3920 -0.1388 0.0000 1.0000 0.0000
0.1325 -0.3920 -0.1036 0.0000 1.0000 0.0000
0.1038 -0.3993 -0.1205 -1.0000 0.0000 0.0000
0.1232 -0.3993 -0.1388 -0.0000 -1.0000 0.0000
0.1325 -0.3993 -0.1036 -0.0000 -1.0000 0.0000
0.1038 -0.3920 -0.0780 -1.0000 0.0000 0.0000
0.1079 -0.3920 -0.0726 -0.0000 1.0000 0.0000
0.1110 -0.3920 -0.1388 -0.0000 1.0000 0.0000
0.1038 -0.3920 -0.1314 -1.0000 0.0000 0.0000
0.1648 -0.3920 -0.1314 1.0000 0.0000 -0.0000
0.1561 -0.3920 -0.1388 0.0000 1.0000 0.0000
0.1284 -0.3920 -0.0726 -0.0000 1.0000 0.0000
0.1325 -0.3920 -0.0780 -0.0000 1.0000 0.0000
0.1561 -0.3920 -0.1036 0.0000 1.0000 0.0000
0.1648 -0.3920 -0.1111 1.0000 0.0000 -0.0000
0.1325 -0.3993 -0.0780 1.0000 0.0000 0.0000
0.1284 -0.3993 -0.0726 0.0000 -1.0000 0.0000
0.1079 -0.3993 -0.0726 0.0000 -1.0000 0.0000
0.1038 -0.3993 -0.0780 -1.0000 0.0000 0.0000
0.1038 -0.3993 -0.1314 -1.0000 0.0000 0.0000
0.1110 -0.3993 -0.1388 -0.0000 -1.0000 0.0000
0.1561 -0.3993 -0.1388 -0.0000 -1.0000 0.0000
0.1648 -0.3993 -0.1314 1.0000 0.0000 -0.0000
0.1648 -0.3993 -0.1111 1.0000 0.0000 -0.0000
0.1561 -0.3993 -0.1036 -0.0000 -1.0000 0.0000
-0.0902 -0.3993 0.1286 0.0000 -1.0000 0.0000
-0.0902 -0.3993 0.1177 0.0000 -1.0000 0.0000
-0.0902 -0.3993 0.1286 0.0000 -1.0000 0.0000
-0.1512 -0.3993 0.1083 0.0000 -1.0000 0.0000
-0.1512 -0.3993 0.1286 0.0000 -1.0000 0.0000
-0.1512 -0.3993 0.1286 0.0000 -1.0000 0.0000
-0.1512 -0.3993 0.1286 0.0000 -1.0000 0.0000
-0.1512 -0.3920 0.1286 -0.0000 1.0000 0.0000
-0.1512 -0.3920 0.1286 -0.0000 1.0000 0.0000
-0.1512 -0.3920 0.1083 -0.0000 1.0000 0.0000
-0.1512 -0.3920 0.1286 -0.0000 1.0000 0.0000
-0.0902 -0.3920 0.0752 0.0000 1.0000 0.0000
-0.0902 -0.3920 0.1177 0.0000 1.0000 0.0000
-0.0902 -0.3920 0.1177 0.0000 1.0000 0.0000
-0.0902 -0.3920 0.1177 0.0000 1.0000 0.0000
-0.1189 -0.3920 0.1008 -1.0000 0.0000 0.0000
-0.1189 -0.3993 0.1008 -1.0000 0.0000 0.0000
-0.1189 -0.3920 0.1008 -1.0000 0.0000 0.0000
-0.1189 -0.3920 0.0752 -1.0000 0.0000 0.0000
-0.0902 -0.3920 0.1177 0.0000 1.0000 0.0000
-0.0902 -0.3920 0.1286 0.0000 1.0000 0.0000
-0.0902 -0.3920 0.1286 0.0000 1.0000 0.0000
-0.0902 -0.3920 0.1286 0.0000 1.0000 0.0000
-0.1426 -0.3920 0.1008 -0.0000 0.0000 -1.0000
-0.1426 -0.3993 0.1008 -0.0000 0.0000 -1.0000
-0.1189 -0.3993 0.1008 -0.0000 0.0000 -1.0000
-0.1426 -0.3920 0.1008 -0.0000 0.0000 -1.0000
-0.1189 -0.3993 0.1008 -0.0000 0.0000 -1.0000
-0.1189 -0.3920 0.1008 -0.0000 0.0000 -1.0000
-0.0902 -0.3993 0.0752 0.0000 -1.0000 0.0000
-0.1189 -0.3993 0.0752 0.0000 -1.0000 0.0000
-0.0902 -0.3993 0.1177 0.0000 -1.0000 0.0000
-0.0902 -0.3993 0.0752 0.0000 -1.0000 0.0000
-0.0902 -0.3993 0.0752 0.0000 -1.0000 0.0000
-0.1512 -0.3920 0.1286 -0.6518 0.0000 0.7584
-0.1426 -0.3920 0.1360 -0.6518 0.0000 0.7584
-0.1426 -0.3993 0.1360 -0.6518 0.0000 0.7584
-0.1512 -0.3920 0.1286 -0.6518 0.0000 0.7584
-0.1426 -0.3993 0.1360 -0.6518 0.0000 0.7584
-0.1512 -0.3993 0.1286 -0.6518 0.0000 0.7584
-0.0902 -0.3920 0.0752 0.7902 0.0000 -0.6128
-0.0943 -0.3920 0.0698 0.7902 0.0000 -0.6128
-0.0943 -0.3993 0.0698 0.7902 0.0000 -0.6128
-0.0902 -0.3920 0.0752 0.7902 0.0000 -0.6128
-0.0943 -0.3993 0.0698 0.7902 0.0000 -0.6128
-0.0902 -0.3993 0.0752 0.7902 0.0000 -0.6128
-0.1189 -0.3993 0.0752 -0.7902 0.0000 -0.6128
-0.1148 -0.3993 0.0698 -0.7902 0.0000 -0.6128
-0.1148 -0.3920 0.0698 -0.7902 0.0000 -0.6128
-0.1189 -0.3993 0.0752 -0.7902 0.0000 -0.6128
-0.1148 -0.3920 0.0698 -0.7902 0.0000 -0.6128
-0.1189 -0.3920 0.0752 -0.7902 0.0000 -0.6128
-0.1426 -0.3920 0.1008 -0.6518 0.0000 -0.7584
-0.1512 -0.3920 0.1083 -0.6518 0.0000 -0.7584
-0.1512 -0.3993 0.1083 -0.6518 0.0000 -0.7584
-0.1426 -0.3920 0.1008 -0.6518 0.0000 -0.7584
-0.1512 -0.3993 0.1083 -0.6518 0.0000 -0.7584
-0.1426 -0.3993 0.1008 -0.6518 0.0000 -0.7584
-0.0974 -0.3920 0.1360 0.7178 0.0000 0.6962
-0.0902 -0.3920 0.1286 0.7178 0.0000 0.6962
-0.0902 -0.3993 0.1286 0.7178 0.0000 0.6962
-0.0974 -0.3920 0.1360 0.7178 0.0000 0.6962
-0.0902 -0.3993 0.1286 0.7178 0.0000 0.6962
-0.0974 -0.3993 0.1360 0.7178 0.0000 0.6962
-0.1148 -0.3920 0.0698 -0.0000 0.0000 -1.0000
-0.1148 -0.3993 0.0698 -0.0000 0.0000 -1.0000
-0.0943 -0.3993 0.0698 -0.0000 0.0000 -1.0000
-0.1148 -0.3920 0.0698 -0.0000 0.0000 -1.0000
-0.0943 -0.3993 0.0698 -0.0000 0.0000 -1.0000
-0.0943 -0.3920 0.0698 -0.0000 0.0000 -1.0000
-0.1096 -0.3920 0.1360 0.0000 -0.0000 1.0000
-0.0974 -0.3920 0.1360 0.0000 -0.0000 1.0000
-0.0974 -0.3993 0.1360 0.0000 -0.0000 1.0000
-0.1096 -0.3993 0.1360 0.0000 -0.0000 1.0000
-0.1426 -0.3993 0.1360 0.0000 -0.0000 1.0000
-0.1426 -0.3920 0.1360 0.0000 -0.0000 1.0000
-0.1096 -0.3920 0.1360 0.0000 -0.0000 1.0000
-0.0974 -0.3993 0.1360 0.0000 -0.0000 1.0000
-0.1096 -0.3993 0.1360 0.0000 -0.0000 1.0000
-0.1096 -0.3920 0.1360 0.0000 -0.0000 1.0000
-0.1096 -0.3993 0.1360 0.0000 -0.0000 1.0000
-0.1426 -0.3920 0.1360 0.0000 -0.0000 1.0000
0.1038 -0.3993 0.1177 0.0000 -1.0000 0.0000
0.1038 -0.3993 0.1286 0.0000 -1.0000 0.0000
0.1038 -0.3993 0.1286 0.0000 -1.0000 0.0000
0.1038 -0.3993 0.1286 0.0000 -1.0000 0.0000
0.1648 -0.3993 0.1286 -0.0000 -1.0000 0.0000
0.1648 -0.3993 0.1286 -0.0000 -1.0000 0.0000
0.1648 -0.3993 0.1083 -0.0000 -1.0000 0.0000
0.1648 -0.3993 0.1286 -0.0000 -1.0000 0.0000
0.1648 -0.3920 0.1083 0.0000 1.0000 0.0000
0.1648 -0.3920 0.1286 0.0000 1.0000 0.0000
0.1648 -0.3920 0.1286 0.0000 1.0000 0.0000
0.1648 -0.3920 0.1286 0.0000 1.0000 0.0000
0.1038 -0.3920 0.1177 -0.0000 1.0000 0.0000
0.1038 -0.3920 0.0752 -0.0000 1.0000 0.0000
0.1038 -0.3920 0.1177 -0.0000 1.0000 0.0000
0.1038 -0.3920 0.1177 -0.0000 1.0000 0.0000
0.1325 -0.3920 0.1008 1.0000 0.0000 0.0000
0.1325 -0.3920 0.0752 1.0000 0.0000 0.0000
0.1325 -0.3920 0.1008 1.0000 0.0000 0.0000
0.1325 -0.3993 0.1008 1.0000 0.0000 0.0000
0.1038 -0.3920 0.1286 -0.0000 1.0000 0.0000
0.1038 -0.3920 0.1177 -0.0000 1.0000 0.0000
0.1038 -0.3920 0.1286 -0.0000 1.0000 0.0000
0.1561 -0.3920 0.1008 -0.0000 0.0000 -1.0000
0.1325 -0.3920 0.1008 -0.0000 0.0000 -1.0000
0.1325 -0.3993 0.1008 -0.0000 0.0000 -1.0000
0.1561 -0.3920 0.1008 -0.0000 0.0000 -1.0000
0.1325 -0.3993 0.1008 -0.0000 0.0000 -1.0000
0.1561 -0.3993 0.1008 -0.0000 0.0000 -1.0000
0.1038 -0.3993 0.0752 0.0000 -1.0000 0.0000
0.1038 -0.3993 0.0752 0.0000 -1.0000 0.0000
0.1038 -0.3993 0.1177 0.0000 -1.0000 0.0000
0.1325 -0.3993 0.0752 0.0000 -1.0000 0.0000
0.1038 -0.3993 0.0752 0.0000 -1.0000 0.0000
0.1648 -0.3920 0.1286 0.6518 0.0000 0.7584
0.1648 -0.3993 0.1286 0.6518 0.0000 0.7584
0.1561 -0.3993 0.1360 0.6518 0.0000 0.7584
0.1648 -0.3920 0.1286 0.6518 0.0000 0.7584
0.1561 -0.3993 0.1360 0.6518 0.0000 0.7584
0.1561 -0.3920 0.1360 0.6518 0.0000 0.7584
0.1038 -0.3920 0.0752 -0.7902 0.0000 -0.6128
0.1038 -0.3993 0.0752 -0.7902 0.0000 -0.6128
0.1079 -0.3993 0.0698 -0.7902 0.0000 -0.6128
0.1038 -0.3920 0.0752 -0.7902 0.0000 -0.6128
0.1079 -0.3993 0.0698 -0.7902 0.0000 -0.6128
0.1079 -0.3920 0.0698 -0.7902 0.0000 -0.6128
0.1325 -0.3993 0.0752 0.7902 0.0000 -0.6128
0.1325 -0.3920 0.0752 0.7902 0.0000 -0.6128
0.1284 -0.3920 0.0698 0.7902 0.0000 -0.6128
0.1325 -0.3993 0.0752 0.7902 0.0000 -0.6128
0.1284 -0.3920 0.0698 0.7902 0.0000 -0.6128
0.1284 -0.3993 0.0698 0.7902 0.0000 -0.6128
0.1561 -0.3920 0.1008 0.6518 0.0000 -0.7584
0.1561 -0.3993 0.1008 0.6518 0.0000 -0.7584
0.1648 -0.3993 0.1083 0.6518 0.0000 -0.7584
0.1561 -0.3920 0.1008 0.6518 0.0000 -0.7584
0.1648 -0.3993 0.1083 0.6518 0.0000 -0.7584
0.1648 -0.3920 0.1083 0.6518 0.0000 -0.7584
0.1110 -0.3920 0.1360 -0.7178 0.0000 0.6962
0.1110 -0.3993 0.1360 -0.7178 0.0000 0.6962
0.1038 -0.3993 0.1286 -0.7178 0.0000 0.6962
0.1110 -0.3920 0.1360 -0.7178 0.0000 0.6962
0.1038 -0.3993 0.1286 -0.7178 0.0000 0.6962
0.1038 -0.3920 0.1286 -0.7178 0.0000 0.6962
0.1284 -0.3920 0.0698 -0.0000 0.0000 -1.0000
0.1079 -0.3920 0.0698 -0.0000 0.0000 -1.0000
0.1079 -0.3993 0.0698 -0.0000 0.0000 -1.0000
0.1284 -0.3920 0.0698 -0.0000 0.0000 -1.0000
0.1079 -0.3993 0.0698 -0.0000 0.0000 -1.0000
0.1284 -0.3993 0.0698 -0.0000 0.0000 -1.0000
0.1232 -0.3920 0.1360 0.0000 0.0000 1.0000
0.1561 -0.3920 0.1360 0.0000 0.0000 1.0000
0.1561 -0.3993 0.1360 0.0000 0.0000 1.0000
0.1232 -0.3993 0.1360 0.0000 0.0000 1.0000
0.1110 -0.3993 0.1360 0.0000 0.0000 1.0000
0.1110 -0.3920 0.1360 0.0000 0.0000 1.0000
0.1232 -0.3920 0.1360 0.0000 0.0000 1.0000
0.1561 -0.3993 0.1360 0.0000 0.0000 1.0000
0.1232 -0.3993 0.1360 0.0000 0.0000 1.0000
0.1232 -0.3920 0.1360 0.0000 0.0000 1.0000
0.1232 -0.3993 0.1360 0.0000 0.0000 1.0000
0.1110 -0.3920 0.1360 0.0000 0.0000 1.0000
-0.0902 -0.3993 -0.1205 0.0000 -1.0000 0.0000
-0.0902 -0.3993 -0.1314 0.0000 -1.0000 0.0000
-0.0902 -0.3993 -0.1314 0.0000 -1.0000 0.0000
-0.0902 -0.3993 -0.1314 0.0000 -1.0000 0.0000
-0.1512 -0.3993 -0.1314 0.0000 -1.0000 0.0000
-0.1512 -0.3993 -0.1314 0.0000 -1.0000 0.0000
-0.1512 -0.3993 -0.1111 0.0000 -1.0000 0.0000
-0.1512 -0.3993 -0.1314 0.0000 -1.0000 0.0000
-0.1512 -0.3920 -0.1111 -0.0000 1.0000 0.0000
-0.1512 -0.3920 -0.1314 -0.0000 1.0000 0.0000
-0.1512 -0.3920 -0.1314 -0.0000 1.0000 0.0000
-0.1512 -0.3920 -0.1314 -0.0000 1.0000 0.0000
-0.0902 -0.3920 -0.1205 0.0000 1.0000 0.0000
-0.0902 -0.3920 -0.0780 0.0000 1.0000 0.0000
-0.0902 -0.3920 -0.1205 0.0000 1.0000 0.0000
-0.0902 -0.3920 -0.1205 0.0000 1.0000 0.0000
-0.1189 -0.3920 -0.1036 -1.0000 0.0000 0.0000
-0.1189 -0.3920 -0.0780 -1.0000 0.0000 0.0000
-0.1189 -0.3920 -0.1036 -1.0000 0.0000 0.0000
-0.1189 -0.3993 -0.1036 -1.0000 0.0000 0.0000
-0.0902 -0.3920 -0.1314 0.0000 1.0000 0.0000
-0.0902 -0.3920 -0.1205 0.0000 1.0000 0.0000
-0.0902 -0.3920 -0.1314 0.0000 1.0000 0.0000
-0.1426 -0.3920 -0.1036 0.0000 0.0000 1.0000
-0.1189 -0.3920 -0.1036 0.0000 0.0000 1.0000
-0.1189 -0.3993 -0.1036 0.0000 0.0000 1.0000
-0.1426 -0.3920 -0.1036 0.0000 0.0000 1.0000
-0.1189 -0.3993 -0.1036 0.0000 0.0000 1.0000
-0.1426 -0.3993 -0.1036 0.0000 0.0000 1.0000
-0.0902 -0.3993 -0.0780 -0.0000 -1.0000 0.0000
-0.0902 -0.3993 -0.0780 -0.0000 -1.0000 0.0000
-0.0902 -0.3993 -0.1205 -0.0000 -1.0000 0.0000
-0.1189 -0.3993 -0.0780 -0.0000 -1.0000 0.0000
-0.0902 -0.3993 -0.0780 -0.0000 -1.0000 0.0000
-0.1512 -0.3920 -0.1314 -0.6518 0.0000 -0.7584
-0.1512 -0.3993 -0.1314 -0.6518 0.0000 -0.7584
-0.1426 -0.3993 -0.1388 -0.6518 0.0000 -0.7584
-0.1512 -0.3920 -0.1314 -0.6518 0.0000 -0.7584
-0.1426 -0.3993 -0.1388 -0.6518 0.0000 -0.7584
-0.1426 -0.3920 -0.1388 -0.6518 0.0000 -0.7584
-0.0902 -0.3920 -0.0780 0.7902 0.0000 0.6128
-0.0902 -0.3993 -0.0780 0.7902 0.0000 0.6128
-0.0943 -0.3993 -0.0726 0.7902 0.0000 0.6128
-0.0902 -0.3920 -0.0780 0.7902 0.0000 0.6128
-0.0943 -0.3993 -0.0726 0.7902 0.0000 0.6128
-0.0943 -0.3920 -0.0726 0.7902 0.0000 0.6128
-0.1189 -0.3993 -0.0780 -0.7902 0.0000 0.6128
-0.1189 -0.3920 -0.0780 -0.7902 0.0000 0.6128
-0.1148 -0.3920 -0.0726 -0.7902 0.0000 0.6128
-0.1189 -0.3993 -0.0780 -0.7902 0.0000 0.6128
-0.1148 -0.3920 -0.0726 -0.7902 0.0000 0.6128
-0.1148 -0.3993 -0.0726 -0.7902 0.0000 0.6128
-0.1426 -0.3920 -0.1036 -0.6518 0.0000 0.7584
-0.1426 -0.3993 -0.1036 -0.6518 0.0000 0.7584
-0.1512 -0.3993 -0.1111 -0.6518 0.0000 0.7584
-0.1426 -0.3920 -0.1036 -0.6518 0.0000 0.7584
-0.1512 -0.3993 -0.1111 -0.6518 0.0000 0.7584
-0.1512 -0.3920 -0.1111 -0.6518 0.0000 0.7584
-0.0974 -0.3920 -0.1388 0.7178 0.0000 -0.6962
-0.0974 -0.3993 -0.1388 0.7178 0.0000 -0.6962
-0.0902 -0.3993 -0.1314 0.7178 0.0000 -0.6962
-0.0974 -0.3920 -0.1388 0.7178 0.0000 -0.6962
-0.0902 -0.3993 -0.1314 0.7178 0.0000 -0.6962
-0.0902 -0.3920 -0.1314 0.7178 0.0000 -0.6962
-0.1148 -0.3920 -0.0726 0.0000 0.0000 1.0000
-0.0943 -0.3920 -0.0726 0.0000 0.0000 1.0000
-0.0943 -0.3993 -0.0726 0.0000 0.0000 1.0000
-0.1148 -0.3920 -0.0726 0.0000 0.0000 1.0000
-0.0943 -0.3993 -0.0726 0.0000 0.0000 1.0000
-0.1148 -0.3993 -0.0726 0.0000 0.0000 1.0000
-0.1096 -0.3920 -0.1388 -0.0000 0.0000 -1.0000
-0.1426 -0.3920 -0.1388 -0.0000 0.0000 -1.0000
-0.1426 -0.3993 -0.1388 -0.0000 0.0000 -1.0000
-0.1096 -0.3993 -0.1388 -0.0000 0.0000 -1.0000
-0.0974 -0.3993 -0.1388 -0.0000 0.0000 -1.0000
-0.0974 -0.3920 -0.1388 -0.0000 0.0000 -1.0000
-0.1096 -0.3920 -0.1388 -0.0000 0.0000 -1.0000
-0.1426 -0.3993 -0.1388 -0.0000 0.0000 -1.0000
-0.1096 -0.3993 -0.1388 -0.0000 0.0000 -1.0000
-0.1096 -0.3920 -0.1388 -0.0000 0.0000 -1.0000
-0.1096 -0.3993 -0.1388 -0.0000 0.0000 -1.0000
-0.0974 -0.3920 -0.1388 -0.0000 0.0000 -1.0000
0.1038 -0.3993 -0.1314 -0.0000 -1.0000 0.0000
0.1038 -0.3993 -0.1205 -0.0000 -1.0000 0.0000
0.1038 -0.3993 -0.1314 -0.0000 -1.0000 0.0000
0.1648 -0.3993 -0.1111 -0.0000 -1.0000 0.0000
0.1648 -0.3993 -0.1314 -0.0000 -1.0000 0.0000
0.1648 -0.3993 -0.1314 -0.0000 -1.0000 0.0000
0.1648 -0.3993 -0.1314 -0.0000 -1.0000 0.0000
0.1648 -0.3920 -0.1314 0.0000 1.0000 0.0000
0.1648 -0.3920 -0.1314 0.0000 1.0000 0.0000
0.1648 -0.3920 -0.1111 0.0000 1.0000 0.0000
0.1648 -0.3920 -0.1314 0.0000 1.0000 0.0000
0.1038 -0.3920 -0.0780 -0.0000 1.0000 0.0000
0.1038 -0.3920 -0.1205 -0.0000 1.0000 0.0000
0.1038 -0.3920 -0.1205 -0.0000 1.0000 0.0000
0.1038 -0.3920 -0.1205 -0.0000 1.0000 0.0000
0.1325 -0.3920 -0.1036 1.0000 0.0000 0.0000
0.1325 -0.3993 -0.1036 1.0000 0.0000 0.0000
0.1325 -0.3920 -0.1036 1.0000 0.0000 0.0000
0.1325 -0.3920 -0.0780 1.0000 0.0000 0.0000
0.1038 -0.3920 -0.1205 -0.0000 1.0000 0.0000
0.1038 -0.3920 -0.1314 -0.0000 1.0000 0.0000
0.1038 -0.3920 -0.1314 -0.0000 1.0000 0.0000
0.1038 -0.3920 -0.1314 -0.0000 1.0000 0.0000
0.1561 -0.3920 -0.1036 0.0000 0.0000 1.0000
0.1561 -0.3993 -0.1036 0.0000 0.0000 1.0000
0.1325 -0.3993 -0.1036 0.0000 0.0000 1.0000
0.1561 -0.3920 -0.1036 0.0000 0.0000 1.0000
0.1325 -0.3993 -0.1036 0.0000 0.0000 1.0000
0.1325 -0.3920 -0.1036 0.0000 0.0000 1.0000
0.1038 -0.3993 -0.0780 0.0000 -1.0000 0.0000
0.1325 -0.3993 -0.0780 0.0000 -1.0000 0.0000
0.1038 -0.3993 -0.1205 0.0000 -1.0000 0.0000
0.1038 -0.3993 -0.0780 0.0000 -1.0000 0.0000
0.1038 -0.3993 -0.0780 0.0000 -1.0000 0.0000
0.1648 -0.3920 -0.1314 0.6518 0.0000 -0.7584
0.1561 -0.3920 -0.1388 0.6518 0.0000 -0.7584
0.1561 -0.3993 -0.1388 0.6518 0.0000 -0.7584
0.1648 -0.3920 -0.1314 0.6518 0.0000 -0.7584
0.1561 -0.3993 -0.1388 0.6518 0.0000 -0.7584
0.1648 -0.3993 -0.1314 0.6518 0.0000 -0.7584
0.1038 -0.3920 -0.0780 -0.7902 0.0000 0.6128
0.1079 -0.3920 -0.0726 -0.7902 0.0000 0.6128
0.1079 -0.3993 -0.0726 -0.7902 0.0000 0.6128
0.1038 -0.3920 -0.0780 -0.7902 0.0000 0.6128
0.1079 -0.3993 -0.0726 -0.7902 0.0000 0.6128
0.1038 -0.3993 -0.0780 -0.7902 0.0000 0.6128
0.1325 -0.3993 -0.0780 0.7902 0.0000 0.6128
0.1284 -0.3993 -0.0726 0.7902 0.0000 0.6128
0.1284 -0.3920 -0.0726 0.7902 0.0000 0.6128
0.1325 -0.3993 -0.0780 0.7902 0.0000 0.6128
0.1284 -0.3920 -0.0726 0.7902 0.0000 0.6128
0.1325 -0.3920 -0.0780 0.7902 0.0000 0.6128
0.1561 -0.3920 -0.1036 0.6518 0.0000 0.7584
0.1648 -0.3920 -0.1111 0.6518 0.0000 0.7584
0.1648 -0.3993 -0.1111 0.6518 0.0000 0.7584
0.1561 -0.3920 -0.1036 0.6518 0.0000 0.7584
0.1648 -0.3993 -0.1111 0.6518 0.0000 0.7584
0.1561 -0.3993 -0.1036 0.6518 0.0000 0.7584
0.1110 -0.3920 -0.1388 -0.7178 0.0000 -0.6962
0.1038 -0.3920 -0.1314 -0.7178 0.0000 -0.6962
0.1038 -0.3993 -0.1314 -0.7178 0.0000 -0.6962
0.1110 -0.3920 -0.1388 -0.7178 0.0000 -0.6962
0.1038 -0.3993 -0.1314 -0.7178 0.0000 -0.6962
0.1110 -0.3993 -0.1388 -0.7178 0.0000 -0.6962
0.1284 -0.3920 -0.0726 0.0000 0.0000 1.0000
0.1284 -0.3993 -0.0726 0.0000 0.0000 1.0000
0.1079 -0.3993 -0.0726 0.0000 0.0000 1.0000
0.1284 -0.3920 -0.0726 0.0000 0.0000 1.0000
0.1079 -0.3993 -0.0726 0.0000 0.0000 1.0000
0.1079 -0.3920 -0.0726 0.0000 0.0000 1.0000
0.1232 -0.3920 -0.1388 -0.0000 0.0000 -1.0000
0.1110 -0.3920 -0.1388 -0.0000 0.0000 -1.0000
0.1110 -0.3993 -0.1388 -0.0000 0.0000 -1.0000
0.1232 -0.3993 -0.1388 -0.0000 0.0000 -1.0000
0.1561 -0.3993 -0.1388 -0.0000 0.0000 -1.0000
0.1561 -0.3920 -0.1388 -0.0000 0.0000 -1.0000
0.1232 -0.3920 -0.1388 -0.0000 0.0000 -1.0000
0.1110 -0.3993 -0.1388 -0.0000 0.0000 -1.0000
0.1232 -0.3993 -0.1388 -0.0000 0.0000 -1.0000
0.1232 -0.3920 -0.1388 -0.0000 0.0000 -1.0000
0.1232 -0.3993 -0.1388 -0.0000 0.0000 -1.0000
0.1561 -0.3920 -0.1388 -0.0000 0.0000 -1.0000
0 41 40
0 7 41
1 40 44
1 0 40
2 44 31
2 1 44
3 31 32
3 2 31
4 32 34
4 3 32
5 34 36
5 4 34
6 36 38
6 5 36
7 38 41
7 6 38
14 29 28
14 15 29
9 24 23
9 10 24
10 25 24
10 11 25
11 26 25
11 12 26
13 28 27
13 14 28
15 22 29
15 8 22
12 27 26
12 13 27
16 45 7
16 43 45
17 43 16
17 30 43
18 30 17
18 33 30
3 33 18
3 35 33
19 35 3
19 37 35
20 37 19
20 39 37
21 39 20
21 42 39
7 42 21
7 45 42
8 23 22
8 9 23
56 70 69
56 61 70
49 55 66
46 65 52
49 46 55
49 65 46
196 51 197
51 67 50
51 198 67
50 71 51
71 200 199
201 50 68
71 50 202
60 47 48
47 203 57
204 60 205
47 60 206
53 208 207
209 59 48
59 53 58
210 53 59
211 62 212
213 214 62
48 216 215
217 47 54
218 48 47
219 221 220
222 224 223
225 63 64
63 51 226
51 228 227
63 229 51
230 232 231
233 235 234
236 238 237
239 241 240
242 244 243
245 247 246
248 250 249
251 253 252
254 256 255
257 259 258
260 262 261
263 265 264
266 268 267
269 271 270
272 274 273
275 277 276
82 96 87
82 95 96
75 78 91
72 92 81
75 72 78
75 92 72
77 279 278
280 76 93
281 77 76
97 76 77
76 282 94
283 97 284
76 97 285
73 86 74
86 287 286
288 73 83
86 73 289
290 79 291
79 85 84
85 292 74
79 293 85
294 88 295
296 297 88
298 74 299
74 80 73
74 300 80
301 303 302
304 306 305
89 307 90
308 77 309
77 89 310
311 89 77
312 314 313
315 317 316
318 320 319
321 323 322
324 326 325
327 329 328
330 332 331
333 335 334
336 338 337
339 341 340
342 344 343
345 347 346
348 350 349
351 353 352
354 356 355
357 359 358
98 139 105
98 138 139
99 138 98
99 142 138
100 142 99
100 129 142
101 129 100
101 130 129
102 130 101
102 132 130
103 132 102
103 134 132
104 134 103
104 136 134
105 136 104
105 139 136
112 127 113
112 126 127
107 122 108
107 121 122
108 123 109
108 122 123
109 124 110
109 123 124
111 126 112
111 125 126
113 120 106
113 127 120
110 125 111
110 124 125
114 143 141
114 105 143
115 141 128
115 114 141
116 128 131
116 115 128
101 131 133
101 116 131
117 133 135
117 101 133
118 135 137
118 117 135
119 137 140
119 118 137
105 140 143
105 119 140
106 121 107
106 120 121
154 168 159
154 167 168
147 150 163
144 164 153
147 144 150
147 164 144
149 361 360
362 148 165
363 149 148
169 148 149
148 364 166
365 169 366
148 169 367
145 158 146
158 369 368
370 145 155
158 145 371
372 151 373
151 157 156
157 374 146
151 375 157
376 160 377
378 379 160
380 146 381
146 152 145
146 382 152
383 385 384
386 388 387
161 389 162
390 149 391
149 161 392
393 161 149
394 396 395
397 399 398
400 402 401
403 405 404
406 408 407
409 411 410
412 414 413
415 417 416
418 420 419
421 423 422
424 426 425
427 429 428
430 432 431
433 435 434
436 438 437
439 441 440
180 194 193
180 185 194
173 179 190
170 189 176
173 170 179
173 189 170
442 175 443
175 191 174
175 444 191
174 195 175
195 446 445
447 174 192
195 174 448
184 171 172
171 449 181
450 184 451
171 184 452
177 454 453
455 183 172
183 177 182
456 177 183
457 186 458
459 460 186
172 462 461
463 171 178
464 172 171
465 467 466
468 470 469
471 187 188
187 175 472
175 474 473
187 475 175
476 478 477
479 481 480
482 484 483
485 487 486
488 490 489
491 493 492
494 496 495
497 499 498
500 502 501
503 505 504
506 508 507
509 511 510
512 514 513
515 517 516
518 520 519
521 523 522
LABEL SWS_Sensor
MATERIAL 4
TEXTURE 1
FLAG 0
GEOM 136 58
0.0471 -0.0612 -0.0572 0.0000 1.0000 0.0000 0.0169 0.4021
0.0858 -0.0612 0.0097 0.0000 1.0000 0.0000 0.1109 0.4564
0.0471 -0.0612 0.0767 0.0000 1.0000 0.0000 0.2049 0.4021
-0.0302 -0.0612 0.0767 0.0000 1.0000 0.0000 0.2049 0.2936
-0.0688 -0.0612 0.0097 0.0000 1.0000 0.0000 0.1109 0.2394
-0.0302 -0.0612 -0.0572 0.0000 1.0000 0.0000 0.0169 0.2936
0.0611 -0.1096 -0.0815 -0.0000 0.5002 -0.8659 0.1893 0.3780
0.1138 -0.1096 0.0097 0.7499 0.5002 0.4329 0.0324 0.3780
0.0611 -0.1096 0.1010 0.7499 0.5002 0.4329 0.1893 0.3780
-0.0442 -0.1096 0.1010 -0.7499 0.5002 0.4329 0.0324 0.3780
-0.0969 -0.1096 0.0097 -0.7499 0.5002 0.4329 0.1893 0.3780
-0.0442 -0.1096 -0.0815 -0.7499 0.5002 -0.4329 0.1893 0.3780
0.1138 -0.1501 0.0519 1.0000 0.0000 -0.0000 0.1661 0.4470
0.1138 -0.1501 -0.0324 0.9659 0.0000 -0.2588 0.0390 0.4470
-0.0807 -0.1377 -0.0604 -0.7499 0.5002 -0.4329 0.1350 0.4299
0.0976 -0.1377 0.0799 0.7499 0.5002 0.4329 0.1350 0.4299
0.0976 -0.1501 -0.0604 0.8660 0.0000 -0.5000 0.1062 0.1161
0.0247 -0.1501 -0.1026 0.2588 0.0000 -0.9659 0.0390 0.4470
0.0247 -0.1377 0.1221 0.0000 0.5002 0.8659 0.0867 0.4299
-0.0077 -0.1377 -0.1026 -0.0000 0.5002 -0.8659 0.0867 0.4299
-0.0077 -0.1501 -0.1026 -0.5000 0.0000 -0.8660 0.1661 0.4470
-0.0807 -0.1501 -0.0604 -0.7071 0.0000 -0.7071 0.0390 0.4470
-0.0077 -0.1377 0.1221 0.0000 0.5002 0.8659 0.1350 0.4299
0.0247 -0.1377 -0.1026 -0.0000 0.5002 -0.8659 0.1350 0.4299
-0.0969 -0.1501 -0.0324 -0.9659 0.0000 -0.2588 0.1661 0.4470
-0.0969 -0.1501 0.0519 -0.9659 0.0000 0.2588 0.0390 0.4470
-0.0807 -0.1377 0.0799 -0.7499 0.5002 0.4329 0.0867 0.4299
0.0976 -0.1377 -0.0604 0.8660 0.0000 -0.5000 0.1062 0.1161
-0.0807 -0.1501 0.0799 -0.5000 0.0000 0.8660 0.1661 0.4470
-0.0077 -0.1501 0.1221 -0.2588 0.0000 0.9659 0.0390 0.4470
-0.0969 -0.1377 0.0519 -0.7499 0.5002 0.4329 0.1350 0.4299
0.1138 -0.1377 -0.0324 0.9760 0.0000 -0.2178 0.0390 0.4282
0.0247 -0.1501 0.1221 0.2588 0.0000 0.9659 0.1661 0.4470
0.0976 -0.1501 0.0799 0.7071 0.0000 0.7071 0.0390 0.4470
-0.0969 -0.1377 -0.0324 -0.7499 0.5002 -0.4329 0.0867 0.4299
0.1138 -0.1377 0.0519 0.7499 0.5002 0.4329 0.0867 0.4299
0.0471 -0.0612 -0.0572 0.7499 0.5002 -0.4329 0.0533 0.2975
0.0858 -0.0612 0.0097 0.7499 0.5002 -0.4329 0.1684 0.2975
0.0611 -0.1096 -0.0815 0.7499 0.5002 -0.4329 0.0324 0.3780
0.1138 -0.1096 0.0097 0.7499 0.5002 -0.4329 0.1893 0.3780
0.0976 -0.1377 -0.0604 0.7499 0.5002 -0.4329 0.0867 0.4299
0.1138 -0.1377 -0.0324 0.7499 0.5002 -0.4329 0.1350 0.4299
-0.0688 -0.0612 0.0097 -0.7499 0.5002 0.4329 0.1684 0.2975
-0.0302 -0.0612 0.0767 -0.7499 0.5002 0.4329 0.0533 0.2975
-0.0302 -0.0612 0.0767 -0.7499 0.5002 0.4329 0.0533 0.2975
-0.0302 -0.0612 0.0767 -0.7499 0.5002 0.4329 0.0533 0.2975
-0.0302 -0.0612 -0.0572 -0.7499 0.5002 -0.4329 0.1684 0.2975
-0.0688 -0.0612 0.0097 -0.7499 0.5002 -0.4329 0.0533 0.2975
-0.0688 -0.0612 0.0097 -0.7499 0.5002 -0.4329 0.0533 0.2975
-0.0969 -0.1096 0.0097 -0.7499 0.5002 -0.4329 0.0324 0.3780
-0.0688 -0.0612 0.0097 -0.7499 0.5002 -0.4329 0.0533 0.2975
0.0471 -0.0612 -0.0572 -0.0000 0.5002 -0.8659 0.1684 0.2975
-0.0302 -0.0612 -0.0572 -0.0000 0.5002 -0.8659 0.0533 0.2975
-0.0302 -0.0612 -0.0572 -0.0000 0.5002 -0.8659 0.0533 0.2975
-0.0442 -0.1096 -0.0815 -0.0000 0.5002 -0.8659 0.0324 0.3780
-0.0302 -0.0612 -0.0572 -0.0000 0.5002 -0.8659 0.0533 0.2975
0.0471 -0.0612 0.0767 0.7499 0.5002 0.4329 0.1684 0.2975
0.0858 -0.0612 0.0097 0.7499 0.5002 0.4329 0.0533 0.2975
0.0858 -0.0612 0.0097 0.7499 0.5002 0.4329 0.0533 0.2975
0.0858 -0.0612 0.0097 0.7499 0.5002 0.4329 0.0533 0.2975
-0.0442 -0.1096 0.1010 0.0000 0.5002 0.8659 0.1893 0.3780
-0.0302 -0.0612 0.0767 0.0000 0.5002 0.8659 0.1684 0.2975
0.0471 -0.0612 0.0767 0.0000 0.5002 0.8659 0.0533 0.2975
0.0471 -0.0612 0.0767 0.0000 0.5002 0.8659 0.0533 0.2975
0.0611 -0.1096 0.1010 0.0000 0.5002 0.8659 0.0324 0.3780
-0.0442 -0.1096 0.1010 0.0000 0.5002 0.8659 0.1893 0.3780
0.0471 -0.0612 0.0767 0.0000 0.5002 0.8659 0.0533 0.2975
-0.0442 -0.1096 0.1010 0.0000 0.5002 0.8659 0.1893 0.3780
-0.0807 -0.1377 0.0799 -0.5000 0.0000 0.8660 0.1661 0.4282
-0.0807 -0.1377 0.0799 -0.5000 0.0000 0.8660 0.1661 0.4282
-0.0442 -0.1096 0.1010 -0.5000 0.0000 0.8660 0.1025 0.3858
-0.0077 -0.1377 0.1221 -0.2993 0.0000 0.9541 0.0390 0.4282
-0.0807 -0.1377 0.0799 -0.5000 0.0000 0.8660 0.1661 0.4282
-0.0077 -0.1377 0.1221 -0.2993 0.0000 0.9541 0.0390 0.4282
-0.0077 -0.1377 -0.1026 -0.5000 0.0000 -0.8660 0.1661 0.4282
-0.0077 -0.1377 -0.1026 -0.5000 0.0000 -0.8660 0.1661 0.4282
-0.0442 -0.1096 -0.0815 -0.5000 0.0000 -0.8660 0.1025 0.3858
-0.0807 -0.1377 -0.0604 -0.6766 0.0000 -0.7363 0.0390 0.4282
-0.0077 -0.1377 -0.1026 -0.5000 0.0000 -0.8660 0.1661 0.4282
-0.0807 -0.1377 -0.0604 -0.6766 0.0000 -0.7363 0.0390 0.4282
0.1138 -0.1377 0.0519 1.0000 0.0000 -0.0000 0.1661 0.4282
0.1138 -0.1377 0.0519 1.0000 0.0000 -0.0000 0.1661 0.4282
0.1138 -0.1096 0.0097 1.0000 0.0000 -0.0000 0.1025 0.3858
0.1138 -0.1377 0.0519 1.0000 0.0000 -0.0000 0.1661 0.4282
0.0247 -0.1377 0.1221 0.2993 0.0000 0.9541 0.1661 0.4282
0.0247 -0.1377 0.1221 0.2993 0.0000 0.9541 0.1661 0.4282
0.0611 -0.1096 0.1010 0.5000 0.0000 0.8660 0.1025 0.3858
0.0976 -0.1377 0.0799 0.6766 0.0000 0.7363 0.0390 0.4282
0.0247 -0.1377 0.1221 0.2993 0.0000 0.9541 0.1661 0.4282
0.0976 -0.1377 0.0799 0.6766 0.0000 0.7363 0.0390 0.4282
0.1138 -0.1501 0.0519 0.8660 -0.0000 0.5000 0.0308 0.1270
0.0976 -0.1501 0.0799 0.7071 0.0000 0.7071 0.0496 0.1161
0.0976 -0.1377 0.0799 0.6766 0.0000 0.7363 0.0496 0.1161
0.1138 -0.1501 0.0519 0.8660 -0.0000 0.5000 0.0308 0.1270
0.0976 -0.1377 0.0799 0.6766 0.0000 0.7363 0.0496 0.1161
0.1138 -0.1377 0.0519 0.8660 -0.0000 0.5000 0.0308 0.1270
-0.0969 -0.1377 -0.0324 -0.9760 0.0000 -0.2178 0.1661 0.4282
-0.0969 -0.1377 -0.0324 -0.9760 0.0000 -0.2178 0.1661 0.4282
-0.0969 -0.1096 0.0097 -1.0000 0.0000 0.0000 0.1025 0.3858
-0.0969 -0.1377 0.0519 -0.9760 0.0000 0.2178 0.0390 0.4282
-0.0969 -0.1377 -0.0324 -0.9760 0.0000 -0.2178 0.1661 0.4282
-0.0969 -0.1377 0.0519 -0.9760 0.0000 0.2178 0.0390 0.4282
0.1138 -0.1501 -0.0324 0.9659 0.0000 -0.2588 0.1250 0.1270
0.1138 -0.1377 -0.0324 0.9760 0.0000 -0.2178 0.1250 0.1270
0.1138 -0.1377 -0.0324 0.9760 0.0000 -0.2178 0.1250 0.1270
0.0976 -0.1501 -0.0604 0.5000 0.0000 -0.8660 0.1661 0.4470
0.0976 -0.1377 -0.0604 0.5000 0.0000 -0.8660 0.1661 0.4282
0.0976 -0.1377 -0.0604 0.5000 0.0000 -0.8660 0.1661 0.4282
0.0611 -0.1096 -0.0815 0.5000 0.0000 -0.8660 0.1025 0.3858
0.0247 -0.1377 -0.1026 0.2993 0.0000 -0.9541 0.0390 0.4282
0.0976 -0.1377 -0.0604 0.5000 0.0000 -0.8660 0.1661 0.4282
0.0247 -0.1377 -0.1026 0.2993 0.0000 -0.9541 0.0390 0.4282
-0.0077 -0.1501 -0.1026 0.0000 0.0000 -1.0000 0.0025 0.1759
0.0247 -0.1501 -0.1026 0.2588 0.0000 -0.9659 0.0025 0.1977
0.0247 -0.1377 -0.1026 0.2993 0.0000 -0.9541 0.0025 0.1977
-0.0077 -0.1501 -0.1026 0.0000 0.0000 -1.0000 0.0025 0.1759
0.0247 -0.1377 -0.1026 0.2993 0.0000 -0.9541 0.0025 0.1977
-0.0077 -0.1377 -0.1026 0.0000 0.0000 -1.0000 0.0025 0.1759
0.0247 -0.1377 0.1221 0.2993 0.0000 0.9541 0.0025 0.1977
0.0247 -0.1501 0.1221 0.2588 0.0000 0.9659 0.0025 0.1977
-0.0077 -0.1501 0.1221 -0.2588 0.0000 0.9659 0.0025 0.1759
0.0247 -0.1377 0.1221 0.2993 0.0000 0.9541 0.0025 0.1977
-0.0077 -0.1501 0.1221 -0.2588 0.0000 0.9659 0.0025 0.1759
-0.0077 -0.1377 0.1221 -0.2993 0.0000 0.9541 0.0025 0.1759
-0.0807 -0.1377 0.0799 -0.8660 0.0000 0.5000 0.1250 0.1270
-0.0807 -0.1501 0.0799 -0.8660 0.0000 0.5000 0.1250 0.1270
-0.0969 -0.1501 0.0519 -0.9659 0.0000 0.2588 0.1062 0.1161
-0.0807 -0.1377 0.0799 -0.8660 0.0000 0.5000 0.1250 0.1270
-0.0969 -0.1501 0.0519 -0.9659 0.0000 0.2588 0.1062 0.1161
-0.0969 -0.1377 0.0519 -0.9760 0.0000 0.2178 0.1062 0.1161
-0.0969 -0.1377 -0.0324 -0.9760 0.0000 -0.2178 0.0496 0.1161
-0.0969 -0.1501 -0.0324 -0.9659 0.0000 -0.2588 0.0496 0.1161
-0.0807 -0.1501 -0.0604 -0.7071 0.0000 -0.7071 0.0308 0.1270
-0.0969 -0.1377 -0.0324 -0.9760 0.0000 -0.2178 0.0496 0.1161
-0.0807 -0.1501 -0.0604 -0.7071 0.0000 -0.7071 0.0308 0.1270
-0.0807 -0.1377 -0.0604 -0.6766 0.0000 -0.7363 0.0308 0.1270
0 2 1
2 4 3
4 0 5
2 0 4
10 43 42
44 26 9
26 10 30
45 10 26
11 47 46
48 34 49
34 11 14
50 11 34
6 52 51
53 19 54
19 6 23
55 6 19
8 57 56
58 35 7
35 8 15
59 8 35
60 62 61
63 18 64
18 65 22
66 67 18
29 68 28
69 71 70
72 29 73
21 74 20
75 77 76
78 21 79
13 80 12
81 31 82
83 13 31
33 84 32
85 87 86
88 33 89
90 92 91
93 95 94
25 96 24
97 99 98
100 25 101
16 103 102
16 27 104
17 106 105
107 109 108
110 17 111
112 114 113
115 117 116
118 120 119
121 123 122
124 126 125
127 129 128
130 132 131
133 135 134
39 36 37
36 40 38
40 39 41
36 39 40
LABEL SWS_SensorCovers
MATERIAL 4
TEXTURE 1
FLAG 0
GEOM 810 492
0.1045 -0.1059 0.0217 0.5951 -0.2241 -0.7718 0.0323 0.2147
0.1101 -0.1221 0.0308 0.5951 -0.2241 -0.7718 0.0307 0.2085
0.1092 -0.1340 0.0460 0.6252 -0.7499 -0.2164 0.0261 0.2039
0.1020 -0.1383 0.0635 0.4332 -0.8659 0.2501 0.0199 0.2022
0.0905 -0.1340 0.0784 0.1252 -0.7499 0.6496 0.0137 0.2039
0.0777 -0.1221 0.0869 -0.3708 -0.2241 0.9013 0.0091 0.2085
0.0671 -0.1059 0.0865 -0.5000 -0.0000 0.8660 0.0074 0.2147
0.0615 -0.0897 0.0775 -0.6496 0.4329 0.6249 0.0091 0.2209
0.0624 -0.0779 0.0622 -0.6599 0.6123 0.4355 0.0136 0.2255
0.0696 -0.0735 0.0448 -0.4332 0.8659 -0.2501 0.0199 0.2271
0.0811 -0.0779 0.0298 -0.2890 0.8364 -0.4657 0.0261 0.2255
0.0939 -0.0897 0.0214 0.2164 0.4329 -0.8751 0.0307 0.2209
0.0996 -0.1068 0.0505 0.8632 0.4051 0.3013 0.0277 0.2101
0.0978 -0.1018 0.0477 0.8337 0.4904 0.2537 0.0288 0.2141
0.0993 -0.1105 0.0552 0.8584 0.3426 0.3818 0.0247 0.2071
0.0971 -0.1118 0.0606 0.8206 0.3198 0.4738 0.0207 0.2060
0.0935 -0.1105 0.0653 0.7598 0.3426 0.5525 0.0167 0.2071
0.0895 -0.1068 0.0679 0.6925 0.4051 0.5969 0.0138 0.2101
0.0862 -0.1018 0.0678 0.6366 0.4904 0.5951 0.0127 0.2141
0.0845 -0.0967 0.0650 0.6071 0.5758 0.5476 0.0138 0.2181
0.0848 -0.0930 0.0602 0.6119 0.6382 0.4671 0.0167 0.2210
0.0870 -0.0917 0.0548 0.6498 0.6611 0.3752 0.0207 0.2221
0.0906 -0.0930 0.0502 0.7105 0.6382 0.2964 0.0247 0.2210
0.0945 -0.0967 0.0476 0.7778 0.5758 0.2520 0.0277 0.2181
0.1138 -0.1197 0.0329 0.5951 -0.2241 -0.7718 0.0307 0.2085
0.1082 -0.1035 0.0239 0.5951 -0.2241 -0.7718 0.0323 0.2147
0.1128 -0.1315 0.0482 0.6252 -0.7499 -0.2164 0.0261 0.2039
0.1057 -0.1358 0.0656 0.4332 -0.8659 0.2501 0.0199 0.2022
0.0942 -0.1315 0.0805 0.1252 -0.7499 0.6496 0.0137 0.2039
0.0814 -0.1197 0.0890 -0.3708 -0.2241 0.9013 0.0091 0.2085
0.0708 -0.1035 0.0886 -0.5000 -0.0000 0.8660 0.0074 0.2147
0.0652 -0.0873 0.0796 -0.6496 0.4329 0.6249 0.0091 0.2209
0.0661 -0.0754 0.0643 -0.6599 0.6123 0.4355 0.0136 0.2255
0.0733 -0.0711 0.0469 -0.4332 0.8659 -0.2501 0.0199 0.2271
0.0848 -0.0754 0.0320 -0.2890 0.8364 -0.4657 0.0261 0.2255
0.0976 -0.0873 0.0235 0.2164 0.4329 -0.8751 0.0307 0.2209
0.1033 -0.1127 0.0430 0.7499 0.5002 0.4329 0.1387 0.3283
0.1001 -0.1035 0.0379 0.7499 0.5002 0.4329 0.1430 0.3445
0.1027 -0.1194 0.0517 0.7499 0.5002 0.4329 0.1268 0.3164
0.0987 -0.1219 0.0616 0.7499 0.5002 0.4329 0.1106 0.3121
0.0921 -0.1194 0.0700 0.7499 0.5002 0.4329 0.0945 0.3164
0.0849 -0.1127 0.0748 0.7499 0.5002 0.4329 0.0826 0.3283
0.0789 -0.1035 0.0746 0.7499 0.5002 0.4329 0.0783 0.3444
0.0757 -0.0943 0.0695 0.7499 0.5002 0.4329 0.0826 0.3606
0.0762 -0.0875 0.0608 0.7499 0.5002 0.4329 0.0944 0.3725
0.0803 -0.0851 0.0509 0.7499 0.5002 0.4329 0.1106 0.3768
0.0868 -0.0875 0.0425 0.7499 0.5002 0.4329 0.1268 0.3725
0.0941 -0.0943 0.0377 0.7499 0.5002 0.4329 0.1387 0.3606
0.0461 -0.1059 0.0989 0.9659 -0.2241 0.1295 0.0323 0.2147
0.0411 -0.1221 0.1083 0.9659 -0.2241 0.1295 0.0307 0.2085
0.0274 -0.1340 0.1151 0.5000 -0.7499 0.4332 0.0261 0.2039
0.0087 -0.1383 0.1176 0.0000 -0.8659 0.5002 0.0199 0.2022
-0.0100 -0.1340 0.1151 -0.2588 -0.8364 0.4832 0.0137 0.2039
-0.0237 -0.1221 0.1083 -0.8660 -0.4329 0.2501 0.0091 0.2085
-0.0287 -0.1059 0.0989 -1.0000 0.0000 0.0000 0.0074 0.2147
-0.0237 -0.0897 0.0896 -0.8660 0.4329 -0.2501 0.0091 0.2209
-0.0100 -0.0779 0.0827 -0.5000 0.7499 -0.4332 0.0136 0.2255
0.0087 -0.0735 0.0802 -0.0000 0.8659 -0.5002 0.0199 0.2271
0.0274 -0.0779 0.0827 0.2588 0.8364 -0.4832 0.0261 0.2255
0.0411 -0.0897 0.0896 0.8660 0.4329 -0.2501 0.0307 0.2209
0.0188 -0.1068 0.1090 0.1707 0.4051 0.8982 0.0277 0.2101
0.0203 -0.1018 0.1061 0.1971 0.4904 0.8489 0.0288 0.2141
0.0145 -0.1105 0.1111 0.0986 0.3426 0.9343 0.0247 0.2071
0.0087 -0.1118 0.1119 0.0000 0.3198 0.9475 0.0207 0.2060
0.0029 -0.1105 0.1111 -0.0986 0.3426 0.9343 0.0167 0.2071
-0.0014 -0.1068 0.1090 -0.1707 0.4051 0.8982 0.0138 0.2101
-0.0029 -0.1018 0.1061 -0.1971 0.4904 0.8489 0.0127 0.2141
-0.0014 -0.0967 0.1032 -0.1707 0.5758 0.7996 0.0138 0.2181
0.0029 -0.0930 0.1011 -0.0986 0.6382 0.7635 0.0167 0.2210
0.0087 -0.0917 0.1003 0.0000 0.6611 0.7503 0.0207 0.2221
0.0145 -0.0930 0.1011 0.0986 0.6382 0.7635 0.0247 0.2210
0.0188 -0.0967 0.1032 0.1707 0.5758 0.7996 0.0277 0.2181
0.0411 -0.1197 0.1125 0.9659 -0.2241 0.1295 0.0307 0.2085
0.0461 -0.1035 0.1032 0.9659 -0.2241 0.1295 0.0323 0.2147
0.0274 -0.1315 0.1194 0.5000 -0.7499 0.4332 0.0261 0.2039
0.0087 -0.1358 0.1219 0.0000 -0.8659 0.5002 0.0199 0.2022
-0.0100 -0.1315 0.1194 -0.2588 -0.8364 0.4832 0.0137 0.2039
-0.0237 -0.1197 0.1125 -0.8660 -0.4329 0.2501 0.0091 0.2085
-0.0287 -0.1035 0.1032 -1.0000 0.0000 0.0000 0.0074 0.2147
-0.0237 -0.0873 0.0938 -0.8660 0.4329 -0.2501 0.0091 0.2209
-0.0100 -0.0754 0.0870 -0.5000 0.7499 -0.4332 0.0136 0.2255
0.0087 -0.0711 0.0844 -0.0000 0.8659 -0.5002 0.0199 0.2271
0.0274 -0.0754 0.0870 0.2588 0.8364 -0.4832 0.0261 0.2255
0.0411 -0.0873 0.0938 0.8660 0.4329 -0.2501 0.0307 0.2209
0.0271 -0.1127 0.1085 0.0000 0.5002 0.8659 0.1387 0.3283
0.0299 -0.1035 0.1032 0.0000 0.5002 0.8659 0.1430 0.3445
0.0193 -0.1194 0.1124 0.0000 0.5002 0.8659 0.1268 0.3164
0.0087 -0.1219 0.1138 0.0000 0.5002 0.8659 0.1106 0.3121
-0.0019 -0.1194 0.1124 -0.0000 0.5002 0.8659 0.0945 0.3164
-0.0097 -0.1127 0.1085 0.0000 0.5002 0.8659 0.0826 0.3283
-0.0125 -0.1035 0.1032 0.0000 0.5002 0.8659 0.0783 0.3444
-0.0097 -0.0943 0.0978 0.0000 0.5002 0.8659 0.0826 0.3606
-0.0019 -0.0875 0.0940 0.0000 0.5002 0.8659 0.0944 0.3725
0.0087 -0.0851 0.0925 0.0000 0.5002 0.8659 0.1106 0.3768
0.0193 -0.0875 0.0940 0.0000 0.5002 0.8659 0.1268 0.3725
0.0271 -0.0943 0.0978 0.0000 0.5002 0.8659 0.1387 0.3606
-0.0499 -0.1059 0.0869 0.3708 -0.2241 0.9013 0.0323 0.2147
-0.0605 -0.1221 0.0872 0.2164 -0.4329 0.8751 0.0307 0.2085
-0.0733 -0.1340 0.0788 -0.2890 -0.8364 0.4657 0.0261 0.2039
-0.0848 -0.1383 0.0639 -0.4332 -0.8659 0.2501 0.0199 0.2022
-0.0920 -0.1340 0.0464 -0.6252 -0.7499 -0.2164 0.0137 0.2039
-0.0929 -0.1221 0.0312 -0.6496 -0.4329 -0.6249 0.0091 0.2085
-0.0873 -0.1059 0.0221 -0.5951 -0.2241 -0.7718 0.0074 0.2147
-0.0767 -0.0897 0.0218 -0.2164 0.4329 -0.8751 0.0091 0.2209
-0.0640 -0.0779 0.0302 -0.0472 0.6123 -0.7892 0.0136 0.2255
-0.0524 -0.0735 0.0452 0.4332 0.8659 -0.2501 0.0199 0.2271
-0.0453 -0.0779 0.0626 0.5479 0.8364 -0.0175 0.0261 0.2255
-0.0443 -0.0897 0.0779 0.6496 0.4329 0.6249 0.0307 0.2209
-0.0724 -0.1068 0.0683 -0.6925 0.4051 0.5969 0.0277 0.2101
-0.0691 -0.1018 0.0682 -0.6366 0.4904 0.5952 0.0288 0.2141
-0.0763 -0.1105 0.0657 -0.7598 0.3426 0.5525 0.0247 0.2071
-0.0799 -0.1118 0.0610 -0.8206 0.3198 0.4738 0.0207 0.2060
-0.0821 -0.1105 0.0556 -0.8584 0.3426 0.3818 0.0167 0.2071
-0.0824 -0.1068 0.0509 -0.8632 0.4051 0.3013 0.0138 0.2101
-0.0807 -0.1018 0.0481 -0.8337 0.4904 0.2538 0.0127 0.2141
-0.0774 -0.0967 0.0480 -0.7778 0.5758 0.2520 0.0138 0.2181
-0.0734 -0.0930 0.0506 -0.7105 0.6382 0.2964 0.0167 0.2210
-0.0698 -0.0917 0.0552 -0.6498 0.6611 0.3752 0.0207 0.2221
-0.0676 -0.0930 0.0606 -0.6119 0.6382 0.4671 0.0247 0.2210
-0.0673 -0.0967 0.0654 -0.6071 0.5758 0.5476 0.0277 0.2181
-0.0642 -0.1197 0.0894 0.2164 -0.4329 0.8751 0.0307 0.2085
-0.0536 -0.1035 0.0890 0.3708 -0.2241 0.9013 0.0323 0.2147
-0.0770 -0.1315 0.0809 -0.2890 -0.8364 0.4657 0.0261 0.2039
-0.0885 -0.1358 0.0660 -0.4332 -0.8659 0.2501 0.0199 0.2022
-0.0957 -0.1315 0.0486 -0.6252 -0.7499 -0.2164 0.0137 0.2039
-0.0966 -0.1197 0.0333 -0.6496 -0.4329 -0.6249 0.0091 0.2085
-0.0910 -0.1035 0.0243 -0.5951 -0.2241 -0.7718 0.0074 0.2147
-0.0804 -0.0873 0.0239 -0.2164 0.4329 -0.8751 0.0091 0.2209
-0.0676 -0.0754 0.0324 -0.0472 0.6123 -0.7892 0.0136 0.2255
-0.0561 -0.0711 0.0473 0.4332 0.8659 -0.2501 0.0199 0.2271
-0.0489 -0.0754 0.0647 0.5479 0.8364 -0.0175 0.0261 0.2255
-0.0480 -0.0873 0.0800 0.6496 0.4329 0.6249 0.0307 0.2209
-0.0677 -0.1127 0.0752 -0.7499 0.5002 0.4329 0.1387 0.3283
-0.0617 -0.1035 0.0750 -0.7499 0.5002 0.4329 0.1430 0.3445
-0.0750 -0.1194 0.0704 -0.7499 0.5002 0.4329 0.1268 0.3164
-0.0815 -0.1219 0.0620 -0.7499 0.5002 0.4329 0.1106 0.3121
-0.0856 -0.1194 0.0521 -0.7499 0.5002 0.4329 0.0945 0.3164
-0.0861 -0.1127 0.0434 -0.7499 0.5002 0.4329 0.0826 0.3283
-0.0829 -0.1035 0.0383 -0.7499 0.5002 0.4329 0.0783 0.3444
-0.0769 -0.0943 0.0381 -0.7499 0.5002 0.4329 0.0826 0.3606
-0.0697 -0.0875 0.0429 -0.7499 0.5002 0.4329 0.0944 0.3725
-0.0631 -0.0851 0.0513 -0.7499 0.5002 0.4329 0.1106 0.3768
-0.0590 -0.0875 0.0612 -0.7499 0.5002 0.4329 0.1268 0.3725
-0.0585 -0.0943 0.0699 -0.7499 0.5002 0.4329 0.1387 0.3606
-0.0876 -0.1059 -0.0023 -0.5000 0.0000 0.8660 0.0323 0.2147
-0.0931 -0.1221 -0.0113 -0.5951 -0.2241 0.7718 0.0307 0.2085
-0.0922 -0.1340 -0.0265 -0.6252 -0.7499 0.2164 0.0261 0.2039
-0.0851 -0.1383 -0.0440 -0.4332 -0.8659 -0.2501 0.0199 0.2022
-0.0735 -0.1340 -0.0589 -0.2890 -0.8364 -0.4657 0.0137 0.2039
-0.0608 -0.1221 -0.0674 0.2164 -0.4329 -0.8751 0.0091 0.2085
-0.0502 -0.1059 -0.0670 0.3708 -0.2241 -0.9013 0.0074 0.2147
-0.0446 -0.0897 -0.0580 0.6496 0.4329 -0.6249 0.0091 0.2209
-0.0455 -0.0779 -0.0427 0.6599 0.6123 -0.4355 0.0136 0.2255
-0.0527 -0.0735 -0.0253 0.4332 0.8659 0.2501 0.0199 0.2271
-0.0642 -0.0779 -0.0103 0.2890 0.8364 0.4657 0.0261 0.2255
-0.0770 -0.0897 -0.0019 -0.2164 0.4329 0.8751 0.0307 0.2209
-0.0827 -0.1068 -0.0310 -0.8632 0.4051 -0.3013 0.0277 0.2101
-0.0809 -0.1018 -0.0282 -0.8337 0.4904 -0.2537 0.0288 0.2141
-0.0824 -0.1105 -0.0357 -0.8584 0.3426 -0.3818 0.0247 0.2071
-0.0801 -0.1118 -0.0411 -0.8206 0.3198 -0.4738 0.0207 0.2060
-0.0766 -0.1105 -0.0458 -0.7598 0.3426 -0.5525 0.0167 0.2071
-0.0726 -0.1068 -0.0484 -0.6925 0.4051 -0.5969 0.0138 0.2101
-0.0693 -0.1018 -0.0483 -0.6366 0.4904 -0.5952 0.0127 0.2141
-0.0675 -0.0967 -0.0455 -0.6071 0.5758 -0.5476 0.0138 0.2181
-0.0678 -0.0930 -0.0408 -0.6119 0.6382 -0.4671 0.0167 0.2210
-0.0701 -0.0917 -0.0353 -0.6498 0.6611 -0.3752 0.0207 0.2221
-0.0736 -0.0930 -0.0307 -0.7105 0.6382 -0.2964 0.0247 0.2210
-0.0776 -0.0967 -0.0281 -0.7778 0.5758 -0.2520 0.0277 0.2181
-0.0968 -0.1197 -0.0134 -0.5951 -0.2241 0.7718 0.0307 0.2085
-0.0912 -0.1035 -0.0044 -0.5000 0.0000 0.8660 0.0323 0.2147
-0.0959 -0.1315 -0.0287 -0.6252 -0.7499 0.2164 0.0261 0.2039
-0.0887 -0.1358 -0.0461 -0.4332 -0.8659 -0.2501 0.0199 0.2022
-0.0772 -0.1315 -0.0610 -0.2890 -0.8364 -0.4657 0.0137 0.2039
-0.0644 -0.1197 -0.0695 0.2164 -0.4329 -0.8751 0.0091 0.2085
-0.0538 -0.1035 -0.0691 0.3708 -0.2241 -0.9013 0.0074 0.2147
-0.0482 -0.0873 -0.0601 0.6496 0.4329 -0.6249 0.0091 0.2209
-0.0492 -0.0754 -0.0449 0.6599 0.6123 -0.4355 0.0136 0.2255
-0.0563 -0.0711 -0.0274 0.4332 0.8659 0.2501 0.0199 0.2271
-0.0679 -0.0754 -0.0125 0.2890 0.8364 0.4657 0.0261 0.2255
-0.0806 -0.0873 -0.0040 -0.2164 0.4329 0.8751 0.0307 0.2209
-0.0863 -0.1127 -0.0235 -0.7499 0.5002 -0.4329 0.1387 0.3283
-0.0832 -0.1035 -0.0184 -0.7499 0.5002 -0.4329 0.1430 0.3445
-0.0858 -0.1194 -0.0322 -0.7499 0.5002 -0.4329 0.1268 0.3164
-0.0817 -0.1219 -0.0421 -0.7499 0.5002 -0.4329 0.1106 0.3121
-0.0752 -0.1194 -0.0506 -0.7499 0.5002 -0.4329 0.0945 0.3164
-0.0679 -0.1127 -0.0553 -0.7499 0.5002 -0.4329 0.0826 0.3283
-0.0619 -0.1035 -0.0551 -0.7499 0.5002 -0.4329 0.0783 0.3444
-0.0587 -0.0943 -0.0500 -0.7499 0.5002 -0.4329 0.0826 0.3606
-0.0593 -0.0875 -0.0414 -0.7499 0.5002 -0.4329 0.0944 0.3725
-0.0633 -0.0851 -0.0314 -0.7499 0.5002 -0.4329 0.1106 0.3768
-0.0699 -0.0875 -0.0230 -0.7499 0.5002 -0.4329 0.1268 0.3725
-0.0771 -0.0943 -0.0182 -0.7499 0.5002 -0.4329 0.1387 0.3606
-0.0292 -0.1059 -0.0794 -0.9659 -0.2241 -0.1295 0.0323 0.2147
-0.0241 -0.1221 -0.0888 -0.9659 -0.2241 -0.1295 0.0307 0.2085
-0.0105 -0.1340 -0.0956 -0.5000 -0.7499 -0.4332 0.0261 0.2039
0.0082 -0.1383 -0.0981 -0.0000 -0.8659 -0.5002 0.0199 0.2022
0.0269 -0.1340 -0.0956 0.5000 -0.7499 -0.4332 0.0137 0.2039
0.0406 -0.1221 -0.0888 0.9659 -0.2241 -0.1295 0.0091 0.2085
0.0456 -0.1059 -0.0794 1.0000 -0.0000 0.0000 0.0074 0.2147
0.0406 -0.0897 -0.0701 0.8660 0.4329 0.2501 0.0091 0.2209
0.0269 -0.0779 -0.0632 0.7071 0.6123 0.3537 0.0136 0.2255
0.0082 -0.0735 -0.0607 0.0000 0.8659 0.5002 0.0199 0.2271
-0.0105 -0.0779 -0.0632 -0.2588 0.8364 0.4832 0.0261 0.2255
-0.0241 -0.0897 -0.0701 -0.8660 0.4329 0.2501 0.0307 0.2209
-0.0018 -0.1068 -0.0895 -0.1707 0.4051 -0.8982 0.0277 0.2101
-0.0034 -0.1018 -0.0866 -0.1971 0.4904 -0.8489 0.0288 0.2141
0.0024 -0.1105 -0.0917 -0.0986 0.3426 -0.9343 0.0247 0.2071
0.0082 -0.1118 -0.0924 -0.0000 0.3198 -0.9475 0.0207 0.2060
0.0141 -0.1105 -0.0917 0.0986 0.3426 -0.9343 0.0167 0.2071
0.0183 -0.1068 -0.0895 0.1707 0.4051 -0.8982 0.0138 0.2101
0.0199 -0.1018 -0.0866 0.1971 0.4904 -0.8489 0.0127 0.2141
0.0183 -0.0967 -0.0837 0.1707 0.5758 -0.7996 0.0138 0.2181
0.0141 -0.0930 -0.0816 0.0986 0.6382 -0.7635 0.0167 0.2210
0.0082 -0.0917 -0.0808 -0.0000 0.6611 -0.7503 0.0207 0.2221
0.0024 -0.0930 -0.0816 -0.0986 0.6382 -0.7635 0.0247 0.2210
-0.0018 -0.0967 -0.0837 -0.1707 0.5758 -0.7996 0.0277 0.2181
-0.0241 -0.1197 -0.0930 -0.9659 -0.2241 -0.1295 0.0307 0.2085
-0.0292 -0.1035 -0.0837 -0.9659 -0.2241 -0.1295 0.0323 0.2147
-0.0105 -0.1315 -0.0999 -0.5000 -0.7499 -0.4332 0.0261 0.2039
0.0082 -0.1358 -0.1024 -0.0000 -0.8659 -0.5002 0.0199 0.2022
0.0269 -0.1315 -0.0999 0.5000 -0.7499 -0.4332 0.0137 0.2039
0.0406 -0.1197 -0.0930 0.9659 -0.2241 -0.1295 0.0091 0.2085
0.0456 -0.1035 -0.0837 1.0000 -0.0000 0.0000 0.0074 0.2147
0.0406 -0.0873 -0.0743 0.8660 0.4329 0.2501 0.0091 0.2209
0.0269 -0.0754 -0.0675 0.7071 0.6123 0.3537 0.0136 0.2255
0.0082 -0.0711 -0.0650 0.0000 0.8659 0.5002 0.0199 0.2271
-0.0105 -0.0754 -0.0675 -0.2588 0.8364 0.4832 0.0261 0.2255
-0.0241 -0.0873 -0.0743 -0.8660 0.4329 0.2501 0.0307 0.2209
-0.0101 -0.1127 -0.0890 -0.0000 0.5002 -0.8659 0.1387 0.3283
-0.0130 -0.1035 -0.0837 -0.0000 0.5002 -0.8659 0.1430 0.3445
-0.0024 -0.1194 -0.0929 -0.0000 0.5002 -0.8659 0.1268 0.3164
0.0082 -0.1219 -0.0943 -0.0000 0.5002 -0.8659 0.1106 0.3121
0.0189 -0.1194 -0.0929 0.0000 0.5002 -0.8659 0.0945 0.3164
0.0266 -0.1127 -0.0890 0.0000 0.5002 -0.8659 0.0826 0.3283
0.0295 -0.1035 -0.0837 -0.0000 0.5002 -0.8659 0.0783 0.3444
0.0266 -0.0943 -0.0783 -0.0000 0.5002 -0.8659 0.0826 0.3606
0.0189 -0.0875 -0.0745 0.0000 0.5002 -0.8659 0.0944 0.3725
0.0082 -0.0851 -0.0730 -0.0000 0.5002 -0.8659 0.1106 0.3768
-0.0024 -0.0875 -0.0745 -0.0000 0.5002 -0.8659 0.1268 0.3725
-0.0101 -0.0943 -0.0783 -0.0000 0.5002 -0.8659 0.1387 0.3606
0.0669 -0.1059 -0.0674 -0.3708 -0.2241 -0.9013 0.0323 0.2147
0.0775 -0.1221 -0.0677 -0.2164 -0.4329 -0.8751 0.0307 0.2085
0.0902 -0.1340 -0.0593 0.2890 -0.8364 -0.4657 0.0261 0.2039
0.1018 -0.1383 -0.0444 0.4332 -0.8659 -0.2501 0.0199 0.2022
0.1089 -0.1340 -0.0269 0.5479 -0.8364 -0.0175 0.0137 0.2039
0.1099 -0.1221 -0.0117 0.6496 -0.4329 0.6249 0.0091 0.2085
0.1043 -0.1059 -0.0026 0.5951 -0.2241 0.7718 0.0074 0.2147
0.0937 -0.0897 -0.0023 0.2164 0.4329 0.8751 0.0091 0.2209
0.0809 -0.0779 -0.0107 0.0472 0.6123 0.7892 0.0136 0.2255
0.0694 -0.0735 -0.0257 -0.4332 0.8659 0.2501 0.0199 0.2271
0.0622 -0.0779 -0.0431 -0.5479 0.8364 0.0175 0.0261 0.2255
0.0613 -0.0897 -0.0584 -0.6496 0.4329 -0.6249 0.0307 0.2209
0.0893 -0.1068 -0.0488 0.6925 0.4051 -0.5969 0.0277 0.2101
0.0860 -0.1018 -0.0487 0.6366 0.4904 -0.5952 0.0288 0.2141
0.0933 -0.1105 -0.0462 0.7598 0.3426 -0.5525 0.0247 0.2071
0.0968 -0.1118 -0.0415 0.8206 0.3198 -0.4738 0.0207 0.2060
0.0991 -0.1105 -0.0361 0.8584 0.3426 -0.3818 0.0167 0.2071
0.0994 -0.1068 -0.0314 0.8632 0.4051 -0.3013 0.0138 0.2101
0.0976 -0.1018 -0.0286 0.8337 0.4904 -0.2538 0.0127 0.2141
0.0943 -0.0967 -0.0285 0.7778 0.5758 -0.2520 0.0138 0.2181
0.0904 -0.0930 -0.0311 0.7105 0.6382 -0.2964 0.0167 0.2210
0.0868 -0.0917 -0.0357 0.6498 0.6611 -0.3752 0.0207 0.2221
0.0845 -0.0930 -0.0411 0.6119 0.6382 -0.4671 0.0247 0.2210
0.0843 -0.0967 -0.0459 0.6071 0.5758 -0.5476 0.0277 0.2181
0.0812 -0.1197 -0.0699 -0.2164 -0.4329 -0.8751 0.0307 0.2085
0.0706 -0.1035 -0.0695 -0.3708 -0.2241 -0.9013 0.0323 0.2147
0.0939 -0.1315 -0.0614 0.2890 -0.8364 -0.4657 0.0261 0.2039
0.1054 -0.1358 -0.0465 0.4332 -0.8659 -0.2501 0.0199 0.2022
0.1126 -0.1315 -0.0291 0.5479 -0.8364 -0.0175 0.0137 0.2039
0.1135 -0.1197 -0.0138 0.6496 -0.4329 0.6249 0.0091 0.2085
0.1079 -0.1035 -0.0048 0.5951 -0.2241 0.7718 0.0074 0.2147
0.0973 -0.0873 -0.0044 0.2164 0.4329 0.8751 0.0091 0.2209
0.0846 -0.0754 -0.0129 0.0472 0.6123 0.7892 0.0136 0.2255
0.0730 -0.0711 -0.0278 -0.4332 0.8659 0.2501 0.0199 0.2271
0.0659 -0.0754 -0.0452 -0.5479 0.8364 0.0175 0.0261 0.2255
0.0650 -0.0873 -0.0605 -0.6496 0.4329 -0.6249 0.0307 0.2209
0.0847 -0.1127 -0.0557 0.7499 0.5002 -0.4329 0.1387 0.3283
0.0786 -0.1035 -0.0555 0.7499 0.5002 -0.4329 0.1430 0.3445
0.0919 -0.1194 -0.0509 0.7499 0.5002 -0.4329 0.1268 0.3164
0.0984 -0.1219 -0.0425 0.7499 0.5002 -0.4329 0.1106 0.3121
0.1025 -0.1194 -0.0326 0.7499 0.5002 -0.4329 0.0945 0.3164
0.1030 -0.1127 -0.0239 0.7499 0.5002 -0.4329 0.0826 0.3283
0.0999 -0.1035 -0.0188 0.7499 0.5002 -0.4329 0.0783 0.3444
0.0938 -0.0943 -0.0186 0.7499 0.5002 -0.4329 0.0826 0.3606
0.0866 -0.0875 -0.0234 0.7499 0.5002 -0.4329 0.0944 0.3725
0.0800 -0.0851 -0.0318 0.7499 0.5002 -0.4329 0.1106 0.3768
0.0760 -0.0875 -0.0417 0.7499 0.5002 -0.4329 0.1268 0.3725
0.0755 -0.0943 -0.0504 0.7499 0.5002 -0.4329 0.1387 0.3606
0.0811 -0.0779 0.0298 0.0472 0.6123 -0.7892 0.0261 0.2255
0.0811 -0.0779 0.0298 0.0472 0.6123 -0.7892 0.0261 0.2255
0.0848 -0.0754 0.0320 0.0472 0.6123 -0.7892 0.0261 0.2255
0.0777 -0.1221 0.0869 -0.0472 -0.6123 0.7892 0.0091 0.2085
0.0814 -0.1197 0.0890 -0.0472 -0.6123 0.7892 0.0091 0.2085
0.0814 -0.1197 0.0890 -0.0472 -0.6123 0.7892 0.0091 0.2085
0.1045 -0.1059 0.0217 0.3708 0.2241 -0.9013 0.0323 0.2147
0.1082 -0.1035 0.0239 0.3708 0.2241 -0.9013 0.0323 0.2147
0.1082 -0.1035 0.0239 0.3708 0.2241 -0.9013 0.0323 0.2147
0.1101 -0.1221 0.0308 0.6599 -0.6123 -0.4355 0.0307 0.2085
0.1101 -0.1221 0.0308 0.6599 -0.6123 -0.4355 0.0307 0.2085
0.1138 -0.1197 0.0329 0.6599 -0.6123 -0.4355 0.0307 0.2085
0.0624 -0.0779 0.0622 -0.5479 0.8364 -0.0175 0.0136 0.2255
0.0624 -0.0779 0.0622 -0.5479 0.8364 -0.0175 0.0136 0.2255
0.0661 -0.0754 0.0643 -0.5479 0.8364 -0.0175 0.0136 0.2255
0.1082 -0.1035 0.0239 0.7499 0.5002 0.4329 0.1676 0.3445
0.1082 -0.1035 0.0239 0.7499 0.5002 0.4329 0.1676 0.3445
0.1138 -0.1197 0.0329 0.7499 0.5002 0.4329 0.1600 0.3160
0.1138 -0.1197 0.0329 0.7499 0.5002 0.4329 0.1600 0.3160
0.1138 -0.1197 0.0329 0.7499 0.5002 0.4329 0.1600 0.3160
0.1128 -0.1315 0.0482 0.7499 0.5002 0.4329 0.1392 0.2951
0.1128 -0.1315 0.0482 0.7499 0.5002 0.4329 0.1392 0.2951
0.1128 -0.1315 0.0482 0.7499 0.5002 0.4329 0.1392 0.2951
0.1057 -0.1358 0.0656 0.7499 0.5002 0.4329 0.1107 0.2875
0.1057 -0.1358 0.0656 0.7499 0.5002 0.4329 0.1107 0.2875
0.1057 -0.1358 0.0656 0.7499 0.5002 0.4329 0.1107 0.2875
0.0942 -0.1315 0.0805 0.7499 0.5002 0.4329 0.0822 0.2951
0.0942 -0.1315 0.0805 0.7499 0.5002 0.4329 0.0822 0.2951
0.0942 -0.1315 0.0805 0.7499 0.5002 0.4329 0.0822 0.2951
0.0814 -0.1197 0.0890 0.7499 0.5002 0.4329 0.0613 0.3159
0.0814 -0.1197 0.0890 0.7499 0.5002 0.4329 0.0613 0.3159
0.0814 -0.1197 0.0890 0.7499 0.5002 0.4329 0.0613 0.3159
0.0708 -0.1035 0.0886 0.7499 0.5002 0.4329 0.0536 0.3444
0.0708 -0.1035 0.0886 0.7499 0.5002 0.4329 0.0536 0.3444
0.0708 -0.1035 0.0886 0.7499 0.5002 0.4329 0.0536 0.3444
0.0652 -0.0873 0.0796 0.7499 0.5002 0.4329 0.0613 0.3729
0.0652 -0.0873 0.0796 0.7499 0.5002 0.4329 0.0613 0.3729
0.0652 -0.0873 0.0796 0.7499 0.5002 0.4329 0.0613 0.3729
0.0661 -0.0754 0.0643 0.7499 0.5002 0.4329 0.0821 0.3938
0.0661 -0.0754 0.0643 0.7499 0.5002 0.4329 0.0821 0.3938
0.0661 -0.0754 0.0643 0.7499 0.5002 0.4329 0.0821 0.3938
0.0733 -0.0711 0.0469 0.7499 0.5002 0.4329 0.1106 0.4015
0.0733 -0.0711 0.0469 0.7499 0.5002 0.4329 0.1106 0.4015
0.0733 -0.0711 0.0469 0.7499 0.5002 0.4329 0.1106 0.4015
0.0848 -0.0754 0.0320 0.7499 0.5002 0.4329 0.1391 0.3938
0.0848 -0.0754 0.0320 0.7499 0.5002 0.4329 0.1391 0.3938
0.0848 -0.0754 0.0320 0.7499 0.5002 0.4329 0.1391 0.3938
0.0976 -0.0873 0.0235 0.7499 0.5002 0.4329 0.1600 0.3730
0.0976 -0.0873 0.0235 0.7499 0.5002 0.4329 0.1600 0.3730
0.0976 -0.0873 0.0235 0.7499 0.5002 0.4329 0.1600 0.3730
0.1082 -0.1035 0.0239 0.7499 0.5002 0.4329 0.1676 0.3445
0.1001 -0.1035 0.0379 0.8740 0.4714 0.1180 0.0354 0.2141
0.1001 -0.1035 0.0379 0.8740 0.4714 0.1180 0.0354 0.2141
0.1033 -0.1127 0.0430 0.9241 0.3264 0.1987 0.0334 0.2068
0.1033 -0.1127 0.0430 0.9241 0.3264 0.1987 0.0334 0.2068
0.1033 -0.1127 0.0430 0.9241 0.3264 0.1987 0.0334 0.2068
0.1027 -0.1194 0.0517 0.9159 0.2203 0.3355 0.0281 0.2014
0.1027 -0.1194 0.0517 0.9159 0.2203 0.3355 0.0281 0.2014
0.1027 -0.1194 0.0517 0.9159 0.2203 0.3355 0.0281 0.2014
0.0987 -0.1219 0.0616 0.8517 0.1814 0.4917 0.0207 0.1994
0.0987 -0.1219 0.0616 0.8517 0.1814 0.4917 0.0207 0.1994
0.0987 -0.1219 0.0616 0.8517 0.1814 0.4917 0.0207 0.1994
0.0921 -0.1194 0.0700 0.7485 0.2203 0.6255 0.0134 0.2014
0.0921 -0.1194 0.0700 0.7485 0.2203 0.6255 0.0134 0.2014
0.0921 -0.1194 0.0700 0.7485 0.2203 0.6255 0.0134 0.2014
0.0849 -0.1127 0.0748 0.6341 0.3264 0.7010 0.0081 0.2067
0.0849 -0.1127 0.0748 0.6341 0.3264 0.7010 0.0081 0.2067
0.0849 -0.1127 0.0748 0.6341 0.3264 0.7010 0.0081 0.2067
0.0789 -0.1035 0.0746 0.5392 0.4714 0.6979 0.0061 0.2141
0.0789 -0.1035 0.0746 0.5392 0.4714 0.6979 0.0061 0.2141
0.0789 -0.1035 0.0746 0.5392 0.4714 0.6979 0.0061 0.2141
0.0757 -0.0943 0.0695 0.4891 0.6163 0.6172 0.0080 0.2214
0.0757 -0.0943 0.0695 0.4891 0.6163 0.6172 0.0080 0.2214
0.0757 -0.0943 0.0695 0.4891 0.6163 0.6172 0.0080 0.2214
0.0762 -0.0875 0.0608 0.4972 0.7225 0.4804 0.0134 0.2268
0.0762 -0.0875 0.0608 0.4972 0.7225 0.4804 0.0134 0.2268
0.0762 -0.0875 0.0608 0.4972 0.7225 0.4804 0.0134 0.2268
0.0803 -0.0851 0.0509 0.5615 0.7613 0.3242 0.0207 0.2287
0.0803 -0.0851 0.0509 0.5615 0.7613 0.3242 0.0207 0.2287
0.0803 -0.0851 0.0509 0.5615 0.7613 0.3242 0.0207 0.2287
0.0868 -0.0875 0.0425 0.6647 0.7225 0.1904 0.0281 0.2268
0.0868 -0.0875 0.0425 0.6647 0.7225 0.1904 0.0281 0.2268
0.0868 -0.0875 0.0425 0.6647 0.7225 0.1904 0.0281 0.2268
0.0941 -0.0943 0.0377 0.7791 0.6163 0.1149 0.0334 0.2214
0.0941 -0.0943 0.0377 0.7791 0.6163 0.1149 0.0334 0.2214
0.0941 -0.0943 0.0377 0.7791 0.6163 0.1149 0.0334 0.2214
0.1001 -0.1035 0.0379 0.8740 0.4714 0.1180 0.0354 0.2141
0.0274 -0.0779 0.0827 0.7071 0.6123 -0.3537 0.0261 0.2255
0.0274 -0.0779 0.0827 0.7071 0.6123 -0.3537 0.0261 0.2255
0.0274 -0.0754 0.0870 0.7071 0.6123 -0.3537 0.0261 0.2255
-0.0100 -0.1340 0.1151 -0.7071 -0.6123 0.3537 0.0137 0.2039
-0.0100 -0.1340 0.1151 -0.7071 -0.6123 0.3537 0.0137 0.2039
-0.0100 -0.1315 0.1194 -0.7071 -0.6123 0.3537 0.0137 0.2039
0.0461 -0.1059 0.0989 0.9659 0.2241 -0.1295 0.0323 0.2147
0.0461 -0.1035 0.1032 0.9659 0.2241 -0.1295 0.0323 0.2147
0.0461 -0.1035 0.1032 0.9659 0.2241 -0.1295 0.0323 0.2147
0.0411 -0.1221 0.1083 0.7071 -0.6123 0.3537 0.0307 0.2085
0.0411 -0.1221 0.1083 0.7071 -0.6123 0.3537 0.0307 0.2085
0.0411 -0.1197 0.1125 0.7071 -0.6123 0.3537 0.0307 0.2085
0.0461 -0.1035 0.1032 0.0000 0.5002 0.8659 0.1676 0.3445
0.0461 -0.1035 0.1032 0.0000 0.5002 0.8659 0.1676 0.3445
0.0411 -0.1197 0.1125 0.0000 0.5002 0.8659 0.1600 0.3160
0.0411 -0.1197 0.1125 0.0000 0.5002 0.8659 0.1600 0.3160
0.0411 -0.1197 0.1125 0.0000 0.5002 0.8659 0.1600 0.3160
0.0274 -0.1315 0.1194 0.0000 0.5002 0.8659 0.1392 0.2951
0.0274 -0.1315 0.1194 0.0000 0.5002 0.8659 0.1392 0.2951
0.0274 -0.1315 0.1194 0.0000 0.5002 0.8659 0.1392 0.2951
0.0087 -0.1358 0.1219 0.0000 0.5002 0.8659 0.1107 0.2875
0.0087 -0.1358 0.1219 0.0000 0.5002 0.8659 0.1107 0.2875
0.0087 -0.1358 0.1219 0.0000 0.5002 0.8659 0.1107 0.2875
-0.0100 -0.1315 0.1194 -0.0000 0.5002 0.8659 0.0822 0.2951
-0.0100 -0.1315 0.1194 -0.0000 0.5002 0.8659 0.0822 0.2951
-0.0100 -0.1315 0.1194 -0.0000 0.5002 0.8659 0.0822 0.2951
-0.0237 -0.1197 0.1125 0.0000 0.5002 0.8659 0.0613 0.3159
-0.0237 -0.1197 0.1125 0.0000 0.5002 0.8659 0.0613 0.3159
-0.0237 -0.1197 0.1125 0.0000 0.5002 0.8659 0.0613 0.3159
-0.0287 -0.1035 0.1032 0.0000 0.5002 0.8659 0.0536 0.3444
-0.0287 -0.1035 0.1032 0.0000 0.5002 0.8659 0.0536 0.3444
-0.0287 -0.1035 0.1032 0.0000 0.5002 0.8659 0.0536 0.3444
-0.0237 -0.0873 0.0938 0.0000 0.5002 0.8659 0.0613 0.3729
-0.0237 -0.0873 0.0938 0.0000 0.5002 0.8659 0.0613 0.3729
-0.0237 -0.0873 0.0938 0.0000 0.5002 0.8659 0.0613 0.3729
-0.0100 -0.0754 0.0870 0.0000 0.5002 0.8659 0.0821 0.3938
-0.0100 -0.0754 0.0870 0.0000 0.5002 0.8659 0.0821 0.3938
-0.0100 -0.0754 0.0870 0.0000 0.5002 0.8659 0.0821 0.3938
0.0087 -0.0711 0.0844 0.0000 0.5002 0.8659 0.1106 0.4015
0.0087 -0.0711 0.0844 0.0000 0.5002 0.8659 0.1106 0.4015
0.0087 -0.0711 0.0844 0.0000 0.5002 0.8659 0.1106 0.4015
0.0274 -0.0754 0.0870 0.0000 0.5002 0.8659 0.1391 0.3938
0.0274 -0.0754 0.0870 0.0000 0.5002 0.8659 0.1391 0.3938
0.0274 -0.0754 0.0870 0.0000 0.5002 0.8659 0.1391 0.3938
0.0411 -0.0873 0.0938 0.0000 0.5002 0.8659 0.1600 0.3730
0.0411 -0.0873 0.0938 0.0000 0.5002 0.8659 0.1600 0.3730
0.0411 -0.0873 0.0938 0.0000 0.5002 0.8659 0.1600 0.3730
0.0461 -0.1035 0.1032 0.0000 0.5002 0.8659 0.1676 0.3445
0.0299 -0.1035 0.1032 0.3349 0.4714 0.8159 0.0354 0.2141
0.0299 -0.1035 0.1032 0.3349 0.4714 0.8159 0.0354 0.2141
0.0271 -0.1127 0.1085 0.2900 0.3264 0.8997 0.0334 0.2068
0.0271 -0.1127 0.1085 0.2900 0.3264 0.8997 0.0334 0.2068
0.0271 -0.1127 0.1085 0.2900 0.3264 0.8997 0.0334 0.2068
0.0193 -0.1194 0.1124 0.1674 0.2203 0.9610 0.0281 0.2014
0.0193 -0.1194 0.1124 0.1674 0.2203 0.9610 0.0281 0.2014
0.0193 -0.1194 0.1124 0.1674 0.2203 0.9610 0.0281 0.2014
0.0087 -0.1219 0.1138 -0.0000 0.1814 0.9834 0.0207 0.1994
0.0087 -0.1219 0.1138 -0.0000 0.1814 0.9834 0.0207 0.1994
0.0087 -0.1219 0.1138 -0.0000 0.1814 0.9834 0.0207 0.1994
-0.0019 -0.1194 0.1124 -0.1674 0.2203 0.9610 0.0134 0.2014
-0.0019 -0.1194 0.1124 -0.1674 0.2203 0.9610 0.0134 0.2014
-0.0019 -0.1194 0.1124 -0.1674 0.2203 0.9610 0.0134 0.2014
-0.0097 -0.1127 0.1085 -0.2900 0.3264 0.8997 0.0081 0.2067
-0.0097 -0.1127 0.1085 -0.2900 0.3264 0.8997 0.0081 0.2067
-0.0097 -0.1127 0.1085 -0.2900 0.3264 0.8997 0.0081 0.2067
-0.0125 -0.1035 0.1032 -0.3349 0.4714 0.8159 0.0061 0.2141
-0.0125 -0.1035 0.1032 -0.3349 0.4714 0.8159 0.0061 0.2141
-0.0125 -0.1035 0.1032 -0.3349 0.4714 0.8159 0.0061 0.2141
-0.0097 -0.0943 0.0978 -0.2900 0.6163 0.7321 0.0080 0.2214
-0.0097 -0.0943 0.0978 -0.2900 0.6163 0.7321 0.0080 0.2214
-0.0097 -0.0943 0.0978 -0.2900 0.6163 0.7321 0.0080 0.2214
-0.0019 -0.0875 0.0940 -0.1674 0.7225 0.6708 0.0134 0.2268
-0.0019 -0.0875 0.0940 -0.1674 0.7225 0.6708 0.0134 0.2268
-0.0019 -0.0875 0.0940 -0.1674 0.7225 0.6708 0.0134 0.2268
0.0087 -0.0851 0.0925 0.0000 0.7613 0.6484 0.0207 0.2287
0.0087 -0.0851 0.0925 0.0000 0.7613 0.6484 0.0207 0.2287
0.0087 -0.0851 0.0925 0.0000 0.7613 0.6484 0.0207 0.2287
0.0193 -0.0875 0.0940 0.1674 0.7225 0.6708 0.0281 0.2268
0.0193 -0.0875 0.0940 0.1674 0.7225 0.6708 0.0281 0.2268
0.0193 -0.0875 0.0940 0.1674 0.7225 0.6708 0.0281 0.2268
0.0271 -0.0943 0.0978 0.2900 0.6163 0.7321 0.0334 0.2214
0.0271 -0.0943 0.0978 0.2900 0.6163 0.7321 0.0334 0.2214
0.0271 -0.0943 0.0978 0.2900 0.6163 0.7321 0.0334 0.2214
0.0299 -0.1035 0.1032 0.3349 0.4714 0.8159 0.0354 0.2141
-0.0873 -0.1059 0.0221 -0.3708 0.2241 -0.9013 0.0074 0.2147
-0.0873 -0.1059 0.0221 -0.3708 0.2241 -0.9013 0.0074 0.2147
-0.0910 -0.1035 0.0243 -0.3708 0.2241 -0.9013 0.0074 0.2147
-0.0453 -0.0779 0.0626 0.6599 0.6123 0.4355 0.0261 0.2255
-0.0453 -0.0779 0.0626 0.6599 0.6123 0.4355 0.0261 0.2255
-0.0489 -0.0754 0.0647 0.6599 0.6123 0.4355 0.0261 0.2255
-0.0499 -0.1059 0.0869 0.5951 0.2241 0.7718 0.0323 0.2147
-0.0536 -0.1035 0.0890 0.5951 0.2241 0.7718 0.0323 0.2147
-0.0536 -0.1035 0.0890 0.5951 0.2241 0.7718 0.0323 0.2147
-0.0733 -0.1340 0.0788 0.0472 -0.6123 0.7892 0.0261 0.2039
-0.0770 -0.1315 0.0809 0.0472 -0.6123 0.7892 0.0261 0.2039
-0.0770 -0.1315 0.0809 0.0472 -0.6123 0.7892 0.0261 0.2039
-0.0640 -0.0779 0.0302 0.2890 0.8364 -0.4657 0.0136 0.2255
-0.0640 -0.0779 0.0302 0.2890 0.8364 -0.4657 0.0136 0.2255
-0.0676 -0.0754 0.0324 0.2890 0.8364 -0.4657 0.0136 0.2255
-0.0536 -0.1035 0.0890 -0.7499 0.5002 0.4329 0.1676 0.3445
-0.0536 -0.1035 0.0890 -0.7499 0.5002 0.4329 0.1676 0.3445
-0.0642 -0.1197 0.0894 -0.7499 0.5002 0.4329 0.1600 0.3160
-0.0642 -0.1197 0.0894 -0.7499 0.5002 0.4329 0.1600 0.3160
-0.0642 -0.1197 0.0894 -0.7499 0.5002 0.4329 0.1600 0.3160
-0.0770 -0.1315 0.0809 -0.7499 0.5002 0.4329 0.1392 0.2951
-0.0770 -0.1315 0.0809 -0.7499 0.5002 0.4329 0.1392 0.2951
-0.0770 -0.1315 0.0809 -0.7499 0.5002 0.4329 0.1392 0.2951
-0.0885 -0.1358 0.0660 -0.7499 0.5002 0.4329 0.1107 0.2875
-0.0885 -0.1358 0.0660 -0.7499 0.5002 0.4329 0.1107 0.2875
-0.0885 -0.1358 0.0660 -0.7499 0.5002 0.4329 0.1107 0.2875
-0.0957 -0.1315 0.0486 -0.7499 0.5002 0.4329 0.0822 0.2951
-0.0957 -0.1315 0.0486 -0.7499 0.5002 0.4329 0.0822 0.2951
-0.0957 -0.1315 0.0486 -0.7499 0.5002 0.4329 0.0822 0.2951
-0.0966 -0.1197 0.0333 -0.7499 0.5002 0.4329 0.0613 0.3159
-0.0966 -0.1197 0.0333 -0.7499 0.5002 0.4329 0.0613 0.3159
-0.0966 -0.1197 0.0333 -0.7499 0.5002 0.4329 0.0613 0.3159
-0.0910 -0.1035 0.0243 -0.7499 0.5002 0.4329 0.0536 0.3444
-0.0910 -0.1035 0.0243 -0.7499 0.5002 0.4329 0.0536 0.3444
-0.0910 -0.1035 0.0243 -0.7499 0.5002 0.4329 0.0536 0.3444
-0.0804 -0.0873 0.0239 -0.7499 0.5002 0.4329 0.0613 0.3729
-0.0804 -0.0873 0.0239 -0.7499 0.5002 0.4329 0.0613 0.3729
-0.0804 -0.0873 0.0239 -0.7499 0.5002 0.4329 0.0613 0.3729
-0.0676 -0.0754 0.0324 -0.7499 0.5002 0.4329 0.0821 0.3938
-0.0676 -0.0754 0.0324 -0.7499 0.5002 0.4329 0.0821 0.3938
-0.0676 -0.0754 0.0324 -0.7499 0.5002 0.4329 0.0821 0.3938
-0.0561 -0.0711 0.0473 -0.7499 0.5002 0.4329 0.1106 0.4015
-0.0561 -0.0711 0.0473 -0.7499 0.5002 0.4329 0.1106 0.4015
-0.0561 -0.0711 0.0473 -0.7499 0.5002 0.4329 0.1106 0.4015
-0.0489 -0.0754 0.0647 -0.7499 0.5002 0.4329 0.1391 0.3938
-0.0489 -0.0754 0.0647 -0.7499 0.5002 0.4329 0.1391 0.3938
-0.0489 -0.0754 0.0647 -0.7499 0.5002 0.4329 0.1391 0.3938
-0.0480 -0.0873 0.0800 -0.7499 0.5002 0.4329 0.1600 0.3730
-0.0480 -0.0873 0.0800 -0.7499 0.5002 0.4329 0.1600 0.3730
-0.0480 -0.0873 0.0800 -0.7499 0.5002 0.4329 0.1600 0.3730
-0.0536 -0.1035 0.0890 -0.7499 0.5002 0.4329 0.1676 0.3445
-0.0617 -0.1035 0.0750 -0.5392 0.4714 0.6979 0.0354 0.2141
-0.0617 -0.1035 0.0750 -0.5392 0.4714 0.6979 0.0354 0.2141
-0.0677 -0.1127 0.0752 -0.6341 0.3264 0.7010 0.0334 0.2068
-0.0677 -0.1127 0.0752 -0.6341 0.3264 0.7010 0.0334 0.2068
-0.0677 -0.1127 0.0752 -0.6341 0.3264 0.7010 0.0334 0.2068
-0.0750 -0.1194 0.0704 -0.7485 0.2203 0.6255 0.0281 0.2014
-0.0750 -0.1194 0.0704 -0.7485 0.2203 0.6255 0.0281 0.2014
-0.0750 -0.1194 0.0704 -0.7485 0.2203 0.6255 0.0281 0.2014
-0.0815 -0.1219 0.0620 -0.8517 0.1814 0.4917 0.0207 0.1994
-0.0815 -0.1219 0.0620 -0.8517 0.1814 0.4917 0.0207 0.1994
-0.0815 -0.1219 0.0620 -0.8517 0.1814 0.4917 0.0207 0.1994
-0.0856 -0.1194 0.0521 -0.9159 0.2203 0.3355 0.0134 0.2014
-0.0856 -0.1194 0.0521 -0.9159 0.2203 0.3355 0.0134 0.2014
-0.0856 -0.1194 0.0521 -0.9159 0.2203 0.3355 0.0134 0.2014
-0.0861 -0.1127 0.0434 -0.9241 0.3264 0.1987 0.0081 0.2067
-0.0861 -0.1127 0.0434 -0.9241 0.3264 0.1987 0.0081 0.2067
-0.0861 -0.1127 0.0434 -0.9241 0.3264 0.1987 0.0081 0.2067
-0.0829 -0.1035 0.0383 -0.8740 0.4714 0.1180 0.0061 0.2141
-0.0829 -0.1035 0.0383 -0.8740 0.4714 0.1180 0.0061 0.2141
-0.0829 -0.1035 0.0383 -0.8740 0.4714 0.1180 0.0061 0.2141
-0.0769 -0.0943 0.0381 -0.7791 0.6163 0.1149 0.0080 0.2214
-0.0769 -0.0943 0.0381 -0.7791 0.6163 0.1149 0.0080 0.2214
-0.0769 -0.0943 0.0381 -0.7791 0.6163 0.1149 0.0080 0.2214
-0.0697 -0.0875 0.0429 -0.6647 0.7225 0.1904 0.0134 0.2268
-0.0697 -0.0875 0.0429 -0.6647 0.7225 0.1904 0.0134 0.2268
-0.0697 -0.0875 0.0429 -0.6647 0.7225 0.1904 0.0134 0.2268
-0.0631 -0.0851 0.0513 -0.5615 0.7613 0.3242 0.0207 0.2287
-0.0631 -0.0851 0.0513 -0.5615 0.7613 0.3242 0.0207 0.2287
-0.0631 -0.0851 0.0513 -0.5615 0.7613 0.3242 0.0207 0.2287
-0.0590 -0.0875 0.0612 -0.4972 0.7225 0.4804 0.0281 0.2268
-0.0590 -0.0875 0.0612 -0.4972 0.7225 0.4804 0.0281 0.2268
-0.0590 -0.0875 0.0612 -0.4972 0.7225 0.4804 0.0281 0.2268
-0.0585 -0.0943 0.0699 -0.4891 0.6163 0.6172 0.0334 0.2214
-0.0585 -0.0943 0.0699 -0.4891 0.6163 0.6172 0.0334 0.2214
-0.0585 -0.0943 0.0699 -0.4891 0.6163 0.6172 0.0334 0.2214
-0.0617 -0.1035 0.0750 -0.5392 0.4714 0.6979 0.0354 0.2141
-0.0502 -0.1059 -0.0670 0.5951 0.2241 -0.7718 0.0074 0.2147
-0.0502 -0.1059 -0.0670 0.5951 0.2241 -0.7718 0.0074 0.2147
-0.0538 -0.1035 -0.0691 0.5951 0.2241 -0.7718 0.0074 0.2147
-0.0642 -0.0779 -0.0103 -0.0472 0.6123 0.7892 0.0261 0.2255
-0.0642 -0.0779 -0.0103 -0.0472 0.6123 0.7892 0.0261 0.2255
-0.0679 -0.0754 -0.0125 -0.0472 0.6123 0.7892 0.0261 0.2255
-0.0735 -0.1340 -0.0589 0.0472 -0.6123 -0.7892 0.0137 0.2039
-0.0735 -0.1340 -0.0589 0.0472 -0.6123 -0.7892 0.0137 0.2039
-0.0772 -0.1315 -0.0610 0.0472 -0.6123 -0.7892 0.0137 0.2039
-0.0931 -0.1221 -0.0113 -0.6599 -0.6123 0.4355 0.0307 0.2085
-0.0931 -0.1221 -0.0113 -0.6599 -0.6123 0.4355 0.0307 0.2085
-0.0968 -0.1197 -0.0134 -0.6599 -0.6123 0.4355 0.0307 0.2085
-0.0455 -0.0779 -0.0427 0.5479 0.8364 0.0175 0.0136 0.2255
-0.0455 -0.0779 -0.0427 0.5479 0.8364 0.0175 0.0136 0.2255
-0.0492 -0.0754 -0.0449 0.5479 0.8364 0.0175 0.0136 0.2255
-0.0912 -0.1035 -0.0044 -0.7499 0.5002 -0.4329 0.1676 0.3445
-0.0912 -0.1035 -0.0044 -0.7499 0.5002 -0.4329 0.1676 0.3445
-0.0968 -0.1197 -0.0134 -0.7499 0.5002 -0.4329 0.1600 0.3160
-0.0968 -0.1197 -0.0134 -0.7499 0.5002 -0.4329 0.1600 0.3160
-0.0968 -0.1197 -0.0134 -0.7499 0.5002 -0.4329 0.1600 0.3160
-0.0959 -0.1315 -0.0287 -0.7499 0.5002 -0.4329 0.1392 0.2951
-0.0959 -0.1315 -0.0287 -0.7499 0.5002 -0.4329 0.1392 0.2951
-0.0959 -0.1315 -0.0287 -0.7499 0.5002 -0.4329 0.1392 0.2951
-0.0887 -0.1358 -0.0461 -0.7499 0.5002 -0.4329 0.1107 0.2875
-0.0887 -0.1358 -0.0461 -0.7499 0.5002 -0.4329 0.1107 0.2875
-0.0887 -0.1358 -0.0461 -0.7499 0.5002 -0.4329 0.1107 0.2875
-0.0772 -0.1315 -0.0610 -0.7499 0.5002 -0.4329 0.0822 0.2951
-0.0772 -0.1315 -0.0610 -0.7499 0.5002 -0.4329 0.0822 0.2951
-0.0772 -0.1315 -0.0610 -0.7499 0.5002 -0.4329 0.0822 0.2951
-0.0644 -0.1197 -0.0695 -0.7499 0.5002 -0.4329 0.0613 0.3159
-0.0644 -0.1197 -0.0695 -0.7499 0.5002 -0.4329 0.0613 0.3159
-0.0644 -0.1197 -0.0695 -0.7499 0.5002 -0.4329 0.0613 0.3159
-0.0538 -0.1035 -0.0691 -0.7499 0.5002 -0.4329 0.0536 0.3444
-0.0538 -0.1035 -0.0691 -0.7499 0.5002 -0.4329 0.0536 0.3444
-0.0538 -0.1035 -0.0691 -0.7499 0.5002 -0.4329 0.0536 0.3444
-0.0482 -0.0873 -0.0601 -0.7499 0.5002 -0.4329 0.0613 0.3729
-0.0482 -0.0873 -0.0601 -0.7499 0.5002 -0.4329 0.0613 0.3729
-0.0482 -0.0873 -0.0601 -0.7499 0.5002 -0.4329 0.0613 0.3729
-0.0492 -0.0754 -0.0449 -0.7499 0.5002 -0.4329 0.0821 0.3938
-0.0492 -0.0754 -0.0449 -0.7499 0.5002 -0.4329 0.0821 0.3938
-0.0492 -0.0754 -0.0449 -0.7499 0.5002 -0.4329 0.0821 0.3938
-0.0563 -0.0711 -0.0274 -0.7499 0.5002 -0.4329 0.1106 0.4015
-0.0563 -0.0711 -0.0274 -0.7499 0.5002 -0.4329 0.1106 0.4015
-0.0563 -0.0711 -0.0274 -0.7499 0.5002 -0.4329 0.1106 0.4015
-0.0679 -0.0754 -0.0125 -0.7499 0.5002 -0.4329 0.1391 0.3938
-0.0679 -0.0754 -0.0125 -0.7499 0.5002 -0.4329 0.1391 0.3938
-0.0679 -0.0754 -0.0125 -0.7499 0.5002 -0.4329 0.1391 0.3938
-0.0806 -0.0873 -0.0040 -0.7499 0.5002 -0.4329 0.1600 0.3730
-0.0806 -0.0873 -0.0040 -0.7499 0.5002 -0.4329 0.1600 0.3730
-0.0806 -0.0873 -0.0040 -0.7499 0.5002 -0.4329 0.1600 0.3730
-0.0912 -0.1035 -0.0044 -0.7499 0.5002 -0.4329 0.1676 0.3445
-0.0832 -0.1035 -0.0184 -0.8740 0.4714 -0.1180 0.0354 0.2141
-0.0832 -0.1035 -0.0184 -0.8740 0.4714 -0.1180 0.0354 0.2141
-0.0863 -0.1127 -0.0235 -0.9241 0.3264 -0.1987 0.0334 0.2068
-0.0863 -0.1127 -0.0235 -0.9241 0.3264 -0.1987 0.0334 0.2068
-0.0863 -0.1127 -0.0235 -0.9241 0.3264 -0.1987 0.0334 0.2068
-0.0858 -0.1194 -0.0322 -0.9159 0.2203 -0.3355 0.0281 0.2014
-0.0858 -0.1194 -0.0322 -0.9159 0.2203 -0.3355 0.0281 0.2014
-0.0858 -0.1194 -0.0322 -0.9159 0.2203 -0.3355 0.0281 0.2014
-0.0817 -0.1219 -0.0421 -0.8517 0.1814 -0.4917 0.0207 0.1994
-0.0817 -0.1219 -0.0421 -0.8517 0.1814 -0.4917 0.0207 0.1994
-0.0817 -0.1219 -0.0421 -0.8517 0.1814 -0.4917 0.0207 0.1994
-0.0752 -0.1194 -0.0506 -0.7485 0.2203 -0.6255 0.0134 0.2014
-0.0752 -0.1194 -0.0506 -0.7485 0.2203 -0.6255 0.0134 0.2014
-0.0752 -0.1194 -0.0506 -0.7485 0.2203 -0.6255 0.0134 0.2014
-0.0679 -0.1127 -0.0553 -0.6341 0.3264 -0.7010 0.0081 0.2067
-0.0679 -0.1127 -0.0553 -0.6341 0.3264 -0.7010 0.0081 0.2067
-0.0679 -0.1127 -0.0553 -0.6341 0.3264 -0.7010 0.0081 0.2067
-0.0619 -0.1035 -0.0551 -0.5392 0.4714 -0.6979 0.0061 0.2141
-0.0619 -0.1035 -0.0551 -0.5392 0.4714 -0.6979 0.0061 0.2141
-0.0619 -0.1035 -0.0551 -0.5392 0.4714 -0.6979 0.0061 0.2141
-0.0587 -0.0943 -0.0500 -0.4891 0.6163 -0.6172 0.0080 0.2214
-0.0587 -0.0943 -0.0500 -0.4891 0.6163 -0.6172 0.0080 0.2214
-0.0587 -0.0943 -0.0500 -0.4891 0.6163 -0.6172 0.0080 0.2214
-0.0593 -0.0875 -0.0414 -0.4972 0.7225 -0.4804 0.0134 0.2268
-0.0593 -0.0875 -0.0414 -0.4972 0.7225 -0.4804 0.0134 0.2268
-0.0593 -0.0875 -0.0414 -0.4972 0.7225 -0.4804 0.0134 0.2268
-0.0633 -0.0851 -0.0314 -0.5615 0.7613 -0.3242 0.0207 0.2287
-0.0633 -0.0851 -0.0314 -0.5615 0.7613 -0.3242 0.0207 0.2287
-0.0633 -0.0851 -0.0314 -0.5615 0.7613 -0.3242 0.0207 0.2287
-0.0699 -0.0875 -0.0230 -0.6647 0.7225 -0.1904 0.0281 0.2268
-0.0699 -0.0875 -0.0230 -0.6647 0.7225 -0.1904 0.0281 0.2268
-0.0699 -0.0875 -0.0230 -0.6647 0.7225 -0.1904 0.0281 0.2268
-0.0771 -0.0943 -0.0182 -0.7791 0.6163 -0.1149 0.0334 0.2214
-0.0771 -0.0943 -0.0182 -0.7791 0.6163 -0.1149 0.0334 0.2214
-0.0771 -0.0943 -0.0182 -0.7791 0.6163 -0.1149 0.0334 0.2214
-0.0832 -0.1035 -0.0184 -0.8740 0.4714 -0.1180 0.0354 0.2141
-0.0105 -0.0779 -0.0632 -0.7071 0.6123 0.3537 0.0261 0.2255
-0.0105 -0.0779 -0.0632 -0.7071 0.6123 0.3537 0.0261 0.2255
-0.0105 -0.0754 -0.0675 -0.7071 0.6123 0.3537 0.0261 0.2255
0.0406 -0.1221 -0.0888 0.7071 -0.6123 -0.3537 0.0091 0.2085
0.0406 -0.1197 -0.0930 0.7071 -0.6123 -0.3537 0.0091 0.2085
0.0406 -0.1197 -0.0930 0.7071 -0.6123 -0.3537 0.0091 0.2085
-0.0292 -0.1059 -0.0794 -0.9659 0.2241 0.1295 0.0323 0.2147
-0.0292 -0.1035 -0.0837 -0.9659 0.2241 0.1295 0.0323 0.2147
-0.0292 -0.1035 -0.0837 -0.9659 0.2241 0.1295 0.0323 0.2147
-0.0241 -0.1221 -0.0888 -0.7071 -0.6123 -0.3537 0.0307 0.2085
-0.0241 -0.1221 -0.0888 -0.7071 -0.6123 -0.3537 0.0307 0.2085
-0.0241 -0.1197 -0.0930 -0.7071 -0.6123 -0.3537 0.0307 0.2085
0.0269 -0.0779 -0.0632 0.2588 0.8364 0.4832 0.0136 0.2255
0.0269 -0.0779 -0.0632 0.2588 0.8364 0.4832 0.0136 0.2255
0.0269 -0.0754 -0.0675 0.2588 0.8364 0.4832 0.0136 0.2255
-0.0292 -0.1035 -0.0837 -0.0000 0.5002 -0.8659 0.1676 0.3445
-0.0292 -0.1035 -0.0837 -0.0000 0.5002 -0.8659 0.1676 0.3445
-0.0241 -0.1197 -0.0930 -0.0000 0.5002 -0.8659 0.1600 0.3160
-0.0241 -0.1197 -0.0930 -0.0000 0.5002 -0.8659 0.1600 0.3160
-0.0241 -0.1197 -0.0930 -0.0000 0.5002 -0.8659 0.1600 0.3160
-0.0105 -0.1315 -0.0999 -0.0000 0.5002 -0.8659 0.1392 0.2951
-0.0105 -0.1315 -0.0999 -0.0000 0.5002 -0.8659 0.1392 0.2951
-0.0105 -0.1315 -0.0999 -0.0000 0.5002 -0.8659 0.1392 0.2951
0.0082 -0.1358 -0.1024 -0.0000 0.5002 -0.8659 0.1107 0.2875
0.0082 -0.1358 -0.1024 -0.0000 0.5002 -0.8659 0.1107 0.2875
0.0082 -0.1358 -0.1024 -0.0000 0.5002 -0.8659 0.1107 0.2875
0.0269 -0.1315 -0.0999 0.0000 0.5002 -0.8659 0.0822 0.2951
0.0269 -0.1315 -0.0999 0.0000 0.5002 -0.8659 0.0822 0.2951
0.0269 -0.1315 -0.0999 0.0000 0.5002 -0.8659 0.0822 0.2951
0.0406 -0.1197 -0.0930 0.0000 0.5002 -0.8659 0.0613 0.3159
0.0406 -0.1197 -0.0930 0.0000 0.5002 -0.8659 0.0613 0.3159
0.0406 -0.1197 -0.0930 0.0000 0.5002 -0.8659 0.0613 0.3159
0.0456 -0.1035 -0.0837 -0.0000 0.5002 -0.8659 0.0536 0.3444
0.0456 -0.1035 -0.0837 -0.0000 0.5002 -0.8659 0.0536 0.3444
0.0456 -0.1035 -0.0837 -0.0000 0.5002 -0.8659 0.0536 0.3444
0.0406 -0.0873 -0.0743 -0.0000 0.5002 -0.8659 0.0613 0.3729
0.0406 -0.0873 -0.0743 -0.0000 0.5002 -0.8659 0.0613 0.3729
0.0406 -0.0873 -0.0743 -0.0000 0.5002 -0.8659 0.0613 0.3729
0.0269 -0.0754 -0.0675 0.0000 0.5002 -0.8659 0.0821 0.3938
0.0269 -0.0754 -0.0675 0.0000 0.5002 -0.8659 0.0821 0.3938
0.0269 -0.0754 -0.0675 0.0000 0.5002 -0.8659 0.0821 0.3938
0.0082 -0.0711 -0.0650 -0.0000 0.5002 -0.8659 0.1106 0.4015
0.0082 -0.0711 -0.0650 -0.0000 0.5002 -0.8659 0.1106 0.4015
0.0082 -0.0711 -0.0650 -0.0000 0.5002 -0.8659 0.1106 0.4015
-0.0105 -0.0754 -0.0675 -0.0000 0.5002 -0.8659 0.1391 0.3938
-0.0105 -0.0754 -0.0675 -0.0000 0.5002 -0.8659 0.1391 0.3938
-0.0105 -0.0754 -0.0675 -0.0000 0.5002 -0.8659 0.1391 0.3938
-0.0241 -0.0873 -0.0743 -0.0000 0.5002 -0.8659 0.1600 0.3730
-0.0241 -0.0873 -0.0743 -0.0000 0.5002 -0.8659 0.1600 0.3730
-0.0241 -0.0873 -0.0743 -0.0000 0.5002 -0.8659 0.1600 0.3730
-0.0292 -0.1035 -0.0837 -0.0000 0.5002 -0.8659 0.1676 0.3445
-0.0130 -0.1035 -0.0837 -0.3349 0.4714 -0.8159 0.0354 0.2141
-0.0130 -0.1035 -0.0837 -0.3349 0.4714 -0.8159 0.0354 0.2141
-0.0101 -0.1127 -0.0890 -0.2900 0.3264 -0.8997 0.0334 0.2068
-0.0101 -0.1127 -0.0890 -0.2900 0.3264 -0.8997 0.0334 0.2068
-0.0101 -0.1127 -0.0890 -0.2900 0.3264 -0.8997 0.0334 0.2068
-0.0024 -0.1194 -0.0929 -0.1674 0.2203 -0.9610 0.0281 0.2014
-0.0024 -0.1194 -0.0929 -0.1674 0.2203 -0.9610 0.0281 0.2014
-0.0024 -0.1194 -0.0929 -0.1674 0.2203 -0.9610 0.0281 0.2014
0.0082 -0.1219 -0.0943 0.0000 0.1814 -0.9834 0.0207 0.1994
0.0082 -0.1219 -0.0943 0.0000 0.1814 -0.9834 0.0207 0.1994
0.0082 -0.1219 -0.0943 0.0000 0.1814 -0.9834 0.0207 0.1994
0.0189 -0.1194 -0.0929 0.1674 0.2203 -0.9610 0.0134 0.2014
0.0189 -0.1194 -0.0929 0.1674 0.2203 -0.9610 0.0134 0.2014
0.0189 -0.1194 -0.0929 0.1674 0.2203 -0.9610 0.0134 0.2014
0.0266 -0.1127 -0.0890 0.2900 0.3264 -0.8997 0.0081 0.2067
0.0266 -0.1127 -0.0890 0.2900 0.3264 -0.8997 0.0081 0.2067
0.0266 -0.1127 -0.0890 0.2900 0.3264 -0.8997 0.0081 0.2067
0.0295 -0.1035 -0.0837 0.3349 0.4714 -0.8159 0.0061 0.2141
0.0295 -0.1035 -0.0837 0.3349 0.4714 -0.8159 0.0061 0.2141
0.0295 -0.1035 -0.0837 0.3349 0.4714 -0.8159 0.0061 0.2141
0.0266 -0.0943 -0.0783 0.2900 0.6163 -0.7321 0.0080 0.2214
0.0266 -0.0943 -0.0783 0.2900 0.6163 -0.7321 0.0080 0.2214
0.0266 -0.0943 -0.0783 0.2900 0.6163 -0.7321 0.0080 0.2214
0.0189 -0.0875 -0.0745 0.1674 0.7225 -0.6708 0.0134 0.2268
0.0189 -0.0875 -0.0745 0.1674 0.7225 -0.6708 0.0134 0.2268
0.0189 -0.0875 -0.0745 0.1674 0.7225 -0.6708 0.0134 0.2268
0.0082 -0.0851 -0.0730 -0.0000 0.7613 -0.6484 0.0207 0.2287
0.0082 -0.0851 -0.0730 -0.0000 0.7613 -0.6484 0.0207 0.2287
0.0082 -0.0851 -0.0730 -0.0000 0.7613 -0.6484 0.0207 0.2287
-0.0024 -0.0875 -0.0745 -0.1674 0.7225 -0.6708 0.0281 0.2268
-0.0024 -0.0875 -0.0745 -0.1674 0.7225 -0.6708 0.0281 0.2268
-0.0024 -0.0875 -0.0745 -0.1674 0.7225 -0.6708 0.0281 0.2268
-0.0101 -0.0943 -0.0783 -0.2900 0.6163 -0.7321 0.0334 0.2214
-0.0101 -0.0943 -0.0783 -0.2900 0.6163 -0.7321 0.0334 0.2214
-0.0101 -0.0943 -0.0783 -0.2900 0.6163 -0.7321 0.0334 0.2214
-0.0130 -0.1035 -0.0837 -0.3349 0.4714 -0.8159 0.0354 0.2141
0.1043 -0.1059 -0.0026 0.3708 0.2241 0.9013 0.0074 0.2147
0.1043 -0.1059 -0.0026 0.3708 0.2241 0.9013 0.0074 0.2147
0.1079 -0.1035 -0.0048 0.3708 0.2241 0.9013 0.0074 0.2147
0.0622 -0.0779 -0.0431 -0.6599 0.6123 -0.4355 0.0261 0.2255
0.0622 -0.0779 -0.0431 -0.6599 0.6123 -0.4355 0.0261 0.2255
0.0659 -0.0754 -0.0452 -0.6599 0.6123 -0.4355 0.0261 0.2255
0.1089 -0.1340 -0.0269 0.6599 -0.6123 0.4355 0.0137 0.2039
0.1089 -0.1340 -0.0269 0.6599 -0.6123 0.4355 0.0137 0.2039
0.1126 -0.1315 -0.0291 0.6599 -0.6123 0.4355 0.0137 0.2039
0.0669 -0.1059 -0.0674 -0.5951 0.2241 -0.7718 0.0323 0.2147
0.0706 -0.1035 -0.0695 -0.5951 0.2241 -0.7718 0.0323 0.2147
0.0706 -0.1035 -0.0695 -0.5951 0.2241 -0.7718 0.0323 0.2147
0.0902 -0.1340 -0.0593 -0.0472 -0.6123 -0.7892 0.0261 0.2039
0.0939 -0.1315 -0.0614 -0.0472 -0.6123 -0.7892 0.0261 0.2039
0.0939 -0.1315 -0.0614 -0.0472 -0.6123 -0.7892 0.0261 0.2039
0.0809 -0.0779 -0.0107 -0.2890 0.8364 0.4657 0.0136 0.2255
0.0809 -0.0779 -0.0107 -0.2890 0.8364 0.4657 0.0136 0.2255
0.0846 -0.0754 -0.0129 -0.2890 0.8364 0.4657 0.0136 0.2255
0.0706 -0.1035 -0.0695 0.7499 0.5002 -0.4329 0.1676 0.3445
0.0706 -0.1035 -0.0695 0.7499 0.5002 -0.4329 0.1676 0.3445
0.0812 -0.1197 -0.0699 0.7499 0.5002 -0.4329 0.1600 0.3160
0.0812 -0.1197 -0.0699 0.7499 0.5002 -0.4329 0.1600 0.3160
0.0812 -0.1197 -0.0699 0.7499 0.5002 -0.4329 0.1600 0.3160
0.0939 -0.1315 -0.0614 0.7499 0.5002 -0.4329 0.1392 0.2951
0.0939 -0.1315 -0.0614 0.7499 0.5002 -0.4329 0.1392 0.2951
0.0939 -0.1315 -0.0614 0.7499 0.5002 -0.4329 0.1392 0.2951
0.1054 -0.1358 -0.0465 0.7499 0.5002 -0.4329 0.1107 0.2875
0.1054 -0.1358 -0.0465 0.7499 0.5002 -0.4329 0.1107 0.2875
0.1054 -0.1358 -0.0465 0.7499 0.5002 -0.4329 0.1107 0.2875
0.1126 -0.1315 -0.0291 0.7499 0.5002 -0.4329 0.0822 0.2951
0.1126 -0.1315 -0.0291 0.7499 0.5002 -0.4329 0.0822 0.2951
0.1126 -0.1315 -0.0291 0.7499 0.5002 -0.4329 0.0822 0.2951
0.1135 -0.1197 -0.0138 0.7499 0.5002 -0.4329 0.0613 0.3159
0.1135 -0.1197 -0.0138 0.7499 0.5002 -0.4329 0.0613 0.3159
0.1135 -0.1197 -0.0138 0.7499 0.5002 -0.4329 0.0613 0.3159
0.1079 -0.1035 -0.0048 0.7499 0.5002 -0.4329 0.0536 0.3444
0.1079 -0.1035 -0.0048 0.7499 0.5002 -0.4329 0.0536 0.3444
0.1079 -0.1035 -0.0048 0.7499 0.5002 -0.4329 0.0536 0.3444
0.0973 -0.0873 -0.0044 0.7499 0.5002 -0.4329 0.0613 0.3729
0.0973 -0.0873 -0.0044 0.7499 0.5002 -0.4329 0.0613 0.3729
0.0973 -0.0873 -0.0044 0.7499 0.5002 -0.4329 0.0613 0.3729
0.0846 -0.0754 -0.0129 0.7499 0.5002 -0.4329 0.0821 0.3938
0.0846 -0.0754 -0.0129 0.7499 0.5002 -0.4329 0.0821 0.3938
0.0846 -0.0754 -0.0129 0.7499 0.5002 -0.4329 0.0821 0.3938
0.0730 -0.0711 -0.0278 0.7499 0.5002 -0.4329 0.1106 0.4015
0.0730 -0.0711 -0.0278 0.7499 0.5002 -0.4329 0.1106 0.4015
0.0730 -0.0711 -0.0278 0.7499 0.5002 -0.4329 0.1106 0.4015
0.0659 -0.0754 -0.0452 0.7499 0.5002 -0.4329 0.1391 0.3938
0.0659 -0.0754 -0.0452 0.7499 0.5002 -0.4329 0.1391 0.3938
0.0659 -0.0754 -0.0452 0.7499 0.5002 -0.4329 0.1391 0.3938
0.0650 -0.0873 -0.0605 0.7499 0.5002 -0.4329 0.1600 0.3730
0.0650 -0.0873 -0.0605 0.7499 0.5002 -0.4329 0.1600 0.3730
0.0650 -0.0873 -0.0605 0.7499 0.5002 -0.4329 0.1600 0.3730
0.0706 -0.1035 -0.0695 0.7499 0.5002 -0.4329 0.1676 0.3445
0.0786 -0.1035 -0.0555 0.5392 0.4714 -0.6979 0.0354 0.2141
0.0786 -0.1035 -0.0555 0.5392 0.4714 -0.6979 0.0354 0.2141
0.0847 -0.1127 -0.0557 0.6341 0.3264 -0.7010 0.0334 0.2068
0.0847 -0.1127 -0.0557 0.6341 0.3264 -0.7010 0.0334 0.2068
0.0847 -0.1127 -0.0557 0.6341 0.3264 -0.7010 0.0334 0.2068
0.0919 -0.1194 -0.0509 0.7485 0.2203 -0.6255 0.0281 0.2014
0.0919 -0.1194 -0.0509 0.7485 0.2203 -0.6255 0.0281 0.2014
0.0919 -0.1194 -0.0509 0.7485 0.2203 -0.6255 0.0281 0.2014
0.0984 -0.1219 -0.0425 0.8517 0.1814 -0.4917 0.0207 0.1994
0.0984 -0.1219 -0.0425 0.8517 0.1814 -0.4917 0.0207 0.1994
0.0984 -0.1219 -0.0425 0.8517 0.1814 -0.4917 0.0207 0.1994
0.1025 -0.1194 -0.0326 0.9159 0.2203 -0.3355 0.0134 0.2014
0.1025 -0.1194 -0.0326 0.9159 0.2203 -0.3355 0.0134 0.2014
0.1025 -0.1194 -0.0326 0.9159 0.2203 -0.3355 0.0134 0.2014
0.1030 -0.1127 -0.0239 0.9241 0.3264 -0.1987 0.0081 0.2067
0.1030 -0.1127 -0.0239 0.9241 0.3264 -0.1987 0.0081 0.2067
0.1030 -0.1127 -0.0239 0.9241 0.3264 -0.1987 0.0081 0.2067
0.0999 -0.1035 -0.0188 0.8740 0.4714 -0.1180 0.0061 0.2141
0.0999 -0.1035 -0.0188 0.8740 0.4714 -0.1180 0.0061 0.2141
0.0999 -0.1035 -0.0188 0.8740 0.4714 -0.1180 0.0061 0.2141
0.0938 -0.0943 -0.0186 0.7791 0.6163 -0.1149 0.0080 0.2214
0.0938 -0.0943 -0.0186 0.7791 0.6163 -0.1149 0.0080 0.2214
0.0938 -0.0943 -0.0186 0.7791 0.6163 -0.1149 0.0080 0.2214
0.0866 -0.0875 -0.0234 0.6647 0.7225 -0.1904 0.0134 0.2268
0.0866 -0.0875 -0.0234 0.6647 0.7225 -0.1904 0.0134 0.2268
0.0866 -0.0875 -0.0234 0.6647 0.7225 -0.1904 0.0134 0.2268
0.0800 -0.0851 -0.0318 0.5615 0.7613 -0.3242 0.0207 0.2287
0.0800 -0.0851 -0.0318 0.5615 0.7613 -0.3242 0.0207 0.2287
0.0800 -0.0851 -0.0318 0.5615 0.7613 -0.3242 0.0207 0.2287
0.0760 -0.0875 -0.0417 0.4972 0.7225 -0.4804 0.0281 0.2268
0.0760 -0.0875 -0.0417 0.4972 0.7225 -0.4804 0.0281 0.2268
0.0760 -0.0875 -0.0417 0.4972 0.7225 -0.4804 0.0281 0.2268
0.0755 -0.0943 -0.0504 0.4891 0.6163 -0.6172 0.0334 0.2214
0.0755 -0.0943 -0.0504 0.4891 0.6163 -0.6172 0.0334 0.2214
0.0755 -0.0943 -0.0504 0.4891 0.6163 -0.6172 0.0334 0.2214
0.0786 -0.1035 -0.0555 0.5392 0.4714 -0.6979 0.0354 0.2141
13 14 12
14 16 15
16 18 17
18 20 19
20 22 21
22 13 23
13 16 14
16 20 18
20 13 22
16 13 20
5 30 6
5 29 30
2 27 3
2 26 27
9 34 10
9 33 34
6 31 7
6 30 31
3 28 4
3 27 28
288 35 11
289 290 35
0 24 1
0 25 24
7 32 8
7 31 32
4 292 291
4 28 293
11 295 294
11 35 296
297 26 2
298 299 26
300 33 9
301 302 33
36 303 37
36 305 304
38 306 36
38 308 307
39 309 38
39 311 310
40 312 39
40 314 313
41 315 40
41 317 316
42 318 41
42 320 319
43 321 42
43 323 322
44 324 43
44 326 325
45 327 44
45 329 328
46 330 45
46 332 331
47 333 46
47 335 334
37 336 47
37 338 337
12 339 13
12 341 340
14 342 12
14 344 343
15 345 14
15 347 346
16 348 15
16 350 349
17 351 16
17 353 352
18 354 17
18 356 355
19 357 18
19 359 358
20 360 19
20 362 361
21 363 20
21 365 364
22 366 21
22 368 367
23 369 22
23 371 370
13 372 23
13 374 373
61 62 60
62 64 63
64 66 65
66 68 67
68 70 69
70 61 71
61 64 62
64 68 66
68 61 70
64 61 68
53 78 54
53 77 78
50 75 51
50 74 75
57 82 58
57 81 82
54 79 55
54 78 79
51 76 52
51 75 76
375 83 59
376 377 83
48 72 49
48 73 72
55 80 56
55 79 80
378 77 53
379 380 77
59 382 381
59 83 383
384 74 50
385 386 74
56 81 57
56 80 81
84 387 85
84 389 388
86 390 84
86 392 391
87 393 86
87 395 394
88 396 87
88 398 397
89 399 88
89 401 400
90 402 89
90 404 403
91 405 90
91 407 406
92 408 91
92 410 409
93 411 92
93 413 412
94 414 93
94 416 415
95 417 94
95 419 418
85 420 95
85 422 421
60 423 61
60 425 424
62 426 60
62 428 427
63 429 62
63 431 430
64 432 63
64 434 433
65 435 64
65 437 436
66 438 65
66 440 439
67 441 66
67 443 442
68 444 67
68 446 445
69 447 68
69 449 448
70 450 69
70 452 451
71 453 70
71 455 454
61 456 71
61 458 457
109 110 108
110 112 111
112 114 113
114 116 115
116 118 117
118 109 119
109 112 110
112 116 114
116 109 118
112 109 116
101 126 102
101 125 126
98 123 99
98 122 123
105 130 106
105 129 130
459 127 103
460 461 127
99 124 100
99 123 124
462 131 107
463 464 131
96 120 97
96 121 120
103 128 104
103 127 128
100 125 101
100 124 125
107 466 465
107 131 467
97 469 468
97 120 470
471 129 105
472 473 129
132 474 133
132 476 475
134 477 132
134 479 478
135 480 134
135 482 481
136 483 135
136 485 484
137 486 136
137 488 487
138 489 137
138 491 490
139 492 138
139 494 493
140 495 139
140 497 496
141 498 140
141 500 499
142 501 141
142 503 502
143 504 142
143 506 505
133 507 143
133 509 508
108 510 109
108 512 511
110 513 108
110 515 514
111 516 110
111 518 517
112 519 111
112 521 520
113 522 112
113 524 523
114 525 113
114 527 526
115 528 114
115 530 529
116 531 115
116 533 532
117 534 116
117 536 535
118 537 117
118 539 538
119 540 118
119 542 541
109 543 119
109 545 544
157 158 156
158 160 159
160 162 161
162 164 163
164 166 165
166 157 167
157 160 158
160 164 162
164 157 166
160 157 164
149 174 150
149 173 174
146 171 147
146 170 171
153 178 154
153 177 178
546 175 151
547 548 175
147 172 148
147 171 172
549 179 155
550 551 179
144 168 145
144 169 168
151 176 152
151 175 176
552 173 149
553 554 173
155 169 144
155 179 169
555 170 146
556 557 170
558 177 153
559 560 177
180 561 181
180 563 562
182 564 180
182 566 565
183 567 182
183 569 568
184 570 183
184 572 571
185 573 184
185 575 574
186 576 185
186 578 577
187 579 186
187 581 580
188 582 187
188 584 583
189 585 188
189 587 586
190 588 189
190 590 589
191 591 190
191 593 592
181 594 191
181 596 595
156 597 157
156 599 598
158 600 156
158 602 601
159 603 158
159 605 604
160 606 159
160 608 607
161 609 160
161 611 610
162 612 161
162 614 613
163 615 162
163 617 616
164 618 163
164 620 619
165 621 164
165 623 622
166 624 165
166 626 625
167 627 166
167 629 628
157 630 167
157 632 631
205 206 204
206 208 207
208 210 209
210 212 211
212 214 213
214 205 215
205 208 206
208 212 210
212 205 214
208 205 212
197 222 198
197 221 222
194 219 195
194 218 219
201 226 202
201 225 226
198 223 199
198 222 223
195 220 196
195 219 220
633 227 203
634 635 227
192 216 193
192 217 216
199 224 200
199 223 224
196 637 636
196 220 638
203 640 639
203 227 641
642 218 194
643 644 218
645 225 201
646 647 225
228 648 229
228 650 649
230 651 228
230 653 652
231 654 230
231 656 655
232 657 231
232 659 658
233 660 232
233 662 661
234 663 233
234 665 664
235 666 234
235 668 667
236 669 235
236 671 670
237 672 236
237 674 673
238 675 237
238 677 676
239 678 238
239 680 679
229 681 239
229 683 682
204 684 205
204 686 685
206 687 204
206 689 688
207 690 206
207 692 691
208 693 207
208 695 694
209 696 208
209 698 697
210 699 209
210 701 700
211 702 210
211 704 703
212 705 211
212 707 706
213 708 212
213 710 709
214 711 213
214 713 712
215 714 214
215 716 715
205 717 215
205 719 718
253 254 252
254 256 255
256 258 257
258 260 259
260 262 261
262 253 263
253 256 254
256 260 258
260 253 262
256 253 260
245 270 246
245 269 270
242 267 243
242 266 267
249 274 250
249 273 274
720 271 247
721 722 271
243 268 244
243 267 268
723 275 251
724 725 275
240 264 241
240 265 264
247 272 248
247 271 272
726 269 245
727 728 269
251 730 729
251 275 731
241 733 732
241 264 734
735 273 249
736 737 273
276 738 277
276 740 739
278 741 276
278 743 742
279 744 278
279 746 745
280 747 279
280 749 748
281 750 280
281 752 751
282 753 281
282 755 754
283 756 282
283 758 757
284 759 283
284 761 760
285 762 284
285 764 763
286 765 285
286 767 766
287 768 286
287 770 769
277 771 287
277 773 772
252 774 253
252 776 775
254 777 252
254 779 778
255 780 254
255 782 781
256 783 255
256 785 784
257 786 256
257 788 787
258 789 257
258 791 790
259 792 258
259 794 793
260 795 259
260 797 796
261 798 260
261 800 799
262 801 261
262 803 802
263 804 262
263 806 805
253 807 263
253 809 808
MATERIALS 4
ALSEP_Light
ALSEP_White
ALSEP_Dark
ALSEP_SWS_Sensor
MATERIAL ALSEP_Light
0.500 0.500 0.500 1.000
0.500 0.500 0.500 1.000
0.500 0.500 0.500 1.000 100.000
0.000 0.000 0.000 0.500
MATERIAL ALSEP_White
0.800 0.800 0.800 1.000
1.000 1.000 1.000 1.000
1.000 1.000 1.000 1.000 0.000
0.000 0.000 0.000 1.000
MATERIAL ALSEP_Dark
0.200 0.200 0.200 1.000
0.200 0.200 0.200 1.000
0.200 0.200 0.200 1.000 0.000
0.000 0.000 0.000 1.000
MATERIAL ALSEP_SWS_Sensor
0.800 0.800 0.800 1.000
1.000 1.000 1.000 1.000
1.000 1.000 1.000 1.000 0.000
0.000 0.000 0.000 1.000
TEXTURES 1
ProjectApollo\ALSEP_Misc.dds
