MSHX1
GROUPS 4
LABEL S_Bnd_Dish
MATERIAL 1
TEXTURE 0
FLAG 0
GEOM 210 336
0.9673 2.4103 -0.0000 0.9296 -0.3686 -0.0000
0.8573 2.1328 -0.0000 0.8923 -0.4514 -0.0000
0.6656 1.8375 -0.0000 0.7846 -0.6200 0.0000
0.0271 1.2506 -0.0000 0.6496 -0.7603 0.0000
0.9105 2.3705 -0.4604 0.9096 -0.3826 -0.1621
0.8095 2.0993 -0.3870 0.8752 -0.4634 -0.1391
0.6297 1.8124 -0.2908 0.7741 -0.6273 -0.0846
0.0225 1.2473 -0.0374 0.6461 -0.7627 -0.0283
0.7450 2.2546 -0.8800 0.8513 -0.4234 -0.3099
0.6704 2.0019 -0.7395 0.8251 -0.4984 -0.2659
0.5252 1.7392 -0.5557 0.7437 -0.6486 -0.1617
0.0091 1.2379 -0.0714 0.6359 -0.7698 -0.0541
0.4855 2.0729 -1.2213 0.7599 -0.4874 -0.4301
0.4524 1.8493 -1.0264 0.7467 -0.5533 -0.3691
0.3614 1.6245 -0.7712 0.6960 -0.6820 -0.2244
-0.0120 1.2232 -0.0991 0.6200 -0.7810 -0.0751
0.1552 1.8416 -1.4541 0.6436 -0.5688 -0.5120
0.1748 1.6549 -1.2220 0.6469 -0.6232 -0.4394
0.1528 1.4784 -0.9182 0.6353 -0.7245 -0.2672
-0.0388 1.2044 -0.1180 0.5997 -0.7952 -0.0894
-0.2167 1.5813 -1.5577 0.5127 -0.6605 -0.5485
-0.1377 1.4361 -1.3091 0.5345 -0.7019 -0.4707
-0.0820 1.3140 -0.9837 0.5670 -0.7724 -0.2863
-0.0689 1.1833 -0.1264 0.5768 -0.8112 -0.0958
-0.5970 1.3149 -1.5229 0.3787 -0.7543 -0.5363
-0.4574 1.2122 -1.2799 0.4196 -0.7824 -0.4602
-0.3222 1.1458 -0.9617 0.4971 -0.8213 -0.2799
-0.0998 1.1617 -0.1236 0.5534 -0.8276 -0.0937
-0.9521 1.0663 -1.3528 0.2537 -0.8418 -0.4764
-0.7558 1.0033 -1.1369 0.3123 -0.8575 -0.4088
-0.5464 0.9888 -0.8543 0.4319 -0.8670 -0.2486
-0.1286 1.1415 -0.1098 0.5316 -0.8429 -0.0832
-1.2503 0.8575 -1.0625 0.1487 -0.9154 -0.3741
-1.0064 0.8278 -0.8929 0.2222 -0.9206 -0.3211
-0.7348 0.8569 -0.6709 0.3771 -0.9054 -0.1953
-0.1528 1.1246 -0.0862 0.5132 -0.8558 -0.0653
-1.4652 0.7071 -0.6778 0.0731 -0.9684 -0.2387
-1.1870 0.7014 -0.5696 0.1573 -0.9661 -0.2048
-0.8704 0.7619 -0.4280 0.3376 -0.9330 -0.1246
-0.1703 1.1123 -0.0550 0.5000 -0.8650 -0.0417
-1.5776 0.6283 -0.2328 0.0335 -0.9961 -0.0820
-1.2815 0.6352 -0.1957 0.1233 -0.9899 -0.0704
-0.9414 0.7122 -0.1470 0.3169 -0.9475 -0.0428
-0.1794 1.1060 -0.0189 0.4931 -0.8699 -0.0143
-1.5776 0.6283 0.2328 0.0335 -0.9961 0.0820
-1.2815 0.6352 0.1957 0.1233 -0.9899 0.0704
-0.9414 0.7122 0.1470 0.3169 -0.9475 0.0428
-0.1794 1.1060 0.0189 0.4931 -0.8699 0.0143
-1.4652 0.7071 0.6778 0.0731 -0.9684 0.2387
-1.1870 0.7014 0.5696 0.1573 -0.9661 0.2048
-0.8704 0.7619 0.4280 0.3376 -0.9330 0.1246
-0.1703 1.1123 0.0550 0.5000 -0.8650 0.0417
-1.2503 0.8575 1.0625 0.1487 -0.9154 0.3741
-1.0064 0.8278 0.8929 0.2222 -0.9206 0.3211
-0.7348 0.8569 0.6709 0.3771 -0.9054 0.1953
-0.1528 1.1246 0.0862 0.5132 -0.8558 0.0653
-0.9521 1.0663 1.3528 0.2537 -0.8418 0.4764
-0.7558 1.0033 1.1369 0.3123 -0.8575 0.4088
-0.5464 0.9888 0.8543 0.4319 -0.8670 0.2486
-0.1286 1.1415 0.1098 0.5316 -0.8429 0.0832
-0.5970 1.3149 1.5229 0.3787 -0.7543 0.5363
-0.4574 1.2122 1.2799 0.4196 -0.7824 0.4602
-0.3222 1.1458 0.9617 0.4971 -0.8213 0.2799
-0.0998 1.1617 0.1236 0.5534 -0.8276 0.0937
-0.2167 1.5813 1.5577 0.5127 -0.6605 0.5485
-0.1377 1.4361 1.3091 0.5345 -0.7019 0.4707
-0.0820 1.3140 0.9837 0.5670 -0.7724 0.2863
-0.0689 1.1833 0.1264 0.5768 -0.8112 0.0958
0.1552 1.8416 1.4541 0.6436 -0.5688 0.5120
0.1748 1.6549 1.2220 0.6469 -0.6232 0.4394
0.1528 1.4784 0.9182 0.6353 -0.7245 0.2672
-0.0388 1.2044 0.1180 0.5997 -0.7952 0.0894
0.4855 2.0729 1.2213 0.7599 -0.4874 0.4301
0.4524 1.8493 1.0264 0.7467 -0.5533 0.3691
0.3614 1.6245 0.7712 0.6960 -0.6820 0.2244
-0.0120 1.2232 0.0991 0.6200 -0.7810 0.0751
0.7450 2.2546 0.8800 0.8513 -0.4234 0.3099
0.6704 2.0019 0.7395 0.8251 -0.4984 0.2659
0.5252 1.7392 0.5557 0.7437 -0.6486 0.1617
0.0091 1.2379 0.0714 0.6359 -0.7698 0.0541
0.9105 2.3705 0.4604 0.9096 -0.3826 0.1621
0.8095 2.0993 0.3870 0.8752 -0.4634 0.1391
0.6297 1.8124 0.2908 0.7741 -0.6273 0.0846
0.0225 1.2473 0.0374 0.6461 -0.7627 0.0283
0.3995 1.5687 -0.0000 0.6836 -0.7299 0.0000
0.3771 1.5531 -0.1811 0.6784 -0.7335 -0.0416
0.3121 1.5075 -0.3460 0.6634 -0.7440 -0.0796
0.2100 1.4361 -0.4803 0.6400 -0.7604 -0.1105
0.0801 1.3451 -0.5718 0.6101 -0.7813 -0.1315
-0.0661 1.2427 -0.6126 0.5765 -0.8049 -0.1409
-0.2157 1.1380 -0.5989 0.5421 -0.8290 -0.1377
-0.3553 1.0402 -0.5320 0.5100 -0.8515 -0.1223
-0.4726 0.9581 -0.4178 0.4830 -0.8703 -0.0961
-0.5570 0.8990 -0.2665 0.4636 -0.8839 -0.0613
-0.6013 0.8680 -0.0916 0.4534 -0.8911 -0.0211
-0.6013 0.8680 0.0916 0.4534 -0.8911 0.0211
-0.5570 0.8990 0.2665 0.4636 -0.8839 0.0613
-0.4726 0.9581 0.4178 0.4830 -0.8703 0.0961
-0.3553 1.0402 0.5320 0.5100 -0.8515 0.1223
-0.2157 1.1380 0.5989 0.5421 -0.8290 0.1377
-0.0661 1.2427 0.6126 0.5765 -0.8049 0.1409
0.0801 1.3451 0.5718 0.6101 -0.7813 0.1315
0.2100 1.4361 0.4803 0.6400 -0.7604 0.1105
0.3121 1.5075 0.3460 0.6634 -0.7440 0.0796
0.3771 1.5531 0.1811 0.6784 -0.7335 0.0416
0.3771 1.5531 0.1811 -0.6784 0.7335 -0.0416
0.3121 1.5075 0.3460 -0.6634 0.7440 -0.0796
0.2100 1.4361 0.4803 -0.6400 0.7604 -0.1105
0.0801 1.3451 0.5718 -0.6101 0.7813 -0.1315
-0.0661 1.2427 0.6126 -0.5765 0.8049 -0.1409
-0.2157 1.1380 0.5989 -0.5421 0.8290 -0.1377
-0.3553 1.0402 0.5320 -0.5100 0.8515 -0.1223
-0.4726 0.9581 0.4178 -0.4830 0.8703 -0.0961
-0.5570 0.8990 0.2665 -0.4636 0.8839 -0.0613
-0.6013 0.8680 0.0916 -0.4534 0.8911 -0.0211
-0.6013 0.8680 -0.0916 -0.4534 0.8911 0.0211
-0.5570 0.8990 -0.2665 -0.4636 0.8839 0.0613
-0.4726 0.9581 -0.4178 -0.4830 0.8703 0.0961
-0.3553 1.0402 -0.5320 -0.5100 0.8515 0.1223
-0.2157 1.1380 -0.5989 -0.5421 0.8290 0.1377
-0.0661 1.2427 -0.6126 -0.5765 0.8049 0.1409
0.0801 1.3451 -0.5718 -0.6101 0.7813 0.1315
0.2100 1.4361 -0.4803 -0.6400 0.7604 0.1105
0.3121 1.5075 -0.3460 -0.6634 0.7440 0.0796
0.3771 1.5531 -0.1811 -0.6784 0.7335 0.0416
0.3995 1.5687 -0.0000 -0.6836 0.7299 -0.0000
0.0225 1.2473 0.0374 -0.6461 0.7627 -0.0283
0.6297 1.8124 0.2908 -0.7741 0.6273 -0.0846
0.8095 2.0993 0.3870 -0.8752 0.4634 -0.1391
0.9105 2.3705 0.4604 -0.9096 0.3826 -0.1621
0.0091 1.2379 0.0714 -0.6359 0.7698 -0.0541
0.5252 1.7392 0.5557 -0.7437 0.6486 -0.1617
0.6704 2.0019 0.7395 -0.8251 0.4984 -0.2659
0.7450 2.2546 0.8800 -0.8513 0.4234 -0.3099
-0.0120 1.2232 0.0991 -0.6200 0.7810 -0.0751
0.3614 1.6245 0.7712 -0.6960 0.6820 -0.2244
0.4524 1.8493 1.0264 -0.7467 0.5533 -0.3691
0.4855 2.0729 1.2213 -0.7599 0.4874 -0.4301
-0.0388 1.2044 0.1180 -0.5997 0.7952 -0.0894
0.1528 1.4784 0.9182 -0.6353 0.7245 -0.2672
0.1748 1.6549 1.2220 -0.6469 0.6232 -0.4394
0.1552 1.8416 1.4541 -0.6436 0.5688 -0.5120
-0.0689 1.1833 0.1264 -0.5768 0.8112 -0.0958
-0.0820 1.3140 0.9837 -0.5670 0.7724 -0.2863
-0.1377 1.4361 1.3091 -0.5345 0.7019 -0.4707
-0.2167 1.5813 1.5577 -0.5127 0.6605 -0.5485
-0.0998 1.1617 0.1236 -0.5534 0.8276 -0.0937
-0.3222 1.1458 0.9617 -0.4971 0.8213 -0.2799
-0.4574 1.2122 1.2799 -0.4196 0.7824 -0.4602
-0.5970 1.3149 1.5229 -0.3787 0.7543 -0.5363
-0.1286 1.1415 0.1098 -0.5316 0.8429 -0.0832
-0.5464 0.9888 0.8543 -0.4319 0.8670 -0.2486
-0.7558 1.0033 1.1369 -0.3123 0.8575 -0.4088
-0.9521 1.0663 1.3528 -0.2537 0.8418 -0.4764
-0.1528 1.1246 0.0862 -0.5132 0.8558 -0.0653
-0.7348 0.8569 0.6709 -0.3771 0.9054 -0.1953
-1.0064 0.8278 0.8929 -0.2222 0.9206 -0.3211
-1.2503 0.8575 1.0625 -0.1487 0.9154 -0.3741
-0.1703 1.1123 0.0550 -0.5000 0.8650 -0.0417
-0.8704 0.7619 0.4280 -0.3376 0.9330 -0.1246
-1.1870 0.7014 0.5696 -0.1573 0.9661 -0.2048
-1.4652 0.7071 0.6778 -0.0731 0.9684 -0.2387
-0.1794 1.1060 0.0189 -0.4931 0.8699 -0.0143
-0.9414 0.7122 0.1470 -0.3169 0.9475 -0.0428
-1.2815 0.6352 0.1957 -0.1233 0.9899 -0.0704
-1.5776 0.6283 0.2328 -0.0335 0.9961 -0.0820
-0.1794 1.1060 -0.0189 -0.4931 0.8699 0.0143
-0.9414 0.7122 -0.1470 -0.3169 0.9475 0.0428
-1.2815 0.6352 -0.1957 -0.1233 0.9899 0.0704
-1.5776 0.6283 -0.2328 -0.0335 0.9961 0.0820
-0.1703 1.1123 -0.0550 -0.5000 0.8650 0.0417
-0.8704 0.7619 -0.4280 -0.3376 0.9330 0.1246
-1.1870 0.7014 -0.5696 -0.1573 0.9661 0.2048
-1.4652 0.7071 -0.6778 -0.0731 0.9684 0.2387
-0.1528 1.1246 -0.0862 -0.5132 0.8558 0.0653
-0.7348 0.8569 -0.6709 -0.3771 0.9054 0.1953
-1.0064 0.8278 -0.8929 -0.2222 0.9206 0.3211
-1.2503 0.8575 -1.0625 -0.1487 0.9154 0.3741
-0.1286 1.1415 -0.1098 -0.5316 0.8429 0.0832
-0.5464 0.9888 -0.8543 -0.4319 0.8670 0.2486
-0.7558 1.0033 -1.1369 -0.3123 0.8575 0.4088
-0.9521 1.0663 -1.3528 -0.2537 0.8418 0.4764
-0.0998 1.1617 -0.1236 -0.5534 0.8276 0.0937
-0.3222 1.1458 -0.9617 -0.4971 0.8213 0.2799
-0.4574 1.2122 -1.2799 -0.4196 0.7824 0.4602
-0.5970 1.3149 -1.5229 -0.3787 0.7543 0.5363
-0.0689 1.1833 -0.1264 -0.5768 0.8112 0.0958
-0.0820 1.3140 -0.9837 -0.5670 0.7724 0.2863
-0.1377 1.4361 -1.3091 -0.5345 0.7019 0.4707
-0.2167 1.5813 -1.5577 -0.5127 0.6605 0.5485
-0.0388 1.2044 -0.1180 -0.5997 0.7952 0.0894
0.1528 1.4784 -0.9182 -0.6353 0.7245 0.2672
0.1748 1.6549 -1.2220 -0.6469 0.6232 0.4394
0.1552 1.8416 -1.4541 -0.6436 0.5688 0.5120
-0.0120 1.2232 -0.0991 -0.6200 0.7810 0.0751
0.3614 1.6245 -0.7712 -0.6960 0.6820 0.2244
0.4524 1.8493 -1.0264 -0.7467 0.5533 0.3691
0.4855 2.0729 -1.2213 -0.7599 0.4874 0.4301
0.0091 1.2379 -0.0714 -0.6359 0.7698 0.0541
0.5252 1.7392 -0.5557 -0.7437 0.6486 0.1617
0.6704 2.0019 -0.7395 -0.8251 0.4984 0.2659
0.7450 2.2546 -0.8800 -0.8513 0.4234 0.3099
0.0225 1.2473 -0.0374 -0.6461 0.7627 0.0283
0.6297 1.8124 -0.2908 -0.7741 0.6273 0.0846
0.8095 2.0993 -0.3870 -0.8752 0.4634 0.1391
0.9105 2.3705 -0.4604 -0.9096 0.3826 0.1621
0.0271 1.2506 -0.0000 -0.6496 0.7603 -0.0000
0.6656 1.8375 -0.0000 -0.7846 0.6200 -0.0000
0.8573 2.1328 -0.0000 -0.8923 0.4514 0.0000
0.9673 2.4103 -0.0000 -0.9296 0.3686 0.0000
84 6 2
84 85 6
1 4 0
1 5 4
2 5 1
2 6 5
85 10 6
85 86 10
5 8 4
5 9 8
6 9 5
6 10 9
10 13 9
10 14 13
86 14 10
86 87 14
9 12 8
9 13 12
14 17 13
14 18 17
87 18 14
87 88 18
13 16 12
13 17 16
88 22 18
88 89 22
17 20 16
17 21 20
18 21 17
18 22 21
21 24 20
21 25 24
22 25 21
22 26 25
89 26 22
89 90 26
26 29 25
26 30 29
90 30 26
90 91 30
25 28 24
25 29 28
91 34 30
91 92 34
29 32 28
29 33 32
30 33 29
30 34 33
92 38 34
92 93 38
33 36 32
33 37 36
34 37 33
34 38 37
38 41 37
38 42 41
93 42 38
93 94 42
37 40 36
37 41 40
42 45 41
42 46 45
94 46 42
94 95 46
41 44 40
41 45 44
95 50 46
95 96 50
45 48 44
45 49 48
46 49 45
46 50 49
96 54 50
96 97 54
49 52 48
49 53 52
50 53 49
50 54 53
54 57 53
54 58 57
97 58 54
97 98 58
53 56 52
53 57 56
58 61 57
58 62 61
98 62 58
98 99 62
57 60 56
57 61 60
99 66 62
99 100 66
61 64 60
61 65 64
62 65 61
62 66 65
65 68 64
65 69 68
66 69 65
66 70 69
100 70 66
100 101 70
70 73 69
70 74 73
101 74 70
101 102 74
69 72 68
69 73 72
102 78 74
102 103 78
73 76 72
73 77 76
74 77 73
74 78 77
103 82 78
103 104 82
77 80 76
77 81 80
78 81 77
78 82 81
82 1 81
82 2 1
104 2 82
104 84 2
81 0 80
81 1 0
83 84 104
83 3 84
79 104 103
79 83 104
75 103 102
75 79 103
71 102 101
71 75 102
67 101 100
67 71 101
63 100 99
63 67 100
59 99 98
59 63 99
55 98 97
55 59 98
51 97 96
51 55 97
47 96 95
47 51 96
43 95 94
43 47 95
39 94 93
39 43 94
35 93 92
35 39 93
31 92 91
31 35 92
27 91 90
27 31 91
23 90 89
23 27 90
19 89 88
19 23 89
15 88 87
15 19 88
11 87 86
11 15 87
7 86 85
7 11 86
3 85 84
3 7 85
206 124 202
206 125 124
202 123 198
202 124 123
198 122 194
198 123 122
194 121 190
194 122 121
190 120 186
190 121 120
186 119 182
186 120 119
182 118 178
182 119 118
178 117 174
178 118 117
174 116 170
174 117 116
170 115 166
170 116 115
166 114 162
166 115 114
162 113 158
162 114 113
158 112 154
158 113 112
154 111 150
154 112 111
150 110 146
150 111 110
146 109 142
146 110 109
142 108 138
142 109 108
138 107 134
138 108 107
134 106 130
134 107 106
130 105 126
130 106 105
126 125 206
126 105 125
128 209 208
128 129 209
105 207 125
105 127 207
127 208 207
127 128 208
131 128 127
131 132 128
132 129 128
132 133 129
106 127 105
106 131 127
135 132 131
135 136 132
136 133 132
136 137 133
107 131 106
107 135 131
140 137 136
140 141 137
108 135 107
108 139 135
139 136 135
139 140 136
109 139 108
109 143 139
143 140 139
143 144 140
144 141 140
144 145 141
147 144 143
147 148 144
148 145 144
148 149 145
110 143 109
110 147 143
152 149 148
152 153 149
111 147 110
111 151 147
151 148 147
151 152 148
156 153 152
156 157 153
112 151 111
112 155 151
155 152 151
155 156 152
159 156 155
159 160 156
160 157 156
160 161 157
113 155 112
113 159 155
163 160 159
163 164 160
164 161 160
164 165 161
114 159 113
114 163 159
168 165 164
168 169 165
115 163 114
115 167 163
167 164 163
167 168 164
172 169 168
172 173 169
116 167 115
116 171 167
171 168 167
171 172 168
175 172 171
175 176 172
176 173 172
176 177 173
117 171 116
117 175 171
179 176 175
179 180 176
180 177 176
180 181 177
118 175 117
118 179 175
184 181 180
184 185 181
119 179 118
119 183 179
183 180 179
183 184 180
120 183 119
120 187 183
187 184 183
187 188 184
188 185 184
188 189 185
191 188 187
191 192 188
192 189 188
192 193 189
121 187 120
121 191 187
196 193 192
196 197 193
122 191 121
122 195 191
195 192 191
195 196 192
200 197 196
200 201 197
123 195 122
123 199 195
199 196 195
199 200 196
203 200 199
203 204 200
204 201 200
204 205 201
124 199 123
124 203 199
207 204 203
207 208 204
208 205 204
208 209 205
125 203 124
125 207 203
LABEL S_Bnd_Pivot
MATERIAL 2
TEXTURE 0
FLAG 0
GEOM 190 84
-0.1129 1.0153 0.0266 0.0000 0.0000 1.0000
-0.1129 1.0278 0.0266 0.0000 0.0000 1.0000
-0.0003 1.0153 0.0266 0.0000 0.0000 1.0000
-0.0003 1.0278 0.0266 0.0000 0.0000 1.0000
-0.1129 1.0153 -0.0266 -0.0000 0.0000 -1.0000
-0.1129 1.0278 -0.0266 -0.0000 0.0000 -1.0000
-0.0003 1.0153 -0.0266 1.0000 0.0000 0.0000
-0.0003 1.0278 -0.0266 1.0000 0.0000 0.0000
0.0258 1.0938 -0.0430 0.0000 0.0000 -1.0000
0.0258 1.0119 -0.0430 0.0000 0.0000 -1.0000
-0.0258 1.0938 -0.0430 0.0000 0.0000 -1.0000
-0.0258 1.0119 -0.0430 0.0000 0.0000 -1.0000
0.0258 1.0938 0.0430 0.0000 0.0000 1.0000
0.0258 1.0119 0.0430 0.0000 0.0000 1.0000
-0.0258 1.0938 0.0430 -1.0000 0.0000 0.0000
-0.0258 1.0119 0.0430 -1.0000 0.0000 0.0000
0.0258 1.0417 -0.0430 0.0000 0.0000 -1.0000
-0.0258 1.0938 -0.0266 -1.0000 0.0000 -0.0000
0.0258 1.0938 0.0266 1.0000 0.0000 0.0000
-0.0258 1.0417 -0.0430 0.0000 0.0000 -1.0000
-0.0258 1.0938 0.0266 -1.0000 0.0000 0.0000
-0.0258 1.0417 0.0430 -1.0000 0.0000 0.0000
0.0258 1.0417 0.0430 0.0000 0.0000 1.0000
0.0258 1.0938 -0.0266 1.0000 0.0000 -0.0000
-0.0258 1.0338 -0.0266 -1.0000 0.0000 0.0000
0.0258 1.0338 0.0266 1.0000 0.0000 0.0000
0.0258 1.0338 -0.0266 1.0000 0.0000 -0.0000
-0.0258 1.0338 0.0266 -1.0000 0.0000 0.0000
0.0000 1.0795 0.0313 -0.0000 1.0000 0.0000
-0.0097 1.0739 0.0313 -0.8660 0.5000 0.0000
-0.0097 1.0627 0.0313 -0.8660 -0.5000 0.0000
0.0000 1.0571 0.0313 -0.0000 -1.0000 0.0000
0.0097 1.0627 0.0313 0.8660 -0.5000 0.0000
0.0097 1.0739 0.0313 0.8660 0.5000 0.0000
0.0000 1.0795 -0.0324 -0.0000 1.0000 0.0000
-0.0097 1.0739 -0.0324 -0.8660 0.5000 0.0000
-0.0097 1.0627 -0.0324 -0.8660 -0.5000 0.0000
0.0000 1.0571 -0.0324 -0.0000 -1.0000 0.0000
0.0097 1.0627 -0.0324 0.8660 -0.5000 0.0000
0.0097 1.0739 -0.0324 0.8660 0.5000 0.0000
0.0334 1.0153 -0.1111 -0.8660 0.0000 -0.5000
0.0334 1.0278 -0.1111 -0.8660 0.0000 -0.5000
-0.0229 1.0153 -0.0135 -0.8660 0.0000 -0.5000
-0.0229 1.0278 -0.0135 -0.8660 0.0000 -0.5000
0.0795 1.0153 -0.0845 0.8660 0.0000 0.5000
0.0795 1.0278 -0.0845 0.8660 0.0000 0.5000
0.0232 1.0153 0.0131 -0.5000 0.0000 0.8660
0.0232 1.0278 0.0131 -0.5000 0.0000 0.8660
0.0795 1.0153 0.0845 0.8660 0.0000 -0.5000
0.0795 1.0278 0.0845 0.8660 0.0000 -0.5000
0.0232 1.0153 -0.0131 0.8660 0.0000 -0.5000
0.0232 1.0278 -0.0131 0.8660 0.0000 -0.5000
0.0334 1.0153 0.1111 -0.8660 0.0000 0.5000
0.0334 1.0278 0.1111 -0.8660 0.0000 0.5000
-0.0229 1.0153 0.0135 -0.5000 0.0000 -0.8660
-0.0229 1.0278 0.0135 -0.5000 0.0000 -0.8660
-0.0003 1.0153 0.0266 1.0000 0.0000 0.0000
-0.0003 1.0278 0.0266 1.0000 0.0000 0.0000
-0.0003 1.0153 0.0266 1.0000 0.0000 0.0000
-0.0003 1.0153 -0.0266 -0.0000 0.0000 -1.0000
-0.0003 1.0278 -0.0266 -0.0000 0.0000 -1.0000
-0.0003 1.0153 -0.0266 -0.0000 0.0000 -1.0000
-0.1129 1.0153 -0.0266 -1.0000 0.0000 0.0000
-0.1129 1.0278 -0.0266 -1.0000 0.0000 0.0000
-0.1129 1.0278 0.0266 -1.0000 0.0000 0.0000
-0.1129 1.0153 -0.0266 -1.0000 0.0000 0.0000
-0.1129 1.0278 0.0266 -1.0000 0.0000 0.0000
-0.1129 1.0153 0.0266 -1.0000 0.0000 0.0000
-0.0003 1.0153 0.0266 0.0000 -1.0000 0.0000
-0.0003 1.0153 -0.0266 0.0000 -1.0000 0.0000
-0.1129 1.0153 -0.0266 0.0000 -1.0000 0.0000
-0.0003 1.0153 0.0266 0.0000 -1.0000 0.0000
-0.1129 1.0153 -0.0266 0.0000 -1.0000 0.0000
-0.1129 1.0153 0.0266 0.0000 -1.0000 0.0000
-0.0003 1.0278 -0.0266 0.0000 1.0000 0.0000
-0.0003 1.0278 0.0266 0.0000 1.0000 0.0000
-0.1129 1.0278 0.0266 0.0000 1.0000 0.0000
-0.0003 1.0278 -0.0266 0.0000 1.0000 0.0000
-0.1129 1.0278 0.0266 0.0000 1.0000 0.0000
-0.1129 1.0278 -0.0266 0.0000 1.0000 0.0000
-0.0258 1.0119 -0.0430 -1.0000 0.0000 0.0000
-0.0258 1.0417 -0.0430 -1.0000 0.0000 0.0000
-0.0258 1.0119 -0.0430 -1.0000 0.0000 0.0000
-0.0258 1.0119 -0.0430 -1.0000 0.0000 0.0000
-0.0258 1.0417 0.0430 0.0000 0.0000 1.0000
-0.0258 1.0417 0.0430 0.0000 0.0000 1.0000
-0.0258 1.0119 0.0430 0.0000 0.0000 1.0000
0.0258 1.0119 0.0430 1.0000 0.0000 0.0000
0.0258 1.0417 0.0430 1.0000 0.0000 0.0000
0.0258 1.0417 -0.0430 1.0000 0.0000 -0.0000
0.0258 1.0119 -0.0430 1.0000 0.0000 0.0000
0.0258 1.0119 0.0430 1.0000 0.0000 0.0000
0.0258 1.0119 0.0430 1.0000 0.0000 0.0000
0.0258 1.0119 -0.0430 1.0000 0.0000 0.0000
-0.0258 1.0119 -0.0430 0.0000 -1.0000 0.0000
-0.0258 1.0119 0.0430 0.0000 -1.0000 0.0000
0.0258 1.0119 0.0430 0.0000 -1.0000 0.0000
-0.0258 1.0119 -0.0430 0.0000 -1.0000 0.0000
0.0258 1.0119 0.0430 0.0000 -1.0000 0.0000
0.0258 1.0119 -0.0430 0.0000 -1.0000 0.0000
-0.0258 1.0938 -0.0430 -1.0000 0.0000 -0.0000
-0.0258 1.0938 -0.0430 -1.0000 0.0000 -0.0000
-0.0258 1.0417 -0.0430 -1.0000 0.0000 0.0000
-0.0258 1.0417 0.0430 0.0000 0.0000 1.0000
-0.0258 1.0938 0.0430 0.0000 0.0000 1.0000
-0.0258 1.0417 0.0430 0.0000 0.0000 1.0000
0.0258 1.0938 0.0430 1.0000 0.0000 0.0000
0.0258 1.0938 0.0430 1.0000 0.0000 0.0000
0.0258 1.0417 0.0430 1.0000 0.0000 0.0000
0.0258 1.0938 -0.0430 1.0000 0.0000 -0.0000
0.0258 1.0417 -0.0430 1.0000 0.0000 -0.0000
0.0258 1.0417 -0.0430 1.0000 0.0000 -0.0000
-0.0258 1.0938 -0.0430 -0.0000 1.0000 0.0000
0.0258 1.0938 -0.0430 -0.0000 1.0000 0.0000
0.0258 1.0938 -0.0266 -0.0000 1.0000 0.0000
-0.0258 1.0938 -0.0430 -0.0000 1.0000 0.0000
0.0258 1.0938 -0.0266 -0.0000 1.0000 0.0000
-0.0258 1.0938 -0.0266 -0.0000 1.0000 0.0000
-0.0258 1.0938 0.0266 0.0000 1.0000 0.0000
0.0258 1.0938 0.0266 0.0000 1.0000 0.0000
0.0258 1.0938 0.0430 0.0000 1.0000 0.0000
-0.0258 1.0938 0.0266 0.0000 1.0000 0.0000
0.0258 1.0938 0.0430 0.0000 1.0000 0.0000
-0.0258 1.0938 0.0430 0.0000 1.0000 0.0000
0.0258 1.0338 0.0266 -0.0000 1.0000 0.0000
-0.0258 1.0338 0.0266 -0.0000 1.0000 0.0000
-0.0258 1.0338 -0.0266 -0.0000 1.0000 0.0000
0.0258 1.0338 0.0266 -0.0000 1.0000 0.0000
-0.0258 1.0338 -0.0266 -0.0000 1.0000 0.0000
0.0258 1.0338 -0.0266 -0.0000 1.0000 0.0000
0.0258 1.0938 0.0266 -0.0000 0.0000 -1.0000
-0.0258 1.0938 0.0266 -0.0000 0.0000 -1.0000
-0.0258 1.0338 0.0266 -0.0000 0.0000 -1.0000
0.0258 1.0938 0.0266 -0.0000 0.0000 -1.0000
-0.0258 1.0338 0.0266 -0.0000 0.0000 -1.0000
0.0258 1.0338 0.0266 -0.0000 0.0000 -1.0000
-0.0258 1.0938 -0.0266 0.0000 0.0000 1.0000
0.0258 1.0938 -0.0266 0.0000 0.0000 1.0000
0.0258 1.0338 -0.0266 0.0000 0.0000 1.0000
-0.0258 1.0938 -0.0266 0.0000 0.0000 1.0000
0.0258 1.0338 -0.0266 0.0000 0.0000 1.0000
-0.0258 1.0338 -0.0266 0.0000 0.0000 1.0000
-0.0229 1.0153 -0.0135 -0.5000 0.0000 0.8660
-0.0229 1.0278 -0.0135 -0.5000 0.0000 0.8660
-0.0229 1.0153 -0.0135 -0.5000 0.0000 0.8660
0.0232 1.0153 0.0131 0.8660 0.0000 0.5000
0.0232 1.0278 0.0131 0.8660 0.0000 0.5000
0.0232 1.0153 0.0131 0.8660 0.0000 0.5000
0.0795 1.0153 -0.0845 0.5000 0.0000 -0.8660
0.0795 1.0278 -0.0845 0.5000 0.0000 -0.8660
0.0334 1.0278 -0.1111 0.5000 0.0000 -0.8660
0.0795 1.0153 -0.0845 0.5000 0.0000 -0.8660
0.0334 1.0278 -0.1111 0.5000 0.0000 -0.8660
0.0334 1.0153 -0.1111 0.5000 0.0000 -0.8660
-0.0229 1.0153 -0.0135 0.0000 -1.0000 0.0000
0.0232 1.0153 0.0131 0.0000 -1.0000 0.0000
0.0795 1.0153 -0.0845 0.0000 -1.0000 0.0000
-0.0229 1.0153 -0.0135 0.0000 -1.0000 0.0000
0.0795 1.0153 -0.0845 0.0000 -1.0000 0.0000
0.0334 1.0153 -0.1111 0.0000 -1.0000 0.0000
0.0232 1.0278 0.0131 0.0000 1.0000 0.0000
-0.0229 1.0278 -0.0135 0.0000 1.0000 0.0000
0.0334 1.0278 -0.1111 0.0000 1.0000 0.0000
0.0232 1.0278 0.0131 0.0000 1.0000 0.0000
0.0334 1.0278 -0.1111 0.0000 1.0000 0.0000
0.0795 1.0278 -0.0845 0.0000 1.0000 0.0000
0.0232 1.0153 -0.0131 -0.5000 0.0000 -0.8660
0.0232 1.0278 -0.0131 -0.5000 0.0000 -0.8660
0.0232 1.0153 -0.0131 -0.5000 0.0000 -0.8660
-0.0229 1.0153 0.0135 -0.8660 0.0000 0.5000
-0.0229 1.0278 0.0135 -0.8660 0.0000 0.5000
-0.0229 1.0153 0.0135 -0.8660 0.0000 0.5000
0.0334 1.0153 0.1111 0.5000 0.0000 0.8660
0.0334 1.0278 0.1111 0.5000 0.0000 0.8660
0.0795 1.0278 0.0845 0.5000 0.0000 0.8660
0.0334 1.0153 0.1111 0.5000 0.0000 0.8660
0.0795 1.0278 0.0845 0.5000 0.0000 0.8660
0.0795 1.0153 0.0845 0.5000 0.0000 0.8660
0.0232 1.0153 -0.0131 0.0000 -1.0000 0.0000
-0.0229 1.0153 0.0135 0.0000 -1.0000 0.0000
0.0334 1.0153 0.1111 0.0000 -1.0000 0.0000
0.0232 1.0153 -0.0131 0.0000 -1.0000 0.0000
0.0334 1.0153 0.1111 0.0000 -1.0000 0.0000
0.0795 1.0153 0.0845 0.0000 -1.0000 0.0000
-0.0229 1.0278 0.0135 -0.0000 1.0000 0.0000
0.0232 1.0278 -0.0131 -0.0000 1.0000 0.0000
0.0795 1.0278 0.0845 -0.0000 1.0000 0.0000
-0.0229 1.0278 0.0135 -0.0000 1.0000 0.0000
0.0795 1.0278 0.0845 -0.0000 1.0000 0.0000
0.0334 1.0278 0.1111 -0.0000 1.0000 0.0000
0 3 1
0 2 3
56 7 57
58 6 7
59 5 60
61 4 5
62 64 63
65 67 66
68 70 69
71 73 72
74 76 75
77 79 78
16 11 19
16 9 11
80 24 81
27 15 21
82 27 24
83 15 27
84 13 22
85 86 13
87 25 88
26 90 89
91 26 25
92 93 26
94 96 95
97 99 98
8 19 10
8 16 19
100 24 17
101 102 24
20 21 14
20 27 21
103 12 104
105 22 12
106 25 18
107 108 25
23 110 109
23 26 111
112 114 113
115 117 116
118 120 119
121 123 122
124 126 125
127 129 128
130 132 131
133 135 134
136 138 137
139 141 140
33 34 28
33 39 34
31 38 32
31 37 38
29 36 30
29 35 36
32 39 33
32 38 39
30 37 31
30 36 37
28 35 29
28 34 35
40 43 41
40 42 43
142 47 143
144 46 47
145 45 146
147 44 45
148 150 149
151 153 152
154 156 155
157 159 158
160 162 161
163 165 164
48 51 49
48 50 51
166 55 167
168 54 55
169 53 170
171 52 53
172 174 173
175 177 176
178 180 179
181 183 182
184 186 185
187 189 188
LABEL S_Bnd_Spines
MATERIAL 2
TEXTURE 0
FLAG 0
GEOM 1910 886
0.9570 2.4048 -0.0000 -0.7980 0.3163 -0.5130
0.9673 2.4103 0.0126 -0.7980 0.3163 0.5130
0.9776 2.4158 -0.0000 0.7979 -0.3165 0.5130
0.9673 2.4103 -0.0126 -0.7980 0.3163 -0.5130
0.8472 2.1279 -0.0000 -0.7790 0.4391 -0.4477
0.8573 2.1328 0.0126 -0.7910 0.3751 0.4834
0.8673 2.1377 -0.0000 0.7909 -0.3752 0.4834
0.8573 2.1328 -0.0126 -0.7910 0.3751 -0.4834
0.6570 1.8346 -0.0000 -0.7094 0.6131 -0.3478
0.6656 1.8375 0.0126 -0.7385 0.5564 0.3809
0.6743 1.8404 -0.0000 0.7384 -0.5565 0.3808
0.6656 1.8375 -0.0126 -0.7385 0.5564 -0.3809
0.3931 1.5682 -0.0000 -0.6434 0.7060 -0.2958
0.3995 1.5687 0.0126 -0.6555 0.6923 0.3017
0.4058 1.5692 -0.0000 0.6555 -0.6923 0.3018
0.3995 1.5687 -0.0126 -0.6555 0.6923 -0.3017
0.0218 1.2510 -0.0000 -0.6225 0.7286 -0.2856
0.0271 1.2506 0.0126 -0.6225 0.7286 0.2856
0.0324 1.2501 -0.0000 0.6226 -0.7286 0.2856
0.0271 1.2506 -0.0126 -0.6225 0.7286 -0.2856
0.9005 2.3653 0.4570 -0.6569 0.4151 -0.6294
0.9074 2.3683 0.4725 -0.9046 0.2416 0.3511
0.9204 2.3757 0.4639 0.6569 -0.4152 0.6293
0.9135 2.3726 0.4483 -0.6569 0.4151 -0.6294
0.7998 2.0947 0.3837 -0.6568 0.5246 -0.5416
0.8064 2.0972 0.3990 -0.8919 0.3044 0.3344
0.8191 2.1039 0.3902 0.6585 -0.4680 0.5894
0.8125 2.1015 0.3749 -0.6585 0.4678 -0.5895
0.6214 1.8097 0.2882 -0.6170 0.6777 -0.4000
0.6267 1.8102 0.3028 -0.8200 0.4993 0.2797
0.6381 1.8150 0.2933 0.6361 -0.6282 0.4481
0.6328 1.8145 0.2787 -0.6361 0.6281 -0.4482
0.3710 1.5527 0.1794 -0.5676 0.7591 -0.3187
0.3741 1.5509 0.1931 -0.7232 0.6449 0.2471
0.3833 1.5534 0.1827 0.5776 -0.7468 0.3296
0.3802 1.5552 0.1690 -0.5775 0.7469 -0.3295
0.0174 1.2479 0.0362 -0.5502 0.7792 -0.3001
0.0195 1.2452 0.0495 -0.6882 0.6827 0.2458
0.0277 1.2468 0.0386 0.5503 -0.7792 0.3001
0.0256 1.2495 0.0253 -0.5502 0.7792 -0.3001
0.7363 2.2503 0.8734 -0.4940 0.5292 -0.6899
0.7391 2.2505 0.8904 -0.9675 0.1976 0.1579
0.7536 2.2589 0.8865 0.4940 -0.5293 0.6898
0.7508 2.2587 0.8695 -0.4940 0.5292 -0.6899
0.6619 1.9982 0.7333 -0.5174 0.6222 -0.5875
0.6646 1.9979 0.7500 -0.9524 0.2620 0.1556
0.6789 2.0057 0.7457 0.5063 -0.5745 0.6431
0.6762 2.0060 0.7291 -0.5063 0.5744 -0.6432
0.5178 1.7372 0.5508 -0.5162 0.7483 -0.4166
0.5194 1.7351 0.5661 -0.8736 0.4618 0.1537
0.5326 1.7412 0.5606 0.5220 -0.7080 0.4756
0.5311 1.7433 0.5452 -0.5220 0.7080 -0.4757
0.3065 1.5076 0.3429 -0.4895 0.8138 -0.3132
0.3062 1.5034 0.3565 -0.7748 0.6088 0.1705
0.3176 1.5074 0.3491 0.4964 -0.8037 0.3282
0.3179 1.5116 0.3356 -0.4963 0.8038 -0.3281
0.0044 1.2388 0.0691 -0.4776 0.8301 -0.2878
0.0032 1.2338 0.0819 -0.7412 0.6455 0.1841
0.0138 1.2371 0.0737 0.4777 -0.8300 0.2879
0.0149 1.2420 0.0610 -0.4776 0.8301 -0.2878
0.4788 2.0700 1.2122 -0.3238 0.6484 -0.6891
0.4774 2.0673 1.2292 -0.9809 0.1883 -0.0493
0.4923 2.0759 1.2304 0.3238 -0.6485 0.6890
0.4936 2.0786 1.2134 -0.3238 0.6484 -0.6891
0.4457 1.8468 1.0178 -0.3731 0.7232 -0.5811
0.4443 1.8436 1.0343 -0.9671 0.2517 -0.0369
0.4590 1.8518 1.0350 0.3479 -0.6854 0.6397
0.4605 1.8549 1.0185 -0.3479 0.6853 -0.6398
0.3554 1.6235 0.7644 -0.4159 0.8186 -0.3962
0.3533 1.6188 0.7791 -0.8943 0.4473 0.0141
0.3673 1.6255 0.7781 0.4064 -0.7890 0.4608
0.3695 1.6301 0.7633 -0.4064 0.7889 -0.4609
0.2054 1.4368 0.4760 -0.4163 0.8651 -0.2799
0.2019 1.4304 0.4881 -0.8056 0.5872 0.0788
0.2147 1.4354 0.4845 0.4191 -0.8578 0.2975
0.2181 1.4417 0.4724 -0.4191 0.8578 -0.2974
-0.0160 1.2245 0.0959 -0.4112 0.8766 -0.2501
-0.0201 1.2175 0.1070 -0.7771 0.6204 0.1061
-0.0079 1.2218 0.1023 0.4112 -0.8765 0.2501
-0.0039 1.2289 0.0912 -0.4112 0.8766 -0.2501
0.1509 1.8404 1.4433 -0.1613 0.7622 -0.6270
0.1456 1.8349 1.4587 -0.9437 0.2143 -0.2521
0.1595 1.8429 1.4649 0.1613 -0.7622 0.6269
0.1648 1.8484 1.4495 -0.1613 0.7622 -0.6270
0.1705 1.6540 1.2118 -0.2368 0.8187 -0.5231
0.1651 1.6481 1.2267 -0.9346 0.2745 -0.2262
0.1791 1.6558 1.2323 0.1974 -0.7908 0.5794
0.1844 1.6616 1.2174 -0.1973 0.7907 -0.5795
0.1487 1.4787 0.9101 -0.3249 0.8823 -0.3406
0.1431 1.4717 0.9229 -0.8803 0.4571 -0.1269
0.1569 1.4781 0.9264 0.2995 -0.8638 0.4051
0.1624 1.4852 0.9136 -0.2994 0.8638 -0.4052
0.0766 1.3466 0.5667 -0.3544 0.9084 -0.2218
0.0705 1.3384 0.5764 -0.8129 0.5821 -0.0199
0.0836 1.3436 0.5769 0.3527 -0.9043 0.2405
0.0898 1.3519 0.5672 -0.3527 0.9043 -0.2404
-0.0419 1.2064 0.1142 -0.3569 0.9146 -0.1900
-0.0484 1.1977 0.1226 -0.7925 0.6096 0.0187
-0.0356 1.2025 0.1218 0.3569 -0.9146 0.1901
-0.0291 1.2112 0.1134 -0.3569 0.9146 -0.1900
-0.2182 1.5819 1.5462 -0.0210 0.8604 -0.5092
-0.2270 1.5740 1.5587 -0.8591 0.2735 -0.4325
-0.2151 1.5806 1.5693 0.0211 -0.8604 0.5091
-0.2063 1.5885 1.5568 -0.0210 0.8604 -0.5092
-0.1394 1.4370 1.2981 -0.1205 0.9001 -0.4186
-0.1481 1.4288 1.3101 -0.8578 0.3283 -0.3954
-0.1361 1.4351 1.3201 0.0682 -0.8813 0.4676
-0.1274 1.4433 1.3082 -0.0681 0.8813 -0.4677
-0.0841 1.3157 0.9750 -0.2514 0.9338 -0.2548
-0.0924 1.3067 0.9846 -0.8330 0.4902 -0.2565
-0.0800 1.3122 0.9924 0.2108 -0.9259 0.3134
-0.0717 1.3212 0.9827 -0.2107 0.9259 -0.3134
-0.0683 1.2452 0.6071 -0.3092 0.9400 -0.1439
-0.0764 1.2355 0.6135 -0.7960 0.5940 -0.1169
-0.0639 1.2403 0.6180 0.3030 -0.9391 0.1621
-0.0558 1.2500 0.6116 -0.3030 0.9391 -0.1620
-0.0712 1.1859 0.1224 -0.3195 0.9408 -0.1131
-0.0793 1.1761 0.1274 -0.7861 0.6141 -0.0704
-0.0667 1.1807 0.1305 0.3194 -0.9408 0.1132
-0.0586 1.1905 0.1255 -0.3195 0.9408 -0.1131
-0.5957 1.3176 1.5116 0.0846 0.9343 -0.3462
-0.6071 1.3079 1.5201 -0.7348 0.3606 -0.5745
-0.5983 1.3123 1.5343 -0.0845 -0.9344 0.3461
-0.5869 1.3220 1.5257 0.0846 0.9343 -0.3462
-0.4564 1.2151 1.2691 -0.0347 0.9603 -0.2770
-0.4675 1.2052 1.2771 -0.7436 0.4082 -0.5295
-0.4584 1.2094 1.2906 -0.0284 -0.9489 0.3143
-0.4473 1.2193 1.2827 0.0285 0.9489 -0.3144
-0.3221 1.1490 0.9532 -0.2019 0.9684 -0.1463
-0.3323 1.1387 0.9589 -0.7565 0.5438 -0.3634
-0.3223 1.1425 0.9702 0.1482 -0.9698 0.1938
-0.3121 1.1529 0.9645 -0.1481 0.9698 -0.1939
-0.2165 1.1414 0.5935 -0.2849 0.9571 -0.0532
-0.2258 1.1309 0.5961 -0.7564 0.6216 -0.2035
-0.2148 1.1346 0.6042 0.2744 -0.9591 0.0693
-0.2056 1.1451 0.6017 -0.2745 0.9591 -0.0692
-0.1010 1.1650 0.1196 -0.3023 0.9529 -0.0262
-0.1099 1.1546 0.1208 -0.7585 0.6334 -0.1533
-0.0986 1.1584 0.1275 0.3022 -0.9529 0.0262
-0.0897 1.1687 0.1264 -0.3023 0.9529 -0.0262
-0.9482 1.0708 1.3428 0.1462 0.9774 -0.1524
-0.9611 1.0600 1.3465 -0.5817 0.4678 -0.6655
-0.9560 1.0618 1.3629 -0.1461 -0.9775 0.1524
-0.9431 1.0726 1.3591 0.1462 0.9774 -0.1524
-0.7523 1.0079 1.1274 0.0132 0.9938 -0.1107
-0.7648 0.9970 1.1306 -0.6021 0.5073 -0.6165
-0.7593 0.9987 1.1465 -0.0836 -0.9876 0.1330
-0.7468 1.0096 1.1432 0.0838 0.9876 -0.1331
-0.5444 0.9934 0.8467 -0.1807 0.9832 -0.0248
-0.5554 0.9825 0.8480 -0.6575 0.6131 -0.4379
-0.5485 0.9842 0.8618 0.1172 -0.9915 0.0570
-0.5375 0.9951 0.8606 -0.1171 0.9915 -0.0570
-0.3549 1.0445 0.5272 -0.2835 0.9580 0.0422
-0.3643 1.0340 0.5256 -0.6977 0.6628 -0.2720
-0.3557 1.0360 0.5367 0.2695 -0.9625 -0.0297
-0.3463 1.0465 0.5383 -0.2696 0.9625 0.0298
-0.1289 1.1455 0.1063 -0.3068 0.9497 0.0631
-0.1376 1.1352 0.1035 -0.7121 0.6659 -0.2225
-0.1283 1.1375 0.1133 0.3068 -0.9497 -0.0631
-0.1197 1.1478 0.1161 -0.3068 0.9497 0.0631
-1.2442 0.8636 1.0546 0.1582 0.9859 0.0549
-1.2574 0.8526 1.0532 -0.4134 0.5856 -0.6972
-1.2565 0.8515 1.0704 -0.1581 -0.9859 -0.0549
-1.2433 0.8624 1.0718 0.1582 0.9859 0.0549
-1.0008 0.8339 0.8854 0.0188 0.9977 0.0654
-1.0135 0.8229 0.8837 -0.4459 0.6167 -0.6487
-1.0120 0.8217 0.9004 -0.0926 -0.9939 -0.0600
-0.9994 0.8328 0.9022 0.0928 0.9939 0.0600
-0.7310 0.8627 0.6650 -0.1899 0.9768 0.0989
-0.7418 0.8520 0.6617 -0.5450 0.6919 -0.4736
-0.7385 0.8511 0.6769 0.1207 -0.9891 -0.0849
-0.7277 0.8619 0.6802 -0.1205 0.9891 0.0848
-0.4711 0.9631 0.4141 -0.3052 0.9428 0.1338
-0.4796 0.9532 0.4085 -0.6251 0.7136 -0.3163
-0.4740 0.9532 0.4215 0.2888 -0.9491 -0.1260
-0.4655 0.9631 0.4271 -0.2889 0.9490 0.1261
-0.1523 1.1291 0.0835 -0.3327 0.9315 0.1468
-0.1599 1.1196 0.0769 -0.6510 0.7087 -0.2720
-0.1533 1.1201 0.0890 0.3327 -0.9316 -0.1467
-0.1458 1.1295 0.0955 -0.3327 0.9315 0.1468
-1.4574 0.7142 0.6727 0.1197 0.9589 0.2573
-1.4697 0.7039 0.6664 -0.2450 0.7035 -0.6671
-1.4729 0.6999 0.6828 -0.1196 -0.9589 -0.2573
-1.4607 0.7102 0.6892 0.1197 0.9589 0.2573
-1.1798 0.7085 0.5648 -0.0184 0.9716 0.2357
-1.1915 0.6982 0.5582 -0.2889 0.7267 -0.6233
-1.1941 0.6942 0.5744 -0.0546 -0.9673 -0.2478
-1.1825 0.7045 0.5810 0.0548 0.9673 0.2478
-0.8655 0.7686 0.4242 -0.2285 0.9498 0.2138
-0.8749 0.7588 0.4166 -0.4288 0.7732 -0.4672
-0.8754 0.7553 0.4318 0.1582 -0.9628 -0.2192
-0.8659 0.7651 0.4394 -0.1581 0.9628 0.2192
-0.5549 0.9044 0.2641 -0.3481 0.9128 0.2136
-0.5615 0.8958 0.2551 -0.5450 0.7697 -0.3325
-0.5592 0.8935 0.2689 0.3304 -0.9199 -0.2112
-0.5525 0.9021 0.2779 -0.3305 0.9199 0.2112
-0.1692 1.1172 0.0532 -0.3777 0.9000 0.2174
-0.1748 1.1092 0.0436 -0.5807 0.7579 -0.2973
-0.1713 1.1075 0.0568 0.3776 -0.9001 -0.2174
-0.1658 1.1155 0.0664 -0.3777 0.9000 0.2174
-1.5690 0.6361 0.2311 0.0340 0.8989 0.4369
-1.5791 0.6272 0.2203 -0.0913 0.8111 -0.5777
-1.5862 0.6206 0.2345 -0.0338 -0.8989 -0.4369
-1.5761 0.6294 0.2453 0.0340 0.8989 0.4369
-1.2735 0.6429 0.1940 -0.0951 0.9180 0.3851
-1.2830 0.6341 0.1832 -0.1449 0.8274 -0.5425
-1.2894 0.6275 0.1973 0.0270 -0.9101 -0.4135
-1.2799 0.6363 0.2082 -0.0269 0.9101 0.4135
-0.9359 0.7193 0.1457 -0.2931 0.9045 0.3097
-0.9430 0.7111 0.1345 -0.3194 0.8498 -0.4192
-0.9470 0.7051 0.1483 0.2265 -0.9150 -0.3340
-0.9399 0.7133 0.1595 -0.2264 0.9150 0.3341
-0.5987 0.8738 0.0907 -0.4084 0.8706 0.2743
-0.6028 0.8669 0.0790 -0.4645 0.8260 -0.3192
-0.6038 0.8622 0.0924 0.3907 -0.8777 -0.2775
-0.5997 0.8691 0.1041 -0.3908 0.8776 0.2775
-0.1780 1.1111 0.0183 -0.4377 0.8580 0.2687
-0.1809 1.1049 0.0064 -0.5075 0.8092 -0.2962
-0.1807 1.1009 0.0195 0.4377 -0.8580 -0.2687
-0.1778 1.1070 0.0314 -0.4377 0.8580 0.2687
-1.5690 0.6361 -0.2311 -0.0913 0.8111 0.5777
-1.5761 0.6294 -0.2453 0.0340 0.8989 -0.4369
-1.5862 0.6206 -0.2345 0.0914 -0.8112 -0.5776
-1.5791 0.6272 -0.2203 -0.0913 0.8111 0.5777
-1.2735 0.6429 -0.1940 -0.2044 0.8414 0.5002
-1.2799 0.6363 -0.2082 -0.0269 0.9101 -0.4135
-1.2894 0.6275 -0.1973 0.1450 -0.8275 -0.5424
-1.2830 0.6341 -0.1832 -0.1449 0.8274 0.5425
-0.9359 0.7193 -0.1457 -0.3780 0.8451 0.3781
-0.9399 0.7133 -0.1595 -0.2264 0.9150 -0.3341
-0.9470 0.7051 -0.1483 0.3195 -0.8498 -0.4192
-0.9430 0.7111 -0.1345 -0.3194 0.8498 0.4192
-0.5987 0.8738 -0.0907 -0.4806 0.8200 0.3107
-0.5997 0.8691 -0.1041 -0.3908 0.8776 -0.2775
-0.6038 0.8622 -0.0924 0.4644 -0.8261 -0.3193
-0.6028 0.8669 -0.0790 -0.4645 0.8260 0.3192
-0.1780 1.1111 -0.0183 -0.5075 0.8092 0.2962
-0.1778 1.1070 -0.0314 -0.4377 0.8580 -0.2687
-0.1807 1.1009 -0.0195 0.5074 -0.8092 -0.2962
-0.1809 1.1049 -0.0064 -0.5075 0.8092 0.2962
-1.4574 0.7142 -0.6727 -0.2450 0.7035 0.6671
-1.4607 0.7102 -0.6892 0.1197 0.9589 -0.2573
-1.4729 0.6999 -0.6828 0.2451 -0.7036 -0.6670
-1.4697 0.7039 -0.6664 -0.2450 0.7035 0.6671
-1.1798 0.7085 -0.5648 -0.3366 0.7488 0.5709
-1.1825 0.7045 -0.5810 0.0548 0.9673 -0.2478
-1.1941 0.6942 -0.5744 0.2890 -0.7267 -0.6232
-1.1915 0.6982 -0.5582 -0.2889 0.7267 0.6233
-0.8655 0.7686 -0.4242 -0.4757 0.7767 0.4129
-0.8659 0.7651 -0.4394 -0.1581 0.9628 -0.2192
-0.8754 0.7553 -0.4318 0.4289 -0.7732 -0.4671
-0.8749 0.7588 -0.4166 -0.4288 0.7732 0.4672
-0.5549 0.9044 -0.2641 -0.5584 0.7656 0.3195
-0.5525 0.9021 -0.2779 -0.3305 0.9199 -0.2112
-0.5592 0.8935 -0.2689 0.5449 -0.7697 -0.3326
-0.5615 0.8958 -0.2551 -0.5450 0.7697 0.3325
-0.1692 1.1172 -0.0532 -0.5807 0.7579 0.2973
-0.1658 1.1155 -0.0664 -0.3777 0.9000 -0.2174
-0.1713 1.1075 -0.0568 0.5807 -0.7579 -0.2973
-0.1748 1.1092 -0.0436 -0.5807 0.7579 0.2973
-1.2442 0.8636 -1.0546 -0.4134 0.5856 0.6973
-1.2433 0.8624 -1.0718 0.1582 0.9859 -0.0549
-1.2565 0.8515 -1.0704 0.4135 -0.5856 -0.6972
-1.2574 0.8526 -1.0532 -0.4134 0.5856 0.6973
-1.0008 0.8339 -0.8854 -0.4801 0.6484 0.5909
-0.9994 0.8328 -0.9022 0.0928 0.9939 -0.0600
-1.0120 0.8217 -0.9004 0.4460 -0.6167 -0.6486
-1.0135 0.8229 -0.8837 -0.4459 0.6167 0.6487
-0.7310 0.8627 -0.6650 -0.5774 0.7055 0.4110
-0.7277 0.8619 -0.6802 -0.1205 0.9891 -0.0848
-0.7385 0.8511 -0.6769 0.5450 -0.6919 -0.4735
-0.7418 0.8520 -0.6617 -0.5450 0.6919 0.4736
-0.4711 0.9631 -0.4141 -0.6349 0.7120 0.2999
-0.4655 0.9631 -0.4271 -0.2889 0.9490 -0.1261
-0.4740 0.9532 -0.4215 0.6250 -0.7136 -0.3164
-0.4796 0.9532 -0.4085 -0.6251 0.7136 0.3163
-0.1523 1.1291 -0.0835 -0.6510 0.7087 0.2720
-0.1458 1.1295 -0.0955 -0.3327 0.9315 -0.1468
-0.1533 1.1201 -0.0890 0.6510 -0.7087 -0.2720
-0.1599 1.1196 -0.0769 -0.6510 0.7087 0.2720
-0.9482 1.0708 -1.3428 -0.5817 0.4678 0.6655
-0.9431 1.0726 -1.3591 0.1462 0.9774 0.1524
-0.9560 1.0618 -1.3629 0.5817 -0.4679 -0.6654
-0.9611 1.0600 -1.3465 -0.5817 0.4678 0.6655
-0.7523 1.0079 -1.1274 -0.6220 0.5490 0.5583
-0.7468 1.0096 -1.1432 0.0838 0.9876 0.1331
-0.7593 0.9987 -1.1465 0.6022 -0.5074 -0.6164
-0.7648 0.9970 -1.1306 -0.6021 0.5073 0.6165
-0.5444 0.9934 -0.8467 -0.6742 0.6377 0.3726
-0.5375 0.9951 -0.8606 -0.1171 0.9915 0.0570
-0.5485 0.9842 -0.8618 0.6576 -0.6131 -0.4378
-0.5554 0.9825 -0.8480 -0.6575 0.6131 0.4379
-0.3549 1.0445 -0.5272 -0.7033 0.6641 0.2537
-0.3463 1.0465 -0.5383 -0.2696 0.9625 -0.0298
-0.3557 1.0360 -0.5367 0.6977 -0.6627 -0.2721
-0.3643 1.0340 -0.5256 -0.6977 0.6628 0.2720
-0.1289 1.1455 -0.1063 -0.7121 0.6659 0.2225
-0.1197 1.1478 -0.1161 -0.3068 0.9497 -0.0631
-0.1283 1.1375 -0.1133 0.7121 -0.6659 -0.2226
-0.1376 1.1352 -0.1035 -0.7121 0.6659 0.2225
-0.5957 1.3176 -1.5116 -0.7348 0.3606 0.5745
-0.5869 1.3220 -1.5257 0.0846 0.9343 0.3462
-0.5983 1.3123 -1.5343 0.7348 -0.3607 -0.5744
-0.6071 1.3079 -1.5201 -0.7348 0.3606 0.5745
-0.4564 1.2151 -1.2691 -0.7497 0.4596 0.4762
-0.4473 1.2193 -1.2827 0.0285 0.9489 0.3144
-0.4584 1.2094 -1.2906 0.7437 -0.4083 -0.5294
-0.4675 1.2052 -1.2771 -0.7436 0.4082 0.5295
-0.3221 1.1490 -0.9532 -0.7573 0.5795 0.3011
-0.3121 1.1529 -0.9645 -0.1481 0.9698 0.1939
-0.3223 1.1425 -0.9702 0.7565 -0.5439 -0.3633
-0.3323 1.1387 -0.9589 -0.7565 0.5438 0.3634
-0.2165 1.1414 -0.5935 -0.7574 0.6262 0.1849
-0.2056 1.1451 -0.6017 -0.2745 0.9591 0.0692
-0.2148 1.1346 -0.6042 0.7564 -0.6216 -0.2036
-0.2258 1.1309 -0.5961 -0.7564 0.6217 0.2035
-0.1010 1.1650 -0.1196 -0.7585 0.6334 0.1533
-0.0897 1.1687 -0.1264 -0.3023 0.9529 0.0262
-0.0986 1.1584 -0.1275 0.7585 -0.6334 -0.1534
-0.1099 1.1546 -0.1208 -0.7585 0.6334 0.1533
-0.2182 1.5819 -1.5462 -0.8591 0.2735 0.4325
-0.2063 1.5885 -1.5568 -0.0210 0.8604 0.5092
-0.2151 1.5806 -1.5693 0.8591 -0.2736 -0.4325
-0.2270 1.5740 -1.5587 -0.8591 0.2735 0.4325
-0.1394 1.4370 -1.2981 -0.8519 0.3880 0.3517
-0.1274 1.4433 -1.3082 -0.0681 0.8813 0.4677
-0.1361 1.4351 -1.3201 0.8578 -0.3284 -0.3953
-0.1481 1.4288 -1.3101 -0.8578 0.3283 0.3954
-0.0841 1.3157 -0.9750 -0.8196 0.5359 0.2028
-0.0717 1.3212 -0.9827 -0.2107 0.9259 0.3134
-0.0800 1.3122 -0.9924 0.8330 -0.4903 -0.2564
-0.0924 1.3067 -0.9846 -0.8330 0.4902 0.2565
-0.0683 1.2452 -0.6071 -0.7925 0.6016 0.0997
-0.0558 1.2500 -0.6116 -0.3030 0.9391 0.1620
-0.0639 1.2403 -0.6180 0.7960 -0.5939 -0.1170
-0.0764 1.2355 -0.6135 -0.7960 0.5940 0.1169
-0.0712 1.1859 -0.1224 -0.7861 0.6141 0.0704
-0.0586 1.1905 -0.1255 -0.3195 0.9408 0.1131
-0.0667 1.1807 -0.1305 0.7861 -0.6141 -0.0705
-0.0793 1.1761 -0.1274 -0.7861 0.6141 0.0704
0.1509 1.8404 -1.4433 -0.9437 0.2143 0.2521
0.1648 1.8484 -1.4495 -0.1613 0.7622 0.6270
0.1595 1.8429 -1.4649 0.9436 -0.2144 -0.2521
0.1456 1.8349 -1.4587 -0.9437 0.2143 0.2521
0.1705 1.6540 -1.2118 -0.9195 0.3407 0.1960
0.1844 1.6616 -1.2174 -0.1973 0.7907 0.5795
0.1791 1.6558 -1.2323 0.9346 -0.2747 -0.2262
0.1651 1.6481 -1.2267 -0.9346 0.2745 0.2263
0.1487 1.4787 -0.9101 -0.8553 0.5109 0.0865
0.1624 1.4852 -0.9136 -0.2995 0.8638 0.4052
0.1569 1.4781 -0.9264 0.8803 -0.4572 -0.1268
0.1431 1.4717 -0.9229 -0.8803 0.4571 0.1269
0.0766 1.3466 -0.5667 -0.8055 0.5925 0.0056
0.0898 1.3519 -0.5672 -0.3527 0.9043 0.2404
0.0836 1.3436 -0.5769 0.8129 -0.5821 -0.0200
0.0705 1.3384 -0.5764 -0.8129 0.5821 0.0199
-0.0419 1.2064 -0.1142 -0.7925 0.6096 -0.0187
-0.0291 1.2112 -0.1134 -0.3569 0.9146 0.1900
-0.0356 1.2025 -0.1218 0.7925 -0.6096 0.0186
-0.0484 1.1977 -0.1226 -0.7925 0.6096 -0.0187
0.4788 2.0700 -1.2122 -0.9809 0.1883 0.0493
0.4936 2.0786 -1.2134 -0.3238 0.6484 0.6890
0.4923 2.0759 -1.2304 0.9809 -0.1884 -0.0493
0.4774 2.0673 -1.2292 -0.9809 0.1883 0.0493
0.4457 1.8468 -1.0178 -0.9465 0.3217 0.0229
0.4605 1.8549 -1.0185 -0.3479 0.6853 0.6398
0.4590 1.8518 -1.0350 0.9670 -0.2519 -0.0369
0.4443 1.8436 -1.0343 -0.9671 0.2517 0.0370
0.3554 1.6235 -0.7644 -0.8613 0.5067 -0.0375
0.3695 1.6301 -0.7633 -0.4064 0.7889 0.4609
0.3673 1.6255 -0.7781 0.8942 -0.4474 0.0141
0.3533 1.6188 -0.7791 -0.8943 0.4473 -0.0141
0.2054 1.4368 -0.4760 -0.7952 0.5997 -0.0890
0.2181 1.4417 -0.4724 -0.4191 0.8578 0.2974
0.2147 1.4354 -0.4845 0.8056 -0.5871 0.0788
0.2019 1.4304 -0.4881 -0.8056 0.5872 -0.0788
-0.0160 1.2245 -0.0959 -0.7771 0.6204 -0.1061
-0.0039 1.2289 -0.0912 -0.4112 0.8766 0.2500
-0.0079 1.2218 -0.1023 0.7771 -0.6204 0.1061
-0.0201 1.2175 -0.1070 -0.7771 0.6204 -0.1061
0.7363 2.2503 -0.8734 -0.9675 0.1976 -0.1579
0.7508 2.2587 -0.8695 -0.4940 0.5292 0.6899
0.7536 2.2589 -0.8865 0.9675 -0.1978 0.1579
0.7391 2.2505 -0.8904 -0.9675 0.1976 -0.1579
0.6619 1.9982 -0.7333 -0.9306 0.3329 -0.1523
0.6762 2.0060 -0.7291 -0.5063 0.5744 0.6432
0.6789 2.0057 -0.7457 0.9524 -0.2622 0.1556
0.6646 1.9979 -0.7500 -0.9524 0.2620 -0.1556
0.5178 1.7372 -0.5508 -0.8372 0.5236 -0.1581
0.5311 1.7433 -0.5452 -0.5220 0.7080 0.4757
0.5326 1.7412 -0.5606 0.8735 -0.4619 0.1537
0.5194 1.7351 -0.5661 -0.8736 0.4618 -0.1537
0.3065 1.5076 -0.3429 -0.7626 0.6226 -0.1756
0.3179 1.5116 -0.3356 -0.4963 0.8038 0.3281
0.3176 1.5074 -0.3491 0.7749 -0.6087 0.1705
0.3062 1.5034 -0.3565 -0.7748 0.6088 -0.1705
0.0044 1.2388 -0.0691 -0.7412 0.6455 -0.1841
0.0149 1.2420 -0.0610 -0.4776 0.8301 0.2878
0.0138 1.2371 -0.0737 0.7413 -0.6454 0.1841
0.0032 1.2338 -0.0819 -0.7412 0.6455 -0.1841
0.9005 2.3653 -0.4570 -0.9046 0.2416 -0.3511
0.9135 2.3726 -0.4483 -0.6569 0.4151 0.6294
0.9204 2.3757 -0.4639 0.9046 -0.2418 0.3510
0.9074 2.3683 -0.4725 -0.9046 0.2416 -0.3511
0.7998 2.0947 -0.3837 -0.8730 0.3732 -0.3139
0.8125 2.1015 -0.3749 -0.6585 0.4678 0.5895
0.8191 2.1039 -0.3902 0.8919 -0.3045 0.3343
0.8064 2.0972 -0.3990 -0.8919 0.3044 -0.3344
0.6214 1.8097 -0.2882 -0.7850 0.5601 -0.2647
0.6328 1.8145 -0.2787 -0.6361 0.6281 0.4482
0.6381 1.8150 -0.2933 0.8200 -0.4994 0.2797
0.6267 1.8102 -0.3028 -0.8200 0.4993 -0.2797
0.3710 1.5527 -0.1794 -0.7104 0.6591 -0.2467
0.3802 1.5552 -0.1690 -0.5775 0.7469 0.3295
0.3833 1.5534 -0.1827 0.7233 -0.6448 0.2471
0.3741 1.5509 -0.1931 -0.7232 0.6449 -0.2471
0.0174 1.2479 -0.0362 -0.6882 0.6827 -0.2458
0.0256 1.2495 -0.0253 -0.5502 0.7792 0.3001
0.0277 1.2468 -0.0386 0.6882 -0.6826 0.2458
0.0195 1.2452 -0.0495 -0.6882 0.6827 -0.2458
0.0244 1.2544 -0.0000 -0.5736 0.8192 -0.0000
0.0198 1.2512 -0.0374 -0.5736 0.8192 -0.0000
0.0064 1.2418 -0.0714 -0.5736 0.8192 -0.0000
-0.0147 1.2271 -0.0991 -0.5736 0.8192 -0.0000
-0.0415 1.2083 -0.1180 -0.5736 0.8192 -0.0000
-0.0717 1.1872 -0.1264 -0.5736 0.8192 -0.0000
-0.1025 1.1655 -0.1236 -0.5736 0.8192 -0.0000
-0.1313 1.1454 -0.1098 -0.5736 0.8192 -0.0000
-0.1555 1.1284 -0.0862 -0.5736 0.8192 -0.0000
-0.1730 1.1162 -0.0550 -0.5736 0.8192 -0.0000
-0.1821 1.1098 -0.0189 -0.5736 0.8192 -0.0000
-0.1821 1.1098 0.0189 -0.5736 0.8192 -0.0000
-0.1730 1.1162 0.0550 -0.5736 0.8192 -0.0000
-0.1555 1.1284 0.0862 -0.5736 0.8192 -0.0000
-0.1313 1.1454 0.1098 -0.5736 0.8192 -0.0000
-0.1025 1.1655 0.1236 -0.5736 0.8192 -0.0000
-0.0717 1.1872 0.1264 -0.5736 0.8192 -0.0000
-0.0415 1.2083 0.1180 -0.5736 0.8192 -0.0000
-0.0147 1.2271 0.0991 -0.5736 0.8192 -0.0000
0.0064 1.2418 0.0714 -0.5736 0.8192 -0.0000
0.0198 1.2512 0.0374 -0.5736 0.8192 -0.0000
0.0276 1.2468 -0.0386 0.5736 -0.8192 0.0000
0.0324 1.2501 -0.0000 0.5736 -0.8192 0.0000
0.0138 1.2371 -0.0737 0.5736 -0.8192 0.0000
-0.0079 1.2219 -0.1023 0.5736 -0.8192 0.0000
-0.0356 1.2025 -0.1218 0.5736 -0.8192 0.0000
-0.0668 1.1807 -0.1305 0.5736 -0.8192 0.0000
-0.0986 1.1584 -0.1276 0.5736 -0.8192 0.0000
-0.1284 1.1376 -0.1133 0.5736 -0.8192 0.0000
-0.1533 1.1201 -0.0890 0.5736 -0.8192 0.0000
-0.1713 1.1075 -0.0568 0.5736 -0.8192 0.0000
-0.1807 1.1009 -0.0195 0.5736 -0.8192 0.0000
-0.1807 1.1009 0.0195 0.5736 -0.8192 0.0000
-0.1713 1.1075 0.0568 0.5736 -0.8192 0.0000
-0.1533 1.1201 0.0890 0.5736 -0.8192 0.0000
-0.1284 1.1376 0.1133 0.5736 -0.8192 0.0000
-0.0986 1.1584 0.1276 0.5736 -0.8192 0.0000
-0.0668 1.1807 0.1305 0.5736 -0.8192 0.0000
-0.0356 1.2025 0.1218 0.5736 -0.8192 0.0000
-0.0079 1.2219 0.1023 0.5736 -0.8192 0.0000
0.0138 1.2371 0.0737 0.5736 -0.8192 0.0000
0.0276 1.2468 0.0386 0.5736 -0.8192 0.0000
0.0327 1.0659 -0.0000 0.5736 -0.8192 0.0000
-0.5941 2.0518 -0.0000 0.8217 0.5699 -0.0000
0.0299 1.0640 -0.0127 0.5736 -0.8192 0.0000
-0.6026 2.0458 -0.0387 0.7120 0.4930 -0.5000
0.0223 1.0586 -0.0220 0.5736 -0.8192 0.0000
-0.6258 2.0296 -0.0671 0.4122 0.2831 -0.8660
0.0119 1.0514 -0.0254 0.5736 -0.8192 0.0000
-0.6575 2.0073 -0.0775 0.0026 -0.0037 -1.0000
0.0015 1.0441 -0.0220 0.5736 -0.8192 0.0000
-0.6893 1.9851 -0.0671 -0.4070 -0.2905 -0.8660
-0.0062 1.0387 -0.0127 0.5736 -0.8192 0.0000
-0.7125 1.9689 -0.0387 -0.7068 -0.5004 -0.5000
-0.0089 1.0368 -0.0000 0.5736 -0.8192 0.0000
-0.7210 1.9629 -0.0000 -0.8166 -0.5773 0.0000
-0.0062 1.0387 0.0127 0.5736 -0.8192 0.0000
-0.7125 1.9689 0.0387 -0.7068 -0.5004 0.5000
0.0015 1.0441 0.0220 0.5736 -0.8192 0.0000
-0.6893 1.9851 0.0671 -0.4070 -0.2905 0.8660
0.0119 1.0514 0.0254 0.5736 -0.8192 0.0000
-0.6575 2.0073 0.0775 0.0026 -0.0037 1.0000
0.0223 1.0586 0.0220 0.5736 -0.8192 0.0000
-0.6258 2.0296 0.0671 0.4122 0.2831 0.8660
0.0299 1.0640 0.0127 0.5736 -0.8192 0.0000
-0.6026 2.0458 0.0387 -0.5736 0.8192 0.0000
-0.4547 1.7620 -0.0000 0.8192 0.5736 -0.0000
-0.4575 1.7601 -0.0127 0.7094 0.4967 -0.5000
-0.4651 1.7547 -0.0220 0.4096 0.2868 -0.8660
-0.4755 1.7475 -0.0254 -0.0000 -0.0000 -1.0000
-0.4860 1.7402 -0.0220 -0.4096 -0.2868 -0.8660
-0.4936 1.7348 -0.0127 -0.7094 -0.4967 -0.5000
-0.4964 1.7329 -0.0000 -0.8192 -0.5736 0.0000
-0.4936 1.7348 0.0127 -0.7094 -0.4967 0.5000
-0.4860 1.7402 0.0220 -0.4096 -0.2868 0.8660
-0.4755 1.7475 0.0254 -0.0000 -0.0000 1.0000
-0.4651 1.7547 0.0220 0.4096 0.2868 0.8660
-0.4575 1.7601 0.0127 0.7094 0.4967 0.5000
-0.5676 2.0136 -0.0000 0.8217 0.5699 -0.0000
-0.5760 2.0077 -0.0386 0.7120 0.4930 -0.5000
-0.5992 1.9914 -0.0669 0.4122 0.2831 -0.8660
-0.6309 1.9693 -0.0773 0.0026 -0.0037 -1.0000
-0.6625 1.9471 -0.0669 -0.4070 -0.2905 -0.8660
-0.6857 1.9309 -0.0386 -0.7068 -0.5004 -0.5000
-0.6942 1.9250 -0.0000 -0.8166 -0.5773 0.0000
-0.6857 1.9309 0.0386 -0.7068 -0.5004 0.5000
-0.6625 1.9471 0.0669 -0.4070 -0.2905 0.8660
-0.6309 1.9693 0.0773 0.0026 -0.0037 1.0000
-0.5992 1.9914 0.0669 0.4122 0.2831 0.8660
-0.5760 2.0077 0.0386 0.7120 0.4930 0.5000
0.8472 2.1279 -0.0000 -0.7790 0.4391 0.4477
0.8472 2.1279 -0.0000 -0.7790 0.4391 0.4477
0.9570 2.4048 -0.0000 -0.7980 0.3163 0.5130
0.8573 2.1328 0.0126 0.7789 -0.4393 0.4476
0.8573 2.1328 0.0126 0.7789 -0.4393 0.4476
0.9673 2.4103 0.0126 0.7979 -0.3165 0.5130
0.9673 2.4103 -0.0126 0.7979 -0.3165 -0.5130
0.8573 2.1328 -0.0126 0.7789 -0.4393 -0.4476
0.8673 2.1377 -0.0000 0.7909 -0.3752 -0.4834
0.9673 2.4103 -0.0126 0.7979 -0.3165 -0.5130
0.8673 2.1377 -0.0000 0.7909 -0.3752 -0.4834
0.9776 2.4158 -0.0000 0.7979 -0.3165 -0.5130
0.6570 1.8346 -0.0000 -0.7094 0.6131 0.3478
0.6570 1.8346 -0.0000 -0.7094 0.6131 0.3478
0.8472 2.1279 -0.0000 -0.7790 0.4391 0.4477
0.6656 1.8375 0.0126 0.7094 -0.6131 0.3478
0.6656 1.8375 0.0126 0.7094 -0.6131 0.3478
0.8573 2.1328 0.0126 0.7789 -0.4393 0.4476
0.8573 2.1328 -0.0126 0.7789 -0.4393 -0.4476
0.6656 1.8375 -0.0126 0.7094 -0.6131 -0.3478
0.6743 1.8404 -0.0000 0.7384 -0.5565 -0.3808
0.8573 2.1328 -0.0126 0.7789 -0.4393 -0.4476
0.6743 1.8404 -0.0000 0.7384 -0.5565 -0.3808
0.8673 2.1377 -0.0000 0.7909 -0.3752 -0.4834
0.3931 1.5682 -0.0000 -0.6434 0.7060 0.2958
0.3931 1.5682 -0.0000 -0.6434 0.7060 0.2958
0.6570 1.8346 -0.0000 -0.7094 0.6131 0.3478
0.3995 1.5687 0.0126 0.6435 -0.7060 0.2959
0.3995 1.5687 0.0126 0.6435 -0.7060 0.2959
0.6656 1.8375 0.0126 0.7094 -0.6131 0.3478
0.6656 1.8375 -0.0126 0.7094 -0.6131 -0.3478
0.3995 1.5687 -0.0126 0.6435 -0.7060 -0.2959
0.4058 1.5692 -0.0000 0.6555 -0.6923 -0.3018
0.6656 1.8375 -0.0126 0.7094 -0.6131 -0.3478
0.4058 1.5692 -0.0000 0.6555 -0.6923 -0.3018
0.6743 1.8404 -0.0000 0.7384 -0.5565 -0.3808
0.0218 1.2510 -0.0000 -0.6225 0.7286 0.2856
0.0218 1.2510 -0.0000 -0.6225 0.7286 0.2856
0.3931 1.5682 -0.0000 -0.6434 0.7060 0.2958
0.0271 1.2506 0.0126 0.6226 -0.7286 0.2856
0.0271 1.2506 0.0126 0.6226 -0.7286 0.2856
0.3995 1.5687 0.0126 0.6435 -0.7060 0.2959
0.3995 1.5687 -0.0126 0.6435 -0.7060 -0.2959
0.0271 1.2506 -0.0126 0.6226 -0.7286 -0.2856
0.0324 1.2501 -0.0000 0.6226 -0.7286 -0.2856
0.3995 1.5687 -0.0126 0.6435 -0.7060 -0.2959
0.0324 1.2501 -0.0000 0.6226 -0.7286 -0.2856
0.4058 1.5692 -0.0000 0.6555 -0.6923 -0.3018
0.9570 2.4048 -0.0000 -0.4693 0.8830 0.0000
0.9673 2.4103 -0.0126 -0.4693 0.8830 0.0000
0.9776 2.4158 -0.0000 -0.4693 0.8830 0.0000
0.9570 2.4048 -0.0000 -0.4693 0.8830 0.0000
0.9776 2.4158 -0.0000 -0.4693 0.8830 0.0000
0.9673 2.4103 0.0126 -0.4693 0.8830 0.0000
0.7998 2.0947 0.3837 -0.8730 0.3732 0.3139
0.7998 2.0947 0.3837 -0.8730 0.3732 0.3139
0.9005 2.3653 0.4570 -0.9046 0.2416 0.3511
0.8064 2.0972 0.3990 0.6568 -0.5248 0.5415
0.8064 2.0972 0.3990 0.6568 -0.5248 0.5415
0.9074 2.3683 0.4725 0.6569 -0.4152 0.6293
0.9135 2.3726 0.4483 0.9046 -0.2418 -0.3510
0.8125 2.1015 0.3749 0.8729 -0.3734 -0.3139
0.8191 2.1039 0.3902 0.8919 -0.3045 -0.3344
0.9135 2.3726 0.4483 0.9046 -0.2418 -0.3510
0.8191 2.1039 0.3902 0.8919 -0.3045 -0.3344
0.9204 2.3757 0.4639 0.9046 -0.2418 -0.3510
0.6214 1.8097 0.2882 -0.7850 0.5601 0.2647
0.6214 1.8097 0.2882 -0.7850 0.5601 0.2647
0.7998 2.0947 0.3837 -0.8730 0.3732 0.3139
0.6267 1.8102 0.3028 0.6171 -0.6777 0.4000
0.6267 1.8102 0.3028 0.6171 -0.6777 0.4000
0.8064 2.0972 0.3990 0.6568 -0.5248 0.5415
0.8125 2.1015 0.3749 0.8729 -0.3734 -0.3139
0.6328 1.8145 0.2787 0.7850 -0.5601 -0.2647
0.6381 1.8150 0.2933 0.8200 -0.4994 -0.2797
0.8125 2.1015 0.3749 0.8729 -0.3734 -0.3139
0.6381 1.8150 0.2933 0.8200 -0.4994 -0.2797
0.8191 2.1039 0.3902 0.8919 -0.3045 -0.3344
0.3710 1.5527 0.1794 -0.7104 0.6591 0.2467
0.3710 1.5527 0.1794 -0.7104 0.6591 0.2467
0.6214 1.8097 0.2882 -0.7850 0.5601 0.2647
0.3741 1.5509 0.1931 0.5676 -0.7591 0.3187
0.3741 1.5509 0.1931 0.5676 -0.7591 0.3187
0.6267 1.8102 0.3028 0.6171 -0.6777 0.4000
0.6328 1.8145 0.2787 0.7850 -0.5601 -0.2647
0.3802 1.5552 0.1690 0.7105 -0.6590 -0.2467
0.3833 1.5534 0.1827 0.7233 -0.6448 -0.2471
0.6328 1.8145 0.2787 0.7850 -0.5601 -0.2647
0.3833 1.5534 0.1827 0.7233 -0.6448 -0.2471
0.6381 1.8150 0.2933 0.8200 -0.4994 -0.2797
0.0174 1.2479 0.0362 -0.6882 0.6827 0.2458
0.0174 1.2479 0.0362 -0.6882 0.6827 0.2458
0.3710 1.5527 0.1794 -0.7104 0.6591 0.2467
0.0195 1.2452 0.0495 0.5503 -0.7792 0.3001
0.0195 1.2452 0.0495 0.5503 -0.7792 0.3001
0.3741 1.5509 0.1931 0.5676 -0.7591 0.3187
0.3802 1.5552 0.1690 0.7105 -0.6590 -0.2467
0.0256 1.2495 0.0253 0.6882 -0.6826 -0.2458
0.0277 1.2468 0.0386 0.6882 -0.6826 -0.2458
0.3802 1.5552 0.1690 0.7105 -0.6590 -0.2467
0.0277 1.2468 0.0386 0.6882 -0.6826 -0.2458
0.3833 1.5534 0.1827 0.7233 -0.6448 -0.2471
0.9005 2.3653 0.4570 -0.4737 0.8799 0.0360
0.9135 2.3726 0.4483 -0.4737 0.8799 0.0360
0.9204 2.3757 0.4639 -0.4737 0.8799 0.0360
0.9005 2.3653 0.4570 -0.4737 0.8799 0.0360
0.9204 2.3757 0.4639 -0.4737 0.8799 0.0360
0.9074 2.3683 0.4725 -0.4737 0.8799 0.0360
0.6619 1.9982 0.7333 -0.9306 0.3329 0.1523
0.6619 1.9982 0.7333 -0.9306 0.3329 0.1523
0.7363 2.2503 0.8734 -0.9675 0.1976 0.1579
0.6646 1.9979 0.7500 0.5174 -0.6224 0.5873
0.6646 1.9979 0.7500 0.5174 -0.6224 0.5873
0.7391 2.2505 0.8904 0.4940 -0.5293 0.6898
0.7508 2.2587 0.8695 0.9675 -0.1978 -0.1579
0.6762 2.0060 0.7291 0.9305 -0.3331 -0.1523
0.6789 2.0057 0.7457 0.9524 -0.2622 -0.1556
0.7508 2.2587 0.8695 0.9675 -0.1978 -0.1579
0.6789 2.0057 0.7457 0.9524 -0.2622 -0.1556
0.7536 2.2589 0.8865 0.9675 -0.1978 -0.1579
0.5178 1.7372 0.5508 -0.8372 0.5236 0.1581
0.5178 1.7372 0.5508 -0.8372 0.5236 0.1581
0.6619 1.9982 0.7333 -0.9306 0.3329 0.1523
0.5194 1.7351 0.5661 0.5162 -0.7483 0.4166
0.5194 1.7351 0.5661 0.5162 -0.7483 0.4166
0.6646 1.9979 0.7500 0.5174 -0.6224 0.5873
0.6762 2.0060 0.7291 0.9305 -0.3331 -0.1523
0.5311 1.7433 0.5452 0.8372 -0.5236 -0.1581
0.5326 1.7412 0.5606 0.8735 -0.4619 -0.1537
0.6762 2.0060 0.7291 0.9305 -0.3331 -0.1523
0.5326 1.7412 0.5606 0.8735 -0.4619 -0.1537
0.6789 2.0057 0.7457 0.9524 -0.2622 -0.1556
0.3065 1.5076 0.3429 -0.7626 0.6226 0.1756
0.3065 1.5076 0.3429 -0.7626 0.6226 0.1756
0.5178 1.7372 0.5508 -0.8372 0.5236 0.1581
0.3062 1.5034 0.3565 0.4896 -0.8137 0.3133
0.3062 1.5034 0.3565 0.4896 -0.8137 0.3133
0.5194 1.7351 0.5661 0.5162 -0.7483 0.4166
0.5311 1.7433 0.5452 0.8372 -0.5236 -0.1581
0.3179 1.5116 0.3356 0.7626 -0.6225 -0.1756
0.3176 1.5074 0.3491 0.7749 -0.6087 -0.1705
0.5311 1.7433 0.5452 0.8372 -0.5236 -0.1581
0.3176 1.5074 0.3491 0.7749 -0.6087 -0.1705
0.5326 1.7412 0.5606 0.8735 -0.4619 -0.1537
0.0044 1.2388 0.0691 -0.7412 0.6455 0.1841
0.0044 1.2388 0.0691 -0.7412 0.6455 0.1841
0.3065 1.5076 0.3429 -0.7626 0.6226 0.1756
0.0032 1.2338 0.0819 0.4777 -0.8300 0.2879
0.0032 1.2338 0.0819 0.4777 -0.8300 0.2879
0.3062 1.5034 0.3565 0.4896 -0.8137 0.3133
0.3179 1.5116 0.3356 0.7626 -0.6225 -0.1756
0.0149 1.2420 0.0610 0.7413 -0.6454 -0.1841
0.0138 1.2371 0.0737 0.7413 -0.6454 -0.1841
0.3179 1.5116 0.3356 0.7626 -0.6225 -0.1756
0.0138 1.2371 0.0737 0.7413 -0.6454 -0.1841
0.3176 1.5074 0.3491 0.7749 -0.6087 -0.1705
0.7363 2.2503 0.8734 -0.4867 0.8709 0.0688
0.7508 2.2587 0.8695 -0.4867 0.8709 0.0688
0.7536 2.2589 0.8865 -0.4867 0.8709 0.0688
0.7363 2.2503 0.8734 -0.4867 0.8709 0.0688
0.7536 2.2589 0.8865 -0.4867 0.8709 0.0688
0.7391 2.2505 0.8904 -0.4867 0.8709 0.0688
0.4457 1.8468 1.0178 -0.9465 0.3217 -0.0229
0.4457 1.8468 1.0178 -0.9465 0.3217 -0.0229
0.4788 2.0700 1.2122 -0.9809 0.1883 -0.0493
0.4443 1.8436 1.0343 0.3732 -0.7234 0.5809
0.4443 1.8436 1.0343 0.3732 -0.7234 0.5809
0.4774 2.0673 1.2292 0.3238 -0.6485 0.6890
0.4936 2.0786 1.2134 0.9809 -0.1884 0.0493
0.4605 1.8549 1.0185 0.9465 -0.3219 0.0228
0.4590 1.8518 1.0350 0.9670 -0.2519 0.0369
0.4936 2.0786 1.2134 0.9809 -0.1884 0.0493
0.4590 1.8518 1.0350 0.9670 -0.2519 0.0369
0.4923 2.0759 1.2304 0.9809 -0.1884 0.0493
0.3554 1.6235 0.7644 -0.8613 0.5067 0.0375
0.3554 1.6235 0.7644 -0.8613 0.5067 0.0375
0.4457 1.8468 1.0178 -0.9465 0.3217 -0.0229
0.3533 1.6188 0.7791 0.4159 -0.8186 0.3962
0.3533 1.6188 0.7791 0.4159 -0.8186 0.3962
0.4443 1.8436 1.0343 0.3732 -0.7234 0.5809
0.4605 1.8549 1.0185 0.9465 -0.3219 0.0228
0.3695 1.6301 0.7633 0.8613 -0.5067 -0.0374
0.3673 1.6255 0.7781 0.8942 -0.4474 -0.0141
0.4605 1.8549 1.0185 0.9465 -0.3219 0.0228
0.3673 1.6255 0.7781 0.8942 -0.4474 -0.0141
0.4590 1.8518 1.0350 0.9670 -0.2519 0.0369
0.2054 1.4368 0.4760 -0.7952 0.5997 0.0890
0.2054 1.4368 0.4760 -0.7952 0.5997 0.0890
0.3554 1.6235 0.7644 -0.8613 0.5067 0.0375
0.2019 1.4304 0.4881 0.4163 -0.8650 0.2800
0.2019 1.4304 0.4881 0.4163 -0.8650 0.2800
0.3533 1.6188 0.7791 0.4159 -0.8186 0.3962
0.3695 1.6301 0.7633 0.8613 -0.5067 -0.0374
0.2181 1.4417 0.4724 0.7953 -0.5997 -0.0889
0.2147 1.4354 0.4845 0.8056 -0.5871 -0.0788
0.3695 1.6301 0.7633 0.8613 -0.5067 -0.0374
0.2147 1.4354 0.4845 0.8056 -0.5871 -0.0788
0.3673 1.6255 0.7781 0.8942 -0.4474 -0.0141
-0.0160 1.2245 0.0959 -0.7771 0.6204 0.1061
-0.0160 1.2245 0.0959 -0.7771 0.6204 0.1061
0.2054 1.4368 0.4760 -0.7952 0.5997 0.0890
-0.0201 1.2175 0.1070 0.4112 -0.8765 0.2501
-0.0201 1.2175 0.1070 0.4112 -0.8765 0.2501
0.2019 1.4304 0.4881 0.4163 -0.8650 0.2800
0.2181 1.4417 0.4724 0.7953 -0.5997 -0.0889
-0.0039 1.2289 0.0912 0.7771 -0.6204 -0.1061
-0.0079 1.2218 0.1023 0.7771 -0.6204 -0.1061
0.2181 1.4417 0.4724 0.7953 -0.5997 -0.0889
-0.0079 1.2218 0.1023 0.7771 -0.6204 -0.1061
0.2147 1.4354 0.4845 0.8056 -0.5871 -0.0788
0.4788 2.0700 1.2122 -0.5070 0.8567 0.0954
0.4936 2.0786 1.2134 -0.5070 0.8567 0.0954
0.4923 2.0759 1.2304 -0.5070 0.8567 0.0954
0.4788 2.0700 1.2122 -0.5070 0.8567 0.0954
0.4923 2.0759 1.2304 -0.5070 0.8567 0.0954
0.4774 2.0673 1.2292 -0.5070 0.8567 0.0954
0.1705 1.6540 1.2118 -0.9195 0.3407 -0.1960
0.1705 1.6540 1.2118 -0.9195 0.3407 -0.1960
0.1509 1.8404 1.4433 -0.9437 0.2143 -0.2521
0.1651 1.6481 1.2267 0.2369 -0.8188 0.5229
0.1651 1.6481 1.2267 0.2369 -0.8188 0.5229
0.1456 1.8349 1.4587 0.1613 -0.7622 0.6269
0.1648 1.8484 1.4495 0.9437 -0.2144 0.2521
0.1844 1.6616 1.2174 0.9195 -0.3408 0.1959
0.1791 1.6558 1.2323 0.9346 -0.2746 0.2262
0.1648 1.8484 1.4495 0.9437 -0.2144 0.2521
0.1791 1.6558 1.2323 0.9346 -0.2746 0.2262
0.1595 1.8429 1.4649 0.9437 -0.2144 0.2521
0.1487 1.4787 0.9101 -0.8553 0.5109 -0.0865
0.1487 1.4787 0.9101 -0.8553 0.5109 -0.0865
0.1705 1.6540 1.2118 -0.9195 0.3407 -0.1960
0.1431 1.4717 0.9229 0.3249 -0.8823 0.3406
0.1431 1.4717 0.9229 0.3249 -0.8823 0.3406
0.1651 1.6481 1.2267 0.2369 -0.8188 0.5229
0.1844 1.6616 1.2174 0.9195 -0.3408 0.1959
0.1624 1.4852 0.9136 0.8553 -0.5109 0.0865
0.1569 1.4781 0.9264 0.8803 -0.4571 0.1268
0.1844 1.6616 1.2174 0.9195 -0.3408 0.1959
0.1569 1.4781 0.9264 0.8803 -0.4571 0.1268
0.1791 1.6558 1.2323 0.9346 -0.2746 0.2262
0.0766 1.3466 0.5667 -0.8055 0.5925 -0.0056
0.0766 1.3466 0.5667 -0.8055 0.5925 -0.0056
0.1487 1.4787 0.9101 -0.8553 0.5109 -0.0865
0.0705 1.3384 0.5764 0.3543 -0.9084 0.2218
0.0705 1.3384 0.5764 0.3543 -0.9084 0.2218
0.1431 1.4717 0.9229 0.3249 -0.8823 0.3406
0.1624 1.4852 0.9136 0.8553 -0.5109 0.0865
0.0898 1.3519 0.5672 0.8056 -0.5925 0.0057
0.0836 1.3436 0.5769 0.8129 -0.5821 0.0200
0.1624 1.4852 0.9136 0.8553 -0.5109 0.0865
0.0836 1.3436 0.5769 0.8129 -0.5821 0.0200
0.1569 1.4781 0.9264 0.8803 -0.4571 0.1268
-0.0419 1.2064 0.1142 -0.7925 0.6096 0.0187
-0.0419 1.2064 0.1142 -0.7925 0.6096 0.0187
0.0766 1.3466 0.5667 -0.8055 0.5925 -0.0056
-0.0484 1.1977 0.1226 0.3569 -0.9146 0.1901
-0.0484 1.1977 0.1226 0.3569 -0.9146 0.1901
0.0705 1.3384 0.5764 0.3543 -0.9084 0.2218
0.0898 1.3519 0.5672 0.8056 -0.5925 0.0057
-0.0291 1.2112 0.1134 0.7925 -0.6096 -0.0186
-0.0356 1.2025 0.1218 0.7925 -0.6096 -0.0186
0.0898 1.3519 0.5672 0.8056 -0.5925 0.0057
-0.0356 1.2025 0.1218 0.7925 -0.6096 -0.0186
0.0836 1.3436 0.5769 0.8129 -0.5821 0.0200
0.1509 1.8404 1.4433 -0.5328 0.8386 0.1136
0.1648 1.8484 1.4495 -0.5328 0.8386 0.1136
0.1595 1.8429 1.4649 -0.5328 0.8386 0.1136
0.1509 1.8404 1.4433 -0.5328 0.8386 0.1136
0.1595 1.8429 1.4649 -0.5328 0.8386 0.1136
0.1456 1.8349 1.4587 -0.5328 0.8386 0.1136
-0.1394 1.4370 1.2981 -0.8519 0.3880 -0.3517
-0.1394 1.4370 1.2981 -0.8519 0.3880 -0.3517
-0.2182 1.5819 1.5462 -0.8591 0.2735 -0.4325
-0.1481 1.4288 1.3101 0.1207 -0.9002 0.4185
-0.1481 1.4288 1.3101 0.1207 -0.9002 0.4185
-0.2270 1.5740 1.5587 0.0211 -0.8604 0.5091
-0.2063 1.5885 1.5568 0.8591 -0.2736 0.4325
-0.1274 1.4433 1.3082 0.8519 -0.3882 0.3516
-0.1361 1.4351 1.3201 0.8578 -0.3284 0.3953
-0.2063 1.5885 1.5568 0.8591 -0.2736 0.4325
-0.1361 1.4351 1.3201 0.8578 -0.3284 0.3953
-0.2151 1.5806 1.5693 0.8591 -0.2736 0.4325
-0.0841 1.3157 0.9750 -0.8196 0.5359 -0.2028
-0.0841 1.3157 0.9750 -0.8196 0.5359 -0.2028
-0.1394 1.4370 1.2981 -0.8519 0.3880 -0.3517
-0.0924 1.3067 0.9846 0.2514 -0.9337 0.2548
-0.0924 1.3067 0.9846 0.2514 -0.9337 0.2548
-0.1481 1.4288 1.3101 0.1207 -0.9002 0.4185
-0.1274 1.4433 1.3082 0.8519 -0.3882 0.3516
-0.0717 1.3212 0.9827 0.8195 -0.5359 0.2028
-0.0800 1.3122 0.9924 0.8330 -0.4903 0.2564
-0.1274 1.4433 1.3082 0.8519 -0.3882 0.3516
-0.0800 1.3122 0.9924 0.8330 -0.4903 0.2564
-0.1361 1.4351 1.3201 0.8578 -0.3284 0.3953
-0.0683 1.2452 0.6071 -0.7925 0.6016 -0.0997
-0.0683 1.2452 0.6071 -0.7925 0.6016 -0.0997
-0.0841 1.3157 0.9750 -0.8196 0.5359 -0.2028
-0.0764 1.2355 0.6135 0.3092 -0.9400 0.1440
-0.0764 1.2355 0.6135 0.3092 -0.9400 0.1440
-0.0924 1.3067 0.9846 0.2514 -0.9337 0.2548
-0.0717 1.3212 0.9827 0.8195 -0.5359 0.2028
-0.0558 1.2500 0.6116 0.7926 -0.6016 0.0997
-0.0639 1.2403 0.6180 0.7960 -0.5939 0.1170
-0.0717 1.3212 0.9827 0.8195 -0.5359 0.2028
-0.0639 1.2403 0.6180 0.7960 -0.5939 0.1170
-0.0800 1.3122 0.9924 0.8330 -0.4903 0.2564
-0.0712 1.1859 0.1224 -0.7861 0.6141 -0.0704
-0.0712 1.1859 0.1224 -0.7861 0.6141 -0.0704
-0.0683 1.2452 0.6071 -0.7925 0.6016 -0.0997
-0.0793 1.1761 0.1274 0.3194 -0.9408 0.1132
-0.0793 1.1761 0.1274 0.3194 -0.9408 0.1132
-0.0764 1.2355 0.6135 0.3092 -0.9400 0.1440
-0.0558 1.2500 0.6116 0.7926 -0.6016 0.0997
-0.0586 1.1905 0.1255 0.7861 -0.6141 0.0705
-0.0667 1.1807 0.1305 0.7861 -0.6141 0.0705
-0.0558 1.2500 0.6116 0.7926 -0.6016 0.0997
-0.0667 1.1807 0.1305 0.7861 -0.6141 0.0705
-0.0639 1.2403 0.6180 0.7960 -0.5939 0.1170
-0.2182 1.5819 1.5462 -0.5618 0.8183 0.1217
-0.2063 1.5885 1.5568 -0.5618 0.8183 0.1217
-0.2151 1.5806 1.5693 -0.5618 0.8183 0.1217
-0.2182 1.5819 1.5462 -0.5618 0.8183 0.1217
-0.2151 1.5806 1.5693 -0.5618 0.8183 0.1217
-0.2270 1.5740 1.5587 -0.5618 0.8183 0.1217
-0.4564 1.2151 1.2691 -0.7497 0.4596 -0.4762
-0.4564 1.2151 1.2691 -0.7497 0.4596 -0.4762
-0.5957 1.3176 1.5116 -0.7348 0.3606 -0.5745
-0.4675 1.2052 1.2771 0.0348 -0.9603 0.2768
-0.4675 1.2052 1.2771 0.0348 -0.9603 0.2768
-0.6071 1.3079 1.5201 -0.0845 -0.9344 0.3461
-0.5869 1.3220 1.5257 0.7348 -0.3607 0.5744
-0.4473 1.2193 1.2827 0.7497 -0.4597 0.4760
-0.4584 1.2094 1.2906 0.7437 -0.4083 0.5294
-0.5869 1.3220 1.5257 0.7348 -0.3607 0.5744
-0.4584 1.2094 1.2906 0.7437 -0.4083 0.5294
-0.5983 1.3123 1.5343 0.7348 -0.3607 0.5744
-0.3221 1.1490 0.9532 -0.7573 0.5795 -0.3011
-0.3221 1.1490 0.9532 -0.7573 0.5795 -0.3011
-0.4564 1.2151 1.2691 -0.7497 0.4596 -0.4762
-0.3323 1.1387 0.9589 0.2019 -0.9684 0.1463
-0.3323 1.1387 0.9589 0.2019 -0.9684 0.1463
-0.4675 1.2052 1.2771 0.0348 -0.9603 0.2768
-0.4473 1.2193 1.2827 0.7497 -0.4597 0.4760
-0.3121 1.1529 0.9645 0.7573 -0.5795 0.3011
-0.3223 1.1425 0.9702 0.7565 -0.5439 0.3633
-0.4473 1.2193 1.2827 0.7497 -0.4597 0.4760
-0.3223 1.1425 0.9702 0.7565 -0.5439 0.3633
-0.4584 1.2094 1.2906 0.7437 -0.4083 0.5294
-0.2165 1.1414 0.5935 -0.7574 0.6262 -0.1849
-0.2165 1.1414 0.5935 -0.7574 0.6262 -0.1849
-0.3221 1.1490 0.9532 -0.7573 0.5795 -0.3011
-0.2258 1.1309 0.5961 0.2848 -0.9571 0.0533
-0.2258 1.1309 0.5961 0.2848 -0.9571 0.0533
-0.3323 1.1387 0.9589 0.2019 -0.9684 0.1463
-0.3121 1.1529 0.9645 0.7573 -0.5795 0.3011
-0.2056 1.1451 0.6017 0.7574 -0.6262 0.1850
-0.2148 1.1346 0.6042 0.7564 -0.6216 0.2036
-0.3121 1.1529 0.9645 0.7573 -0.5795 0.3011
-0.2148 1.1346 0.6042 0.7564 -0.6216 0.2036
-0.3223 1.1425 0.9702 0.7565 -0.5439 0.3633
-0.1010 1.1650 0.1196 -0.7585 0.6334 -0.1533
-0.1010 1.1650 0.1196 -0.7585 0.6334 -0.1533
-0.2165 1.1414 0.5935 -0.7574 0.6262 -0.1849
-0.1099 1.1546 0.1208 0.3022 -0.9529 0.0262
-0.1099 1.1546 0.1208 0.3022 -0.9529 0.0262
-0.2258 1.1309 0.5961 0.2848 -0.9571 0.0533
-0.2056 1.1451 0.6017 0.7574 -0.6262 0.1850
-0.0897 1.1687 0.1264 0.7585 -0.6334 0.1533
-0.0986 1.1584 0.1275 0.7585 -0.6334 0.1533
-0.2056 1.1451 0.6017 0.7574 -0.6262 0.1850
-0.0986 1.1584 0.1275 0.7585 -0.6334 0.1533
-0.2148 1.1346 0.6042 0.7564 -0.6216 0.2036
-0.5957 1.3176 1.5116 -0.5915 0.7974 0.1190
-0.5869 1.3220 1.5257 -0.5915 0.7974 0.1190
-0.5983 1.3123 1.5343 -0.5915 0.7974 0.1190
-0.5957 1.3176 1.5116 -0.5915 0.7974 0.1190
-0.5983 1.3123 1.5343 -0.5915 0.7974 0.1190
-0.6071 1.3079 1.5201 -0.5915 0.7974 0.1190
-0.7523 1.0079 1.1274 -0.6219 0.5490 -0.5583
-0.7523 1.0079 1.1274 -0.6219 0.5490 -0.5583
-0.9482 1.0708 1.3428 -0.5817 0.4678 -0.6655
-0.7648 0.9970 1.1306 -0.0130 -0.9938 0.1106
-0.7648 0.9970 1.1306 -0.0130 -0.9938 0.1106
-0.9611 1.0600 1.3465 -0.1461 -0.9775 0.1524
-0.9431 1.0726 1.3591 0.5817 -0.4678 0.6654
-0.7468 1.0096 1.1432 0.6220 -0.5491 0.5582
-0.7593 0.9987 1.1465 0.6022 -0.5074 0.6164
-0.9431 1.0726 1.3591 0.5817 -0.4678 0.6654
-0.7593 0.9987 1.1465 0.6022 -0.5074 0.6164
-0.9560 1.0618 1.3629 0.5817 -0.4678 0.6654
-0.5444 0.9934 0.8467 -0.6742 0.6377 -0.3726
-0.5444 0.9934 0.8467 -0.6742 0.6377 -0.3726
-0.7523 1.0079 1.1274 -0.6219 0.5490 -0.5583
-0.5554 0.9825 0.8480 0.1807 -0.9832 0.0248
-0.5554 0.9825 0.8480 0.1807 -0.9832 0.0248
-0.7648 0.9970 1.1306 -0.0130 -0.9938 0.1106
-0.7468 1.0096 1.1432 0.6220 -0.5491 0.5582
-0.5375 0.9951 0.8606 0.6742 -0.6377 0.3726
-0.5485 0.9842 0.8618 0.6576 -0.6131 0.4378
-0.7468 1.0096 1.1432 0.6220 -0.5491 0.5582
-0.5485 0.9842 0.8618 0.6576 -0.6131 0.4378
-0.7593 0.9987 1.1465 0.6022 -0.5074 0.6164
-0.3549 1.0445 0.5272 -0.7033 0.6641 -0.2537
-0.3549 1.0445 0.5272 -0.7033 0.6641 -0.2537
-0.5444 0.9934 0.8467 -0.6742 0.6377 -0.3726
-0.3643 1.0340 0.5256 0.2834 -0.9581 -0.0421
-0.3643 1.0340 0.5256 0.2834 -0.9581 -0.0421
-0.5554 0.9825 0.8480 0.1807 -0.9832 0.0248
-0.5375 0.9951 0.8606 0.6742 -0.6377 0.3726
-0.3463 1.0465 0.5383 0.7032 -0.6641 0.2538
-0.3557 1.0360 0.5367 0.6977 -0.6627 0.2721
-0.5375 0.9951 0.8606 0.6742 -0.6377 0.3726
-0.3557 1.0360 0.5367 0.6977 -0.6627 0.2721
-0.5485 0.9842 0.8618 0.6576 -0.6131 0.4378
-0.1289 1.1455 0.1063 -0.7121 0.6659 -0.2225
-0.1289 1.1455 0.1063 -0.7121 0.6659 -0.2225
-0.3549 1.0445 0.5272 -0.7033 0.6641 -0.2537
-0.1376 1.1352 0.1035 0.3068 -0.9497 -0.0631
-0.1376 1.1352 0.1035 0.3068 -0.9497 -0.0631
-0.3643 1.0340 0.5256 0.2834 -0.9581 -0.0421
-0.3463 1.0465 0.5383 0.7032 -0.6641 0.2538
-0.1197 1.1478 0.1161 0.7121 -0.6659 0.2226
-0.1283 1.1375 0.1133 0.7121 -0.6659 0.2226
-0.3463 1.0465 0.5383 0.7032 -0.6641 0.2538
-0.1283 1.1375 0.1133 0.7121 -0.6659 0.2226
-0.3557 1.0360 0.5367 0.6977 -0.6627 0.2721
-0.9482 1.0708 1.3428 -0.6193 0.7780 0.1057
-0.9431 1.0726 1.3591 -0.6193 0.7780 0.1057
-0.9560 1.0618 1.3629 -0.6193 0.7780 0.1057
-0.9482 1.0708 1.3428 -0.6193 0.7780 0.1057
-0.9560 1.0618 1.3629 -0.6193 0.7780 0.1057
-0.9611 1.0600 1.3465 -0.6193 0.7780 0.1057
-1.0008 0.8339 0.8854 -0.4801 0.6484 -0.5909
-1.0008 0.8339 0.8854 -0.4801 0.6484 -0.5909
-1.2442 0.8636 1.0546 -0.4134 0.5856 -0.6972
-1.0135 0.8229 0.8837 -0.0186 -0.9977 -0.0655
-1.0135 0.8229 0.8837 -0.0186 -0.9977 -0.0655
-1.2574 0.8526 1.0532 -0.1581 -0.9859 -0.0549
-1.2433 0.8624 1.0718 0.4135 -0.5856 0.6972
-0.9994 0.8328 0.9022 0.4802 -0.6485 0.5907
-1.0120 0.8217 0.9004 0.4460 -0.6167 0.6486
-1.2433 0.8624 1.0718 0.4135 -0.5856 0.6972
-1.0120 0.8217 0.9004 0.4460 -0.6167 0.6486
-1.2565 0.8515 1.0704 0.4135 -0.5856 0.6972
-0.7310 0.8627 0.6650 -0.5774 0.7055 -0.4110
-0.7310 0.8627 0.6650 -0.5774 0.7055 -0.4110
-1.0008 0.8339 0.8854 -0.4801 0.6484 -0.5909
-0.7418 0.8520 0.6617 0.1899 -0.9768 -0.0989
-0.7418 0.8520 0.6617 0.1899 -0.9768 -0.0989
-1.0135 0.8229 0.8837 -0.0186 -0.9977 -0.0655
-0.9994 0.8328 0.9022 0.4802 -0.6485 0.5907
-0.7277 0.8619 0.6802 0.5774 -0.7055 0.4110
-0.7385 0.8511 0.6769 0.5450 -0.6919 0.4735
-0.9994 0.8328 0.9022 0.4802 -0.6485 0.5907
-0.7385 0.8511 0.6769 0.5450 -0.6919 0.4735
-1.0120 0.8217 0.9004 0.4460 -0.6167 0.6486
-0.4711 0.9631 0.4141 -0.6349 0.7120 -0.2999
-0.4711 0.9631 0.4141 -0.6349 0.7120 -0.2999
-0.7310 0.8627 0.6650 -0.5774 0.7055 -0.4110
-0.4796 0.9532 0.4085 0.3052 -0.9429 -0.1338
-0.4796 0.9532 0.4085 0.3052 -0.9429 -0.1338
-0.7418 0.8520 0.6617 0.1899 -0.9768 -0.0989
-0.7277 0.8619 0.6802 0.5774 -0.7055 0.4110
-0.4655 0.9631 0.4271 0.6349 -0.7120 0.3000
-0.4740 0.9532 0.4215 0.6250 -0.7136 0.3164
-0.7277 0.8619 0.6802 0.5774 -0.7055 0.4110
-0.4740 0.9532 0.4215 0.6250 -0.7136 0.3164
-0.7385 0.8511 0.6769 0.5450 -0.6919 0.4735
-0.1523 1.1291 0.0835 -0.6510 0.7087 -0.2720
-0.1523 1.1291 0.0835 -0.6510 0.7087 -0.2720
-0.4711 0.9631 0.4141 -0.6349 0.7120 -0.2999
-0.1599 1.1196 0.0769 0.3327 -0.9316 -0.1467
-0.1599 1.1196 0.0769 0.3327 -0.9316 -0.1467
-0.4796 0.9532 0.4085 0.3052 -0.9429 -0.1338
-0.4655 0.9631 0.4271 0.6349 -0.7120 0.3000
-0.1458 1.1295 0.0955 0.6510 -0.7087 0.2720
-0.1533 1.1201 0.0890 0.6510 -0.7087 0.2720
-0.4655 0.9631 0.4271 0.6349 -0.7120 0.3000
-0.1533 1.1201 0.0890 0.6510 -0.7087 0.2720
-0.4740 0.9532 0.4215 0.6250 -0.7136 0.3164
-1.2442 0.8636 1.0546 -0.6426 0.7617 0.0830
-1.2433 0.8624 1.0718 -0.6426 0.7617 0.0830
-1.2565 0.8515 1.0704 -0.6426 0.7617 0.0830
-1.2442 0.8636 1.0546 -0.6426 0.7617 0.0830
-1.2565 0.8515 1.0704 -0.6426 0.7617 0.0830
-1.2574 0.8526 1.0532 -0.6426 0.7617 0.0830
-1.1798 0.7085 0.5648 -0.3366 0.7488 -0.5709
-1.1798 0.7085 0.5648 -0.3366 0.7488 -0.5709
-1.4574 0.7142 0.6727 -0.2450 0.7035 -0.6671
-1.1915 0.6982 0.5582 0.0186 -0.9716 -0.2357
-1.1915 0.6982 0.5582 0.0186 -0.9716 -0.2357
-1.4697 0.7039 0.6664 -0.1196 -0.9589 -0.2573
-1.4607 0.7102 0.6892 0.2451 -0.7036 0.6670
-1.1825 0.7045 0.5810 0.3368 -0.7489 0.5708
-1.1941 0.6942 0.5744 0.2890 -0.7267 0.6232
-1.4607 0.7102 0.6892 0.2451 -0.7036 0.6670
-1.1941 0.6942 0.5744 0.2890 -0.7267 0.6232
-1.4729 0.6999 0.6828 0.2451 -0.7036 0.6670
-0.8655 0.7686 0.4242 -0.4757 0.7767 -0.4129
-0.8655 0.7686 0.4242 -0.4757 0.7767 -0.4129
-1.1798 0.7085 0.5648 -0.3366 0.7488 -0.5709
-0.8749 0.7588 0.4166 0.2285 -0.9498 -0.2138
-0.8749 0.7588 0.4166 0.2285 -0.9498 -0.2138
-1.1915 0.6982 0.5582 0.0186 -0.9716 -0.2357
-1.1825 0.7045 0.5810 0.3368 -0.7489 0.5708
-0.8659 0.7651 0.4394 0.4757 -0.7767 0.4129
-0.8754 0.7553 0.4318 0.4289 -0.7732 0.4671
-1.1825 0.7045 0.5810 0.3368 -0.7489 0.5708
-0.8754 0.7553 0.4318 0.4289 -0.7732 0.4671
-1.1941 0.6942 0.5744 0.2890 -0.7267 0.6232
-0.5549 0.9044 0.2641 -0.5584 0.7655 -0.3195
-0.5549 0.9044 0.2641 -0.5584 0.7655 -0.3195
-0.8655 0.7686 0.4242 -0.4757 0.7767 -0.4129
-0.5615 0.8958 0.2551 0.3480 -0.9128 -0.2136
-0.5615 0.8958 0.2551 0.3480 -0.9128 -0.2136
-0.8749 0.7588 0.4166 0.2285 -0.9498 -0.2138
-0.8659 0.7651 0.4394 0.4757 -0.7767 0.4129
-0.5525 0.9021 0.2779 0.5584 -0.7656 0.3196
-0.5592 0.8935 0.2689 0.5449 -0.7697 0.3326
-0.8659 0.7651 0.4394 0.4757 -0.7767 0.4129
-0.5592 0.8935 0.2689 0.5449 -0.7697 0.3326
-0.8754 0.7553 0.4318 0.4289 -0.7732 0.4671
-0.1692 1.1172 0.0532 -0.5807 0.7579 -0.2973
-0.1692 1.1172 0.0532 -0.5807 0.7579 -0.2973
-0.5549 0.9044 0.2641 -0.5584 0.7655 -0.3195
-0.1748 1.1092 0.0436 0.3776 -0.9001 -0.2174
-0.1748 1.1092 0.0436 0.3776 -0.9001 -0.2174
-0.5615 0.8958 0.2551 0.3480 -0.9128 -0.2136
-0.5525 0.9021 0.2779 0.5584 -0.7656 0.3196
-0.1658 1.1155 0.0664 0.5807 -0.7579 0.2973
-0.1713 1.1075 0.0568 0.5807 -0.7579 0.2973
-0.5525 0.9021 0.2779 0.5584 -0.7656 0.3196
-0.1713 1.1075 0.0568 0.5807 -0.7579 0.2973
-0.5592 0.8935 0.2689 0.5449 -0.7697 0.3326
-1.4574 0.7142 0.6727 -0.6594 0.7499 0.0530
-1.4607 0.7102 0.6892 -0.6594 0.7499 0.0530
-1.4729 0.6999 0.6828 -0.6594 0.7499 0.0530
-1.4574 0.7142 0.6727 -0.6594 0.7499 0.0530
-1.4729 0.6999 0.6828 -0.6594 0.7499 0.0530
-1.4697 0.7039 0.6664 -0.6594 0.7499 0.0530
-1.2735 0.6429 0.1940 -0.2044 0.8414 -0.5002
-1.2735 0.6429 0.1940 -0.2044 0.8414 -0.5002
-1.5690 0.6361 0.2311 -0.0913 0.8111 -0.5777
-1.2830 0.6341 0.1832 0.0953 -0.9180 -0.3850
-1.2830 0.6341 0.1832 0.0953 -0.9180 -0.3850
-1.5791 0.6272 0.2203 -0.0338 -0.8989 -0.4369
-1.5761 0.6294 0.2453 0.0914 -0.8112 0.5776
-1.2799 0.6363 0.2082 0.2045 -0.8415 0.5001
-1.2894 0.6275 0.1973 0.1450 -0.8275 0.5425
-1.5761 0.6294 0.2453 0.0914 -0.8112 0.5776
-1.2894 0.6275 0.1973 0.1450 -0.8275 0.5425
-1.5862 0.6206 0.2345 0.0914 -0.8112 0.5776
-0.9359 0.7193 0.1457 -0.3780 0.8451 -0.3781
-0.9359 0.7193 0.1457 -0.3780 0.8451 -0.3781
-1.2735 0.6429 0.1940 -0.2044 0.8414 -0.5002
-0.9430 0.7111 0.1345 0.2931 -0.9045 -0.3097
-0.9430 0.7111 0.1345 0.2931 -0.9045 -0.3097
-1.2830 0.6341 0.1832 0.0953 -0.9180 -0.3850
-1.2799 0.6363 0.2082 0.2045 -0.8415 0.5001
-0.9399 0.7133 0.1595 0.3780 -0.8451 0.3781
-0.9470 0.7051 0.1483 0.3195 -0.8498 0.4192
-1.2799 0.6363 0.2082 0.2045 -0.8415 0.5001
-0.9470 0.7051 0.1483 0.3195 -0.8498 0.4192
-1.2894 0.6275 0.1973 0.1450 -0.8275 0.5425
-0.5987 0.8738 0.0907 -0.4806 0.8200 -0.3107
-0.5987 0.8738 0.0907 -0.4806 0.8200 -0.3107
-0.9359 0.7193 0.1457 -0.3780 0.8451 -0.3781
-0.6028 0.8669 0.0790 0.4083 -0.8706 -0.2744
-0.6028 0.8669 0.0790 0.4083 -0.8706 -0.2744
-0.9430 0.7111 0.1345 0.2931 -0.9045 -0.3097
-0.9399 0.7133 0.1595 0.3780 -0.8451 0.3781
-0.5997 0.8691 0.1041 0.4805 -0.8201 0.3108
-0.6038 0.8622 0.0924 0.4644 -0.8261 0.3193
-0.9399 0.7133 0.1595 0.3780 -0.8451 0.3781
-0.6038 0.8622 0.0924 0.4644 -0.8261 0.3193
-0.9470 0.7051 0.1483 0.3195 -0.8498 0.4192
-0.1780 1.1111 0.0183 -0.5075 0.8092 -0.2962
-0.1780 1.1111 0.0183 -0.5075 0.8092 -0.2962
-0.5987 0.8738 0.0907 -0.4806 0.8200 -0.3107
-0.1809 1.1049 0.0064 0.4377 -0.8580 -0.2687
-0.1809 1.1049 0.0064 0.4377 -0.8580 -0.2687
-0.6028 0.8669 0.0790 0.4083 -0.8706 -0.2744
-0.5997 0.8691 0.1041 0.4805 -0.8201 0.3108
-0.1778 1.1070 0.0314 0.5074 -0.8092 0.2962
-0.1807 1.1009 0.0195 0.5074 -0.8092 0.2962
-0.5997 0.8691 0.1041 0.4805 -0.8201 0.3108
-0.1807 1.1009 0.0195 0.5074 -0.8092 0.2962
-0.6038 0.8622 0.0924 0.4644 -0.8261 0.3193
-1.5690 0.6361 0.2311 -0.6682 0.7438 0.0182
-1.5761 0.6294 0.2453 -0.6682 0.7438 0.0182
-1.5862 0.6206 0.2345 -0.6682 0.7438 0.0182
-1.5690 0.6361 0.2311 -0.6682 0.7438 0.0182
-1.5862 0.6206 0.2345 -0.6682 0.7438 0.0182
-1.5791 0.6272 0.2203 -0.6682 0.7438 0.0182
-1.2735 0.6429 -0.1940 -0.0951 0.9180 -0.3851
-1.2735 0.6429 -0.1940 -0.0951 0.9180 -0.3851
-1.5690 0.6361 -0.2311 0.0340 0.8989 -0.4369
-1.2799 0.6363 -0.2082 0.2045 -0.8415 -0.5001
-1.2799 0.6363 -0.2082 0.2045 -0.8415 -0.5001
-1.5761 0.6294 -0.2453 0.0914 -0.8112 -0.5776
-1.5791 0.6272 -0.2203 -0.0338 -0.8989 0.4369
-1.2830 0.6341 -0.1832 0.0953 -0.9180 0.3850
-1.2894 0.6275 -0.1973 0.0270 -0.9101 0.4135
-1.5791 0.6272 -0.2203 -0.0338 -0.8989 0.4369
-1.2894 0.6275 -0.1973 0.0270 -0.9101 0.4135
-1.5862 0.6206 -0.2345 -0.0338 -0.8989 0.4369
-0.9359 0.7193 -0.1457 -0.2931 0.9045 -0.3097
-0.9359 0.7193 -0.1457 -0.2931 0.9045 -0.3097
-1.2735 0.6429 -0.1940 -0.0951 0.9180 -0.3851
-0.9399 0.7133 -0.1595 0.3780 -0.8451 -0.3781
-0.9399 0.7133 -0.1595 0.3780 -0.8451 -0.3781
-1.2799 0.6363 -0.2082 0.2045 -0.8415 -0.5001
-1.2830 0.6341 -0.1832 0.0953 -0.9180 0.3850
-0.9430 0.7111 -0.1345 0.2931 -0.9045 0.3097
-0.9470 0.7051 -0.1483 0.2265 -0.9150 0.3340
-1.2830 0.6341 -0.1832 0.0953 -0.9180 0.3850
-0.9470 0.7051 -0.1483 0.2265 -0.9150 0.3340
-1.2894 0.6275 -0.1973 0.0270 -0.9101 0.4135
-0.5987 0.8738 -0.0907 -0.4084 0.8706 -0.2743
-0.5987 0.8738 -0.0907 -0.4084 0.8706 -0.2743
-0.9359 0.7193 -0.1457 -0.2931 0.9045 -0.3097
-0.5997 0.8691 -0.1041 0.4805 -0.8201 -0.3108
-0.5997 0.8691 -0.1041 0.4805 -0.8201 -0.3108
-0.9399 0.7133 -0.1595 0.3780 -0.8451 -0.3781
-0.9430 0.7111 -0.1345 0.2931 -0.9045 0.3097
-0.6028 0.8669 -0.0790 0.4083 -0.8706 0.2744
-0.6038 0.8622 -0.0924 0.3907 -0.8777 0.2775
-0.9430 0.7111 -0.1345 0.2931 -0.9045 0.3097
-0.6038 0.8622 -0.0924 0.3907 -0.8777 0.2775
-0.9470 0.7051 -0.1483 0.2265 -0.9150 0.3340
-0.1780 1.1111 -0.0183 -0.4377 0.8580 -0.2687
-0.1780 1.1111 -0.0183 -0.4377 0.8580 -0.2687
-0.5987 0.8738 -0.0907 -0.4084 0.8706 -0.2743
-0.1778 1.1070 -0.0314 0.5074 -0.8092 -0.2962
-0.1778 1.1070 -0.0314 0.5074 -0.8092 -0.2962
-0.5997 0.8691 -0.1041 0.4805 -0.8201 -0.3108
-0.6028 0.8669 -0.0790 0.4083 -0.8706 0.2744
-0.1809 1.1049 -0.0064 0.4377 -0.8580 0.2687
-0.1807 1.1009 -0.0195 0.4377 -0.8580 0.2687
-0.6028 0.8669 -0.0790 0.4083 -0.8706 0.2744
-0.1807 1.1009 -0.0195 0.4377 -0.8580 0.2687
-0.6038 0.8622 -0.0924 0.3907 -0.8777 0.2775
-1.5690 0.6361 -0.2311 -0.6682 0.7438 -0.0182
-1.5791 0.6272 -0.2203 -0.6682 0.7438 -0.0182
-1.5862 0.6206 -0.2345 -0.6682 0.7438 -0.0182
-1.5690 0.6361 -0.2311 -0.6682 0.7438 -0.0182
-1.5862 0.6206 -0.2345 -0.6682 0.7438 -0.0182
-1.5761 0.6294 -0.2453 -0.6682 0.7438 -0.0182
-1.1798 0.7085 -0.5648 -0.0184 0.9716 -0.2357
-1.1798 0.7085 -0.5648 -0.0184 0.9716 -0.2357
-1.4574 0.7142 -0.6727 0.1197 0.9589 -0.2573
-1.1825 0.7045 -0.5810 0.3368 -0.7489 -0.5708
-1.1825 0.7045 -0.5810 0.3368 -0.7489 -0.5708
-1.4607 0.7102 -0.6892 0.2451 -0.7036 -0.6670
-1.4697 0.7039 -0.6664 -0.1196 -0.9589 0.2573
-1.1915 0.6982 -0.5582 0.0186 -0.9716 0.2357
-1.1941 0.6942 -0.5744 -0.0546 -0.9673 0.2478
-1.4697 0.7039 -0.6664 -0.1196 -0.9589 0.2573
-1.1941 0.6942 -0.5744 -0.0546 -0.9673 0.2478
-1.4729 0.6999 -0.6828 -0.1196 -0.9589 0.2573
-0.8655 0.7686 -0.4242 -0.2285 0.9498 -0.2138
-0.8655 0.7686 -0.4242 -0.2285 0.9498 -0.2138
-1.1798 0.7085 -0.5648 -0.0184 0.9716 -0.2357
-0.8659 0.7651 -0.4394 0.4757 -0.7767 -0.4129
-0.8659 0.7651 -0.4394 0.4757 -0.7767 -0.4129
-1.1825 0.7045 -0.5810 0.3368 -0.7489 -0.5708
-1.1915 0.6982 -0.5582 0.0186 -0.9716 0.2357
-0.8749 0.7588 -0.4166 0.2285 -0.9498 0.2138
-0.8754 0.7553 -0.4318 0.1582 -0.9628 0.2192
-1.1915 0.6982 -0.5582 0.0186 -0.9716 0.2357
-0.8754 0.7553 -0.4318 0.1582 -0.9628 0.2192
-1.1941 0.6942 -0.5744 -0.0546 -0.9673 0.2478
-0.5549 0.9044 -0.2641 -0.3481 0.9128 -0.2136
-0.5549 0.9044 -0.2641 -0.3481 0.9128 -0.2136
-0.8655 0.7686 -0.4242 -0.2285 0.9498 -0.2138
-0.5525 0.9021 -0.2779 0.5584 -0.7656 -0.3196
-0.5525 0.9021 -0.2779 0.5584 -0.7656 -0.3196
-0.8659 0.7651 -0.4394 0.4757 -0.7767 -0.4129
-0.8749 0.7588 -0.4166 0.2285 -0.9498 0.2138
-0.5615 0.8958 -0.2551 0.3480 -0.9128 0.2136
-0.5592 0.8935 -0.2689 0.3304 -0.9199 0.2112
-0.8749 0.7588 -0.4166 0.2285 -0.9498 0.2138
-0.5592 0.8935 -0.2689 0.3304 -0.9199 0.2112
-0.8754 0.7553 -0.4318 0.1582 -0.9628 0.2192
-0.1692 1.1172 -0.0532 -0.3777 0.9000 -0.2174
-0.1692 1.1172 -0.0532 -0.3777 0.9000 -0.2174
-0.5549 0.9044 -0.2641 -0.3481 0.9128 -0.2136
-0.1658 1.1155 -0.0664 0.5807 -0.7579 -0.2973
-0.1658 1.1155 -0.0664 0.5807 -0.7579 -0.2973
-0.5525 0.9021 -0.2779 0.5584 -0.7656 -0.3196
-0.5615 0.8958 -0.2551 0.3480 -0.9128 0.2136
-0.1748 1.1092 -0.0436 0.3776 -0.9001 0.2174
-0.1713 1.1075 -0.0568 0.3776 -0.9001 0.2174
-0.5615 0.8958 -0.2551 0.3480 -0.9128 0.2136
-0.1713 1.1075 -0.0568 0.3776 -0.9001 0.2174
-0.5592 0.8935 -0.2689 0.3304 -0.9199 0.2112
-1.4574 0.7142 -0.6727 -0.6594 0.7500 -0.0530
-1.4697 0.7039 -0.6664 -0.6594 0.7500 -0.0530
-1.4729 0.6999 -0.6828 -0.6594 0.7500 -0.0530
-1.4574 0.7142 -0.6727 -0.6594 0.7500 -0.0530
-1.4729 0.6999 -0.6828 -0.6594 0.7500 -0.0530
-1.4607 0.7102 -0.6892 -0.6594 0.7500 -0.0530
-1.0008 0.8339 -0.8854 0.0188 0.9977 -0.0654
-1.0008 0.8339 -0.8854 0.0188 0.9977 -0.0654
-1.2442 0.8636 -1.0546 0.1582 0.9859 -0.0549
-0.9994 0.8328 -0.9022 0.4802 -0.6485 -0.5907
-0.9994 0.8328 -0.9022 0.4802 -0.6485 -0.5907
-1.2433 0.8624 -1.0718 0.4135 -0.5856 -0.6972
-1.2574 0.8526 -1.0532 -0.1581 -0.9859 0.0549
-1.0135 0.8229 -0.8837 -0.0186 -0.9977 0.0655
-1.0120 0.8217 -0.9004 -0.0926 -0.9939 0.0600
-1.2574 0.8526 -1.0532 -0.1581 -0.9859 0.0549
-1.0120 0.8217 -0.9004 -0.0926 -0.9939 0.0600
-1.2565 0.8515 -1.0704 -0.1581 -0.9859 0.0549
-0.7310 0.8627 -0.6650 -0.1899 0.9768 -0.0989
-0.7310 0.8627 -0.6650 -0.1899 0.9768 -0.0989
-1.0008 0.8339 -0.8854 0.0188 0.9977 -0.0654
-0.7277 0.8619 -0.6802 0.5774 -0.7055 -0.4110
-0.7277 0.8619 -0.6802 0.5774 -0.7055 -0.4110
-0.9994 0.8328 -0.9022 0.4802 -0.6485 -0.5907
-1.0135 0.8229 -0.8837 -0.0186 -0.9977 0.0655
-0.7418 0.8520 -0.6617 0.1899 -0.9768 0.0989
-0.7385 0.8511 -0.6769 0.1207 -0.9891 0.0849
-1.0135 0.8229 -0.8837 -0.0186 -0.9977 0.0655
-0.7385 0.8511 -0.6769 0.1207 -0.9891 0.0849
-1.0120 0.8217 -0.9004 -0.0926 -0.9939 0.0600
-0.4711 0.9631 -0.4141 -0.3053 0.9428 -0.1338
-0.4711 0.9631 -0.4141 -0.3053 0.9428 -0.1338
-0.7310 0.8627 -0.6650 -0.1899 0.9768 -0.0989
-0.4655 0.9631 -0.4271 0.6349 -0.7120 -0.3000
-0.4655 0.9631 -0.4271 0.6349 -0.7120 -0.3000
-0.7277 0.8619 -0.6802 0.5774 -0.7055 -0.4110
-0.7418 0.8520 -0.6617 0.1899 -0.9768 0.0989
-0.4796 0.9532 -0.4085 0.3052 -0.9429 0.1338
-0.4740 0.9532 -0.4215 0.2888 -0.9491 0.1260
-0.7418 0.8520 -0.6617 0.1899 -0.9768 0.0989
-0.4740 0.9532 -0.4215 0.2888 -0.9491 0.1260
-0.7385 0.8511 -0.6769 0.1207 -0.9891 0.0849
-0.1523 1.1291 -0.0835 -0.3327 0.9315 -0.1468
-0.1523 1.1291 -0.0835 -0.3327 0.9315 -0.1468
-0.4711 0.9631 -0.4141 -0.3053 0.9428 -0.1338
-0.1458 1.1295 -0.0955 0.6510 -0.7087 -0.2720
-0.1458 1.1295 -0.0955 0.6510 -0.7087 -0.2720
-0.4655 0.9631 -0.4271 0.6349 -0.7120 -0.3000
-0.4796 0.9532 -0.4085 0.3052 -0.9429 0.1338
-0.1599 1.1196 -0.0769 0.3327 -0.9316 0.1467
-0.1533 1.1201 -0.0890 0.3327 -0.9316 0.1467
-0.4796 0.9532 -0.4085 0.3052 -0.9429 0.1338
-0.1533 1.1201 -0.0890 0.3327 -0.9316 0.1467
-0.4740 0.9532 -0.4215 0.2888 -0.9491 0.1260
-1.2442 0.8636 -1.0546 -0.6426 0.7617 -0.0830
-1.2574 0.8526 -1.0532 -0.6426 0.7617 -0.0830
-1.2565 0.8515 -1.0704 -0.6426 0.7617 -0.0830
-1.2442 0.8636 -1.0546 -0.6426 0.7617 -0.0830
-1.2565 0.8515 -1.0704 -0.6426 0.7617 -0.0830
-1.2433 0.8624 -1.0718 -0.6426 0.7617 -0.0830
-0.7523 1.0079 -1.1274 0.0132 0.9938 0.1107
-0.7523 1.0079 -1.1274 0.0132 0.9938 0.1107
-0.9482 1.0708 -1.3428 0.1462 0.9774 0.1524
-0.7468 1.0096 -1.1432 0.6220 -0.5491 -0.5582
-0.7468 1.0096 -1.1432 0.6220 -0.5491 -0.5582
-0.9431 1.0726 -1.3591 0.5817 -0.4679 -0.6654
-0.9611 1.0600 -1.3465 -0.1461 -0.9775 -0.1524
-0.7648 0.9970 -1.1306 -0.0130 -0.9938 -0.1106
-0.7593 0.9987 -1.1465 -0.0836 -0.9876 -0.1330
-0.9611 1.0600 -1.3465 -0.1461 -0.9775 -0.1524
-0.7593 0.9987 -1.1465 -0.0836 -0.9876 -0.1330
-0.9560 1.0618 -1.3629 -0.1461 -0.9775 -0.1524
-0.5444 0.9934 -0.8467 -0.1807 0.9832 0.0248
-0.5444 0.9934 -0.8467 -0.1807 0.9832 0.0248
-0.7523 1.0079 -1.1274 0.0132 0.9938 0.1107
-0.5375 0.9951 -0.8606 0.6742 -0.6377 -0.3726
-0.5375 0.9951 -0.8606 0.6742 -0.6377 -0.3726
-0.7468 1.0096 -1.1432 0.6220 -0.5491 -0.5582
-0.7648 0.9970 -1.1306 -0.0130 -0.9938 -0.1106
-0.5554 0.9825 -0.8480 0.1807 -0.9832 -0.0248
-0.5485 0.9842 -0.8618 0.1172 -0.9915 -0.0570
-0.7648 0.9970 -1.1306 -0.0130 -0.9938 -0.1106
-0.5485 0.9842 -0.8618 0.1172 -0.9915 -0.0570
-0.7593 0.9987 -1.1465 -0.0836 -0.9876 -0.1330
-0.3549 1.0445 -0.5272 -0.2835 0.9580 -0.0422
-0.3549 1.0445 -0.5272 -0.2835 0.9580 -0.0422
-0.5444 0.9934 -0.8467 -0.1807 0.9832 0.0248
-0.3463 1.0465 -0.5383 0.7032 -0.6641 -0.2538
-0.3463 1.0465 -0.5383 0.7032 -0.6641 -0.2538
-0.5375 0.9951 -0.8606 0.6742 -0.6377 -0.3726
-0.5554 0.9825 -0.8480 0.1807 -0.9832 -0.0248
-0.3643 1.0340 -0.5256 0.2835 -0.9581 0.0421
-0.3557 1.0360 -0.5367 0.2695 -0.9625 0.0297
-0.5554 0.9825 -0.8480 0.1807 -0.9832 -0.0248
-0.3557 1.0360 -0.5367 0.2695 -0.9625 0.0297
-0.5485 0.9842 -0.8618 0.1172 -0.9915 -0.0570
-0.1289 1.1455 -0.1063 -0.3068 0.9497 -0.0631
-0.1289 1.1455 -0.1063 -0.3068 0.9497 -0.0631
-0.3549 1.0445 -0.5272 -0.2835 0.9580 -0.0422
-0.1197 1.1478 -0.1161 0.7121 -0.6659 -0.2226
-0.1197 1.1478 -0.1161 0.7121 -0.6659 -0.2226
-0.3463 1.0465 -0.5383 0.7032 -0.6641 -0.2538
-0.3643 1.0340 -0.5256 0.2835 -0.9581 0.0421
-0.1376 1.1352 -0.1035 0.3068 -0.9497 0.0631
-0.1283 1.1375 -0.1133 0.3068 -0.9497 0.0631
-0.3643 1.0340 -0.5256 0.2835 -0.9581 0.0421
-0.1283 1.1375 -0.1133 0.3068 -0.9497 0.0631
-0.3557 1.0360 -0.5367 0.2695 -0.9625 0.0297
-0.9482 1.0708 -1.3428 -0.6193 0.7780 -0.1057
-0.9611 1.0600 -1.3465 -0.6193 0.7780 -0.1057
-0.9560 1.0618 -1.3629 -0.6193 0.7780 -0.1057
-0.9482 1.0708 -1.3428 -0.6193 0.7780 -0.1057
-0.9560 1.0618 -1.3629 -0.6193 0.7780 -0.1057
-0.9431 1.0726 -1.3591 -0.6193 0.7780 -0.1057
-0.4564 1.2151 -1.2691 -0.0347 0.9603 0.2770
-0.4564 1.2151 -1.2691 -0.0347 0.9603 0.2770
-0.5957 1.3176 -1.5116 0.0846 0.9343 0.3462
-0.4473 1.2193 -1.2827 0.7497 -0.4597 -0.4760
-0.4473 1.2193 -1.2827 0.7497 -0.4597 -0.4760
-0.5869 1.3220 -1.5257 0.7348 -0.3607 -0.5744
-0.6071 1.3079 -1.5201 -0.0845 -0.9344 -0.3461
-0.4675 1.2052 -1.2771 0.0348 -0.9603 -0.2768
-0.4584 1.2094 -1.2906 -0.0284 -0.9489 -0.3143
-0.6071 1.3079 -1.5201 -0.0845 -0.9344 -0.3461
-0.4584 1.2094 -1.2906 -0.0284 -0.9489 -0.3143
-0.5983 1.3123 -1.5343 -0.0845 -0.9344 -0.3461
-0.3221 1.1490 -0.9532 -0.2019 0.9684 0.1463
-0.3221 1.1490 -0.9532 -0.2019 0.9684 0.1463
-0.4564 1.2151 -1.2691 -0.0347 0.9603 0.2770
-0.3121 1.1529 -0.9645 0.7573 -0.5795 -0.3011
-0.3121 1.1529 -0.9645 0.7573 -0.5795 -0.3011
-0.4473 1.2193 -1.2827 0.7497 -0.4597 -0.4760
-0.4675 1.2052 -1.2771 0.0348 -0.9603 -0.2768
-0.3323 1.1387 -0.9589 0.2019 -0.9684 -0.1463
-0.3223 1.1425 -0.9702 0.1482 -0.9698 -0.1938
-0.4675 1.2052 -1.2771 0.0348 -0.9603 -0.2768
-0.3223 1.1425 -0.9702 0.1482 -0.9698 -0.1938
-0.4584 1.2094 -1.2906 -0.0284 -0.9489 -0.3143
-0.2165 1.1414 -0.5935 -0.2849 0.9571 0.0532
-0.2165 1.1414 -0.5935 -0.2849 0.9571 0.0532
-0.3221 1.1490 -0.9532 -0.2019 0.9684 0.1463
-0.2056 1.1451 -0.6017 0.7574 -0.6262 -0.1850
-0.2056 1.1451 -0.6017 0.7574 -0.6262 -0.1850
-0.3121 1.1529 -0.9645 0.7573 -0.5795 -0.3011
-0.3323 1.1387 -0.9589 0.2019 -0.9684 -0.1463
-0.2258 1.1309 -0.5961 0.2848 -0.9571 -0.0533
-0.2148 1.1346 -0.6042 0.2744 -0.9591 -0.0693
-0.3323 1.1387 -0.9589 0.2019 -0.9684 -0.1463
-0.2148 1.1346 -0.6042 0.2744 -0.9591 -0.0693
-0.3223 1.1425 -0.9702 0.1482 -0.9698 -0.1938
-0.1010 1.1650 -0.1196 -0.3023 0.9529 0.0262
-0.1010 1.1650 -0.1196 -0.3023 0.9529 0.0262
-0.2165 1.1414 -0.5935 -0.2849 0.9571 0.0532
-0.0897 1.1687 -0.1264 0.7585 -0.6334 -0.1534
-0.0897 1.1687 -0.1264 0.7585 -0.6334 -0.1534
-0.2056 1.1451 -0.6017 0.7574 -0.6262 -0.1850
-0.2258 1.1309 -0.5961 0.2848 -0.9571 -0.0533
-0.1099 1.1546 -0.1208 0.3022 -0.9529 -0.0262
-0.0986 1.1584 -0.1275 0.3022 -0.9529 -0.0262
-0.2258 1.1309 -0.5961 0.2848 -0.9571 -0.0533
-0.0986 1.1584 -0.1275 0.3022 -0.9529 -0.0262
-0.2148 1.1346 -0.6042 0.2744 -0.9591 -0.0693
-0.5957 1.3176 -1.5116 -0.5915 0.7974 -0.1190
-0.6071 1.3079 -1.5201 -0.5915 0.7974 -0.1190
-0.5983 1.3123 -1.5343 -0.5915 0.7974 -0.1190
-0.5957 1.3176 -1.5116 -0.5915 0.7974 -0.1190
-0.5983 1.3123 -1.5343 -0.5915 0.7974 -0.1190
-0.5869 1.3220 -1.5257 -0.5915 0.7974 -0.1190
-0.1394 1.4370 -1.2981 -0.1205 0.9001 0.4186
-0.1394 1.4370 -1.2981 -0.1205 0.9001 0.4186
-0.2182 1.5819 -1.5462 -0.0210 0.8604 0.5092
-0.1274 1.4433 -1.3082 0.8519 -0.3882 -0.3516
-0.1274 1.4433 -1.3082 0.8519 -0.3882 -0.3516
-0.2063 1.5885 -1.5568 0.8591 -0.2736 -0.4325
-0.2270 1.5740 -1.5587 0.0211 -0.8604 -0.5091
-0.1481 1.4288 -1.3101 0.1207 -0.9002 -0.4185
-0.1361 1.4351 -1.3201 0.0681 -0.8813 -0.4676
-0.2270 1.5740 -1.5587 0.0211 -0.8604 -0.5091
-0.1361 1.4351 -1.3201 0.0681 -0.8813 -0.4676
-0.2151 1.5806 -1.5693 0.0211 -0.8604 -0.5091
-0.0841 1.3157 -0.9750 -0.2514 0.9338 0.2548
-0.0841 1.3157 -0.9750 -0.2514 0.9338 0.2548
-0.1394 1.4370 -1.2981 -0.1205 0.9001 0.4186
-0.0717 1.3212 -0.9827 0.8195 -0.5359 -0.2028
-0.0717 1.3212 -0.9827 0.8195 -0.5359 -0.2028
-0.1274 1.4433 -1.3082 0.8519 -0.3882 -0.3516
-0.1481 1.4288 -1.3101 0.1207 -0.9002 -0.4185
-0.0924 1.3067 -0.9846 0.2514 -0.9337 -0.2548
-0.0800 1.3122 -0.9924 0.2108 -0.9259 -0.3134
-0.1481 1.4288 -1.3101 0.1207 -0.9002 -0.4185
-0.0800 1.3122 -0.9924 0.2108 -0.9259 -0.3134
-0.1361 1.4351 -1.3201 0.0681 -0.8813 -0.4676
-0.0683 1.2452 -0.6071 -0.3092 0.9400 0.1439
-0.0683 1.2452 -0.6071 -0.3092 0.9400 0.1439
-0.0841 1.3157 -0.9750 -0.2514 0.9338 0.2548
-0.0558 1.2500 -0.6116 0.7926 -0.6016 -0.0997
-0.0558 1.2500 -0.6116 0.7926 -0.6016 -0.0997
-0.0717 1.3212 -0.9827 0.8195 -0.5359 -0.2028
-0.0924 1.3067 -0.9846 0.2514 -0.9337 -0.2548
-0.0764 1.2355 -0.6135 0.3092 -0.9400 -0.1440
-0.0639 1.2403 -0.6180 0.3030 -0.9391 -0.1621
-0.0924 1.3067 -0.9846 0.2514 -0.9337 -0.2548
-0.0639 1.2403 -0.6180 0.3030 -0.9391 -0.1621
-0.0800 1.3122 -0.9924 0.2108 -0.9259 -0.3134
-0.0712 1.1859 -0.1224 -0.3195 0.9408 0.1131
-0.0712 1.1859 -0.1224 -0.3195 0.9408 0.1131
-0.0683 1.2452 -0.6071 -0.3092 0.9400 0.1439
-0.0586 1.1905 -0.1255 0.7861 -0.6141 -0.0705
-0.0586 1.1905 -0.1255 0.7861 -0.6141 -0.0705
-0.0558 1.2500 -0.6116 0.7926 -0.6016 -0.0997
-0.0764 1.2355 -0.6135 0.3092 -0.9400 -0.1440
-0.0793 1.1761 -0.1274 0.3194 -0.9408 -0.1132
-0.0667 1.1807 -0.1305 0.3194 -0.9408 -0.1132
-0.0764 1.2355 -0.6135 0.3092 -0.9400 -0.1440
-0.0667 1.1807 -0.1305 0.3194 -0.9408 -0.1132
-0.0639 1.2403 -0.6180 0.3030 -0.9391 -0.1621
-0.2182 1.5819 -1.5462 -0.5618 0.8183 -0.1217
-0.2270 1.5740 -1.5587 -0.5618 0.8183 -0.1217
-0.2151 1.5806 -1.5693 -0.5618 0.8183 -0.1217
-0.2182 1.5819 -1.5462 -0.5618 0.8183 -0.1217
-0.2151 1.5806 -1.5693 -0.5618 0.8183 -0.1217
-0.2063 1.5885 -1.5568 -0.5618 0.8183 -0.1217
0.1705 1.6540 -1.2118 -0.2368 0.8187 0.5231
0.1705 1.6540 -1.2118 -0.2368 0.8187 0.5231
0.1509 1.8404 -1.4433 -0.1613 0.7622 0.6270
0.1844 1.6616 -1.2174 0.9195 -0.3409 -0.1959
0.1844 1.6616 -1.2174 0.9195 -0.3409 -0.1959
0.1648 1.8484 -1.4495 0.9436 -0.2144 -0.2521
0.1456 1.8349 -1.4587 0.1613 -0.7622 -0.6269
0.1651 1.6481 -1.2267 0.2369 -0.8188 -0.5229
0.1791 1.6558 -1.2323 0.1974 -0.7908 -0.5794
0.1456 1.8349 -1.4587 0.1613 -0.7622 -0.6269
0.1791 1.6558 -1.2323 0.1974 -0.7908 -0.5794
0.1595 1.8429 -1.4649 0.1613 -0.7622 -0.6269
0.1487 1.4787 -0.9101 -0.3249 0.8823 0.3406
0.1487 1.4787 -0.9101 -0.3249 0.8823 0.3406
0.1705 1.6540 -1.2118 -0.2368 0.8187 0.5231
0.1624 1.4852 -0.9136 0.8553 -0.5109 -0.0865
0.1624 1.4852 -0.9136 0.8553 -0.5109 -0.0865
0.1844 1.6616 -1.2174 0.9195 -0.3409 -0.1959
0.1651 1.6481 -1.2267 0.2369 -0.8188 -0.5229
0.1431 1.4717 -0.9229 0.3249 -0.8823 -0.3406
0.1569 1.4781 -0.9264 0.2995 -0.8638 -0.4051
0.1651 1.6481 -1.2267 0.2369 -0.8188 -0.5229
0.1569 1.4781 -0.9264 0.2995 -0.8638 -0.4051
0.1791 1.6558 -1.2323 0.1974 -0.7908 -0.5794
0.0766 1.3466 -0.5667 -0.3544 0.9084 0.2218
0.0766 1.3466 -0.5667 -0.3544 0.9084 0.2218
0.1487 1.4787 -0.9101 -0.3249 0.8823 0.3406
0.0898 1.3519 -0.5672 0.8056 -0.5925 -0.0057
0.0898 1.3519 -0.5672 0.8056 -0.5925 -0.0057
0.1624 1.4852 -0.9136 0.8553 -0.5109 -0.0865
0.1431 1.4717 -0.9229 0.3249 -0.8823 -0.3406
0.0705 1.3384 -0.5764 0.3544 -0.9084 -0.2218
0.0836 1.3436 -0.5769 0.3527 -0.9043 -0.2405
0.1431 1.4717 -0.9229 0.3249 -0.8823 -0.3406
0.0836 1.3436 -0.5769 0.3527 -0.9043 -0.2405
0.1569 1.4781 -0.9264 0.2995 -0.8638 -0.4051
-0.0419 1.2064 -0.1142 -0.3569 0.9146 0.1900
-0.0419 1.2064 -0.1142 -0.3569 0.9146 0.1900
0.0766 1.3466 -0.5667 -0.3544 0.9084 0.2218
-0.0291 1.2112 -0.1134 0.7925 -0.6096 0.0186
-0.0291 1.2112 -0.1134 0.7925 -0.6096 0.0186
0.0898 1.3519 -0.5672 0.8056 -0.5925 -0.0057
0.0705 1.3384 -0.5764 0.3544 -0.9084 -0.2218
-0.0484 1.1977 -0.1226 0.3569 -0.9146 -0.1901
-0.0356 1.2025 -0.1218 0.3569 -0.9146 -0.1901
0.0705 1.3384 -0.5764 0.3544 -0.9084 -0.2218
-0.0356 1.2025 -0.1218 0.3569 -0.9146 -0.1901
0.0836 1.3436 -0.5769 0.3527 -0.9043 -0.2405
0.1509 1.8404 -1.4433 -0.5328 0.8386 -0.1136
0.1456 1.8349 -1.4587 -0.5328 0.8386 -0.1136
0.1595 1.8429 -1.4649 -0.5328 0.8386 -0.1136
0.1509 1.8404 -1.4433 -0.5328 0.8386 -0.1136
0.1595 1.8429 -1.4649 -0.5328 0.8386 -0.1136
0.1648 1.8484 -1.4495 -0.5328 0.8386 -0.1136
0.4457 1.8468 -1.0178 -0.3732 0.7232 0.5811
0.4457 1.8468 -1.0178 -0.3732 0.7232 0.5811
0.4788 2.0700 -1.2122 -0.3238 0.6484 0.6890
0.4605 1.8549 -1.0185 0.9465 -0.3219 -0.0228
0.4605 1.8549 -1.0185 0.9465 -0.3219 -0.0228
0.4936 2.0786 -1.2134 0.9809 -0.1884 -0.0493
0.4774 2.0673 -1.2292 0.3238 -0.6485 -0.6890
0.4443 1.8436 -1.0343 0.3732 -0.7234 -0.5809
0.4590 1.8518 -1.0350 0.3479 -0.6854 -0.6397
0.4774 2.0673 -1.2292 0.3238 -0.6485 -0.6890
0.4590 1.8518 -1.0350 0.3479 -0.6854 -0.6397
0.4923 2.0759 -1.2304 0.3238 -0.6485 -0.6890
0.3554 1.6235 -0.7644 -0.4159 0.8186 0.3962
0.3554 1.6235 -0.7644 -0.4159 0.8186 0.3962
0.4457 1.8468 -1.0178 -0.3732 0.7232 0.5811
0.3695 1.6301 -0.7633 0.8613 -0.5067 0.0374
0.3695 1.6301 -0.7633 0.8613 -0.5067 0.0374
0.4605 1.8549 -1.0185 0.9465 -0.3219 -0.0228
0.4443 1.8436 -1.0343 0.3732 -0.7234 -0.5809
0.3533 1.6188 -0.7791 0.4159 -0.8186 -0.3962
0.3673 1.6255 -0.7781 0.4064 -0.7890 -0.4608
0.4443 1.8436 -1.0343 0.3732 -0.7234 -0.5809
0.3673 1.6255 -0.7781 0.4064 -0.7890 -0.4608
0.4590 1.8518 -1.0350 0.3479 -0.6854 -0.6397
0.2054 1.4368 -0.4760 -0.4163 0.8651 0.2799
0.2054 1.4368 -0.4760 -0.4163 0.8651 0.2799
0.3554 1.6235 -0.7644 -0.4159 0.8186 0.3962
0.2181 1.4417 -0.4724 0.7953 -0.5997 0.0889
0.2181 1.4417 -0.4724 0.7953 -0.5997 0.0889
0.3695 1.6301 -0.7633 0.8613 -0.5067 0.0374
0.3533 1.6188 -0.7791 0.4159 -0.8186 -0.3962
0.2019 1.4304 -0.4881 0.4163 -0.8650 -0.2800
0.2147 1.4354 -0.4845 0.4191 -0.8578 -0.2975
0.3533 1.6188 -0.7791 0.4159 -0.8186 -0.3962
0.2147 1.4354 -0.4845 0.4191 -0.8578 -0.2975
0.3673 1.6255 -0.7781 0.4064 -0.7890 -0.4608
-0.0160 1.2245 -0.0959 -0.4112 0.8766 0.2500
-0.0160 1.2245 -0.0959 -0.4112 0.8766 0.2500
0.2054 1.4368 -0.4760 -0.4163 0.8651 0.2799
-0.0039 1.2289 -0.0912 0.7771 -0.6204 0.1061
-0.0039 1.2289 -0.0912 0.7771 -0.6204 0.1061
0.2181 1.4417 -0.4724 0.7953 -0.5997 0.0889
0.2019 1.4304 -0.4881 0.4163 -0.8650 -0.2800
-0.0201 1.2175 -0.1070 0.4112 -0.8765 -0.2501
-0.0079 1.2218 -0.1023 0.4112 -0.8765 -0.2501
0.2019 1.4304 -0.4881 0.4163 -0.8650 -0.2800
-0.0079 1.2218 -0.1023 0.4112 -0.8765 -0.2501
0.2147 1.4354 -0.4845 0.4191 -0.8578 -0.2975
0.4788 2.0700 -1.2122 -0.5069 0.8567 -0.0954
0.4774 2.0673 -1.2292 -0.5069 0.8567 -0.0954
0.4923 2.0759 -1.2304 -0.5069 0.8567 -0.0954
0.4788 2.0700 -1.2122 -0.5069 0.8567 -0.0954
0.4923 2.0759 -1.2304 -0.5069 0.8567 -0.0954
0.4936 2.0786 -1.2134 -0.5069 0.8567 -0.0954
0.6619 1.9982 -0.7333 -0.5174 0.6222 0.5875
0.6619 1.9982 -0.7333 -0.5174 0.6222 0.5875
0.7363 2.2503 -0.8734 -0.4940 0.5292 0.6899
0.6762 2.0060 -0.7291 0.9305 -0.3331 0.1523
0.6762 2.0060 -0.7291 0.9305 -0.3331 0.1523
0.7508 2.2587 -0.8695 0.9675 -0.1978 0.1579
0.7391 2.2505 -0.8904 0.4940 -0.5293 -0.6898
0.6646 1.9979 -0.7500 0.5174 -0.6224 -0.5873
0.6789 2.0057 -0.7457 0.5063 -0.5745 -0.6431
0.7391 2.2505 -0.8904 0.4940 -0.5293 -0.6898
0.6789 2.0057 -0.7457 0.5063 -0.5745 -0.6431
0.7536 2.2589 -0.8865 0.4940 -0.5293 -0.6898
0.5178 1.7372 -0.5508 -0.5162 0.7483 0.4166
0.5178 1.7372 -0.5508 -0.5162 0.7483 0.4166
0.6619 1.9982 -0.7333 -0.5174 0.6222 0.5875
0.5311 1.7433 -0.5452 0.8372 -0.5236 0.1581
0.5311 1.7433 -0.5452 0.8372 -0.5236 0.1581
0.6762 2.0060 -0.7291 0.9305 -0.3331 0.1523
0.6646 1.9979 -0.7500 0.5174 -0.6224 -0.5873
0.5194 1.7351 -0.5661 0.5162 -0.7483 -0.4166
0.5326 1.7412 -0.5606 0.5220 -0.7080 -0.4756
0.6646 1.9979 -0.7500 0.5174 -0.6224 -0.5873
0.5326 1.7412 -0.5606 0.5220 -0.7080 -0.4756
0.6789 2.0057 -0.7457 0.5063 -0.5745 -0.6431
0.3065 1.5076 -0.3429 -0.4895 0.8138 0.3132
0.3065 1.5076 -0.3429 -0.4895 0.8138 0.3132
0.5178 1.7372 -0.5508 -0.5162 0.7483 0.4166
0.3179 1.5116 -0.3356 0.7626 -0.6225 0.1756
0.3179 1.5116 -0.3356 0.7626 -0.6225 0.1756
0.5311 1.7433 -0.5452 0.8372 -0.5236 0.1581
0.5194 1.7351 -0.5661 0.5162 -0.7483 -0.4166
0.3062 1.5034 -0.3565 0.4896 -0.8137 -0.3133
0.3176 1.5074 -0.3491 0.4964 -0.8037 -0.3282
0.5194 1.7351 -0.5661 0.5162 -0.7483 -0.4166
0.3176 1.5074 -0.3491 0.4964 -0.8037 -0.3282
0.5326 1.7412 -0.5606 0.5220 -0.7080 -0.4756
0.0044 1.2388 -0.0691 -0.4776 0.8301 0.2878
0.0044 1.2388 -0.0691 -0.4776 0.8301 0.2878
0.3065 1.5076 -0.3429 -0.4895 0.8138 0.3132
0.0149 1.2420 -0.0610 0.7413 -0.6454 0.1841
0.0149 1.2420 -0.0610 0.7413 -0.6454 0.1841
0.3179 1.5116 -0.3356 0.7626 -0.6225 0.1756
0.3062 1.5034 -0.3565 0.4896 -0.8137 -0.3133
0.0032 1.2338 -0.0819 0.4777 -0.8300 -0.2879
0.0138 1.2371 -0.0737 0.4777 -0.8300 -0.2879
0.3062 1.5034 -0.3565 0.4896 -0.8137 -0.3133
0.0138 1.2371 -0.0737 0.4777 -0.8300 -0.2879
0.3176 1.5074 -0.3491 0.4964 -0.8037 -0.3282
0.7363 2.2503 -0.8734 -0.4867 0.8709 -0.0688
0.7391 2.2505 -0.8904 -0.4867 0.8709 -0.0688
0.7536 2.2589 -0.8865 -0.4867 0.8709 -0.0688
0.7363 2.2503 -0.8734 -0.4867 0.8709 -0.0688
0.7536 2.2589 -0.8865 -0.4867 0.8709 -0.0688
0.7508 2.2587 -0.8695 -0.4867 0.8709 -0.0688
0.7998 2.0947 -0.3837 -0.6568 0.5246 0.5416
0.7998 2.0947 -0.3837 -0.6568 0.5246 0.5416
0.9005 2.3653 -0.4570 -0.6569 0.4151 0.6294
0.8125 2.1015 -0.3749 0.8729 -0.3734 0.3139
0.8125 2.1015 -0.3749 0.8729 -0.3734 0.3139
0.9135 2.3726 -0.4483 0.9046 -0.2418 0.3510
0.9074 2.3683 -0.4725 0.6569 -0.4152 -0.6293
0.8064 2.0972 -0.3990 0.6568 -0.5248 -0.5415
0.8191 2.1039 -0.3902 0.6585 -0.4680 -0.5894
0.9074 2.3683 -0.4725 0.6569 -0.4152 -0.6293
0.8191 2.1039 -0.3902 0.6585 -0.4680 -0.5894
0.9204 2.3757 -0.4639 0.6569 -0.4152 -0.6293
0.6214 1.8097 -0.2882 -0.6170 0.6777 0.4000
0.6214 1.8097 -0.2882 -0.6170 0.6777 0.4000
0.7998 2.0947 -0.3837 -0.6568 0.5246 0.5416
0.6328 1.8145 -0.2787 0.7850 -0.5601 0.2647
0.6328 1.8145 -0.2787 0.7850 -0.5601 0.2647
0.8125 2.1015 -0.3749 0.8729 -0.3734 0.3139
0.8064 2.0972 -0.3990 0.6568 -0.5248 -0.5415
0.6267 1.8102 -0.3028 0.6171 -0.6777 -0.4000
0.6381 1.8150 -0.2933 0.6361 -0.6282 -0.4481
0.8064 2.0972 -0.3990 0.6568 -0.5248 -0.5415
0.6381 1.8150 -0.2933 0.6361 -0.6282 -0.4481
0.8191 2.1039 -0.3902 0.6585 -0.4680 -0.5894
0.3710 1.5527 -0.1794 -0.5676 0.7591 0.3187
0.3710 1.5527 -0.1794 -0.5676 0.7591 0.3187
0.6214 1.8097 -0.2882 -0.6170 0.6777 0.4000
0.3802 1.5552 -0.1690 0.7105 -0.6590 0.2467
0.3802 1.5552 -0.1690 0.7105 -0.6590 0.2467
0.6328 1.8145 -0.2787 0.7850 -0.5601 0.2647
0.6267 1.8102 -0.3028 0.6171 -0.6777 -0.4000
0.3741 1.5509 -0.1931 0.5676 -0.7591 -0.3187
0.3833 1.5534 -0.1827 0.5776 -0.7468 -0.3296
0.6267 1.8102 -0.3028 0.6171 -0.6777 -0.4000
0.3833 1.5534 -0.1827 0.5776 -0.7468 -0.3296
0.6381 1.8150 -0.2933 0.6361 -0.6282 -0.4481
0.0174 1.2479 -0.0362 -0.5502 0.7792 0.3001
0.0174 1.2479 -0.0362 -0.5502 0.7792 0.3001
0.3710 1.5527 -0.1794 -0.5676 0.7591 0.3187
0.0256 1.2495 -0.0253 0.6882 -0.6826 0.2458
0.0256 1.2495 -0.0253 0.6882 -0.6826 0.2458
0.3802 1.5552 -0.1690 0.7105 -0.6590 0.2467
0.3741 1.5509 -0.1931 0.5676 -0.7591 -0.3187
0.0195 1.2452 -0.0495 0.5503 -0.7792 -0.3001
0.0277 1.2468 -0.0386 0.5503 -0.7792 -0.3001
0.3741 1.5509 -0.1931 0.5676 -0.7591 -0.3187
0.0277 1.2468 -0.0386 0.5503 -0.7792 -0.3001
0.3833 1.5534 -0.1827 0.5776 -0.7468 -0.3296
0.9005 2.3653 -0.4570 -0.4738 0.8799 -0.0360
0.9074 2.3683 -0.4725 -0.4738 0.8799 -0.0360
0.9204 2.3757 -0.4639 -0.4738 0.8799 -0.0360
0.9005 2.3653 -0.4570 -0.4738 0.8799 -0.0360
0.9204 2.3757 -0.4639 -0.4738 0.8799 -0.0360
0.9135 2.3726 -0.4483 -0.4738 0.8799 -0.0360
-0.1555 1.1284 0.0862 -0.7943 -0.0071 0.6075
-0.1313 1.1454 0.1098 -0.6238 0.1123 0.7735
-0.1284 1.1376 0.1133 -0.6238 0.1123 0.7735
-0.1555 1.1284 0.0862 -0.7943 -0.0071 0.6075
-0.1284 1.1376 0.1133 -0.6238 0.1123 0.7735
-0.1533 1.1201 0.0890 -0.7943 -0.0071 0.6075
-0.1025 1.1655 -0.1236 -0.4208 0.2544 -0.8708
-0.1313 1.1454 -0.1098 -0.6238 0.1123 -0.7735
-0.1284 1.1376 -0.1133 -0.6238 0.1123 -0.7735
-0.1025 1.1655 -0.1236 -0.4208 0.2544 -0.8708
-0.1284 1.1376 -0.1133 -0.6238 0.1123 -0.7735
-0.0986 1.1584 -0.1276 -0.4208 0.2544 -0.8708
-0.1313 1.1454 0.1098 -0.6238 0.1123 0.7735
-0.1025 1.1655 0.1236 -0.4208 0.2544 0.8708
-0.0986 1.1584 0.1276 -0.4208 0.2544 0.8708
-0.1313 1.1454 0.1098 -0.6238 0.1123 0.7735
-0.0986 1.1584 0.1276 -0.4208 0.2544 0.8708
-0.1284 1.1376 0.1133 -0.6238 0.1123 0.7735
-0.1313 1.1454 -0.1098 -0.6238 0.1123 -0.7735
-0.1555 1.1284 -0.0862 -0.7943 -0.0071 -0.6075
-0.1533 1.1201 -0.0890 -0.7943 -0.0071 -0.6075
-0.1313 1.1454 -0.1098 -0.6238 0.1123 -0.7735
-0.1533 1.1201 -0.0890 -0.7943 -0.0071 -0.6075
-0.1284 1.1376 -0.1133 -0.6238 0.1123 -0.7735
0.0244 1.2544 -0.0000 0.4736 0.8807 0.0000
0.0198 1.2512 -0.0374 0.4411 0.8580 -0.2633
0.0276 1.2468 -0.0386 0.4411 0.8580 -0.2633
0.0244 1.2544 -0.0000 0.4736 0.8807 0.0000
0.0276 1.2468 -0.0386 0.4411 0.8580 -0.2633
0.0324 1.2501 -0.0000 0.4736 0.8807 0.0000
-0.1025 1.1655 0.1236 -0.4208 0.2544 0.8708
-0.0717 1.1872 0.1264 -0.2033 0.4067 0.8906
-0.0668 1.1807 0.1305 -0.2033 0.4067 0.8906
-0.1025 1.1655 0.1236 -0.4208 0.2544 0.8708
-0.0668 1.1807 0.1305 -0.2033 0.4067 0.8906
-0.0986 1.1584 0.1276 -0.4208 0.2544 0.8708
-0.1555 1.1284 -0.0862 -0.7943 -0.0071 -0.6075
-0.1730 1.1162 -0.0550 -0.9171 -0.0931 -0.3875
-0.1713 1.1075 -0.0568 -0.9171 -0.0931 -0.3875
-0.1555 1.1284 -0.0862 -0.7943 -0.0071 -0.6075
-0.1713 1.1075 -0.0568 -0.9171 -0.0931 -0.3875
-0.1533 1.1201 -0.0890 -0.7943 -0.0071 -0.6075
0.0198 1.2512 -0.0374 0.4411 0.8580 -0.2633
0.0064 1.2418 -0.0714 0.3465 0.7917 -0.5031
0.0138 1.2371 -0.0737 0.3465 0.7917 -0.5031
0.0198 1.2512 -0.0374 0.4411 0.8580 -0.2633
0.0138 1.2371 -0.0737 0.3465 0.7917 -0.5031
0.0276 1.2468 -0.0386 0.4411 0.8580 -0.2633
-0.0717 1.1872 0.1264 -0.2033 0.4067 0.8906
-0.0415 1.2083 0.1180 0.0093 0.5556 0.8314
-0.0356 1.2025 0.1218 0.0093 0.5556 0.8314
-0.0717 1.1872 0.1264 -0.2033 0.4067 0.8906
-0.0356 1.2025 0.1218 0.0093 0.5556 0.8314
-0.0668 1.1807 0.1305 -0.2033 0.4067 0.8906
-0.1730 1.1162 -0.0550 -0.9171 -0.0931 -0.3875
-0.1821 1.1098 -0.0189 -0.9814 -0.1381 -0.1331
-0.1807 1.1009 -0.0195 -0.9814 -0.1381 -0.1331
-0.1730 1.1162 -0.0550 -0.9171 -0.0931 -0.3875
-0.1807 1.1009 -0.0195 -0.9814 -0.1381 -0.1331
-0.1713 1.1075 -0.0568 -0.9171 -0.0931 -0.3875
0.0064 1.2418 -0.0714 0.3465 0.7917 -0.5031
-0.0147 1.2271 -0.0991 0.1982 0.6878 -0.6983
-0.0079 1.2219 -0.1023 0.1982 0.6878 -0.6983
0.0064 1.2418 -0.0714 0.3465 0.7917 -0.5031
-0.0079 1.2219 -0.1023 0.1982 0.6878 -0.6983
0.0138 1.2371 -0.0737 0.3465 0.7917 -0.5031
-0.0415 1.2083 0.1180 0.0093 0.5556 0.8314
-0.0147 1.2271 0.0991 0.1982 0.6878 0.6983
-0.0079 1.2219 0.1023 0.1982 0.6878 0.6983
-0.0415 1.2083 0.1180 0.0093 0.5556 0.8314
-0.0079 1.2219 0.1023 0.1982 0.6878 0.6983
-0.0356 1.2025 0.1218 0.0093 0.5556 0.8314
-0.1821 1.1098 -0.0189 -0.9814 -0.1381 -0.1331
-0.1821 1.1098 0.0189 -0.9814 -0.1381 0.1331
-0.1807 1.1009 0.0195 -0.9814 -0.1381 0.1331
-0.1821 1.1098 -0.0189 -0.9814 -0.1381 -0.1331
-0.1807 1.1009 0.0195 -0.9814 -0.1381 0.1331
-0.1807 1.1009 -0.0195 -0.9814 -0.1381 -0.1331
-0.0147 1.2271 -0.0991 0.1982 0.6878 -0.6983
-0.0415 1.2083 -0.1180 0.0093 0.5556 -0.8314
-0.0356 1.2025 -0.1218 0.0093 0.5556 -0.8314
-0.0147 1.2271 -0.0991 0.1982 0.6878 -0.6983
-0.0356 1.2025 -0.1218 0.0093 0.5556 -0.8314
-0.0079 1.2219 -0.1023 0.1982 0.6878 -0.6983
-0.0147 1.2271 0.0991 0.1982 0.6878 0.6983
0.0064 1.2418 0.0714 0.3465 0.7917 0.5031
0.0138 1.2371 0.0737 0.3465 0.7917 0.5031
-0.0147 1.2271 0.0991 0.1982 0.6878 0.6983
0.0138 1.2371 0.0737 0.3465 0.7917 0.5031
-0.0079 1.2219 0.1023 0.1982 0.6878 0.6983
-0.1821 1.1098 0.0189 -0.9814 -0.1381 0.1331
-0.1730 1.1162 0.0550 -0.9171 -0.0931 0.3875
-0.1713 1.1075 0.0568 -0.9171 -0.0931 0.3875
-0.1821 1.1098 0.0189 -0.9814 -0.1381 0.1331
-0.1713 1.1075 0.0568 -0.9171 -0.0931 0.3875
-0.1807 1.1009 0.0195 -0.9814 -0.1381 0.1331
-0.0415 1.2083 -0.1180 0.0093 0.5556 -0.8314
-0.0717 1.1872 -0.1264 -0.2033 0.4067 -0.8906
-0.0668 1.1807 -0.1305 -0.2033 0.4067 -0.8906
-0.0415 1.2083 -0.1180 0.0093 0.5556 -0.8314
-0.0668 1.1807 -0.1305 -0.2033 0.4067 -0.8906
-0.0356 1.2025 -0.1218 0.0093 0.5556 -0.8314
0.0064 1.2418 0.0714 0.3465 0.7917 0.5031
0.0198 1.2512 0.0374 0.4411 0.8580 0.2633
0.0276 1.2468 0.0386 0.4411 0.8580 0.2633
0.0064 1.2418 0.0714 0.3465 0.7917 0.5031
0.0276 1.2468 0.0386 0.4411 0.8580 0.2633
0.0138 1.2371 0.0737 0.3465 0.7917 0.5031
-0.1730 1.1162 0.0550 -0.9171 -0.0931 0.3875
-0.1555 1.1284 0.0862 -0.7943 -0.0071 0.6075
-0.1533 1.1201 0.0890 -0.7943 -0.0071 0.6075
-0.1730 1.1162 0.0550 -0.9171 -0.0931 0.3875
-0.1533 1.1201 0.0890 -0.7943 -0.0071 0.6075
-0.1713 1.1075 0.0568 -0.9171 -0.0931 0.3875
-0.0717 1.1872 -0.1264 -0.2033 0.4067 -0.8906
-0.1025 1.1655 -0.1236 -0.4208 0.2544 -0.8708
-0.0986 1.1584 -0.1276 -0.4208 0.2544 -0.8708
-0.0717 1.1872 -0.1264 -0.2033 0.4067 -0.8906
-0.0986 1.1584 -0.1276 -0.4208 0.2544 -0.8708
-0.0668 1.1807 -0.1305 -0.2033 0.4067 -0.8906
0.0198 1.2512 0.0374 0.4411 0.8580 0.2633
0.0244 1.2544 -0.0000 0.4736 0.8807 0.0000
0.0324 1.2501 -0.0000 0.4736 0.8807 0.0000
0.0198 1.2512 0.0374 0.4411 0.8580 0.2633
0.0324 1.2501 -0.0000 0.4736 0.8807 0.0000
0.0276 1.2468 0.0386 0.4411 0.8580 0.2633
-0.6258 2.0296 -0.0671 -0.5736 0.8192 0.0000
-0.6026 2.0458 -0.0387 -0.5736 0.8192 0.0000
-0.5941 2.0518 -0.0000 -0.5736 0.8192 0.0000
-0.5941 2.0518 -0.0000 -0.5736 0.8192 0.0000
-0.6258 2.0296 0.0671 -0.5736 0.8192 0.0000
-0.6258 2.0296 0.0671 -0.5736 0.8192 0.0000
-0.6575 2.0073 0.0775 -0.5736 0.8192 0.0000
-0.6893 1.9851 0.0671 -0.5736 0.8192 0.0000
-0.6893 1.9851 0.0671 -0.5736 0.8192 0.0000
-0.7125 1.9689 0.0387 -0.5736 0.8192 0.0000
-0.7210 1.9629 -0.0000 -0.5736 0.8192 0.0000
-0.7210 1.9629 -0.0000 -0.5736 0.8192 0.0000
-0.7125 1.9689 -0.0387 -0.5736 0.8192 0.0000
-0.6893 1.9851 -0.0671 -0.5736 0.8192 0.0000
-0.6893 1.9851 -0.0671 -0.5736 0.8192 0.0000
-0.6575 2.0073 -0.0775 -0.5736 0.8192 0.0000
-0.6258 2.0296 -0.0671 -0.5736 0.8192 0.0000
-0.6258 2.0296 -0.0671 -0.5736 0.8192 0.0000
-0.5941 2.0518 -0.0000 -0.5736 0.8192 0.0000
-0.6258 2.0296 0.0671 -0.5736 0.8192 0.0000
-0.6258 2.0296 0.0671 -0.5736 0.8192 0.0000
-0.6893 1.9851 0.0671 -0.5736 0.8192 0.0000
-0.7210 1.9629 -0.0000 -0.5736 0.8192 0.0000
-0.7210 1.9629 -0.0000 -0.5736 0.8192 0.0000
-0.6893 1.9851 -0.0671 -0.5736 0.8192 0.0000
-0.6258 2.0296 -0.0671 -0.5736 0.8192 0.0000
-0.6258 2.0296 0.0671 -0.5736 0.8192 0.0000
-0.7210 1.9629 -0.0000 -0.5736 0.8192 0.0000
-0.6258 2.0296 -0.0671 -0.5736 0.8192 0.0000
-0.6026 2.0458 0.0387 0.7120 0.4930 0.5000
-0.6026 2.0458 0.0387 0.7120 0.4930 0.5000
-0.6026 2.0458 0.0387 0.7120 0.4930 0.5000
0.0299 1.0640 0.0127 0.7094 0.4967 0.5000
0.0299 1.0640 0.0127 0.7094 0.4967 0.5000
0.0327 1.0659 -0.0000 0.8192 0.5736 0.0000
0.0223 1.0586 0.0220 0.4096 0.2868 0.8660
0.0223 1.0586 0.0220 0.4096 0.2868 0.8660
0.0299 1.0640 0.0127 0.7094 0.4967 0.5000
0.0119 1.0514 0.0254 -0.0000 -0.0000 1.0000
0.0119 1.0514 0.0254 -0.0000 -0.0000 1.0000
0.0223 1.0586 0.0220 0.4096 0.2868 0.8660
0.0015 1.0441 0.0220 -0.4096 -0.2868 0.8660
0.0015 1.0441 0.0220 -0.4096 -0.2868 0.8660
0.0119 1.0514 0.0254 -0.0000 -0.0000 1.0000
-0.0062 1.0387 0.0127 -0.7094 -0.4967 0.5000
-0.0062 1.0387 0.0127 -0.7094 -0.4967 0.5000
0.0015 1.0441 0.0220 -0.4096 -0.2868 0.8660
-0.0089 1.0368 -0.0000 -0.8192 -0.5736 0.0000
-0.0089 1.0368 -0.0000 -0.8192 -0.5736 0.0000
-0.0062 1.0387 0.0127 -0.7094 -0.4967 0.5000
-0.0062 1.0387 -0.0127 -0.7094 -0.4967 -0.5000
-0.0062 1.0387 -0.0127 -0.7094 -0.4967 -0.5000
-0.0089 1.0368 -0.0000 -0.8192 -0.5736 0.0000
0.0015 1.0441 -0.0220 -0.4096 -0.2868 -0.8660
0.0015 1.0441 -0.0220 -0.4096 -0.2868 -0.8660
-0.0062 1.0387 -0.0127 -0.7094 -0.4967 -0.5000
0.0119 1.0514 -0.0254 -0.0000 -0.0000 -1.0000
0.0119 1.0514 -0.0254 -0.0000 -0.0000 -1.0000
0.0015 1.0441 -0.0220 -0.4096 -0.2868 -0.8660
0.0223 1.0586 -0.0220 0.4096 0.2868 -0.8660
0.0223 1.0586 -0.0220 0.4096 0.2868 -0.8660
0.0119 1.0514 -0.0254 -0.0000 -0.0000 -1.0000
0.0299 1.0640 -0.0127 0.7094 0.4967 -0.5000
0.0299 1.0640 -0.0127 0.7094 0.4967 -0.5000
0.0223 1.0586 -0.0220 0.4096 0.2868 -0.8660
0.0327 1.0659 -0.0000 0.8192 0.5736 0.0000
0.0327 1.0659 -0.0000 0.8192 0.5736 0.0000
0.0299 1.0640 -0.0127 0.7094 0.4967 -0.5000
-0.4575 1.7601 0.0127 0.8046 0.3338 0.4911
-0.5760 2.0077 0.0386 0.8046 0.3338 0.4911
-0.5676 2.0136 -0.0000 0.9124 0.4092 -0.0000
-0.4575 1.7601 0.0127 0.8046 0.3338 0.4911
-0.5676 2.0136 -0.0000 0.9124 0.4092 -0.0000
-0.4547 1.7620 -0.0000 0.9124 0.4092 -0.0000
-0.4651 1.7547 0.0220 0.5102 0.1276 0.8506
-0.5992 1.9914 0.0669 0.5102 0.1276 0.8506
-0.5760 2.0077 0.0386 0.8046 0.3338 0.4911
-0.4651 1.7547 0.0220 0.5102 0.1276 0.8506
-0.5760 2.0077 0.0386 0.8046 0.3338 0.4911
-0.4575 1.7601 0.0127 0.8046 0.3338 0.4911
-0.4755 1.7475 0.0254 0.1079 -0.1541 0.9821
-0.6309 1.9693 0.0773 0.1079 -0.1541 0.9821
-0.5992 1.9914 0.0669 0.5102 0.1276 0.8506
-0.4755 1.7475 0.0254 0.1079 -0.1541 0.9821
-0.5992 1.9914 0.0669 0.5102 0.1276 0.8506
-0.4651 1.7547 0.0220 0.5102 0.1276 0.8506
-0.4860 1.7402 0.0220 -0.2944 -0.4358 0.8506
-0.6625 1.9471 0.0669 -0.2944 -0.4358 0.8506
-0.6309 1.9693 0.0773 0.1079 -0.1541 0.9821
-0.4860 1.7402 0.0220 -0.2944 -0.4358 0.8506
-0.6309 1.9693 0.0773 0.1079 -0.1541 0.9821
-0.4755 1.7475 0.0254 0.1079 -0.1541 0.9821
-0.4936 1.7348 0.0127 -0.5888 -0.6420 0.4911
-0.6857 1.9309 0.0386 -0.5888 -0.6420 0.4911
-0.6625 1.9471 0.0669 -0.2944 -0.4358 0.8506
-0.4936 1.7348 0.0127 -0.5888 -0.6420 0.4911
-0.6625 1.9471 0.0669 -0.2944 -0.4358 0.8506
-0.4860 1.7402 0.0220 -0.2944 -0.4358 0.8506
-0.4964 1.7329 -0.0000 -0.6966 -0.7174 0.0000
-0.6942 1.9250 -0.0000 -0.6966 -0.7174 -0.0000
-0.6857 1.9309 0.0386 -0.5888 -0.6420 0.4911
-0.4964 1.7329 -0.0000 -0.6966 -0.7174 0.0000
-0.6857 1.9309 0.0386 -0.5888 -0.6420 0.4911
-0.4936 1.7348 0.0127 -0.5888 -0.6420 0.4911
-0.4936 1.7348 -0.0127 -0.5888 -0.6420 -0.4911
-0.6857 1.9309 -0.0386 -0.5888 -0.6420 -0.4911
-0.6942 1.9250 -0.0000 -0.6966 -0.7174 -0.0000
-0.4936 1.7348 -0.0127 -0.5888 -0.6420 -0.4911
-0.6942 1.9250 -0.0000 -0.6966 -0.7174 -0.0000
-0.4964 1.7329 -0.0000 -0.6966 -0.7174 0.0000
-0.4860 1.7402 -0.0220 -0.2944 -0.4358 -0.8506
-0.6625 1.9471 -0.0669 -0.2944 -0.4358 -0.8506
-0.6857 1.9309 -0.0386 -0.5888 -0.6420 -0.4911
-0.4860 1.7402 -0.0220 -0.2944 -0.4358 -0.8506
-0.6857 1.9309 -0.0386 -0.5888 -0.6420 -0.4911
-0.4936 1.7348 -0.0127 -0.5888 -0.6420 -0.4911
-0.4755 1.7475 -0.0254 0.1079 -0.1541 -0.9821
-0.6309 1.9693 -0.0773 0.1079 -0.1541 -0.9821
-0.6625 1.9471 -0.0669 -0.2944 -0.4358 -0.8506
-0.4755 1.7475 -0.0254 0.1079 -0.1541 -0.9821
-0.6625 1.9471 -0.0669 -0.2944 -0.4358 -0.8506
-0.4860 1.7402 -0.0220 -0.2944 -0.4358 -0.8506
-0.4651 1.7547 -0.0220 0.5102 0.1276 -0.8506
-0.5992 1.9914 -0.0669 0.5102 0.1276 -0.8506
-0.6309 1.9693 -0.0773 0.1079 -0.1541 -0.9821
-0.4651 1.7547 -0.0220 0.5102 0.1276 -0.8506
-0.6309 1.9693 -0.0773 0.1079 -0.1541 -0.9821
-0.4755 1.7475 -0.0254 0.1079 -0.1541 -0.9821
-0.4575 1.7601 -0.0127 0.8046 0.3338 -0.4911
-0.5760 2.0077 -0.0386 0.8046 0.3338 -0.4911
-0.5992 1.9914 -0.0669 0.5102 0.1276 -0.8506
-0.4575 1.7601 -0.0127 0.8046 0.3338 -0.4911
-0.5992 1.9914 -0.0669 0.5102 0.1276 -0.8506
-0.4651 1.7547 -0.0220 0.5102 0.1276 -0.8506
-0.4547 1.7620 -0.0000 0.9124 0.4092 -0.0000
-0.5676 2.0136 -0.0000 0.9124 0.4092 -0.0000
-0.5760 2.0077 -0.0386 0.8046 0.3338 -0.4911
-0.4547 1.7620 -0.0000 0.9124 0.4092 -0.0000
-0.5760 2.0077 -0.0386 0.8046 0.3338 -0.4911
-0.4575 1.7601 -0.0127 0.8046 0.3338 -0.4911
0 7 4
0 3 7
1 510 5
1 512 511
2 513 6
2 515 514
516 518 517
519 521 520
4 11 8
4 7 11
5 522 9
5 524 523
6 525 10
6 527 526
528 530 529
531 533 532
8 15 12
8 11 15
9 534 13
9 536 535
10 537 14
10 539 538
540 542 541
543 545 544
12 19 16
12 15 19
13 546 17
13 548 547
14 549 18
14 551 550
552 554 553
555 557 556
558 560 559
561 563 562
20 27 24
20 23 27
21 564 25
21 566 565
22 567 26
22 569 568
570 572 571
573 575 574
24 31 28
24 27 31
25 576 29
25 578 577
26 579 30
26 581 580
582 584 583
585 587 586
28 35 32
28 31 35
29 588 33
29 590 589
30 591 34
30 593 592
594 596 595
597 599 598
32 39 36
32 35 39
33 600 37
33 602 601
34 603 38
34 605 604
606 608 607
609 611 610
612 614 613
615 617 616
40 47 44
40 43 47
41 618 45
41 620 619
42 621 46
42 623 622
624 626 625
627 629 628
44 51 48
44 47 51
45 630 49
45 632 631
46 633 50
46 635 634
636 638 637
639 641 640
48 55 52
48 51 55
49 642 53
49 644 643
50 645 54
50 647 646
648 650 649
651 653 652
52 59 56
52 55 59
53 654 57
53 656 655
54 657 58
54 659 658
660 662 661
663 665 664
666 668 667
669 671 670
60 67 64
60 63 67
61 672 65
61 674 673
62 675 66
62 677 676
678 680 679
681 683 682
64 71 68
64 67 71
65 684 69
65 686 685
66 687 70
66 689 688
690 692 691
693 695 694
68 75 72
68 71 75
69 696 73
69 698 697
70 699 74
70 701 700
702 704 703
705 707 706
72 79 76
72 75 79
73 708 77
73 710 709
74 711 78
74 713 712
714 716 715
717 719 718
720 722 721
723 725 724
80 87 84
80 83 87
81 726 85
81 728 727
82 729 86
82 731 730
732 734 733
735 737 736
84 91 88
84 87 91
85 738 89
85 740 739
86 741 90
86 743 742
744 746 745
747 749 748
88 95 92
88 91 95
89 750 93
89 752 751
90 753 94
90 755 754
756 758 757
759 761 760
92 99 96
92 95 99
93 762 97
93 764 763
94 765 98
94 767 766
768 770 769
771 773 772
774 776 775
777 779 778
100 107 104
100 103 107
101 780 105
101 782 781
102 783 106
102 785 784
786 788 787
789 791 790
104 111 108
104 107 111
105 792 109
105 794 793
106 795 110
106 797 796
798 800 799
801 803 802
108 115 112
108 111 115
109 804 113
109 806 805
110 807 114
110 809 808
810 812 811
813 815 814
112 119 116
112 115 119
113 816 117
113 818 817
114 819 118
114 821 820
822 824 823
825 827 826
828 830 829
831 833 832
120 127 124
120 123 127
121 834 125
121 836 835
122 837 126
122 839 838
840 842 841
843 845 844
124 131 128
124 127 131
125 846 129
125 848 847
126 849 130
126 851 850
852 854 853
855 857 856
128 135 132
128 131 135
129 858 133
129 860 859
130 861 134
130 863 862
864 866 865
867 869 868
132 139 136
132 135 139
133 870 137
133 872 871
134 873 138
134 875 874
876 878 877
879 881 880
882 884 883
885 887 886
140 147 144
140 143 147
141 888 145
141 890 889
142 891 146
142 893 892
894 896 895
897 899 898
144 151 148
144 147 151
145 900 149
145 902 901
146 903 150
146 905 904
906 908 907
909 911 910
148 155 152
148 151 155
149 912 153
149 914 913
150 915 154
150 917 916
918 920 919
921 923 922
152 159 156
152 155 159
153 924 157
153 926 925
154 927 158
154 929 928
930 932 931
933 935 934
936 938 937
939 941 940
160 167 164
160 163 167
161 942 165
161 944 943
162 945 166
162 947 946
948 950 949
951 953 952
164 171 168
164 167 171
165 954 169
165 956 955
166 957 170
166 959 958
960 962 961
963 965 964
168 175 172
168 171 175
169 966 173
169 968 967
170 969 174
170 971 970
972 974 973
975 977 976
172 179 176
172 175 179
173 978 177
173 980 979
174 981 178
174 983 982
984 986 985
987 989 988
990 992 991
993 995 994
180 187 184
180 183 187
181 996 185
181 998 997
182 999 186
182 1001 1000
1002 1004 1003
1005 1007 1006
184 191 188
184 187 191
185 1008 189
185 1010 1009
186 1011 190
186 1013 1012
1014 1016 1015
1017 1019 1018
188 195 192
188 191 195
189 1020 193
189 1022 1021
190 1023 194
190 1025 1024
1026 1028 1027
1029 1031 1030
192 199 196
192 195 199
193 1032 197
193 1034 1033
194 1035 198
194 1037 1036
1038 1040 1039
1041 1043 1042
1044 1046 1045
1047 1049 1048
200 207 204
200 203 207
201 1050 205
201 1052 1051
202 1053 206
202 1055 1054
1056 1058 1057
1059 1061 1060
204 211 208
204 207 211
205 1062 209
205 1064 1063
206 1065 210
206 1067 1066
1068 1070 1069
1071 1073 1072
208 215 212
208 211 215
209 1074 213
209 1076 1075
210 1077 214
210 1079 1078
1080 1082 1081
1083 1085 1084
212 219 216
212 215 219
213 1086 217
213 1088 1087
214 1089 218
214 1091 1090
1092 1094 1093
1095 1097 1096
1098 1100 1099
1101 1103 1102
220 227 224
220 223 227
221 1104 225
221 1106 1105
222 1107 226
222 1109 1108
1110 1112 1111
1113 1115 1114
224 231 228
224 227 231
225 1116 229
225 1118 1117
226 1119 230
226 1121 1120
1122 1124 1123
1125 1127 1126
228 235 232
228 231 235
229 1128 233
229 1130 1129
230 1131 234
230 1133 1132
1134 1136 1135
1137 1139 1138
232 239 236
232 235 239
233 1140 237
233 1142 1141
234 1143 238
234 1145 1144
1146 1148 1147
1149 1151 1150
1152 1154 1153
1155 1157 1156
240 247 244
240 243 247
241 1158 245
241 1160 1159
242 1161 246
242 1163 1162
1164 1166 1165
1167 1169 1168
244 251 248
244 247 251
245 1170 249
245 1172 1171
246 1173 250
246 1175 1174
1176 1178 1177
1179 1181 1180
248 255 252
248 251 255
249 1182 253
249 1184 1183
250 1185 254
250 1187 1186
1188 1190 1189
1191 1193 1192
252 259 256
252 255 259
253 1194 257
253 1196 1195
254 1197 258
254 1199 1198
1200 1202 1201
1203 1205 1204
1206 1208 1207
1209 1211 1210
260 267 264
260 263 267
261 1212 265
261 1214 1213
262 1215 266
262 1217 1216
1218 1220 1219
1221 1223 1222
264 271 268
264 267 271
265 1224 269
265 1226 1225
266 1227 270
266 1229 1228
1230 1232 1231
1233 1235 1234
268 275 272
268 271 275
269 1236 273
269 1238 1237
270 1239 274
270 1241 1240
1242 1244 1243
1245 1247 1246
272 279 276
272 275 279
273 1248 277
273 1250 1249
274 1251 278
274 1253 1252
1254 1256 1255
1257 1259 1258
1260 1262 1261
1263 1265 1264
280 287 284
280 283 287
281 1266 285
281 1268 1267
282 1269 286
282 1271 1270
1272 1274 1273
1275 1277 1276
284 291 288
284 287 291
285 1278 289
285 1280 1279
286 1281 290
286 1283 1282
1284 1286 1285
1287 1289 1288
288 295 292
288 291 295
289 1290 293
289 1292 1291
290 1293 294
290 1295 1294
1296 1298 1297
1299 1301 1300
292 299 296
292 295 299
293 1302 297
293 1304 1303
294 1305 298
294 1307 1306
1308 1310 1309
1311 1313 1312
1314 1316 1315
1317 1319 1318
300 307 304
300 303 307
301 1320 305
301 1322 1321
302 1323 306
302 1325 1324
1326 1328 1327
1329 1331 1330
304 311 308
304 307 311
305 1332 309
305 1334 1333
306 1335 310
306 1337 1336
1338 1340 1339
1341 1343 1342
308 315 312
308 311 315
309 1344 313
309 1346 1345
310 1347 314
310 1349 1348
1350 1352 1351
1353 1355 1354
312 319 316
312 315 319
313 1356 317
313 1358 1357
314 1359 318
314 1361 1360
1362 1364 1363
1365 1367 1366
1368 1370 1369
1371 1373 1372
320 327 324
320 323 327
321 1374 325
321 1376 1375
322 1377 326
322 1379 1378
1380 1382 1381
1383 1385 1384
324 331 328
324 327 331
325 1386 329
325 1388 1387
326 1389 330
326 1391 1390
1392 1394 1393
1395 1397 1396
328 335 332
328 331 335
329 1398 333
329 1400 1399
330 1401 334
330 1403 1402
1404 1406 1405
1407 1409 1408
332 339 336
332 335 339
333 1410 337
333 1412 1411
334 1413 338
334 1415 1414
1416 1418 1417
1419 1421 1420
1422 1424 1423
1425 1427 1426
340 347 344
340 343 347
341 1428 345
341 1430 1429
342 1431 346
342 1433 1432
1434 1436 1435
1437 1439 1438
344 351 348
344 347 351
345 1440 349
345 1442 1441
346 1443 350
346 1445 1444
1446 1448 1447
1449 1451 1450
348 355 352
348 351 355
349 1452 353
349 1454 1453
350 1455 354
350 1457 1456
1458 1460 1459
1461 1463 1462
352 359 356
352 355 359
353 1464 357
353 1466 1465
354 1467 358
354 1469 1468
1470 1472 1471
1473 1475 1474
1476 1478 1477
1479 1481 1480
360 367 364
360 363 367
361 1482 365
361 1484 1483
362 1485 366
362 1487 1486
1488 1490 1489
1491 1493 1492
364 371 368
364 367 371
365 1494 369
365 1496 1495
366 1497 370
366 1499 1498
1500 1502 1501
1503 1505 1504
368 375 372
368 371 375
369 1506 373
369 1508 1507
370 1509 374
370 1511 1510
1512 1514 1513
1515 1517 1516
372 379 376
372 375 379
373 1518 377
373 1520 1519
374 1521 378
374 1523 1522
1524 1526 1525
1527 1529 1528
1530 1532 1531
1533 1535 1534
380 387 384
380 383 387
381 1536 385
381 1538 1537
382 1539 386
382 1541 1540
1542 1544 1543
1545 1547 1546
384 391 388
384 387 391
385 1548 389
385 1550 1549
386 1551 390
386 1553 1552
1554 1556 1555
1557 1559 1558
388 395 392
388 391 395
389 1560 393
389 1562 1561
390 1563 394
390 1565 1564
1566 1568 1567
1569 1571 1570
392 399 396
392 395 399
393 1572 397
393 1574 1573
394 1575 398
394 1577 1576
1578 1580 1579
1581 1583 1582
1584 1586 1585
1587 1589 1588
400 407 404
400 403 407
401 1590 405
401 1592 1591
402 1593 406
402 1595 1594
1596 1598 1597
1599 1601 1600
404 411 408
404 407 411
405 1602 409
405 1604 1603
406 1605 410
406 1607 1606
1608 1610 1609
1611 1613 1612
408 415 412
408 411 415
409 1614 413
409 1616 1615
410 1617 414
410 1619 1618
1620 1622 1621
1623 1625 1624
412 419 416
412 415 419
413 1626 417
413 1628 1627
414 1629 418
414 1631 1630
1632 1634 1633
1635 1637 1636
1638 1640 1639
1641 1643 1642
422 420 421
420 439 440
439 437 438
437 435 436
435 433 434
433 431 432
431 429 430
429 427 428
427 425 426
425 423 424
423 420 422
420 437 439
437 433 435
433 429 431
429 425 427
425 420 423
420 433 437
433 425 429
420 425 433
442 443 441
443 445 444
445 447 446
447 449 448
449 451 450
451 453 452
453 455 454
455 457 456
457 459 458
459 461 460
461 443 442
443 447 445
447 451 449
451 455 453
455 459 457
459 443 461
443 451 447
451 459 455
443 459 451
1644 1646 1645
1647 1649 1648
1650 1652 1651
1653 1655 1654
1656 1658 1657
1659 1661 1660
1662 1664 1663
1665 1667 1666
1668 1670 1669
1671 1673 1672
1674 1676 1675
1677 1679 1678
1680 1682 1681
1683 1685 1684
1686 1688 1687
1689 1691 1690
1692 1694 1693
1695 1697 1696
1698 1700 1699
1701 1703 1702
1704 1706 1705
1707 1709 1708
1710 1712 1711
1713 1715 1714
1716 1718 1717
1719 1721 1720
1722 1724 1723
1725 1727 1726
1728 1730 1729
1731 1733 1732
1734 1736 1735
1737 1739 1738
1740 1742 1741
1743 1745 1744
1746 1748 1747
1749 1751 1750
1752 1754 1753
1755 1757 1756
1758 1760 1759
1761 1763 1762
1764 1766 1765
1767 1769 1768
498 465 463
498 499 465
499 467 465
499 500 467
500 469 467
500 501 469
501 471 469
501 502 471
502 473 471
502 503 473
503 475 473
503 504 475
504 477 475
504 505 477
505 479 477
505 506 479
506 481 479
506 507 481
507 483 481
507 508 483
1770 1772 1771
1773 1774 485
1775 1777 1776
1778 1780 1779
1781 1783 1782
1784 1786 1785
1787 1789 1788
1790 1792 1791
1793 1795 1794
1796 1798 1797
508 1799 483
508 509 1800
509 463 1801
509 498 463
484 464 462
464 468 466
468 472 470
472 476 474
476 480 478
480 484 482
484 468 464
468 476 472
476 484 480
468 484 476
1802 486 497
1803 1804 486
1805 497 496
1806 1807 497
1808 496 495
1809 1810 496
1811 495 494
1812 1813 495
1814 494 493
1815 1816 494
1817 493 492
1818 1819 493
1820 492 491
1821 1822 492
1823 491 490
1824 1825 491
1826 490 489
1827 1828 490
1829 489 488
1830 1831 489
1832 488 487
1833 1834 488
1835 487 486
1836 1837 487
1838 1840 1839
1841 1843 1842
1844 1846 1845
1847 1849 1848
1850 1852 1851
1853 1855 1854
1856 1858 1857
1859 1861 1860
1862 1864 1863
1865 1867 1866
1868 1870 1869
1871 1873 1872
1874 1876 1875
1877 1879 1878
1880 1882 1881
1883 1885 1884
1886 1888 1887
1889 1891 1890
1892 1894 1893
1895 1897 1896
1898 1900 1899
1901 1903 1902
1904 1906 1905
1907 1909 1908
LABEL S_Bnd_Tripod
MATERIAL 3
TEXTURE 0
FLAG 0
GEOM 72 48
0.3056 -0.4090 -0.5293 -0.4698 -0.3420 0.8138
0.0463 1.0156 -0.0802 -0.4698 -0.3420 0.8138
0.3156 -0.4072 -0.5290 0.5151 -0.1710 0.8399
0.0563 1.0174 -0.0800 0.5151 -0.1710 0.8399
0.3204 -0.4038 -0.5373 0.9849 0.1710 0.0261
0.0611 1.0209 -0.0882 0.9849 0.1710 0.0261
0.3151 -0.4020 -0.5458 0.4698 0.3420 -0.8138
0.0559 1.0226 -0.0968 0.4698 0.3420 -0.8138
0.3051 -0.4038 -0.5461 -0.5151 0.1710 -0.8399
0.0459 1.0209 -0.0970 -0.5151 0.1710 -0.8399
0.3003 -0.4072 -0.5378 -0.9849 -0.1710 -0.0261
0.0411 1.0174 -0.0888 -0.9849 -0.1710 -0.0261
-0.6111 -0.4090 -0.0000 0.9397 -0.3420 -0.0000
-0.0936 1.0131 -0.0000 0.9397 -0.3420 -0.0000
-0.6159 -0.4072 -0.0088 0.4698 -0.1710 -0.8660
-0.0983 1.0148 -0.0088 0.4698 -0.1710 -0.8660
-0.6255 -0.4038 -0.0088 -0.4698 0.1710 -0.8660
-0.1079 1.0183 -0.0088 -0.4698 0.1710 -0.8660
-0.6302 -0.4020 0.0000 -0.9397 0.3420 -0.0000
-0.1127 1.0200 -0.0000 -0.9397 0.3420 0.0000
-0.6255 -0.4038 0.0088 -0.4698 0.1710 0.8660
-0.1079 1.0183 0.0088 -0.4698 0.1710 0.8660
-0.6159 -0.4072 0.0088 0.4698 -0.1710 0.8660
-0.0983 1.0148 0.0088 0.4698 -0.1710 0.8660
0.3056 -0.4090 0.5293 -0.4698 -0.3420 -0.8138
0.0457 1.0189 0.0792 -0.4698 -0.3420 -0.8138
0.3003 -0.4072 0.5378 -0.9849 -0.1710 0.0261
0.0405 1.0207 0.0877 -0.9849 -0.1710 0.0261
0.3051 -0.4038 0.5461 -0.5151 0.1710 0.8399
0.0453 1.0241 0.0960 -0.5151 0.1710 0.8399
0.3151 -0.4020 0.5458 0.4698 0.3420 0.8138
0.0553 1.0259 0.0957 0.4698 0.3420 0.8138
0.3204 -0.4038 0.5373 0.9849 0.1710 -0.0261
0.0605 1.0241 0.0872 0.9849 0.1710 -0.0261
0.3156 -0.4072 0.5290 0.5151 -0.1710 -0.8399
0.0557 1.0207 0.0789 0.5151 -0.1710 -0.8399
0.3003 -0.4072 -0.5378 0.1710 -0.9397 -0.2962
0.3056 -0.4090 -0.5293 0.1710 -0.9397 -0.2962
0.3156 -0.4072 -0.5290 0.1710 -0.9397 -0.2962
0.3156 -0.4072 -0.5290 0.1710 -0.9397 -0.2962
0.3204 -0.4038 -0.5373 0.1710 -0.9397 -0.2962
0.3151 -0.4020 -0.5458 0.1710 -0.9397 -0.2962
0.3151 -0.4020 -0.5458 0.1710 -0.9397 -0.2962
0.3051 -0.4038 -0.5461 0.1710 -0.9397 -0.2962
0.3003 -0.4072 -0.5378 0.1710 -0.9397 -0.2962
0.3156 -0.4072 -0.5290 0.1710 -0.9397 -0.2962
0.3151 -0.4020 -0.5458 0.1710 -0.9397 -0.2962
0.3003 -0.4072 -0.5378 0.1710 -0.9397 -0.2962
-0.6159 -0.4072 0.0088 -0.3420 -0.9397 -0.0000
-0.6111 -0.4090 -0.0000 -0.3420 -0.9397 -0.0000
-0.6159 -0.4072 -0.0088 -0.3420 -0.9397 -0.0000
-0.6159 -0.4072 -0.0088 -0.3420 -0.9397 -0.0000
-0.6255 -0.4038 -0.0088 -0.3420 -0.9397 -0.0000
-0.6302 -0.4020 0.0000 -0.3420 -0.9397 -0.0000
-0.6302 -0.4020 0.0000 -0.3420 -0.9397 -0.0000
-0.6255 -0.4038 0.0088 -0.3420 -0.9397 -0.0000
-0.6159 -0.4072 0.0088 -0.3420 -0.9397 -0.0000
-0.6159 -0.4072 -0.0088 -0.3420 -0.9397 -0.0000
-0.6302 -0.4020 0.0000 -0.3420 -0.9397 -0.0000
-0.6159 -0.4072 0.0088 -0.3420 -0.9397 -0.0000
0.3156 -0.4072 0.5290 0.1710 -0.9397 0.2962
0.3056 -0.4090 0.5293 0.1710 -0.9397 0.2962
0.3003 -0.4072 0.5378 0.1710 -0.9397 0.2962
0.3003 -0.4072 0.5378 0.1710 -0.9397 0.2962
0.3051 -0.4038 0.5461 0.1710 -0.9397 0.2962
0.3151 -0.4020 0.5458 0.1710 -0.9397 0.2962
0.3151 -0.4020 0.5458 0.1710 -0.9397 0.2962
0.3204 -0.4038 0.5373 0.1710 -0.9397 0.2962
0.3156 -0.4072 0.5290 0.1710 -0.9397 0.2962
0.3003 -0.4072 0.5378 0.1710 -0.9397 0.2962
0.3151 -0.4020 0.5458 0.1710 -0.9397 0.2962
0.3156 -0.4072 0.5290 0.1710 -0.9397 0.2962
0 3 1
0 2 3
2 5 3
2 4 5
4 7 5
4 6 7
6 9 7
6 8 9
8 11 9
8 10 11
10 1 11
10 0 1
36 38 37
39 41 40
42 44 43
45 47 46
12 15 13
12 14 15
14 17 15
14 16 17
16 19 17
16 18 19
18 21 19
18 20 21
20 23 21
20 22 23
22 13 23
22 12 13
48 50 49
51 53 52
54 56 55
57 59 58
24 27 25
24 26 27
26 29 27
26 28 29
28 31 29
28 30 31
30 33 31
30 32 33
32 35 33
32 34 35
34 25 35
34 24 25
60 62 61
63 65 64
66 68 67
69 71 70
MATERIALS 3
ALSEP_S_Bnd_Ant
ALSEP_Light
ALSEP_Dark
MATERIAL ALSEP_S_Bnd_Ant
0.527 0.347 0.130 0.750
0.749 0.616 0.380 1.000
0.753 0.624 0.396 1.000 0.000
0.000 0.000 0.000 1.000
MATERIAL ALSEP_Light
0.500 0.500 0.500 1.000
0.500 0.500 0.500 1.000
0.500 0.500 0.500 1.000 100.000
0.000 0.000 0.000 0.500
MATERIAL ALSEP_Dark
0.200 0.200 0.200 1.000
0.200 0.200 0.200 1.000
0.200 0.200 0.200 1.000 0.000
0.000 0.000 0.000 1.000
TEXTURES 0
