MSHX1
GROUPS 9
LABEL LES_BoostProtectiveCover
MATERIAL 1
TEXTURE 1
FLAG 0
GEOM 1538 1320
0.0163 -0.0832 -2.5466 0.1174 -0.5904 0.7985 0.2013 0.9484
0.0163 0.0843 -2.5466 0.1174 0.5904 0.7985 0.2013 0.9463
-0.0004 0.0860 -2.5466 0.0000 0.6020 0.7985 0.2011 0.9463
0.0470 -0.0704 -2.5466 0.3345 -0.5005 0.7985 0.2017 0.9482
0.0706 -0.0469 -2.5466 0.5005 -0.3345 0.7985 0.2020 0.9479
0.0785 -0.0321 -2.5466 0.5562 -0.2304 0.7985 0.2021 0.9478
0.0850 0.0006 -2.5466 0.6020 0.0000 0.7985 0.2022 0.9473
0.0600 0.0610 -2.5466 0.4257 0.4257 0.7985 0.2019 0.9466
0.0411 -0.2080 -2.6426 0.1464 -0.7359 0.6611 0.2017 0.9500
0.1178 -0.1763 -2.6426 0.4168 -0.6238 0.6611 0.2026 0.9496
0.1765 -0.1176 -2.6426 0.6238 -0.4168 0.6611 0.2034 0.9488
0.1961 -0.0808 -2.6426 0.6932 -0.2871 0.6611 0.2036 0.9484
0.2082 0.0421 -2.6426 0.7359 0.1464 0.6611 0.2038 0.9468
0.1961 0.0820 -2.6426 0.6932 0.2871 0.6611 0.2036 0.9463
0.1765 0.1188 -2.6426 0.6238 0.4168 0.6611 0.2034 0.9458
0.1500 0.1510 -2.6426 0.5305 0.5305 0.6611 0.2030 0.9454
0.0810 0.1971 -2.6426 0.2871 0.6932 0.6611 0.2022 0.9448
1.0591 1.0601 -4.8083 0.6080 0.6080 0.5105 0.2146 0.9339
1.3839 0.5740 -4.8083 0.7944 0.3291 0.5105 0.2188 0.9400
1.2454 0.8330 -4.8083 0.7150 0.4777 0.5105 0.2170 0.9367
1.3839 -0.5728 -4.8083 0.7944 -0.3291 0.5105 0.2188 0.9546
1.4691 -0.2917 -4.8083 0.8434 -0.1678 0.5105 0.2198 0.9511
1.4979 0.0006 -4.8083 0.8599 -0.0000 0.5105 0.2202 0.9473
1.4691 0.2929 -4.8083 0.8434 0.1678 0.5105 0.2198 0.9436
-0.0004 -1.4977 -4.8083 -0.0000 -0.8599 0.5105 0.2011 0.9664
0.3664 0.5495 -3.3965 0.4777 0.7150 0.5105 0.2058 0.9404
0.2523 -0.6094 -3.3965 0.3291 -0.7944 0.5105 0.2043 0.9551
0.5486 0.3674 -3.3965 0.7150 0.4777 0.5105 0.2081 0.9427
0.2523 0.6106 -3.3965 0.3291 0.7944 0.5105 0.2043 0.9396
0.4664 -0.4663 -3.3965 0.6080 -0.6080 0.5105 0.2071 0.9533
0.1284 0.6481 -3.3965 0.1678 0.8434 0.5105 0.2028 0.9391
0.5486 -0.3662 -3.3965 0.7150 -0.4777 0.5105 0.2081 0.9520
0.6471 -0.1282 -3.3965 0.8434 -0.1678 0.5105 0.2094 0.9490
0.6598 0.0006 -3.3965 0.8599 0.0000 0.5105 0.2095 0.9473
-0.0004 0.6608 -3.3965 0.0000 0.8599 0.5105 0.2011 0.9389
-0.0004 -0.6596 -3.3965 0.0000 -0.8599 0.5105 0.2011 0.9557
0.1284 -0.6470 -3.3965 0.1678 -0.8434 0.5105 0.2028 0.9556
0.3664 -0.5484 -3.3965 0.4777 -0.7150 0.5105 0.2058 0.9543
0.6471 0.1294 -3.3965 0.8434 0.1678 0.5105 0.2094 0.9457
0.5478 0.8210 -3.9463 0.4777 0.7150 0.5105 0.2081 0.9369
0.3772 -0.9110 -3.9463 0.3291 -0.7944 0.5105 0.2059 0.9589
0.6973 -0.6971 -3.9463 0.6080 -0.6080 0.5105 0.2100 0.9562
0.1921 0.9683 -3.9463 0.1678 0.8434 0.5105 0.2036 0.9350
0.8200 -0.5476 -3.9463 0.7150 -0.4777 0.5105 0.2116 0.9543
0.9863 0.0006 -3.9463 0.8599 0.0000 0.5105 0.2137 0.9473
-0.0004 0.9872 -3.9463 0.0000 0.8599 0.5105 0.2011 0.9348
0.1921 -0.9671 -3.9463 0.1678 -0.8434 0.5105 0.2036 0.9597
0.5478 -0.8198 -3.9463 0.4777 -0.7150 0.5105 0.2081 0.9578
0.9112 -0.3770 -3.9463 0.7944 -0.3291 0.5105 0.2127 0.9521
0.3413 0.2289 -2.9766 0.7150 0.4777 0.5105 0.2055 0.9444
0.1569 0.3803 -2.9766 0.3291 0.7944 0.5105 0.2031 0.9425
0.2902 -0.2900 -2.9766 0.6080 -0.6080 0.5105 0.2048 0.9510
0.0798 0.4037 -2.9766 0.1678 0.8434 0.5105 0.2022 0.9422
0.4027 -0.0796 -2.9766 0.8434 -0.1678 0.5105 0.2063 0.9484
0.4106 0.0006 -2.9766 0.8599 0.0000 0.5105 0.2064 0.9473
0.4027 0.0808 -2.9766 0.8434 0.1678 0.5105 0.2063 0.9463
0.5730 1.3849 -4.8083 0.4059 0.7593 0.5086 0.2086 0.9298
-0.0004 -1.6068 -4.9919 -0.0000 -0.8599 0.5105 0.2011 0.9678
0.2033 -1.5867 -4.9919 0.0844 -0.8568 0.5086 0.2037 0.9675
0.3900 1.9634 -5.6555 0.1864 0.9372 0.2949 0.2061 0.9224
0.3900 -1.9622 -5.6555 0.1864 -0.9372 0.2949 0.2061 0.9723
0.7654 1.8495 -5.6555 0.3657 0.8828 0.2949 0.2109 0.9238
1.1114 1.6646 -5.6555 0.5309 0.7945 0.2949 0.2153 0.9262
1.4147 1.4157 -5.6555 0.6757 0.6757 0.2949 0.2191 0.9293
1.6636 1.1124 -5.6555 0.7945 0.5309 0.2949 0.2223 0.9332
1.9624 0.3910 -5.6555 0.9372 0.1864 0.2949 0.2261 0.9424
1.6636 -1.1113 -5.6555 0.7945 -0.5309 0.2949 0.2223 0.9615
1.1114 -1.6634 -5.6555 0.5309 -0.7945 0.2949 0.2153 0.9685
0.7654 -1.8484 -5.6555 0.3657 -0.8828 0.2949 0.2109 0.9709
0.3913 -1.9688 -5.7484 0.1946 -0.9783 0.0714 0.2061 0.9724
-0.0004 2.0085 -5.7484 0.0000 0.9974 0.0714 0.2011 0.9218
0.7680 1.8557 -5.7484 0.3817 0.9215 0.0714 0.2109 0.9237
1.1151 1.6701 -5.7484 0.5541 0.8293 0.0714 0.2153 0.9261
1.4194 1.4204 -5.7484 0.7053 0.7053 0.0714 0.2192 0.9293
1.9689 0.3923 -5.7484 0.9783 0.1946 0.0714 0.2262 0.9424
2.0075 0.0006 -5.7484 0.9974 -0.0000 0.0714 0.2267 0.9473
1.8547 -0.7678 -5.7484 0.9215 -0.3817 0.0714 0.2247 0.9571
1.6691 -1.1150 -5.7484 0.8293 -0.5542 0.0714 0.2224 0.9615
1.4194 -1.4192 -5.7484 0.7053 -0.7053 0.0714 0.2192 0.9654
0.7680 -1.8545 -5.7484 0.3817 -0.9215 0.0714 0.2109 0.9710
0.2033 -1.9806 -5.6555 0.0937 -0.9513 0.2936 0.2037 0.9726
0.0706 0.0480 -2.5466 0.5005 0.3345 0.7985 0.2020 0.9467
0.0785 0.0333 -2.5466 0.5562 0.2304 0.7985 0.2021 0.9469
0.0323 -0.0783 -2.5466 0.2304 -0.5562 0.7985 0.2015 0.9483
0.0600 -0.0598 -2.5466 0.4257 -0.4257 0.7985 0.2019 0.9481
0.0833 -0.0161 -2.5466 0.5904 -0.1174 0.7985 0.2022 0.9476
0.0833 0.0172 -2.5466 0.5904 0.1174 0.7985 0.2022 0.9471
-0.0004 -0.0848 -2.5466 0.0000 -0.6020 0.7985 0.2011 0.9484
0.0323 0.0795 -2.5466 0.2304 0.5562 0.7985 0.2015 0.9463
0.0470 0.0716 -2.5466 0.3345 0.5005 0.7985 0.2017 0.9464
0.0810 -0.1959 -2.6426 0.2871 -0.6932 0.6611 0.2022 0.9498
0.1500 -0.1498 -2.6426 0.5305 -0.5305 0.6611 0.2030 0.9493
0.2123 0.0006 -2.6426 0.7503 0.0000 0.6611 0.2038 0.9473
0.2082 -0.0409 -2.6426 0.7359 -0.1464 0.6611 0.2038 0.9479
-0.0004 -0.2121 -2.6426 0.0000 -0.7503 0.6611 0.2011 0.9500
0.0411 0.2092 -2.6426 0.1464 0.7359 0.6611 0.2017 0.9447
-0.0004 0.2133 -2.6426 0.0000 0.7503 0.6611 0.2011 0.9446
0.1178 0.1774 -2.6426 0.4168 0.6238 0.6611 0.2026 0.9451
0.2279 0.3423 -2.9766 0.4777 0.7150 0.5105 0.2040 0.9430
0.1569 -0.3791 -2.9766 0.3291 -0.7944 0.5105 0.2031 0.9522
0.3413 -0.2278 -2.9766 0.7150 -0.4777 0.5105 0.2055 0.9502
-0.0004 0.4116 -2.9766 0.0000 0.8599 0.5105 0.2011 0.9421
-0.0004 -0.4104 -2.9766 0.0000 -0.8599 0.5105 0.2011 0.9526
0.2919 -1.4690 -4.8083 0.1678 -0.8434 0.5105 0.2049 0.9660
1.2454 -0.8318 -4.8083 0.7150 -0.4777 0.5105 0.2170 0.9579
1.0591 -1.0589 -4.8083 0.6080 -0.6080 0.5105 0.2146 0.9608
0.5730 -1.3837 -4.8083 0.3291 -0.7944 0.5105 0.2084 0.9650
0.8320 -1.2452 -4.8083 0.4777 -0.7150 0.5105 0.2117 0.9632
0.8320 1.2464 -4.8083 0.4777 0.7150 0.5105 0.2117 0.9315
0.8200 0.5487 -3.9463 0.7150 0.4777 0.5105 0.2116 0.9404
0.3772 0.9121 -3.9463 0.3291 0.7944 0.5105 0.2059 0.9357
0.9673 -0.1919 -3.9463 0.8434 -0.1678 0.5105 0.2135 0.9498
-0.0004 -0.9861 -3.9463 -0.0000 -0.8599 0.5105 0.2011 0.9599
0.4664 0.4674 -3.3965 0.6080 0.6080 0.5105 0.2071 0.9414
0.0798 -0.4025 -2.9766 0.1678 -0.8434 0.5105 0.2022 0.9525
0.3793 0.1579 -2.9766 0.7944 0.3291 0.5105 0.2060 0.9453
0.6096 0.2532 -3.3965 0.7944 0.3291 0.5105 0.2089 0.9441
0.2279 -0.3411 -2.9766 0.4777 -0.7150 0.5105 0.2040 0.9517
0.3793 -0.1567 -2.9766 0.7944 -0.3291 0.5105 0.2060 0.9493
0.6096 -0.2521 -3.3965 0.7944 -0.3291 0.5105 0.2089 0.9506
0.6973 0.6983 -3.9463 0.6080 0.6080 0.5105 0.2100 0.9385
0.9112 0.3782 -3.9463 0.7944 0.3291 0.5105 0.2127 0.9425
0.9673 0.1931 -3.9463 0.8434 0.1678 0.5105 0.2135 0.9449
0.4625 0.8665 -3.9463 0.4059 0.7593 0.5086 0.2070 0.9363
1.8485 -0.7653 -5.6555 0.8828 -0.3657 0.2949 0.2247 0.9571
2.0009 0.0006 -5.6555 0.9555 -0.0000 0.2949 0.2266 0.9473
1.9624 -0.3898 -5.6555 0.9372 -0.1864 0.2949 0.2261 0.9523
1.8485 0.7664 -5.6555 0.8828 0.3657 0.2949 0.2247 0.9376
-0.0004 2.0019 -5.6555 0.0000 0.9555 0.2949 0.2011 0.9219
1.4147 -1.4145 -5.6555 0.6757 -0.6757 0.2949 0.2191 0.9654
1.6691 1.1161 -5.7484 0.8293 0.5542 0.0714 0.2224 0.9331
1.9689 -0.3911 -5.7484 0.9783 -0.1946 0.0714 0.2262 0.9523
1.8547 0.7690 -5.7484 0.9215 0.3817 0.0714 0.2247 0.9376
0.3913 1.9699 -5.7484 0.1946 0.9783 0.0714 0.2061 0.9223
0.2033 -1.9873 -5.7484 0.0978 -0.9927 0.0711 0.2037 0.9726
1.1151 -1.6689 -5.7484 0.5542 -0.8293 0.0714 0.2153 0.9686
-0.0004 1.9700 -5.7484 0.0000 0.0000 -1.0000 0.1322 0.8626
1.9312 0.3848 -5.7484 0.0000 0.0000 -1.0000 0.1569 0.8828
1.9690 0.0006 -5.7484 0.0000 -0.0000 -1.0000 0.1574 0.8878
0.7533 -1.8189 -5.7484 0.0000 0.0000 -1.0000 0.1418 0.9110
1.9312 -0.3836 -5.7484 0.0000 -0.0000 -1.0000 0.1569 0.8927
1.8191 0.7543 -5.7484 0.0000 0.0000 -1.0000 0.1555 0.8781
0.3838 1.9322 -5.7484 0.0000 0.0000 -1.0000 0.1371 0.8630
1.0938 -1.6369 -5.7484 0.0000 0.0000 -1.0000 0.1462 0.9087
0.2902 0.2912 -2.9766 0.6080 0.6080 0.5105 0.2048 0.9436
0.1994 -1.9427 -5.6573 -0.9943 -0.1005 0.0368 0.2037 0.9721
-0.0171 -0.0832 -2.5466 -0.1174 -0.5904 0.7985 0.2009 0.9484
-0.0171 0.0843 -2.5466 -0.1174 0.5904 0.7985 0.2009 0.9463
-0.0478 -0.0704 -2.5466 -0.3345 -0.5005 0.7985 0.2005 0.9482
-0.0714 -0.0469 -2.5466 -0.5005 -0.3345 0.7985 0.2002 0.9479
-0.0793 -0.0321 -2.5466 -0.5562 -0.2304 0.7985 0.2001 0.9478
-0.0858 0.0006 -2.5466 -0.6020 0.0000 0.7985 0.2000 0.9473
-0.0608 0.0610 -2.5466 -0.4257 0.4257 0.7985 0.2004 0.9466
-0.0419 -0.2080 -2.6426 -0.1464 -0.7359 0.6611 0.2006 0.9500
-0.1186 -0.1763 -2.6426 -0.4168 -0.6238 0.6611 0.1996 0.9496
-0.1773 -0.1176 -2.6426 -0.6238 -0.4168 0.6611 0.1989 0.9488
-0.1969 -0.0808 -2.6426 -0.6932 -0.2871 0.6611 0.1986 0.9484
-0.2090 0.0421 -2.6426 -0.7359 0.1464 0.6611 0.1985 0.9468
-0.1969 0.0820 -2.6426 -0.6932 0.2871 0.6611 0.1986 0.9463
-0.1773 0.1188 -2.6426 -0.6238 0.4168 0.6611 0.1989 0.9458
-0.1508 0.1510 -2.6426 -0.5305 0.5305 0.6611 0.1992 0.9454
-0.0818 0.1971 -2.6426 -0.2871 0.6932 0.6611 0.2001 0.9448
-1.0599 1.0601 -4.8083 -0.5969 0.6183 0.5112 0.1876 0.9339
-1.3847 0.5740 -4.8083 -0.7944 0.3291 0.5105 0.1835 0.9400
-1.2462 0.8330 -4.8083 -0.7150 0.4777 0.5105 0.1853 0.9367
-1.3847 -0.5728 -4.8083 -0.7944 -0.3291 0.5105 0.1835 0.9546
-1.4699 -0.2917 -4.8083 -0.8434 -0.1678 0.5105 0.1824 0.9511
-1.4987 0.0006 -4.8083 -0.8599 -0.0000 0.5105 0.1821 0.9473
-1.4699 0.2929 -4.8083 -0.8434 0.1678 0.5105 0.1824 0.9436
-0.3672 0.5495 -3.3965 -0.4777 0.7150 0.5105 0.1965 0.9404
-0.2531 -0.6094 -3.3965 -0.3291 -0.7944 0.5105 0.1979 0.9551
-0.5494 0.3674 -3.3965 -0.7150 0.4777 0.5105 0.1941 0.9427
-0.2531 0.6106 -3.3965 -0.3291 0.7944 0.5105 0.1979 0.9396
-0.4673 -0.4663 -3.3965 -0.6080 -0.6080 0.5105 0.1952 0.9533
-0.1292 0.6481 -3.3965 -0.1678 0.8434 0.5105 0.1995 0.9391
-0.5494 -0.3662 -3.3965 -0.7150 -0.4777 0.5105 0.1941 0.9520
-0.6479 -0.1282 -3.3965 -0.8434 -0.1678 0.5105 0.1929 0.9490
-0.6606 0.0006 -3.3965 -0.8599 0.0000 0.5105 0.1927 0.9473
-0.1292 -0.6470 -3.3965 -0.1678 -0.8434 0.5105 0.1995 0.9556
-0.3672 -0.5484 -3.3965 -0.4777 -0.7150 0.5105 0.1965 0.9543
-0.6479 0.1294 -3.3965 -0.8434 0.1678 0.5105 0.1929 0.9457
-0.5486 0.8210 -3.9463 -0.4780 0.7170 0.5074 0.1942 0.9369
-0.3780 -0.9110 -3.9463 -0.3291 -0.7944 0.5105 0.1963 0.9589
-0.6981 -0.6971 -3.9463 -0.6080 -0.6080 0.5105 0.1922 0.9562
-0.1929 0.9683 -3.9463 -0.1678 0.8434 0.5105 0.1987 0.9350
-0.8208 -0.5476 -3.9463 -0.7150 -0.4777 0.5105 0.1907 0.9543
-0.9871 0.0006 -3.9463 -0.8599 0.0000 0.5105 0.1886 0.9473
-0.1929 -0.9671 -3.9463 -0.1678 -0.8434 0.5105 0.1987 0.9597
-0.5486 -0.8198 -3.9463 -0.4777 -0.7150 0.5105 0.1942 0.9578
-0.9120 -0.3770 -3.9463 -0.7944 -0.3291 0.5105 0.1895 0.9521
-0.3421 0.2289 -2.9766 -0.7150 0.4777 0.5105 0.1968 0.9444
-0.1577 0.3803 -2.9766 -0.3291 0.7944 0.5105 0.1991 0.9425
-0.2910 -0.2900 -2.9766 -0.6080 -0.6080 0.5105 0.1974 0.9510
-0.0806 0.4037 -2.9766 -0.1678 0.8434 0.5105 0.2001 0.9422
-0.4035 -0.0796 -2.9766 -0.8434 -0.1678 0.5105 0.1960 0.9484
-0.4114 0.0006 -2.9766 -0.8599 0.0000 0.5105 0.1959 0.9473
-0.4035 0.0808 -2.9766 -0.8434 0.1678 0.5105 0.1960 0.9463
-0.5738 1.3849 -4.8083 -0.4326 0.7469 0.5049 0.1934 0.9299
-0.2041 -1.5867 -4.9919 -0.0844 -0.8568 0.5086 0.1985 0.9675
-0.3908 1.9634 -5.6555 -0.1864 0.9372 0.2949 0.1962 0.9224
-0.3908 -1.9622 -5.6555 -0.1864 -0.9372 0.2949 0.1962 0.9723
-0.7663 1.8495 -5.6555 -0.3657 0.8828 0.2949 0.1914 0.9238
-1.1123 1.6646 -5.6555 -0.5309 0.7945 0.2949 0.1870 0.9262
-1.4155 1.4157 -5.6555 -0.6757 0.6757 0.2949 0.1831 0.9293
-1.6644 1.1124 -5.6555 -0.7945 0.5309 0.2949 0.1799 0.9332
-1.9632 0.3910 -5.6555 -0.9372 0.1864 0.2949 0.1761 0.9424
-1.6644 -1.1113 -5.6555 -0.7945 -0.5309 0.2949 0.1799 0.9615
-1.1123 -1.6634 -5.6555 -0.5309 -0.7945 0.2949 0.1870 0.9685
-0.7663 -1.8484 -5.6555 -0.3657 -0.8828 0.2949 0.1914 0.9709
-0.3921 -1.9688 -5.7484 -0.1946 -0.9783 0.0714 0.1961 0.9724
-0.7688 1.8557 -5.7484 -0.3817 0.9215 0.0714 0.1913 0.9237
-1.1159 1.6701 -5.7484 -0.5541 0.8293 0.0714 0.1869 0.9261
-1.4202 1.4204 -5.7484 -0.7053 0.7053 0.0714 0.1831 0.9293
-1.9697 0.3923 -5.7484 -0.9783 0.1946 0.0714 0.1761 0.9424
-2.0083 0.0006 -5.7484 -0.9974 0.0000 0.0714 0.1756 0.9473
-1.8555 -0.7678 -5.7484 -0.9215 -0.3817 0.0714 0.1775 0.9571
-1.6699 -1.1150 -5.7484 -0.8293 -0.5542 0.0714 0.1799 0.9615
-1.4202 -1.4192 -5.7484 -0.7053 -0.7053 0.0714 0.1831 0.9654
-0.7688 -1.8545 -5.7484 -0.3817 -0.9215 0.0714 0.1913 0.9710
-0.2041 -1.9806 -5.6555 -0.0937 -0.9513 0.2936 0.1985 0.9726
-0.0714 0.0480 -2.5466 -0.5005 0.3345 0.7985 0.2002 0.9467
-0.0793 0.0333 -2.5466 -0.5562 0.2304 0.7985 0.2001 0.9469
-0.0331 -0.0783 -2.5466 -0.2304 -0.5562 0.7985 0.2007 0.9483
-0.0608 -0.0598 -2.5466 -0.4257 -0.4257 0.7985 0.2004 0.9481
-0.0841 -0.0161 -2.5466 -0.5904 -0.1174 0.7985 0.2001 0.9476
-0.0841 0.0172 -2.5466 -0.5904 0.1174 0.7985 0.2001 0.9471
-0.0331 0.0795 -2.5466 -0.2304 0.5562 0.7985 0.2007 0.9463
-0.0478 0.0716 -2.5466 -0.3345 0.5005 0.7985 0.2005 0.9464
-0.0818 -0.1959 -2.6426 -0.2871 -0.6932 0.6611 0.2001 0.9498
-0.1508 -0.1498 -2.6426 -0.5305 -0.5305 0.6611 0.1992 0.9493
-0.2131 0.0006 -2.6426 -0.7503 0.0000 0.6611 0.1984 0.9473
-0.2090 -0.0409 -2.6426 -0.7359 -0.1464 0.6611 0.1985 0.9479
-0.0419 0.2092 -2.6426 -0.1464 0.7359 0.6611 0.2006 0.9447
-0.1186 0.1774 -2.6426 -0.4168 0.6238 0.6611 0.1996 0.9451
-0.2287 0.3423 -2.9766 -0.4777 0.7150 0.5105 0.1982 0.9430
-0.1577 -0.3791 -2.9766 -0.3291 -0.7944 0.5105 0.1991 0.9522
-0.3421 -0.2278 -2.9766 -0.7150 -0.4777 0.5105 0.1968 0.9502
-0.2927 -1.4690 -4.8083 -0.1678 -0.8434 0.5105 0.1974 0.9660
-1.2462 -0.8318 -4.8083 -0.7150 -0.4777 0.5105 0.1853 0.9579
-1.0599 -1.0589 -4.8083 -0.6080 -0.6080 0.5105 0.1876 0.9608
-0.5738 -1.3837 -4.8083 -0.3291 -0.7944 0.5105 0.1938 0.9650
-0.8328 -1.2452 -4.8083 -0.4777 -0.7150 0.5105 0.1905 0.9632
-0.8328 1.2464 -4.8083 -0.4783 0.7166 0.5076 0.1905 0.9315
-0.8208 0.5487 -3.9463 -0.7150 0.4777 0.5105 0.1907 0.9404
-0.3780 0.9121 -3.9463 -0.3439 0.7890 0.5092 0.1963 0.9357
-0.9681 -0.1919 -3.9463 -0.8434 -0.1678 0.5105 0.1888 0.9498
-0.4673 0.4674 -3.3965 -0.6080 0.6080 0.5105 0.1952 0.9414
-0.0806 -0.4025 -2.9766 -0.1678 -0.8434 0.5105 0.2001 0.9525
-0.3801 0.1579 -2.9766 -0.7944 0.3291 0.5105 0.1963 0.9453
-0.6104 0.2532 -3.3965 -0.7944 0.3291 0.5105 0.1934 0.9441
-0.2287 -0.3411 -2.9766 -0.4777 -0.7150 0.5105 0.1982 0.9517
-0.3801 -0.1567 -2.9766 -0.7944 -0.3291 0.5105 0.1963 0.9493
-0.6104 -0.2521 -3.3965 -0.7944 -0.3291 0.5105 0.1934 0.9506
-0.6981 0.6983 -3.9463 -0.5962 0.6190 0.5113 0.1922 0.9385
-0.9120 0.3782 -3.9463 -0.7944 0.3291 0.5105 0.1895 0.9425
-0.9681 0.1931 -3.9463 -0.8434 0.1678 0.5105 0.1888 0.9449
-0.4633 0.8665 -3.9463 -0.4335 0.7465 0.5048 0.1952 0.9363
-1.8493 -0.7653 -5.6555 -0.8828 -0.3657 0.2949 0.1776 0.9571
-2.0017 0.0006 -5.6555 -0.9555 0.0000 0.2949 0.1757 0.9473
-1.9632 -0.3898 -5.6555 -0.9372 -0.1864 0.2949 0.1761 0.9523
-1.8493 0.7664 -5.6555 -0.8828 0.3657 0.2949 0.1776 0.9376
-1.4155 -1.4145 -5.6555 -0.6757 -0.6757 0.2949 0.1831 0.9654
-1.6699 1.1161 -5.7484 -0.8293 0.5542 0.0714 0.1799 0.9331
-1.9697 -0.3911 -5.7484 -0.9783 -0.1946 0.0714 0.1761 0.9523
-1.8555 0.7690 -5.7484 -0.9215 0.3817 0.0714 0.1775 0.9376
-0.3921 1.9699 -5.7484 -0.1946 0.9783 0.0714 0.1961 0.9223
-0.2041 -1.9873 -5.7484 -0.0978 -0.9927 0.0711 0.1985 0.9726
-1.1159 -1.6689 -5.7484 -0.5542 -0.8293 0.0714 0.1869 0.9686
-0.7541 1.8201 -5.7484 0.0000 0.0000 -1.0000 0.1225 0.8645
-1.0946 1.6381 -5.7484 0.0000 -0.0000 -1.0000 0.1182 0.8668
-1.9320 0.3848 -5.7484 0.0000 -0.0000 -1.0000 0.1075 0.8828
-1.9698 0.0006 -5.7484 0.0000 0.0000 -1.0000 0.1070 0.8878
-1.6379 -1.0936 -5.7484 0.0000 -0.0000 -1.0000 0.1112 0.9018
-1.3930 -1.3920 -5.7484 0.0000 0.0000 -1.0000 0.1144 0.9056
-1.6379 1.0947 -5.7484 0.0000 0.0000 -1.0000 0.1112 0.8738
-1.8199 0.7543 -5.7484 0.0000 -0.0000 -1.0000 0.1089 0.8781
-0.3846 1.9322 -5.7484 0.0000 0.0000 -1.0000 0.1273 0.8630
-0.2002 -1.9492 -5.7484 0.0000 0.0000 -1.0000 0.1296 0.9127
-0.2910 0.2912 -2.9766 -0.6080 0.6080 0.5105 0.1974 0.9436
-0.2002 -1.9427 -5.6573 0.9943 -0.1005 0.0368 0.1986 0.9721
0.0159 -0.0816 -2.6080 -0.1174 0.5904 -0.7985 0.1324 0.8888
0.0159 0.0827 -2.6080 -0.1174 -0.5904 -0.7985 0.1324 0.8867
-0.0004 0.0843 -2.6080 0.0000 -0.6020 -0.7985 0.1322 0.8867
0.0461 -0.0691 -2.6080 -0.3345 0.5005 -0.7985 0.1328 0.8887
0.0692 -0.0459 -2.6080 -0.5005 0.3345 -0.7985 0.1331 0.8884
0.0770 -0.0315 -2.6080 -0.5562 0.2304 -0.7985 0.1332 0.8882
0.0833 0.0006 -2.6080 -0.6020 -0.0000 -0.7985 0.1333 0.8878
0.0588 0.0598 -2.6080 -0.4257 -0.4257 -0.7985 0.1330 0.8870
0.0403 -0.2040 -2.7021 -0.1464 0.7359 -0.6611 0.1327 0.8904
0.1155 -0.1729 -2.7021 -0.4168 0.6238 -0.6611 0.1337 0.8900
0.1731 -0.1153 -2.7021 -0.6238 0.4168 -0.6611 0.1344 0.8892
0.1924 -0.0793 -2.7021 -0.6932 0.2871 -0.6611 0.1347 0.8888
0.2042 0.0413 -2.7021 -0.7359 -0.1464 -0.6611 0.1348 0.8872
0.1924 0.0804 -2.7021 -0.6932 -0.2871 -0.6611 0.1347 0.8867
0.1731 0.1165 -2.7021 -0.6238 -0.4168 -0.6611 0.1344 0.8863
0.1471 0.1481 -2.7021 -0.5305 -0.5305 -0.6611 0.1341 0.8859
0.0794 0.1933 -2.7021 -0.2871 -0.6932 -0.6611 0.1332 0.8853
1.0388 1.0398 -4.8263 -0.6080 -0.6080 -0.5105 0.1455 0.8745
1.3573 0.5630 -4.8263 -0.7944 -0.3291 -0.5105 0.1496 0.8806
1.2215 0.8171 -4.8263 -0.7150 -0.4777 -0.5105 0.1478 0.8773
1.3573 -0.5618 -4.8263 -0.7944 0.3291 -0.5105 0.1496 0.8950
1.4410 -0.2861 -4.8263 -0.8434 0.1678 -0.5105 0.1506 0.8914
1.4692 0.0006 -4.8263 -0.8599 0.0000 -0.5105 0.1510 0.8878
1.4410 0.2873 -4.8263 -0.8434 -0.1678 -0.5105 0.1506 0.8841
-0.0004 -1.4690 -4.8263 -0.0000 0.8599 -0.5105 0.1322 0.9066
0.3594 0.5390 -3.4415 -0.4783 -0.7145 -0.5106 0.1368 0.8809
0.2474 -0.5977 -3.4415 -0.3291 0.7944 -0.5105 0.1354 0.8954
0.5380 0.3604 -3.4415 -0.7150 -0.4777 -0.5105 0.1391 0.8832
0.2474 0.5989 -3.4415 -0.3295 -0.7941 -0.5107 0.1354 0.8801
0.4575 -0.4573 -3.4415 -0.6080 0.6080 -0.5105 0.1381 0.8936
0.1259 0.6357 -3.4415 -0.1681 -0.8433 -0.5105 0.1338 0.8796
0.5380 -0.3592 -3.4415 -0.7150 0.4777 -0.5105 0.1391 0.8924
0.6347 -0.1258 -3.4415 -0.8434 0.1678 -0.5105 0.1403 0.8894
0.6472 0.0006 -3.4415 -0.8599 -0.0000 -0.5105 0.1405 0.8878
-0.0004 0.6482 -3.4415 -0.0000 -0.8598 -0.5107 0.1322 0.8795
-0.0004 -0.6470 -3.4415 -0.0000 0.8599 -0.5105 0.1322 0.8961
0.1259 -0.6346 -3.4415 -0.1678 0.8434 -0.5105 0.1338 0.8959
0.3594 -0.5379 -3.4415 -0.4777 0.7150 -0.5105 0.1368 0.8947
0.6347 0.1269 -3.4415 -0.8434 -0.1678 -0.5105 0.1403 0.8861
0.5372 0.8052 -3.9809 -0.4792 -0.7139 -0.5105 0.1391 0.8775
0.3699 -0.8935 -3.9809 -0.3291 0.7944 -0.5105 0.1369 0.8992
0.6839 -0.6837 -3.9809 -0.6080 0.6080 -0.5105 0.1409 0.8965
0.8042 -0.5371 -3.9809 -0.7150 0.4777 -0.5105 0.1425 0.8946
0.9673 0.0006 -3.9809 -0.8599 -0.0000 -0.5105 0.1446 0.8878
-0.4329 1.0300 -4.2305 0.3595 -0.7813 -0.5102 0.1267 0.8746
0.1884 -0.9486 -3.9809 -0.1678 0.8434 -0.5105 0.1346 0.8999
0.5372 -0.8041 -3.9809 -0.4777 0.7150 -0.5105 0.1391 0.8981
0.8937 -0.3698 -3.9809 -0.7944 0.3291 -0.5105 0.1436 0.8925
0.3348 0.2245 -3.0297 -0.7150 -0.4777 -0.5105 0.1365 0.8849
0.1539 0.3730 -3.0297 -0.3291 -0.7944 -0.5105 0.1342 0.8830
0.2846 -0.2845 -3.0297 -0.6080 0.6080 -0.5105 0.1358 0.8914
0.0782 0.3959 -3.0297 -0.1678 -0.8434 -0.5105 0.1332 0.8827
0.3950 -0.0781 -3.0297 -0.8434 0.1678 -0.5105 0.1373 0.8888
0.4027 0.0006 -3.0297 -0.8599 -0.0000 -0.5105 0.1374 0.8878
0.2846 0.2856 -3.0297 -0.6080 -0.6080 -0.5105 0.1358 0.8841
0.3950 0.0792 -3.0297 -0.8434 -0.1678 -0.5105 0.1373 0.8868
-0.0004 -1.5760 -5.0064 -0.0000 -0.4258 -0.9048 0.1322 0.9079
0.1994 -1.5563 -5.0064 -0.9933 -0.0994 0.0590 0.2037 0.9672
0.3825 1.9258 -5.6573 -0.1865 -0.9372 -0.2949 0.1371 0.8631
0.3825 -1.9246 -5.6573 -0.1864 0.9372 -0.2949 0.1371 0.9124
0.7508 1.8141 -5.6573 -0.3659 -0.8827 -0.2948 0.1418 0.8646
1.0901 1.6327 -5.6573 -0.5312 -0.7943 -0.2948 0.1461 0.8669
1.3876 1.3886 -5.6573 -0.6757 -0.6757 -0.2949 0.1500 0.8700
1.6317 1.0911 -5.6573 -0.7945 -0.5309 -0.2949 0.1531 0.8738
1.9248 0.3835 -5.6573 -0.9372 -0.1864 -0.2949 0.1568 0.8829
1.6317 -1.0900 -5.6573 -0.7945 0.5309 -0.2949 0.1531 0.9017
1.0901 -1.6315 -5.6573 -0.5309 0.7945 -0.2949 0.1461 0.9086
0.7508 -1.8129 -5.6573 -0.3657 0.8828 -0.2949 0.1418 0.9110
0.3838 -1.9310 -5.7484 0.0000 0.0000 -1.0000 0.1371 0.9125
0.7533 1.8201 -5.7484 0.0000 0.0000 -1.0000 0.1418 0.8645
1.0938 1.6381 -5.7484 0.0000 -0.0000 -1.0000 0.1462 0.8668
1.3922 1.3932 -5.7484 0.0000 0.0000 -1.0000 0.1500 0.8699
1.8191 -0.7531 -5.7484 0.0000 0.0000 -1.0000 0.1555 0.8974
1.6371 -1.0936 -5.7484 0.0000 0.0000 -1.0000 0.1531 0.9018
1.3922 -1.3920 -5.7484 0.0000 0.0000 -1.0000 0.1500 0.9056
0.1994 1.9438 -5.6573 -0.0938 -0.9501 -0.2977 0.1347 0.8629
0.0692 0.0471 -2.6080 -0.5005 -0.3345 -0.7985 0.1331 0.8872
0.0770 0.0326 -2.6080 -0.5562 -0.2304 -0.7985 0.1332 0.8874
0.0316 -0.0768 -2.6080 -0.2304 0.5562 -0.7985 0.1326 0.8888
0.0588 -0.0586 -2.6080 -0.4257 0.4257 -0.7985 0.1330 0.8885
0.0817 -0.0158 -2.6080 -0.5904 0.1174 -0.7985 0.1332 0.8880
0.0817 0.0169 -2.6080 -0.5904 -0.1174 -0.7985 0.1332 0.8876
-0.0004 -0.0832 -2.6080 0.0000 0.6020 -0.7985 0.1322 0.8888
0.0316 0.0779 -2.6080 -0.2304 -0.5562 -0.7985 0.1326 0.8868
0.0461 0.0702 -2.6080 -0.3345 -0.5005 -0.7985 0.1328 0.8869
0.0794 -0.1922 -2.7021 -0.2871 0.6932 -0.6611 0.1332 0.8902
0.1471 -0.1469 -2.7021 -0.5305 0.5305 -0.6611 0.1341 0.8897
0.2082 0.0006 -2.7021 -0.7503 -0.0000 -0.6611 0.1349 0.8878
0.2042 -0.0401 -2.7021 -0.7359 0.1464 -0.6611 0.1348 0.8883
-0.0004 -0.2081 -2.7021 0.0000 0.7503 -0.6611 0.1322 0.8904
0.0403 0.2052 -2.7021 -0.1464 -0.7359 -0.6611 0.1327 0.8851
-0.0004 0.2092 -2.7021 0.0000 -0.7503 -0.6611 0.1322 0.8851
0.1155 0.1741 -2.7021 -0.4168 -0.6238 -0.6611 0.1337 0.8855
0.2235 0.3358 -3.0297 -0.4777 -0.7150 -0.5105 0.1351 0.8835
0.1539 -0.3718 -3.0297 -0.3291 0.7944 -0.5105 0.1342 0.8925
0.3348 -0.2234 -3.0297 -0.7150 0.4777 -0.5105 0.1365 0.8906
-0.0004 0.4037 -3.0297 -0.0000 -0.8599 -0.5105 0.1322 0.8826
-0.0004 -0.4025 -3.0297 -0.0000 0.8599 -0.5105 0.1322 0.8929
0.2863 -1.4408 -4.8263 -0.1678 0.8434 -0.5105 0.1359 0.9062
1.2215 -0.8159 -4.8263 -0.7150 0.4777 -0.5105 0.1478 0.8982
1.0388 -1.0386 -4.8263 -0.6080 0.6080 -0.5105 0.1455 0.9011
0.5620 -1.3572 -4.8263 -0.3291 0.7944 -0.5105 0.1394 0.9051
0.8161 -1.2214 -4.8263 -0.4777 0.7150 -0.5105 0.1426 0.9034
0.8161 1.2225 -4.8263 -0.4789 -0.7143 -0.5103 0.1426 0.8721
0.8042 0.5382 -3.9809 -0.7150 -0.4777 -0.5105 0.1425 0.8809
0.9488 -0.1882 -3.9809 -0.8434 0.1678 -0.5105 0.1443 0.8902
-0.0004 -0.9672 -3.9809 0.0000 0.8599 -0.5105 0.1322 0.9001
0.4575 0.4585 -3.4415 -0.6080 -0.6080 -0.5105 0.1381 0.8819
0.0782 -0.3948 -3.0297 -0.1678 0.8434 -0.5105 0.1332 0.8928
0.3720 0.1548 -3.0297 -0.7944 -0.3291 -0.5105 0.1370 0.8858
0.5979 0.2484 -3.4415 -0.7944 -0.3291 -0.5105 0.1398 0.8846
0.2235 -0.3346 -3.0297 -0.4777 0.7150 -0.5105 0.1351 0.8921
0.3720 -0.1537 -3.0297 -0.7944 0.3291 -0.5105 0.1370 0.8897
0.5979 -0.2472 -3.4415 -0.7944 0.3291 -0.5105 0.1398 0.8909
0.6839 0.6849 -3.9809 -0.6080 -0.6080 -0.5105 0.1409 0.8790
0.8937 0.3709 -3.9809 -0.7944 -0.3291 -0.5105 0.1436 0.8830
0.9487 0.1894 -3.9809 -0.8434 -0.1678 -0.5105 0.1443 0.8853
1.8131 -0.7506 -5.6573 -0.8828 0.3657 -0.2949 0.1554 0.8974
1.9625 0.0006 -5.6573 -0.9555 -0.0000 -0.2949 0.1573 0.8878
1.9248 -0.3824 -5.6573 -0.9372 0.1864 -0.2949 0.1568 0.8927
1.8131 0.7518 -5.6573 -0.8828 -0.3657 -0.2949 0.1554 0.8782
-0.0004 1.9635 -5.6573 0.0000 -0.9555 -0.2948 0.1322 0.8626
1.3876 -1.3874 -5.6573 -0.6757 0.6757 -0.2949 0.1500 0.9055
1.6371 1.0947 -5.7484 0.0000 0.0000 -1.0000 0.1531 0.8738
0.1994 1.9503 -5.7484 -0.0978 -0.9927 -0.0711 0.1347 0.8628
0.1994 -1.9492 -5.7484 0.0000 0.0000 -1.0000 0.1347 0.9127
-0.0167 -0.0816 -2.6080 0.1174 0.5904 -0.7985 0.1320 0.8888
-0.0167 0.0827 -2.6080 0.1174 -0.5904 -0.7985 0.1320 0.8867
-0.0469 -0.0691 -2.6080 0.3345 0.5005 -0.7985 0.1316 0.8887
-0.0700 -0.0459 -2.6080 0.5005 0.3345 -0.7985 0.1313 0.8884
-0.0778 -0.0315 -2.6080 0.5562 0.2304 -0.7985 0.1312 0.8882
-0.0842 0.0006 -2.6080 0.6020 -0.0000 -0.7985 0.1311 0.8878
-0.0596 0.0598 -2.6080 0.4257 -0.4257 -0.7985 0.1314 0.8870
-0.0411 -0.2040 -2.7021 0.1464 0.7359 -0.6611 0.1317 0.8904
-0.1163 -0.1729 -2.7021 0.4168 0.6238 -0.6611 0.1307 0.8900
-0.1739 -0.1153 -2.7021 0.6238 0.4168 -0.6611 0.1300 0.8892
-0.1932 -0.0793 -2.7021 0.6932 0.2871 -0.6611 0.1297 0.8888
-0.2050 0.0413 -2.7021 0.7359 -0.1464 -0.6611 0.1296 0.8872
-0.1932 0.0804 -2.7021 0.6932 -0.2871 -0.6611 0.1297 0.8867
-0.1739 0.1165 -2.7021 0.6238 -0.4168 -0.6611 0.1300 0.8863
-0.1479 0.1481 -2.7021 0.5305 -0.5305 -0.6611 0.1303 0.8859
-0.0802 0.1933 -2.7021 0.2871 -0.6932 -0.6611 0.1312 0.8853
-1.0396 1.0398 -4.8263 0.6078 -0.6082 -0.5105 0.1189 0.8745
-1.3581 0.5630 -4.8263 0.7944 -0.3291 -0.5105 0.1148 0.8806
-1.2223 0.8171 -4.8263 0.7150 -0.4777 -0.5105 0.1166 0.8773
-1.3581 -0.5618 -4.8263 0.7944 0.3291 -0.5105 0.1148 0.8950
-1.4418 -0.2861 -4.8263 0.8434 0.1678 -0.5105 0.1137 0.8914
-1.4700 0.0006 -4.8263 0.8599 -0.0000 -0.5105 0.1134 0.8878
-1.4418 0.2873 -4.8263 0.8434 -0.1678 -0.5105 0.1137 0.8841
-0.3602 0.5390 -3.4415 0.4783 -0.7145 -0.5106 0.1276 0.8809
-0.2482 -0.5977 -3.4415 0.3291 0.7944 -0.5105 0.1290 0.8954
-0.5388 0.3604 -3.4415 0.7150 -0.4777 -0.5105 0.1253 0.8832
-0.2482 0.5989 -3.4415 0.3295 -0.7941 -0.5107 0.1290 0.8801
-0.4583 -0.4573 -3.4415 0.6080 0.6080 -0.5105 0.1263 0.8936
-0.1267 0.6357 -3.4415 0.1681 -0.8433 -0.5105 0.1306 0.8796
-0.5388 -0.3592 -3.4415 0.7150 0.4777 -0.5105 0.1253 0.8924
-0.6355 -0.1258 -3.4415 0.8434 0.1678 -0.5105 0.1241 0.8894
-0.6480 0.0006 -3.4415 0.8599 -0.0000 -0.5105 0.1239 0.8878
-0.1267 -0.6346 -3.4415 0.1678 0.8434 -0.5105 0.1306 0.8959
-0.3602 -0.5379 -3.4415 0.4777 0.7150 -0.5105 0.1276 0.8947
-0.6355 0.1269 -3.4415 0.8434 -0.1678 -0.5105 0.1241 0.8861
-0.5381 0.8052 -3.9809 0.4786 -0.7144 -0.5105 0.1253 0.8775
-0.3707 -0.8935 -3.9809 0.3291 0.7944 -0.5105 0.1275 0.8992
-0.6847 -0.6837 -3.9809 0.6080 0.6080 -0.5105 0.1234 0.8965
0.2173 1.0951 -4.2305 -0.1689 -0.8432 -0.5104 0.1350 0.8738
-0.8051 -0.5371 -3.9809 0.7150 0.4777 -0.5105 0.1219 0.8946
-0.9682 0.0006 -3.9809 0.8599 -0.0000 -0.5105 0.1198 0.8878
-0.1892 -0.9486 -3.9809 0.1678 0.8434 -0.5105 0.1298 0.8999
-0.5381 -0.8041 -3.9809 0.4777 0.7150 -0.5105 0.1253 0.8981
-0.8945 -0.3698 -3.9809 0.7944 0.3291 -0.5105 0.1208 0.8925
-0.3356 0.2245 -3.0297 0.7150 -0.4777 -0.5105 0.1279 0.8849
-0.1547 0.3730 -3.0297 0.3291 -0.7944 -0.5105 0.1302 0.8830
-0.2854 -0.2845 -3.0297 0.6080 0.6080 -0.5105 0.1285 0.8914
-0.0790 0.3959 -3.0297 0.1678 -0.8434 -0.5105 0.1312 0.8827
-0.3958 -0.0781 -3.0297 0.8434 0.1678 -0.5105 0.1271 0.8888
-0.4035 0.0006 -3.0297 0.8599 -0.0000 -0.5105 0.1270 0.8878
-0.2854 0.2856 -3.0297 0.6080 -0.6080 -0.5105 0.1285 0.8841
-0.3958 0.0792 -3.0297 0.8434 -0.1678 -0.5105 0.1271 0.8868
-0.0004 1.6780 -5.1758 0.0000 -0.8600 -0.5103 0.1322 0.8663
-0.2002 -1.5563 -5.0064 0.9933 -0.0994 0.0590 0.1986 0.9672
-0.3834 1.9258 -5.6573 0.1865 -0.9372 -0.2949 0.1273 0.8631
-0.3834 -1.9246 -5.6573 0.1864 0.9372 -0.2949 0.1273 0.9124
-0.7516 1.8141 -5.6573 0.3659 -0.8827 -0.2948 0.1226 0.8646
-1.0909 1.6327 -5.6573 0.5312 -0.7943 -0.2948 0.1182 0.8669
-1.3884 1.3886 -5.6573 0.6757 -0.6757 -0.2949 0.1144 0.8700
-1.6325 1.0911 -5.6573 0.7945 -0.5309 -0.2949 0.1113 0.8738
-1.9256 0.3835 -5.6573 0.9372 -0.1864 -0.2949 0.1076 0.8829
-1.6325 -1.0900 -5.6573 0.7945 0.5309 -0.2949 0.1113 0.9017
-1.0909 -1.6315 -5.6573 0.5309 0.7945 -0.2949 0.1182 0.9086
-0.7516 -1.8129 -5.6573 0.3657 0.8828 -0.2949 0.1226 0.9110
-0.3846 -1.9310 -5.7484 0.0000 0.0000 -1.0000 0.1273 0.9125
-1.3930 1.3932 -5.7484 0.0000 -0.0000 -1.0000 0.1144 0.8699
-1.8199 -0.7531 -5.7484 0.0000 -0.0000 -1.0000 0.1089 0.8974
-0.7541 -1.8189 -5.7484 0.0000 0.0000 -1.0000 0.1225 0.9110
-0.2002 1.9438 -5.6573 0.0938 -0.9501 -0.2977 0.1296 0.8629
-0.0700 0.0471 -2.6080 0.5005 -0.3345 -0.7985 0.1313 0.8872
-0.0778 0.0326 -2.6080 0.5562 -0.2304 -0.7985 0.1312 0.8874
-0.0325 -0.0768 -2.6080 0.2304 0.5562 -0.7985 0.1318 0.8888
-0.0596 -0.0586 -2.6080 0.4257 0.4257 -0.7985 0.1314 0.8885
-0.0825 -0.0158 -2.6080 0.5904 0.1174 -0.7985 0.1311 0.8880
-0.0825 0.0169 -2.6080 0.5904 -0.1174 -0.7985 0.1311 0.8876
-0.0325 0.0779 -2.6080 0.2304 -0.5562 -0.7985 0.1318 0.8868
-0.0469 0.0702 -2.6080 0.3345 -0.5005 -0.7985 0.1316 0.8869
-0.0802 -0.1922 -2.7021 0.2871 0.6932 -0.6611 0.1312 0.8902
-0.1479 -0.1469 -2.7021 0.5305 0.5305 -0.6611 0.1303 0.8897
-0.2090 0.0006 -2.7021 0.7503 -0.0000 -0.6611 0.1295 0.8878
-0.2050 -0.0401 -2.7021 0.7359 0.1464 -0.6611 0.1296 0.8883
-0.0411 0.2052 -2.7021 0.1464 -0.7359 -0.6611 0.1317 0.8851
-0.1163 0.1741 -2.7021 0.4168 -0.6238 -0.6611 0.1307 0.8855
-0.2244 0.3358 -3.0297 0.4777 -0.7150 -0.5105 0.1293 0.8835
-0.1547 -0.3718 -3.0297 0.3291 0.7944 -0.5105 0.1302 0.8925
-0.3356 -0.2234 -3.0297 0.7150 0.4777 -0.5105 0.1279 0.8906
-0.2871 -1.4408 -4.8263 0.1678 0.8434 -0.5105 0.1285 0.9062
-1.2223 -0.8159 -4.8263 0.7150 0.4777 -0.5105 0.1166 0.8982
-1.0396 -1.0386 -4.8263 0.6080 0.6080 -0.5105 0.1189 0.9011
-0.5628 -1.3572 -4.8263 0.3291 0.7944 -0.5105 0.1250 0.9051
-0.8169 -1.2214 -4.8263 0.4777 0.7150 -0.5105 0.1217 0.9034
-0.8169 1.2225 -4.8263 0.4795 -0.7139 -0.5103 0.1217 0.8721
-0.8051 0.5382 -3.9809 0.7150 -0.4777 -0.5105 0.1219 0.8809
-0.9496 -0.1882 -3.9809 0.8434 0.1678 -0.5105 0.1200 0.8902
-0.4583 0.4585 -3.4415 0.6080 -0.6080 -0.5105 0.1263 0.8819
-0.0790 -0.3948 -3.0297 0.1678 0.8434 -0.5105 0.1312 0.8928
-0.3728 0.1548 -3.0297 0.7944 -0.3291 -0.5105 0.1274 0.8858
-0.5987 0.2484 -3.4415 0.7944 -0.3291 -0.5105 0.1245 0.8846
-0.2244 -0.3346 -3.0297 0.4777 0.7150 -0.5105 0.1293 0.8921
-0.3728 -0.1537 -3.0297 0.7944 0.3291 -0.5105 0.1274 0.8897
-0.5987 -0.2472 -3.4415 0.7944 0.3291 -0.5105 0.1245 0.8909
-0.6847 0.6849 -3.9809 0.6078 -0.6082 -0.5105 0.1234 0.8790
-0.8945 0.3709 -3.9809 0.7944 -0.3291 -0.5105 0.1208 0.8830
-0.9496 0.1894 -3.9809 0.8434 -0.1678 -0.5105 0.1200 0.8853
-1.8139 -0.7506 -5.6573 0.8828 0.3657 -0.2949 0.1090 0.8974
-1.9633 0.0006 -5.6573 0.9555 -0.0000 -0.2949 0.1071 0.8878
-1.9256 -0.3824 -5.6573 0.9372 0.1864 -0.2949 0.1076 0.8927
-1.8139 0.7518 -5.6573 0.8828 -0.3657 -0.2949 0.1090 0.8782
-1.3884 -1.3874 -5.6573 0.6757 0.6757 -0.2949 0.1144 0.9055
-1.9320 -0.3836 -5.7484 0.0000 -0.0000 -1.0000 0.1075 0.8927
-0.2002 1.9503 -5.7484 0.0978 -0.9927 -0.0711 0.1296 0.8628
-1.0946 -1.6369 -5.7484 0.0000 0.0000 -1.0000 0.1182 0.9087
-0.9393 1.7570 -5.6555 -0.4500 0.8419 0.2978 0.1892 0.9250
-0.9424 1.7629 -5.7484 -0.4702 0.8797 0.0711 0.1891 0.9249
-0.9243 1.7291 -5.7484 0.0000 -0.0000 -1.0000 0.1204 0.8656
-0.9213 1.7234 -5.6573 0.4507 -0.8416 -0.2975 0.1204 0.8657
0.9384 1.7570 -5.6555 0.4500 0.8419 0.2978 0.2131 0.9250
0.9416 1.7629 -5.7484 0.4702 0.8797 0.0711 0.2131 0.9249
0.9204 1.7234 -5.6573 -0.4507 -0.8416 -0.2975 0.1440 0.8657
0.9235 1.7291 -5.7484 0.0000 -0.0000 -1.0000 0.1440 0.8656
0.2250 1.1337 -4.2305 0.1678 0.8434 0.5105 0.2040 0.9329
-0.4425 1.0680 -4.2305 -0.3943 0.7671 0.5061 0.1955 0.9338
-0.2258 1.1337 -4.2305 -0.1678 0.8434 0.5105 0.1983 0.9329
0.4417 1.0680 -4.2305 0.3561 0.7828 0.5102 0.2068 0.9338
-0.0004 1.1559 -4.2305 0.0000 0.8599 0.5105 0.2011 0.9326
-0.3353 1.6841 -5.1758 -0.1678 0.8434 0.5105 0.1969 0.9259
0.3345 1.6841 -5.1758 0.1678 0.8434 0.5105 0.2054 0.9259
0.6565 1.5864 -5.1758 0.3539 0.7838 0.5103 0.2095 0.9272
-0.0004 1.7171 -5.1758 0.0000 0.8599 0.5105 0.2011 0.9255
-0.6573 1.5864 -5.1758 -0.3539 0.7838 0.5103 0.1928 0.9272
-0.9540 1.4278 -5.1758 -0.4777 0.7150 0.5105 0.1890 0.9292
0.3753 0.8930 -3.9809 -0.3309 -0.7935 -0.5107 0.1370 0.8763
-0.0004 1.1171 -4.2305 0.0000 -0.8598 -0.5106 0.1322 0.8735
-0.1892 0.9497 -3.9809 0.1687 -0.8432 -0.5105 0.1298 0.8756
-0.3761 0.8930 -3.9809 0.3313 -0.7934 -0.5107 0.1274 0.8763
-0.0004 0.9689 -3.9809 -0.0000 -0.8598 -0.5107 0.1322 0.8754
-0.2181 1.0951 -4.2305 0.1689 -0.8432 -0.5104 0.1294 0.8738
0.1884 0.9497 -3.9809 -0.1687 -0.8432 -0.5105 0.1346 0.8756
0.6445 1.5491 -5.1758 -0.3549 -0.7835 -0.5100 0.1404 0.8680
0.3268 1.6454 -5.1758 -0.1680 -0.8434 -0.5104 0.1364 0.8667
-0.3276 1.6454 -5.1758 0.1680 -0.8434 -0.5104 0.1280 0.8667
0.5661 1.3574 -4.8263 -0.4083 -0.7582 -0.5084 0.1413 0.8703
0.4320 1.0300 -4.2305 -0.3586 -0.7817 -0.5103 0.1377 0.8746
-0.6453 1.5491 -5.1758 0.3549 -0.7835 -0.5100 0.1239 0.8680
-0.5669 1.3574 -4.8263 0.4090 -0.7578 -0.5083 0.1230 0.8703
-0.6230 1.1520 -4.5193 -0.4607 0.7330 0.5005 0.1930 0.9326
-0.6120 1.1356 -4.5320 0.4108 -0.7567 -0.5085 0.1236 0.8734
-0.5314 1.1626 -4.4535 -0.4607 0.7330 0.5005 0.1942 0.9326
-0.5183 1.1435 -4.4684 0.4108 -0.7567 -0.5085 0.1242 0.8735
-0.5736 1.1645 -4.4924 -0.4607 0.7330 0.5005 0.1937 0.9325
-0.5612 1.1460 -4.5068 0.4108 -0.7567 -0.5085 0.1239 0.8734
-0.4872 1.1196 -4.3585 -0.4607 0.7330 0.5005 0.1948 0.9331
-0.4752 1.1020 -4.3719 0.4108 -0.7567 -0.5085 0.1247 0.8742
-0.5014 1.1471 -4.4070 -0.4607 0.7330 0.5005 0.1946 0.9328
-0.4885 1.1281 -4.4216 0.4108 -0.7567 -0.5085 0.1245 0.8738
-0.7192 1.0926 -4.5249 -0.4813 0.7164 0.5051 0.1919 0.9333
-0.7123 1.0821 -4.5332 0.4896 -0.7070 -0.5103 0.1230 0.8739
-0.4905 1.0833 -4.3140 -0.4607 0.7330 0.5005 0.1948 0.9335
-0.4803 1.0681 -4.3255 0.4108 -0.7567 -0.5085 0.1248 0.8746
-0.6734 1.1272 -4.5303 -0.4607 0.7330 0.5005 0.1924 0.9329
-0.6645 1.1134 -4.5412 0.4108 -0.7567 -0.5085 0.1233 0.8736
-0.5112 1.0427 -4.2788 -0.4607 0.7330 0.5005 0.1945 0.9339
-0.5029 1.0306 -4.2879 0.4108 -0.7567 -0.5085 0.1248 0.8750
-0.7750 1.0122 -4.4678 -0.4963 0.7038 0.5084 0.1912 0.9343
-0.7661 0.9984 -4.4786 0.5451 -0.6663 -0.5088 0.1224 0.8750
-0.7466 1.0405 -4.5127 0.5451 -0.6663 -0.5088 0.1226 0.8745
-0.7545 1.0529 -4.5031 -0.4963 0.7038 0.5084 0.1914 0.9338
-0.5465 1.0028 -4.2571 -0.4607 0.7330 0.5005 0.1940 0.9344
-0.5405 0.9940 -4.2636 0.4108 -0.7567 -0.5085 0.1247 0.8753
-0.5921 0.9683 -4.2515 -0.4607 0.7330 0.5005 0.1934 0.9348
-0.5883 0.9627 -4.2556 0.4108 -0.7567 -0.5085 0.1244 0.8756
-0.7784 0.9760 -4.4233 -0.4963 0.7038 0.5084 0.1911 0.9348
-0.7694 0.9619 -4.4342 0.5451 -0.6663 -0.5088 0.1224 0.8755
-0.6427 0.9436 -4.2629 -0.4831 0.7149 0.5055 0.1928 0.9351
-0.6400 0.9392 -4.2656 0.4965 -0.7022 -0.5103 0.1240 0.8758
-0.7273 0.9218 -4.3366 0.5451 -0.6663 -0.5088 0.1229 0.8760
-0.7343 0.9330 -4.3284 -0.4963 0.7038 0.5084 0.1917 0.9353
-0.7644 0.9486 -4.3749 -0.4963 0.7038 0.5084 0.1913 0.9351
-0.7559 0.9352 -4.3849 0.5451 -0.6663 -0.5088 0.1225 0.8758
-0.6871 0.9232 -4.2952 0.5451 -0.6663 -0.5088 0.1234 0.8760
-0.6921 0.9311 -4.2895 -0.4963 0.7038 0.5084 0.1922 0.9353
-0.7011 1.1712 -4.5235 -0.4657 0.7039 0.5363 0.2207 0.8835
-0.7308 1.0986 -4.5426 -0.5222 0.2712 -0.8085 0.2207 0.8916
-0.7708 1.0535 -4.5180 -0.7346 0.0311 -0.6778 0.2179 0.8993
-0.7929 1.0869 -4.4925 -0.7346 0.0311 -0.6778 0.2179 0.8993
-0.7940 1.0075 -4.4783 -0.8595 -0.2141 -0.4641 0.2127 0.9055
-0.7972 1.0457 -4.4423 -0.4673 0.7027 0.5365 0.2109 0.9034
-0.8006 1.0095 -4.3978 0.8799 0.4330 0.1956 0.2047 0.9070
-0.8040 0.9687 -4.3473 -0.4682 0.7018 0.5369 0.1976 0.9110
-0.7865 0.9820 -4.3494 -0.4682 0.7018 0.5369 0.1976 0.9082
-0.7000 0.9157 -4.2760 0.4662 -0.7031 -0.5369 0.1825 0.9055
-0.7222 0.9491 -4.2505 -0.4661 0.7033 0.5368 0.1825 0.9055
-0.6661 0.9631 -4.2202 -0.4656 0.7041 0.5362 0.1773 0.8993
-0.5867 0.9579 -4.2330 0.4673 -0.7051 -0.5334 0.1745 0.8916
-0.6089 0.9913 -4.2075 -0.4664 0.7045 0.5350 0.1745 0.8916
-0.5350 0.9970 -4.2393 0.5217 -0.2717 0.8087 0.1745 0.8835
-0.5686 1.0363 -4.2316 -0.4668 0.7043 0.5349 0.1772 0.8840
-0.4950 1.0420 -4.2638 0.7347 -0.0305 0.6777 0.1773 0.8758
-0.5334 1.0762 -4.2533 -0.7340 0.0308 -0.6784 0.1797 0.8772
-0.4717 1.0880 -4.3038 0.8592 0.2145 0.4644 0.1825 0.8696
-0.4938 1.1215 -4.2783 0.8592 0.2144 0.4645 0.1825 0.8696
-0.4678 1.1289 -4.3542 0.8799 0.4328 0.1961 0.1896 0.8655
-0.4899 1.1624 -4.3287 0.8799 0.4329 0.1960 0.1896 0.8655
-0.5093 1.1530 -4.3330 -0.8793 -0.4342 -0.1954 0.1905 0.8681
-0.4838 1.1603 -4.4093 0.7941 0.6001 -0.0966 0.1976 0.8641
-0.5060 1.1938 -4.3837 0.7943 0.5999 -0.0961 0.1976 0.8641
-0.5177 1.1778 -4.4619 0.6124 0.6945 -0.3778 0.2056 0.8655
-0.5399 1.2113 -4.4363 0.6123 0.6945 -0.3778 0.2056 0.8655
-0.5657 1.1799 -4.5059 0.4638 -0.7060 -0.5352 0.2127 0.8696
-0.6790 1.1377 -4.5491 -0.2465 0.4796 -0.8422 0.2207 0.8835
-0.6957 1.1606 -4.5048 -0.4657 0.7039 0.5363 0.2180 0.8839
-0.7529 1.1321 -4.5171 -0.4649 0.7037 0.5373 0.2207 0.8916
-0.7414 1.1261 -4.4993 -0.4649 0.7037 0.5373 0.2180 0.8911
-0.7766 1.0863 -4.4776 -0.4655 0.7034 0.5372 0.2155 0.8979
-0.8162 1.0410 -4.4527 -0.8595 -0.2140 -0.4642 0.2127 0.9055
-0.7978 0.9664 -4.4277 -0.8801 -0.4328 -0.1952 0.2056 0.9096
-0.8200 0.9999 -4.4022 -0.8801 -0.4327 -0.1953 0.2056 0.9096
-0.7819 0.9352 -4.3728 0.4704 -0.7000 -0.5373 0.1976 0.9110
-0.7478 0.9175 -4.3203 0.4697 -0.6997 -0.5383 0.1896 0.9096
-0.7700 0.9510 -4.2947 -0.4678 0.7016 0.5375 0.1896 0.9096
-0.7565 0.9664 -4.3029 -0.4678 0.7016 0.5375 0.1905 0.9070
-0.7142 0.9646 -4.2640 -0.4661 0.7033 0.5368 0.1843 0.9034
-0.6439 0.9297 -4.2459 0.4655 -0.7043 -0.5359 0.1773 0.8992
-0.6648 0.9770 -4.2373 -0.4656 0.7041 0.5362 0.1797 0.8979
-0.6142 1.0018 -4.2260 -0.4664 0.7045 0.5350 0.1772 0.8911
-0.5571 1.0304 -4.2138 -0.4668 0.7043 0.5349 0.1745 0.8835
-0.5171 1.0755 -4.2383 0.7348 -0.0304 0.6776 0.1773 0.8758
-0.5127 1.1167 -4.2885 -0.4657 0.7037 0.5366 0.1843 0.8717
-0.5235 1.1805 -4.3814 -0.7939 -0.6002 0.0975 0.1976 0.8668
-0.5535 1.1961 -4.4280 -0.6131 -0.6938 0.3777 0.2047 0.8681
-0.5879 1.2134 -4.4804 -0.4649 0.7046 0.5360 0.2127 0.8696
-0.5958 1.1979 -4.4669 -0.3583 -0.7047 0.6124 0.2109 0.8717
-0.6217 1.1659 -4.5362 0.0603 0.6300 -0.7742 0.2179 0.8758
-0.6438 1.1994 -4.5107 -0.4660 0.7040 0.5359 0.2179 0.8758
-0.6452 1.1855 -4.4936 -0.4660 0.7040 0.5359 0.2155 0.8772
0.0600 0.0610 -2.5466 0.0000 0.0000 1.0000 0.2019 0.9466
0.0706 0.0480 -2.5466 0.0000 0.0000 1.0000 0.2020 0.9467
0.0785 0.0333 -2.5466 0.0000 0.0000 1.0000 0.2021 0.9469
0.0785 0.0333 -2.5466 0.0000 0.0000 1.0000 0.2021 0.9469
0.0833 0.0172 -2.5466 0.0000 0.0000 1.0000 0.2022 0.9471
0.0850 0.0006 -2.5466 0.0000 0.0000 1.0000 0.2022 0.9473
0.0850 0.0006 -2.5466 0.0000 0.0000 1.0000 0.2022 0.9473
0.0833 -0.0161 -2.5466 0.0000 0.0000 1.0000 0.2022 0.9476
0.0785 -0.0321 -2.5466 0.0000 0.0000 1.0000 0.2021 0.9478
0.0785 -0.0321 -2.5466 0.0000 0.0000 1.0000 0.2021 0.9478
0.0706 -0.0469 -2.5466 0.0000 0.0000 1.0000 0.2020 0.9479
0.0600 -0.0598 -2.5466 0.0000 0.0000 1.0000 0.2019 0.9481
0.0600 -0.0598 -2.5466 0.0000 0.0000 1.0000 0.2019 0.9481
0.0470 -0.0704 -2.5466 0.0000 0.0000 1.0000 0.2017 0.9482
0.0323 -0.0783 -2.5466 0.0000 0.0000 1.0000 0.2015 0.9483
0.0323 -0.0783 -2.5466 0.0000 0.0000 1.0000 0.2015 0.9483
0.0163 -0.0832 -2.5466 0.0000 0.0000 1.0000 0.2013 0.9484
-0.0004 -0.0848 -2.5466 0.0000 0.0000 1.0000 0.2011 0.9484
-0.0004 -0.0848 -2.5466 0.0000 0.0000 1.0000 0.2011 0.9484
-0.0004 0.0860 -2.5466 0.0000 0.0000 1.0000 0.2011 0.9463
0.0163 0.0843 -2.5466 0.0000 0.0000 1.0000 0.2013 0.9463
0.0163 0.0843 -2.5466 0.0000 0.0000 1.0000 0.2013 0.9463
0.0323 0.0795 -2.5466 0.0000 0.0000 1.0000 0.2015 0.9463
0.0470 0.0716 -2.5466 0.0000 0.0000 1.0000 0.2017 0.9464
0.0470 0.0716 -2.5466 0.0000 0.0000 1.0000 0.2017 0.9464
0.0600 0.0610 -2.5466 0.0000 0.0000 1.0000 0.2019 0.9466
0.0785 0.0333 -2.5466 0.0000 0.0000 1.0000 0.2021 0.9469
0.0785 0.0333 -2.5466 0.0000 0.0000 1.0000 0.2021 0.9469
0.0850 0.0006 -2.5466 0.0000 0.0000 1.0000 0.2022 0.9473
0.0785 -0.0321 -2.5466 0.0000 0.0000 1.0000 0.2021 0.9478
0.0785 -0.0321 -2.5466 0.0000 0.0000 1.0000 0.2021 0.9478
0.0600 -0.0598 -2.5466 0.0000 0.0000 1.0000 0.2019 0.9481
0.0323 -0.0783 -2.5466 0.0000 0.0000 1.0000 0.2015 0.9483
0.0323 -0.0783 -2.5466 0.0000 0.0000 1.0000 0.2015 0.9483
-0.0004 -0.0848 -2.5466 0.0000 0.0000 1.0000 0.2011 0.9484
0.0163 0.0843 -2.5466 0.0000 0.0000 1.0000 0.2013 0.9463
0.0163 0.0843 -2.5466 0.0000 0.0000 1.0000 0.2013 0.9463
0.0470 0.0716 -2.5466 0.0000 0.0000 1.0000 0.2017 0.9464
0.0785 0.0333 -2.5466 0.0000 0.0000 1.0000 0.2021 0.9469
0.0785 0.0333 -2.5466 0.0000 0.0000 1.0000 0.2021 0.9469
0.0785 -0.0321 -2.5466 0.0000 0.0000 1.0000 0.2021 0.9478
0.0323 -0.0783 -2.5466 0.0000 0.0000 1.0000 0.2015 0.9483
0.0785 0.0333 -2.5466 0.0000 0.0000 1.0000 0.2021 0.9469
0.0323 -0.0783 -2.5466 0.0000 0.0000 1.0000 0.2015 0.9483
0.0163 0.0843 -2.5466 0.0000 0.0000 1.0000 0.2013 0.9463
0.3913 -1.9688 -5.7484 0.0000 0.0000 -1.0000 0.1372 0.9130
0.7680 -1.8545 -5.7484 0.0000 0.0000 -1.0000 0.1420 0.9115
0.3913 -1.9688 -5.7484 0.0000 0.0000 -1.0000 0.1372 0.9130
0.2033 -1.9873 -5.7484 0.0000 0.0000 -1.0000 0.1348 0.9132
0.3913 -1.9688 -5.7484 0.0000 0.0000 -1.0000 0.1372 0.9130
0.2033 -1.9873 -5.7484 0.0000 0.0000 -1.0000 0.1348 0.9132
1.4194 -1.4192 -5.7484 0.0000 0.0000 -1.0000 0.1504 0.9059
1.6691 -1.1150 -5.7484 0.0000 0.0000 -1.0000 0.1536 0.9020
1.4194 -1.4192 -5.7484 0.0000 0.0000 -1.0000 0.1504 0.9059
1.9689 -0.3911 -5.7484 0.0000 -0.0000 -1.0000 0.1574 0.8928
2.0075 0.0006 -5.7484 0.0000 -0.0000 -1.0000 0.1579 0.8878
1.9689 -0.3911 -5.7484 0.0000 -0.0000 -1.0000 0.1574 0.8928
1.1151 -1.6689 -5.7484 0.0000 0.0000 -1.0000 0.1465 0.9091
1.4194 -1.4192 -5.7484 0.0000 0.0000 -1.0000 0.1504 0.9059
1.1151 -1.6689 -5.7484 0.0000 0.0000 -1.0000 0.1465 0.9091
1.8547 0.7690 -5.7484 0.0000 0.0000 -1.0000 0.1559 0.8779
1.6691 1.1161 -5.7484 0.0000 0.0000 -1.0000 0.1536 0.8735
1.8547 0.7690 -5.7484 0.0000 0.0000 -1.0000 0.1559 0.8779
1.6691 1.1161 -5.7484 0.0000 0.0000 -1.0000 0.1536 0.8735
1.4194 1.4204 -5.7484 0.0000 0.0000 -1.0000 0.1504 0.8696
1.6691 1.1161 -5.7484 0.0000 0.0000 -1.0000 0.1536 0.8735
0.7680 -1.8545 -5.7484 0.0000 0.0000 -1.0000 0.1420 0.9115
1.1151 -1.6689 -5.7484 0.0000 0.0000 -1.0000 0.1465 0.9091
0.7680 -1.8545 -5.7484 0.0000 0.0000 -1.0000 0.1420 0.9115
1.6691 -1.1150 -5.7484 0.0000 0.0000 -1.0000 0.1536 0.9020
1.8547 -0.7678 -5.7484 0.0000 0.0000 -1.0000 0.1559 0.8976
1.6691 -1.1150 -5.7484 0.0000 0.0000 -1.0000 0.1536 0.9020
1.8547 -0.7678 -5.7484 0.0000 0.0000 -1.0000 0.1559 0.8976
1.9689 -0.3911 -5.7484 0.0000 -0.0000 -1.0000 0.1574 0.8928
1.8547 -0.7678 -5.7484 0.0000 0.0000 -1.0000 0.1559 0.8976
0.9416 1.7629 -5.7484 0.0000 -0.0000 -1.0000 0.1442 0.8652
0.7680 1.8557 -5.7484 0.0000 0.0000 -1.0000 0.1420 0.8640
0.9416 1.7629 -5.7484 0.0000 -0.0000 -1.0000 0.1442 0.8652
0.3913 1.9699 -5.7484 0.0000 0.0000 -1.0000 0.1372 0.8626
-0.0004 2.0085 -5.7484 0.0000 0.0000 -1.0000 0.1322 0.8621
0.3913 1.9699 -5.7484 0.0000 0.0000 -1.0000 0.1372 0.8626
2.0075 0.0006 -5.7484 0.0000 -0.0000 -1.0000 0.1579 0.8878
1.9689 0.3923 -5.7484 0.0000 0.0000 -1.0000 0.1574 0.8828
2.0075 0.0006 -5.7484 0.0000 -0.0000 -1.0000 0.1579 0.8878
0.7680 1.8557 -5.7484 0.0000 0.0000 -1.0000 0.1420 0.8640
0.3913 1.9699 -5.7484 0.0000 0.0000 -1.0000 0.1372 0.8626
0.7680 1.8557 -5.7484 0.0000 0.0000 -1.0000 0.1420 0.8640
1.4194 1.4204 -5.7484 0.0000 0.0000 -1.0000 0.1504 0.8696
1.1151 1.6701 -5.7484 0.0000 -0.0000 -1.0000 0.1465 0.8664
1.4194 1.4204 -5.7484 0.0000 0.0000 -1.0000 0.1504 0.8696
1.9689 0.3923 -5.7484 0.0000 0.0000 -1.0000 0.1574 0.8828
1.8547 0.7690 -5.7484 0.0000 0.0000 -1.0000 0.1559 0.8779
1.9689 0.3923 -5.7484 0.0000 0.0000 -1.0000 0.1574 0.8828
0.2033 -1.5867 -4.9919 -0.9933 -0.0994 0.0590 0.2037 0.9675
0.2033 -1.9806 -5.6555 -0.9945 -0.1009 0.0282 0.2037 0.9726
0.2033 -1.5867 -4.9919 -0.9933 -0.0994 0.0590 0.2037 0.9675
0.2033 -1.9806 -5.6555 -0.9945 -0.1009 0.0282 0.2037 0.9726
0.2033 -1.9873 -5.7484 -0.9948 -0.1019 0.0073 0.2037 0.9726
0.1994 -1.9492 -5.7484 -0.9948 -0.1019 0.0073 0.2037 0.9722
0.2033 -1.9806 -5.6555 -0.9945 -0.1009 0.0282 0.2037 0.9726
0.1994 -1.9492 -5.7484 -0.9948 -0.1019 0.0073 0.2037 0.9722
-0.0004 -1.6068 -4.9919 -0.0000 -0.4258 -0.9048 0.1322 0.9083
0.2033 -1.5867 -4.9919 0.0419 -0.4255 -0.9040 0.1348 0.9081
0.1994 -1.5563 -5.0064 0.0419 -0.4255 -0.9040 0.1347 0.9077
-0.0004 -1.6068 -4.9919 -0.0000 -0.4258 -0.9048 0.1322 0.9083
0.1994 -1.5563 -5.0064 0.0419 -0.4255 -0.9040 0.1347 0.9077
-0.0793 0.0333 -2.5466 0.0000 -0.0000 1.0000 0.2001 0.9469
-0.0714 0.0480 -2.5466 0.0000 -0.0000 1.0000 0.2002 0.9467
-0.0608 0.0610 -2.5466 0.0000 -0.0000 1.0000 0.2004 0.9466
-0.0608 0.0610 -2.5466 0.0000 -0.0000 1.0000 0.2004 0.9466
-0.0478 0.0716 -2.5466 0.0000 -0.0000 1.0000 0.2005 0.9464
-0.0331 0.0795 -2.5466 0.0000 -0.0000 1.0000 0.2007 0.9463
-0.0331 0.0795 -2.5466 0.0000 -0.0000 1.0000 0.2007 0.9463
-0.0171 0.0843 -2.5466 0.0000 -0.0000 1.0000 0.2009 0.9463
-0.0004 0.0860 -2.5466 0.0000 0.0000 1.0000 0.2011 0.9463
-0.0004 0.0860 -2.5466 0.0000 0.0000 1.0000 0.2011 0.9463
-0.0004 -0.0848 -2.5466 0.0000 0.0000 1.0000 0.2011 0.9484
-0.0171 -0.0832 -2.5466 0.0000 -0.0000 1.0000 0.2009 0.9484
-0.0171 -0.0832 -2.5466 0.0000 -0.0000 1.0000 0.2009 0.9484
-0.0331 -0.0783 -2.5466 0.0000 -0.0000 1.0000 0.2007 0.9483
-0.0478 -0.0704 -2.5466 0.0000 -0.0000 1.0000 0.2005 0.9482
-0.0478 -0.0704 -2.5466 0.0000 -0.0000 1.0000 0.2005 0.9482
-0.0608 -0.0598 -2.5466 0.0000 -0.0000 1.0000 0.2004 0.9481
-0.0714 -0.0469 -2.5466 0.0000 -0.0000 1.0000 0.2002 0.9479
-0.0714 -0.0469 -2.5466 0.0000 -0.0000 1.0000 0.2002 0.9479
-0.0793 -0.0321 -2.5466 0.0000 -0.0000 1.0000 0.2001 0.9478
-0.0841 -0.0161 -2.5466 0.0000 -0.0000 1.0000 0.2001 0.9476
-0.0841 -0.0161 -2.5466 0.0000 -0.0000 1.0000 0.2001 0.9476
-0.0858 0.0006 -2.5466 0.0000 -0.0000 1.0000 0.2000 0.9473
-0.0841 0.0172 -2.5466 0.0000 -0.0000 1.0000 0.2001 0.9471
-0.0841 0.0172 -2.5466 0.0000 -0.0000 1.0000 0.2001 0.9471
-0.0793 0.0333 -2.5466 0.0000 -0.0000 1.0000 0.2001 0.9469
-0.0608 0.0610 -2.5466 0.0000 -0.0000 1.0000 0.2004 0.9466
-0.0608 0.0610 -2.5466 0.0000 -0.0000 1.0000 0.2004 0.9466
-0.0331 0.0795 -2.5466 0.0000 -0.0000 1.0000 0.2007 0.9463
-0.0004 0.0860 -2.5466 0.0000 0.0000 1.0000 0.2011 0.9463
-0.0004 0.0860 -2.5466 0.0000 0.0000 1.0000 0.2011 0.9463
-0.0171 -0.0832 -2.5466 0.0000 -0.0000 1.0000 0.2009 0.9484
-0.0478 -0.0704 -2.5466 0.0000 -0.0000 1.0000 0.2005 0.9482
-0.0478 -0.0704 -2.5466 0.0000 -0.0000 1.0000 0.2005 0.9482
-0.0714 -0.0469 -2.5466 0.0000 -0.0000 1.0000 0.2002 0.9479
-0.0841 -0.0161 -2.5466 0.0000 -0.0000 1.0000 0.2001 0.9476
-0.0841 -0.0161 -2.5466 0.0000 -0.0000 1.0000 0.2001 0.9476
-0.0841 0.0172 -2.5466 0.0000 -0.0000 1.0000 0.2001 0.9471
-0.0608 0.0610 -2.5466 0.0000 -0.0000 1.0000 0.2004 0.9466
-0.0608 0.0610 -2.5466 0.0000 -0.0000 1.0000 0.2004 0.9466
-0.0004 0.0860 -2.5466 0.0000 0.0000 1.0000 0.2011 0.9463
-0.0478 -0.0704 -2.5466 0.0000 -0.0000 1.0000 0.2005 0.9482
-0.0608 0.0610 -2.5466 0.0000 -0.0000 1.0000 0.2004 0.9466
-0.0478 -0.0704 -2.5466 0.0000 -0.0000 1.0000 0.2005 0.9482
-0.0841 -0.0161 -2.5466 0.0000 -0.0000 1.0000 0.2001 0.9476
-0.3921 -1.9688 -5.7484 0.0000 0.0000 -1.0000 0.1272 0.9130
-0.3921 -1.9688 -5.7484 0.0000 0.0000 -1.0000 0.1272 0.9130
-0.7688 -1.8545 -5.7484 0.0000 0.0000 -1.0000 0.1224 0.9115
-0.2041 -1.9873 -5.7484 0.0000 0.0000 -1.0000 0.1296 0.9132
-0.2041 -1.9873 -5.7484 0.0000 0.0000 -1.0000 0.1296 0.9132
-0.3921 -1.9688 -5.7484 0.0000 0.0000 -1.0000 0.1272 0.9130
-1.4202 -1.4192 -5.7484 0.0000 0.0000 -1.0000 0.1140 0.9059
-1.4202 -1.4192 -5.7484 0.0000 0.0000 -1.0000 0.1140 0.9059
-1.6699 -1.1150 -5.7484 0.0000 -0.0000 -1.0000 0.1108 0.9020
-1.9697 -0.3911 -5.7484 0.0000 -0.0000 -1.0000 0.1070 0.8928
-1.9697 -0.3911 -5.7484 0.0000 -0.0000 -1.0000 0.1070 0.8928
-2.0083 0.0006 -5.7484 0.0000 0.0000 -1.0000 0.1065 0.8878
-1.1159 -1.6689 -5.7484 0.0000 0.0000 -1.0000 0.1179 0.9091
-1.1159 -1.6689 -5.7484 0.0000 0.0000 -1.0000 0.1179 0.9091
-1.4202 -1.4192 -5.7484 0.0000 0.0000 -1.0000 0.1140 0.9059
-1.8555 0.7690 -5.7484 0.0000 -0.0000 -1.0000 0.1085 0.8779
-1.8555 0.7690 -5.7484 0.0000 -0.0000 -1.0000 0.1085 0.8779
-1.6699 1.1161 -5.7484 0.0000 0.0000 -1.0000 0.1108 0.8735
-1.6699 1.1161 -5.7484 0.0000 0.0000 -1.0000 0.1108 0.8735
-1.6699 1.1161 -5.7484 0.0000 0.0000 -1.0000 0.1108 0.8735
-1.4202 1.4204 -5.7484 0.0000 -0.0000 -1.0000 0.1140 0.8696
-0.7688 -1.8545 -5.7484 0.0000 0.0000 -1.0000 0.1224 0.9115
-0.7688 -1.8545 -5.7484 0.0000 0.0000 -1.0000 0.1224 0.9115
-1.1159 -1.6689 -5.7484 0.0000 0.0000 -1.0000 0.1179 0.9091
-1.6699 -1.1150 -5.7484 0.0000 -0.0000 -1.0000 0.1108 0.9020
-1.6699 -1.1150 -5.7484 0.0000 -0.0000 -1.0000 0.1108 0.9020
-1.8555 -0.7678 -5.7484 0.0000 -0.0000 -1.0000 0.1085 0.8976
-1.8555 -0.7678 -5.7484 0.0000 -0.0000 -1.0000 0.1085 0.8976
-1.8555 -0.7678 -5.7484 0.0000 -0.0000 -1.0000 0.1085 0.8976
-1.9697 -0.3911 -5.7484 0.0000 -0.0000 -1.0000 0.1070 0.8928
-0.9424 1.7629 -5.7484 0.0000 -0.0000 -1.0000 0.1201 0.8652
-0.9424 1.7629 -5.7484 0.0000 -0.0000 -1.0000 0.1201 0.8652
-0.7688 1.8557 -5.7484 0.0000 0.0000 -1.0000 0.1224 0.8640
-0.3921 1.9699 -5.7484 0.0000 0.0000 -1.0000 0.1272 0.8626
-0.3921 1.9699 -5.7484 0.0000 0.0000 -1.0000 0.1272 0.8626
-0.0004 2.0085 -5.7484 0.0000 0.0000 -1.0000 0.1322 0.8621
-2.0083 0.0006 -5.7484 0.0000 0.0000 -1.0000 0.1065 0.8878
-2.0083 0.0006 -5.7484 0.0000 0.0000 -1.0000 0.1065 0.8878
-1.9697 0.3923 -5.7484 0.0000 0.0000 -1.0000 0.1070 0.8828
-0.7688 1.8557 -5.7484 0.0000 0.0000 -1.0000 0.1224 0.8640
-0.7688 1.8557 -5.7484 0.0000 0.0000 -1.0000 0.1224 0.8640
-0.3921 1.9699 -5.7484 0.0000 0.0000 -1.0000 0.1272 0.8626
-1.4202 1.4204 -5.7484 0.0000 -0.0000 -1.0000 0.1140 0.8696
-1.4202 1.4204 -5.7484 0.0000 -0.0000 -1.0000 0.1140 0.8696
-1.1159 1.6701 -5.7484 0.0000 -0.0000 -1.0000 0.1179 0.8664
-1.9697 0.3923 -5.7484 0.0000 0.0000 -1.0000 0.1070 0.8828
-1.9697 0.3923 -5.7484 0.0000 0.0000 -1.0000 0.1070 0.8828
-1.8555 0.7690 -5.7484 0.0000 -0.0000 -1.0000 0.1085 0.8779
-0.2041 -1.5867 -4.9919 0.9933 -0.0994 0.0590 0.1985 0.9675
-0.2041 -1.5867 -4.9919 0.9933 -0.0994 0.0590 0.1985 0.9675
-0.2041 -1.9806 -5.6555 0.9945 -0.1009 0.0282 0.1985 0.9726
-0.2041 -1.9806 -5.6555 0.9945 -0.1009 0.0282 0.1985 0.9726
-0.2002 -1.9492 -5.7484 0.9948 -0.1019 0.0073 0.1986 0.9722
-0.2041 -1.9806 -5.6555 0.9945 -0.1009 0.0282 0.1985 0.9726
-0.2002 -1.9492 -5.7484 0.9948 -0.1019 0.0073 0.1986 0.9722
-0.2041 -1.9873 -5.7484 0.9948 -0.1019 0.0073 0.1985 0.9726
-0.0004 -1.6068 -4.9919 -0.0000 -0.4258 -0.9048 0.1322 0.9083
-0.2002 -1.5563 -5.0064 -0.0419 -0.4255 -0.9040 0.1296 0.9077
-0.0004 -1.6068 -4.9919 -0.0000 -0.4258 -0.9048 0.1322 0.9083
-0.2002 -1.5563 -5.0064 -0.0419 -0.4255 -0.9040 0.1296 0.9077
-0.2041 -1.5867 -4.9919 -0.0419 -0.4255 -0.9040 0.1296 0.9081
-0.0004 -1.5760 -5.0064 -0.0000 0.8599 -0.5105 0.1322 0.9079
0.1994 -1.5563 -5.0064 -0.0844 0.8568 -0.5086 0.1347 0.9077
0.1994 -1.9427 -5.6573 -0.0937 0.9513 -0.2936 0.1347 0.9126
-0.0004 -1.5760 -5.0064 -0.0000 0.8599 -0.5105 0.1322 0.9079
0.1994 -1.5563 -5.0064 -0.0844 0.8568 -0.5086 0.1347 0.9077
0.1994 -1.5563 -5.0064 -0.0844 0.8568 -0.5086 0.1347 0.9077
0.7533 -1.8189 -5.7484 -0.3817 0.9215 -0.0714 0.1418 0.9110
1.0938 -1.6369 -5.7484 -0.5542 0.8293 -0.0714 0.1462 0.9087
1.0938 -1.6369 -5.7484 -0.5542 0.8293 -0.0714 0.1462 0.9087
1.6371 -1.0936 -5.7484 -0.8293 0.5542 -0.0714 0.1531 0.9018
1.8191 -0.7531 -5.7484 -0.9215 0.3817 -0.0714 0.1555 0.8974
1.8191 -0.7531 -5.7484 -0.9215 0.3817 -0.0714 0.1555 0.8974
1.3922 1.3932 -5.7484 -0.7053 -0.7053 -0.0714 0.1500 0.8699
1.0938 1.6381 -5.7484 -0.5541 -0.8293 -0.0714 0.1462 0.8668
1.0938 1.6381 -5.7484 -0.5541 -0.8293 -0.0714 0.1462 0.8668
0.9235 1.7291 -5.7484 -0.4702 -0.8797 -0.0711 0.1440 0.8656
0.7533 1.8201 -5.7484 -0.3817 -0.9215 -0.0714 0.1418 0.8645
0.7533 1.8201 -5.7484 -0.3817 -0.9215 -0.0714 0.1418 0.8645
0.3838 -1.9310 -5.7484 -0.1946 0.9783 -0.0714 0.1371 0.9125
0.7533 -1.8189 -5.7484 -0.3817 0.9215 -0.0714 0.1418 0.9110
0.7533 -1.8189 -5.7484 -0.3817 0.9215 -0.0714 0.1418 0.9110
1.6371 1.0947 -5.7484 -0.8293 -0.5542 -0.0714 0.1531 0.8738
1.3922 1.3932 -5.7484 -0.7053 -0.7053 -0.0714 0.1500 0.8699
1.3922 1.3932 -5.7484 -0.7053 -0.7053 -0.0714 0.1500 0.8699
1.9312 0.3848 -5.7484 -0.9783 -0.1946 -0.0714 0.1569 0.8828
1.8191 0.7543 -5.7484 -0.9215 -0.3817 -0.0714 0.1555 0.8781
1.8191 0.7543 -5.7484 -0.9215 -0.3817 -0.0714 0.1555 0.8781
1.9690 0.0006 -5.7484 -0.9974 -0.0000 -0.0714 0.1574 0.8878
1.9312 0.3848 -5.7484 -0.9783 -0.1946 -0.0714 0.1569 0.8828
1.9312 0.3848 -5.7484 -0.9783 -0.1946 -0.0714 0.1569 0.8828
1.8191 -0.7531 -5.7484 -0.9215 0.3817 -0.0714 0.1555 0.8974
1.9312 -0.3836 -5.7484 -0.9783 0.1946 -0.0714 0.1569 0.8927
1.9312 -0.3836 -5.7484 -0.9783 0.1946 -0.0714 0.1569 0.8927
1.9312 -0.3836 -5.7484 -0.9783 0.1946 -0.0714 0.1569 0.8927
1.9690 0.0006 -5.7484 -0.9974 -0.0000 -0.0714 0.1574 0.8878
1.9690 0.0006 -5.7484 -0.9974 -0.0000 -0.0714 0.1574 0.8878
1.3922 -1.3920 -5.7484 -0.7053 0.7053 -0.0714 0.1500 0.9056
1.6371 -1.0936 -5.7484 -0.8293 0.5542 -0.0714 0.1531 0.9018
1.6371 -1.0936 -5.7484 -0.8293 0.5542 -0.0714 0.1531 0.9018
1.8191 0.7543 -5.7484 -0.9215 -0.3817 -0.0714 0.1555 0.8781
1.6371 1.0947 -5.7484 -0.8293 -0.5542 -0.0714 0.1531 0.8738
1.6371 1.0947 -5.7484 -0.8293 -0.5542 -0.0714 0.1531 0.8738
1.0938 -1.6369 -5.7484 -0.5542 0.8293 -0.0714 0.1462 0.9087
1.3922 -1.3920 -5.7484 -0.7053 0.7053 -0.0714 0.1500 0.9056
1.3922 -1.3920 -5.7484 -0.7053 0.7053 -0.0714 0.1500 0.9056
0.7533 1.8201 -5.7484 -0.3817 -0.9215 -0.0714 0.1418 0.8645
0.3838 1.9322 -5.7484 -0.1946 -0.9783 -0.0714 0.1371 0.8630
0.3838 1.9322 -5.7484 -0.1946 -0.9783 -0.0714 0.1371 0.8630
0.1994 -1.9427 -5.6573 -0.0937 0.9513 -0.2936 0.1347 0.9126
0.1994 -1.9492 -5.7484 -0.0978 0.9927 -0.0711 0.1347 0.9127
0.3838 -1.9310 -5.7484 -0.1946 0.9783 -0.0714 0.1371 0.9125
0.1994 -1.9427 -5.6573 -0.0937 0.9513 -0.2936 0.1347 0.9126
0.3838 -1.9310 -5.7484 -0.1946 0.9783 -0.0714 0.1371 0.9125
0.3838 1.9322 -5.7484 -0.1946 -0.9783 -0.0714 0.1371 0.8630
0.3838 1.9322 -5.7484 -0.1946 -0.9783 -0.0714 0.1371 0.8630
-0.0004 1.9700 -5.7484 0.0000 -0.9974 -0.0714 0.1322 0.8626
-0.0004 1.9700 -5.7484 0.0000 -0.9974 -0.0714 0.1322 0.8626
0.3838 1.9322 -5.7484 -0.1946 -0.9783 -0.0714 0.1371 0.8630
-0.0004 1.9700 -5.7484 0.0000 -0.9974 -0.0714 0.1322 0.8626
0.0770 0.0326 -2.6080 0.0000 -0.0000 -1.0000 0.1332 0.8874
0.0692 0.0471 -2.6080 0.0000 -0.0000 -1.0000 0.1331 0.8872
0.0588 0.0598 -2.6080 0.0000 -0.0000 -1.0000 0.1330 0.8870
0.0588 0.0598 -2.6080 0.0000 -0.0000 -1.0000 0.1330 0.8870
0.0461 0.0702 -2.6080 0.0000 -0.0000 -1.0000 0.1328 0.8869
0.0316 0.0779 -2.6080 0.0000 -0.0000 -1.0000 0.1326 0.8868
0.0316 0.0779 -2.6080 0.0000 -0.0000 -1.0000 0.1326 0.8868
0.0159 0.0827 -2.6080 0.0000 -0.0000 -1.0000 0.1324 0.8867
-0.0004 0.0843 -2.6080 0.0000 -0.0000 -1.0000 0.1322 0.8867
-0.0004 0.0843 -2.6080 0.0000 -0.0000 -1.0000 0.1322 0.8867
-0.0004 -0.0832 -2.6080 0.0000 -0.0000 -1.0000 0.1322 0.8888
0.0159 -0.0816 -2.6080 0.0000 -0.0000 -1.0000 0.1324 0.8888
0.0159 -0.0816 -2.6080 0.0000 -0.0000 -1.0000 0.1324 0.8888
0.0316 -0.0768 -2.6080 0.0000 -0.0000 -1.0000 0.1326 0.8888
0.0461 -0.0691 -2.6080 0.0000 -0.0000 -1.0000 0.1328 0.8887
0.0461 -0.0691 -2.6080 0.0000 -0.0000 -1.0000 0.1328 0.8887
0.0588 -0.0586 -2.6080 0.0000 -0.0000 -1.0000 0.1330 0.8885
0.0692 -0.0459 -2.6080 0.0000 -0.0000 -1.0000 0.1331 0.8884
0.0692 -0.0459 -2.6080 0.0000 -0.0000 -1.0000 0.1331 0.8884
0.0770 -0.0315 -2.6080 0.0000 -0.0000 -1.0000 0.1332 0.8882
0.0817 -0.0158 -2.6080 0.0000 -0.0000 -1.0000 0.1332 0.8880
0.0817 -0.0158 -2.6080 0.0000 -0.0000 -1.0000 0.1332 0.8880
0.0833 0.0006 -2.6080 0.0000 -0.0000 -1.0000 0.1333 0.8878
0.0817 0.0169 -2.6080 0.0000 -0.0000 -1.0000 0.1332 0.8876
0.0817 0.0169 -2.6080 0.0000 -0.0000 -1.0000 0.1332 0.8876
0.0770 0.0326 -2.6080 0.0000 -0.0000 -1.0000 0.1332 0.8874
0.0588 0.0598 -2.6080 0.0000 -0.0000 -1.0000 0.1330 0.8870
0.0588 0.0598 -2.6080 0.0000 -0.0000 -1.0000 0.1330 0.8870
0.0316 0.0779 -2.6080 0.0000 -0.0000 -1.0000 0.1326 0.8868
-0.0004 0.0843 -2.6080 0.0000 -0.0000 -1.0000 0.1322 0.8867
-0.0004 0.0843 -2.6080 0.0000 -0.0000 -1.0000 0.1322 0.8867
0.0159 -0.0816 -2.6080 0.0000 -0.0000 -1.0000 0.1324 0.8888
0.0461 -0.0691 -2.6080 0.0000 -0.0000 -1.0000 0.1328 0.8887
0.0461 -0.0691 -2.6080 0.0000 -0.0000 -1.0000 0.1328 0.8887
0.0692 -0.0459 -2.6080 0.0000 -0.0000 -1.0000 0.1331 0.8884
0.0817 -0.0158 -2.6080 0.0000 -0.0000 -1.0000 0.1332 0.8880
0.0817 -0.0158 -2.6080 0.0000 -0.0000 -1.0000 0.1332 0.8880
0.0817 0.0169 -2.6080 0.0000 -0.0000 -1.0000 0.1332 0.8876
0.0588 0.0598 -2.6080 0.0000 -0.0000 -1.0000 0.1330 0.8870
0.0588 0.0598 -2.6080 0.0000 -0.0000 -1.0000 0.1330 0.8870
-0.0004 0.0843 -2.6080 0.0000 -0.0000 -1.0000 0.1322 0.8867
0.0461 -0.0691 -2.6080 0.0000 -0.0000 -1.0000 0.1328 0.8887
0.0588 0.0598 -2.6080 0.0000 -0.0000 -1.0000 0.1330 0.8870
0.0461 -0.0691 -2.6080 0.0000 -0.0000 -1.0000 0.1328 0.8887
0.0817 -0.0158 -2.6080 0.0000 -0.0000 -1.0000 0.1332 0.8880
-0.2002 -1.9427 -5.6573 0.0937 0.9513 -0.2936 0.1296 0.9126
-0.2002 -1.5563 -5.0064 0.0844 0.8568 -0.5086 0.1296 0.9077
-0.0004 -1.5760 -5.0064 -0.0000 0.8599 -0.5105 0.1322 0.9079
-0.2002 -1.9427 -5.6573 0.0937 0.9513 -0.2936 0.1296 0.9126
-0.2002 -1.5563 -5.0064 0.0844 0.8568 -0.5086 0.1296 0.9077
-0.2002 -1.5563 -5.0064 0.0844 0.8568 -0.5086 0.1296 0.9077
-1.0946 -1.6369 -5.7484 0.5542 0.8293 -0.0714 0.1182 0.9087
-1.0946 -1.6369 -5.7484 0.5542 0.8293 -0.0714 0.1182 0.9087
-0.7541 -1.8189 -5.7484 0.3817 0.9215 -0.0714 0.1225 0.9110
-1.8199 -0.7531 -5.7484 0.9215 0.3817 -0.0714 0.1089 0.8974
-1.8199 -0.7531 -5.7484 0.9215 0.3817 -0.0714 0.1089 0.8974
-1.6379 -1.0936 -5.7484 0.8293 0.5542 -0.0714 0.1112 0.9018
-1.0946 1.6381 -5.7484 0.5541 -0.8293 -0.0714 0.1182 0.8668
-1.0946 1.6381 -5.7484 0.5541 -0.8293 -0.0714 0.1182 0.8668
-1.3930 1.3932 -5.7484 0.7053 -0.7053 -0.0714 0.1144 0.8699
-0.7541 1.8201 -5.7484 0.3817 -0.9215 -0.0714 0.1225 0.8645
-0.7541 1.8201 -5.7484 0.3817 -0.9215 -0.0714 0.1225 0.8645
-0.9243 1.7291 -5.7484 0.4702 -0.8797 -0.0711 0.1204 0.8656
-0.7541 -1.8189 -5.7484 0.3817 0.9215 -0.0714 0.1225 0.9110
-0.7541 -1.8189 -5.7484 0.3817 0.9215 -0.0714 0.1225 0.9110
-0.3846 -1.9310 -5.7484 0.1946 0.9783 -0.0714 0.1273 0.9125
-1.3930 1.3932 -5.7484 0.7053 -0.7053 -0.0714 0.1144 0.8699
-1.3930 1.3932 -5.7484 0.7053 -0.7053 -0.0714 0.1144 0.8699
-1.6379 1.0947 -5.7484 0.8293 -0.5542 -0.0714 0.1112 0.8738
-1.8199 0.7543 -5.7484 0.9215 -0.3817 -0.0714 0.1089 0.8781
-1.8199 0.7543 -5.7484 0.9215 -0.3817 -0.0714 0.1089 0.8781
-1.9320 0.3848 -5.7484 0.9783 -0.1946 -0.0714 0.1075 0.8828
-1.9320 0.3848 -5.7484 0.9783 -0.1946 -0.0714 0.1075 0.8828
-1.9320 0.3848 -5.7484 0.9783 -0.1946 -0.0714 0.1075 0.8828
-1.9698 0.0006 -5.7484 0.9974 -0.0000 -0.0714 0.1070 0.8878
-1.9320 -0.3836 -5.7484 0.9783 0.1946 -0.0714 0.1075 0.8927
-1.9320 -0.3836 -5.7484 0.9783 0.1946 -0.0714 0.1075 0.8927
-1.8199 -0.7531 -5.7484 0.9215 0.3817 -0.0714 0.1089 0.8974
-1.9698 0.0006 -5.7484 0.9974 -0.0000 -0.0714 0.1070 0.8878
-1.9698 0.0006 -5.7484 0.9974 -0.0000 -0.0714 0.1070 0.8878
-1.9320 -0.3836 -5.7484 0.9783 0.1946 -0.0714 0.1075 0.8927
-1.6379 -1.0936 -5.7484 0.8293 0.5542 -0.0714 0.1112 0.9018
-1.6379 -1.0936 -5.7484 0.8293 0.5542 -0.0714 0.1112 0.9018
-1.3930 -1.3920 -5.7484 0.7053 0.7053 -0.0714 0.1144 0.9056
-1.6379 1.0947 -5.7484 0.8293 -0.5542 -0.0714 0.1112 0.8738
-1.6379 1.0947 -5.7484 0.8293 -0.5542 -0.0714 0.1112 0.8738
-1.8199 0.7543 -5.7484 0.9215 -0.3817 -0.0714 0.1089 0.8781
-1.3930 -1.3920 -5.7484 0.7053 0.7053 -0.0714 0.1144 0.9056
-1.3930 -1.3920 -5.7484 0.7053 0.7053 -0.0714 0.1144 0.9056
-1.0946 -1.6369 -5.7484 0.5542 0.8293 -0.0714 0.1182 0.9087
-0.3846 1.9322 -5.7484 0.1946 -0.9783 -0.0714 0.1273 0.8630
-0.3846 1.9322 -5.7484 0.1946 -0.9783 -0.0714 0.1273 0.8630
-0.7541 1.8201 -5.7484 0.3817 -0.9215 -0.0714 0.1225 0.8645
-0.2002 -1.9427 -5.6573 0.0937 0.9513 -0.2936 0.1296 0.9126
-0.3846 -1.9310 -5.7484 0.1946 0.9783 -0.0714 0.1273 0.9125
-0.2002 -1.9427 -5.6573 0.0937 0.9513 -0.2936 0.1296 0.9126
-0.3846 -1.9310 -5.7484 0.1946 0.9783 -0.0714 0.1273 0.9125
-0.2002 -1.9492 -5.7484 0.0978 0.9927 -0.0711 0.1296 0.9127
-0.3846 1.9322 -5.7484 0.1946 -0.9783 -0.0714 0.1273 0.8630
-0.0004 1.9700 -5.7484 0.0000 -0.9974 -0.0714 0.1322 0.8626
-0.3846 1.9322 -5.7484 0.1946 -0.9783 -0.0714 0.1273 0.8630
-0.0004 1.9700 -5.7484 0.0000 -0.9974 -0.0714 0.1322 0.8626
-0.0596 0.0598 -2.6080 0.0000 -0.0000 -1.0000 0.1314 0.8870
-0.0700 0.0471 -2.6080 0.0000 -0.0000 -1.0000 0.1313 0.8872
-0.0778 0.0326 -2.6080 0.0000 -0.0000 -1.0000 0.1312 0.8874
-0.0778 0.0326 -2.6080 0.0000 -0.0000 -1.0000 0.1312 0.8874
-0.0825 0.0169 -2.6080 0.0000 -0.0000 -1.0000 0.1311 0.8876
-0.0842 0.0006 -2.6080 0.0000 -0.0000 -1.0000 0.1311 0.8878
-0.0842 0.0006 -2.6080 0.0000 -0.0000 -1.0000 0.1311 0.8878
-0.0825 -0.0158 -2.6080 0.0000 -0.0000 -1.0000 0.1311 0.8880
-0.0778 -0.0315 -2.6080 0.0000 -0.0000 -1.0000 0.1312 0.8882
-0.0778 -0.0315 -2.6080 0.0000 -0.0000 -1.0000 0.1312 0.8882
-0.0700 -0.0459 -2.6080 0.0000 -0.0000 -1.0000 0.1313 0.8884
-0.0596 -0.0586 -2.6080 0.0000 -0.0000 -1.0000 0.1314 0.8885
-0.0596 -0.0586 -2.6080 0.0000 -0.0000 -1.0000 0.1314 0.8885
-0.0469 -0.0691 -2.6080 0.0000 -0.0000 -1.0000 0.1316 0.8887
-0.0325 -0.0768 -2.6080 0.0000 -0.0000 -1.0000 0.1318 0.8888
-0.0325 -0.0768 -2.6080 0.0000 -0.0000 -1.0000 0.1318 0.8888
-0.0167 -0.0816 -2.6080 0.0000 -0.0000 -1.0000 0.1320 0.8888
-0.0004 -0.0832 -2.6080 0.0000 -0.0000 -1.0000 0.1322 0.8888
-0.0004 -0.0832 -2.6080 0.0000 -0.0000 -1.0000 0.1322 0.8888
-0.0004 0.0843 -2.6080 0.0000 -0.0000 -1.0000 0.1322 0.8867
-0.0167 0.0827 -2.6080 0.0000 -0.0000 -1.0000 0.1320 0.8867
-0.0167 0.0827 -2.6080 0.0000 -0.0000 -1.0000 0.1320 0.8867
-0.0325 0.0779 -2.6080 0.0000 -0.0000 -1.0000 0.1318 0.8868
-0.0469 0.0702 -2.6080 0.0000 -0.0000 -1.0000 0.1316 0.8869
-0.0469 0.0702 -2.6080 0.0000 -0.0000 -1.0000 0.1316 0.8869
-0.0596 0.0598 -2.6080 0.0000 -0.0000 -1.0000 0.1314 0.8870
-0.0778 0.0326 -2.6080 0.0000 -0.0000 -1.0000 0.1312 0.8874
-0.0778 0.0326 -2.6080 0.0000 -0.0000 -1.0000 0.1312 0.8874
-0.0842 0.0006 -2.6080 0.0000 -0.0000 -1.0000 0.1311 0.8878
-0.0778 -0.0315 -2.6080 0.0000 -0.0000 -1.0000 0.1312 0.8882
-0.0778 -0.0315 -2.6080 0.0000 -0.0000 -1.0000 0.1312 0.8882
-0.0596 -0.0586 -2.6080 0.0000 -0.0000 -1.0000 0.1314 0.8885
-0.0325 -0.0768 -2.6080 0.0000 -0.0000 -1.0000 0.1318 0.8888
-0.0325 -0.0768 -2.6080 0.0000 -0.0000 -1.0000 0.1318 0.8888
-0.0004 -0.0832 -2.6080 0.0000 -0.0000 -1.0000 0.1322 0.8888
-0.0167 0.0827 -2.6080 0.0000 -0.0000 -1.0000 0.1320 0.8867
-0.0167 0.0827 -2.6080 0.0000 -0.0000 -1.0000 0.1320 0.8867
-0.0469 0.0702 -2.6080 0.0000 -0.0000 -1.0000 0.1316 0.8869
-0.0778 0.0326 -2.6080 0.0000 -0.0000 -1.0000 0.1312 0.8874
-0.0778 0.0326 -2.6080 0.0000 -0.0000 -1.0000 0.1312 0.8874
-0.0778 -0.0315 -2.6080 0.0000 -0.0000 -1.0000 0.1312 0.8882
-0.0325 -0.0768 -2.6080 0.0000 -0.0000 -1.0000 0.1318 0.8888
-0.0778 0.0326 -2.6080 0.0000 -0.0000 -1.0000 0.1312 0.8874
-0.0325 -0.0768 -2.6080 0.0000 -0.0000 -1.0000 0.1318 0.8888
-0.0167 0.0827 -2.6080 0.0000 -0.0000 -1.0000 0.1320 0.8867
-0.9243 1.7291 -5.7484 0.4702 -0.8797 -0.0711 0.1204 0.8656
-0.9243 1.7291 -5.7484 0.4702 -0.8797 -0.0711 0.1204 0.8656
-1.0946 1.6381 -5.7484 0.5541 -0.8293 -0.0714 0.1182 0.8668
-1.1159 1.6701 -5.7484 0.0000 -0.0000 -1.0000 0.1179 0.8664
-1.1159 1.6701 -5.7484 0.0000 -0.0000 -1.0000 0.1179 0.8664
-0.9424 1.7629 -5.7484 0.0000 -0.0000 -1.0000 0.1201 0.8652
1.0938 1.6381 -5.7484 -0.5541 -0.8293 -0.0714 0.1462 0.8668
0.9235 1.7291 -5.7484 -0.4702 -0.8797 -0.0711 0.1440 0.8656
0.9235 1.7291 -5.7484 -0.4702 -0.8797 -0.0711 0.1440 0.8656
1.1151 1.6701 -5.7484 0.0000 -0.0000 -1.0000 0.1465 0.8664
0.9416 1.7629 -5.7484 0.0000 -0.0000 -1.0000 0.1442 0.8652
1.1151 1.6701 -5.7484 0.0000 -0.0000 -1.0000 0.1465 0.8664
0.4417 1.0680 -4.2305 0.3561 0.7828 0.5102 0.2080 0.9344
0.4417 1.0680 -4.2305 0.3561 0.7828 0.5102 0.2080 0.9344
0.4417 1.0680 -4.2305 0.3561 0.7828 0.5102 0.2080 0.9344
-0.6573 1.5864 -5.1758 -0.3539 0.7838 0.5103 0.1909 0.9282
-0.6573 1.5864 -5.1758 -0.3539 0.7838 0.5103 0.1909 0.9282
-0.6573 1.5864 -5.1758 -0.3539 0.7838 0.5103 0.1909 0.9282
-0.6573 1.5864 -5.1758 -0.3539 0.7838 0.5103 0.1909 0.9282
0.6445 1.5491 -5.1758 -0.3549 -0.7835 -0.5100 0.1425 0.8691
0.6445 1.5491 -5.1758 -0.3549 -0.7835 -0.5100 0.1425 0.8691
0.6445 1.5491 -5.1758 -0.3549 -0.7835 -0.5100 0.1425 0.8691
-0.4329 1.0300 -4.2305 0.3595 -0.7813 -0.5102 0.1253 0.8754
-0.4329 1.0300 -4.2305 0.3595 -0.7813 -0.5102 0.1253 0.8754
-0.4329 1.0300 -4.2305 0.3595 -0.7813 -0.5102 0.1253 0.8754
-0.4329 1.0300 -4.2305 0.3595 -0.7813 -0.5102 0.1253 0.8754
-0.4329 1.0300 -4.2305 0.3595 -0.7813 -0.5102 0.1253 0.8754
-0.4329 1.0300 -4.2305 0.3595 -0.7813 -0.5102 0.1253 0.8754
-0.4329 1.0300 -4.2305 0.3595 -0.7813 -0.5102 0.1253 0.8754
-0.4425 1.0680 -4.2305 -0.0000 0.0000 -1.0000 0.1265 0.8741
-0.4329 1.0300 -4.2305 -0.0000 0.0000 -1.0000 0.1267 0.8746
-0.2181 1.0951 -4.2305 -0.0000 0.0000 -1.0000 0.1294 0.8738
-0.4425 1.0680 -4.2305 -0.0000 0.0000 -1.0000 0.1265 0.8741
-0.2181 1.0951 -4.2305 -0.0000 0.0000 -1.0000 0.1294 0.8738
-0.2258 1.1337 -4.2305 -0.0000 0.0000 -1.0000 0.1293 0.8733
-0.2258 1.1337 -4.2305 -0.0000 0.0000 -1.0000 0.1293 0.8733
-0.2181 1.0951 -4.2305 -0.0000 0.0000 -1.0000 0.1294 0.8738
-0.0004 1.1171 -4.2305 0.0000 0.0000 -1.0000 0.1322 0.8735
-0.2258 1.1337 -4.2305 -0.0000 0.0000 -1.0000 0.1293 0.8733
-0.0004 1.1171 -4.2305 0.0000 0.0000 -1.0000 0.1322 0.8735
-0.0004 1.1559 -4.2305 0.0000 0.0000 -1.0000 0.1322 0.8730
-0.0004 1.1559 -4.2305 0.0000 0.0000 -1.0000 0.1322 0.8730
-0.0004 1.1171 -4.2305 0.0000 0.0000 -1.0000 0.1322 0.8735
0.2173 1.0951 -4.2305 0.0000 0.0000 -1.0000 0.1350 0.8738
-0.0004 1.1559 -4.2305 0.0000 0.0000 -1.0000 0.1322 0.8730
0.2173 1.0951 -4.2305 0.0000 0.0000 -1.0000 0.1350 0.8738
0.2250 1.1337 -4.2305 0.0000 0.0000 -1.0000 0.1351 0.8733
0.2250 1.1337 -4.2305 0.0000 0.0000 -1.0000 0.1351 0.8733
0.2173 1.0951 -4.2305 0.0000 0.0000 -1.0000 0.1350 0.8738
0.4320 1.0300 -4.2305 0.0000 0.0000 -1.0000 0.1377 0.8746
0.2250 1.1337 -4.2305 0.0000 0.0000 -1.0000 0.1351 0.8733
0.4320 1.0300 -4.2305 0.0000 0.0000 -1.0000 0.1377 0.8746
0.4417 1.0680 -4.2305 0.0000 0.0000 -1.0000 0.1378 0.8741
0.4417 1.0680 -4.2305 -0.9619 0.2636 -0.0727 0.1391 0.8748
0.4320 1.0300 -4.2305 -0.9619 0.2636 -0.0727 0.1391 0.8754
0.5661 1.3574 -4.8263 -0.9583 0.2786 -0.0636 0.1413 0.8703
0.4417 1.0680 -4.2305 -0.9619 0.2636 -0.0727 0.1391 0.8748
0.5661 1.3574 -4.8263 -0.9583 0.2786 -0.0636 0.1413 0.8703
0.5730 1.3849 -4.8083 -0.9584 0.2780 -0.0640 0.1413 0.8702
0.5730 1.3849 -4.8083 -0.9584 0.2780 -0.0640 0.1413 0.8702
0.5661 1.3574 -4.8263 -0.9583 0.2786 -0.0636 0.1413 0.8703
0.6445 1.5491 -5.1758 -0.9546 0.2929 -0.0549 0.1425 0.8691
0.5730 1.3849 -4.8083 -0.9584 0.2780 -0.0640 0.1413 0.8702
0.6445 1.5491 -5.1758 -0.9546 0.2929 -0.0549 0.1425 0.8691
0.6565 1.5864 -5.1758 -0.9546 0.2929 -0.0549 0.1425 0.8685
0.6565 1.5864 -5.1758 -0.0000 -0.0000 1.0000 0.2095 0.9272
0.6445 1.5491 -5.1758 -0.0000 -0.0000 1.0000 0.2093 0.9276
0.3268 1.6454 -5.1758 -0.0000 -0.0000 1.0000 0.2053 0.9264
0.6565 1.5864 -5.1758 -0.0000 -0.0000 1.0000 0.2095 0.9272
0.3268 1.6454 -5.1758 -0.0000 -0.0000 1.0000 0.2053 0.9264
0.3345 1.6841 -5.1758 -0.0000 -0.0000 1.0000 0.2054 0.9259
0.3345 1.6841 -5.1758 -0.0000 -0.0000 1.0000 0.2054 0.9259
0.3268 1.6454 -5.1758 -0.0000 -0.0000 1.0000 0.2053 0.9264
-0.0004 1.6780 -5.1758 0.0000 -0.0000 1.0000 0.2011 0.9260
0.3345 1.6841 -5.1758 -0.0000 -0.0000 1.0000 0.2054 0.9259
-0.0004 1.6780 -5.1758 0.0000 -0.0000 1.0000 0.2011 0.9260
-0.0004 1.7171 -5.1758 0.0000 -0.0000 1.0000 0.2011 0.9255
-0.0004 1.7171 -5.1758 0.0000 -0.0000 1.0000 0.2011 0.9255
-0.0004 1.6780 -5.1758 0.0000 -0.0000 1.0000 0.2011 0.9260
-0.3276 1.6454 -5.1758 0.0000 -0.0000 1.0000 0.1970 0.9264
-0.0004 1.7171 -5.1758 0.0000 -0.0000 1.0000 0.2011 0.9255
-0.3276 1.6454 -5.1758 0.0000 -0.0000 1.0000 0.1970 0.9264
-0.3353 1.6841 -5.1758 0.0000 -0.0000 1.0000 0.1969 0.9259
-0.3353 1.6841 -5.1758 0.0000 -0.0000 1.0000 0.1969 0.9259
-0.3276 1.6454 -5.1758 0.0000 -0.0000 1.0000 0.1970 0.9264
-0.6453 1.5491 -5.1758 0.0000 -0.0000 1.0000 0.1929 0.9276
-0.3353 1.6841 -5.1758 0.0000 -0.0000 1.0000 0.1969 0.9259
-0.6453 1.5491 -5.1758 0.0000 -0.0000 1.0000 0.1929 0.9276
-0.6573 1.5864 -5.1758 0.0000 -0.0000 1.0000 0.1928 0.9272
-0.6573 1.5864 -5.1758 0.9546 0.2929 -0.0549 0.1219 0.8685
-0.6453 1.5491 -5.1758 0.9546 0.2929 -0.0549 0.1219 0.8691
-0.5669 1.3574 -4.8263 0.9583 0.2786 -0.0636 0.1230 0.8703
-0.6573 1.5864 -5.1758 0.9546 0.2929 -0.0549 0.1219 0.8685
-0.5669 1.3574 -4.8263 0.9583 0.2786 -0.0636 0.1230 0.8703
-0.5738 1.3849 -4.8083 0.9584 0.2780 -0.0640 0.1231 0.8702
-0.5738 1.3849 -4.8083 0.9584 0.2780 -0.0640 0.1231 0.8702
-0.5669 1.3574 -4.8263 0.9583 0.2786 -0.0636 0.1230 0.8703
-0.4329 1.0300 -4.2305 0.9619 0.2636 -0.0727 0.1253 0.8754
-0.5738 1.3849 -4.8083 0.9584 0.2780 -0.0640 0.1231 0.8702
-0.4329 1.0300 -4.2305 0.9619 0.2636 -0.0727 0.1253 0.8754
-0.4425 1.0680 -4.2305 0.9619 0.2636 -0.0727 0.1253 0.8748
-0.5029 1.0306 -4.2879 -0.7324 0.0135 -0.6807 0.1589 0.8628
-0.5112 1.0427 -4.2788 -0.7274 0.0204 -0.6859 0.1589 0.8628
-0.5465 1.0028 -4.2571 -0.5119 0.2557 -0.8201 0.1575 0.8626
-0.5029 1.0306 -4.2879 -0.7324 0.0135 -0.6807 0.1589 0.8628
-0.5465 1.0028 -4.2571 -0.5119 0.2557 -0.8201 0.1575 0.8626
-0.5405 0.9940 -4.2636 -0.5193 0.2490 -0.8175 0.1575 0.8626
-0.7694 0.9619 -4.4342 0.8869 0.4214 0.1891 0.1543 0.8684
-0.7784 0.9760 -4.4233 0.8867 0.4226 0.1875 0.1543 0.8684
-0.7750 1.0122 -4.4678 0.8666 0.2037 0.4556 0.1551 0.8694
-0.7694 0.9619 -4.4342 0.8869 0.4214 0.1891 0.1543 0.8684
-0.7750 1.0122 -4.4678 0.8666 0.2037 0.4556 0.1551 0.8694
-0.7661 0.9984 -4.4786 0.8669 0.2049 0.4544 0.1551 0.8694
-0.4803 1.0681 -4.3255 -0.8563 -0.2255 -0.4647 0.1600 0.8635
-0.4905 1.0833 -4.3140 -0.8549 -0.2211 -0.4693 0.1600 0.8635
-0.5112 1.0427 -4.2788 -0.7274 0.0204 -0.6859 0.1589 0.8628
-0.4803 1.0681 -4.3255 -0.8563 -0.2255 -0.4647 0.1600 0.8635
-0.5112 1.0427 -4.2788 -0.7274 0.0204 -0.6859 0.1589 0.8628
-0.5029 1.0306 -4.2879 -0.7324 0.0135 -0.6807 0.1589 0.8628
-0.6645 1.1134 -4.5412 0.2460 -0.4933 0.8344 0.1589 0.8700
-0.6734 1.1272 -4.5303 0.2508 -0.4904 0.8346 0.1589 0.8700
-0.6230 1.1520 -4.5193 -0.0539 -0.6375 0.7686 0.1601 0.8694
-0.6645 1.1134 -4.5412 0.2460 -0.4933 0.8344 0.1589 0.8700
-0.6230 1.1520 -4.5193 -0.0539 -0.6375 0.7686 0.1601 0.8694
-0.6120 1.1356 -4.5320 -0.0604 -0.6399 0.7661 0.1601 0.8694
-0.7559 0.9352 -4.3849 0.8049 0.5844 -0.1028 0.1538 0.8671
-0.7644 0.9486 -4.3749 0.8032 0.5861 -0.1065 0.1538 0.8671
-0.7784 0.9760 -4.4233 0.8867 0.4226 0.1875 0.1543 0.8684
-0.7559 0.9352 -4.3849 0.8049 0.5844 -0.1028 0.1538 0.8671
-0.7784 0.9760 -4.4233 0.8867 0.4226 0.1875 0.1543 0.8684
-0.7694 0.9619 -4.4342 0.8869 0.4214 0.1891 0.1543 0.8684
-0.7466 1.0405 -4.5127 0.7450 -0.0379 0.6659 0.1563 0.8701
-0.7545 1.0529 -4.5031 0.7425 -0.0415 0.6685 0.1563 0.8701
-0.7192 1.0926 -4.5249 0.5291 -0.2824 0.8002 0.1576 0.8703
-0.7466 1.0405 -4.5127 0.7450 -0.0379 0.6659 0.1563 0.8701
-0.7192 1.0926 -4.5249 0.5291 -0.2824 0.8002 0.1576 0.8703
-0.7123 1.0821 -4.5332 0.5272 -0.2841 0.8008 0.1576 0.8703
-0.4885 1.1281 -4.4216 -0.7881 -0.6084 0.0937 0.1614 0.8657
-0.5014 1.1471 -4.4070 -0.7890 -0.6075 0.0917 0.1613 0.8657
-0.4872 1.1196 -4.3585 -0.8757 -0.4398 -0.1996 0.1609 0.8645
-0.4885 1.1281 -4.4216 -0.7881 -0.6084 0.0937 0.1614 0.8657
-0.4872 1.1196 -4.3585 -0.8757 -0.4398 -0.1996 0.1609 0.8645
-0.4752 1.1020 -4.3719 -0.8752 -0.4426 -0.1955 0.1609 0.8645
-0.4752 1.1020 -4.3719 -0.8752 -0.4426 -0.1955 0.1609 0.8645
-0.4872 1.1196 -4.3585 -0.8757 -0.4398 -0.1996 0.1609 0.8645
-0.4905 1.0833 -4.3140 -0.8549 -0.2211 -0.4693 0.1600 0.8635
-0.4752 1.1020 -4.3719 -0.8752 -0.4426 -0.1955 0.1609 0.8645
-0.4905 1.0833 -4.3140 -0.8549 -0.2211 -0.4693 0.1600 0.8635
-0.4803 1.0681 -4.3255 -0.8563 -0.2255 -0.4647 0.1600 0.8635
-0.7123 1.0821 -4.5332 0.5272 -0.2841 0.8008 0.1576 0.8703
-0.7192 1.0926 -4.5249 0.5291 -0.2824 0.8002 0.1576 0.8703
-0.6734 1.1272 -4.5303 0.2508 -0.4904 0.8346 0.1589 0.8700
-0.7123 1.0821 -4.5332 0.5272 -0.2841 0.8008 0.1576 0.8703
-0.6734 1.1272 -4.5303 0.2508 -0.4904 0.8346 0.1589 0.8700
-0.6645 1.1134 -4.5412 0.2460 -0.4933 0.8344 0.1589 0.8700
-0.7661 0.9984 -4.4786 0.8669 0.2049 0.4544 0.1551 0.8694
-0.7750 1.0122 -4.4678 0.8666 0.2037 0.4556 0.1551 0.8694
-0.7545 1.0529 -4.5031 0.7425 -0.0415 0.6685 0.1563 0.8701
-0.7661 0.9984 -4.4786 0.8669 0.2049 0.4544 0.1551 0.8694
-0.7545 1.0529 -4.5031 0.7425 -0.0415 0.6685 0.1563 0.8701
-0.7466 1.0405 -4.5127 0.7450 -0.0379 0.6659 0.1563 0.8701
-0.6400 0.9392 -4.2656 0.0848 0.5951 -0.7992 0.1551 0.8635
-0.6427 0.9436 -4.2629 0.0833 0.5945 -0.7998 0.1551 0.8635
-0.6921 0.9311 -4.2895 0.3741 0.6808 -0.6298 0.1542 0.8645
-0.6400 0.9392 -4.2656 0.0848 0.5951 -0.7992 0.1551 0.8635
-0.6921 0.9311 -4.2895 0.3741 0.6808 -0.6298 0.1542 0.8645
-0.6871 0.9232 -4.2952 0.3814 0.6820 -0.6240 0.1542 0.8645
-0.5883 0.9627 -4.2556 -0.2344 0.4471 -0.8632 0.1562 0.8628
-0.5921 0.9683 -4.2515 -0.2271 0.4509 -0.8632 0.1562 0.8628
-0.6427 0.9436 -4.2629 0.0833 0.5945 -0.7998 0.1551 0.8635
-0.5883 0.9627 -4.2556 -0.2344 0.4471 -0.8632 0.1562 0.8628
-0.6427 0.9436 -4.2629 0.0833 0.5945 -0.7998 0.1551 0.8635
-0.6400 0.9392 -4.2656 0.0848 0.5951 -0.7992 0.1551 0.8635
-0.7273 0.9218 -4.3366 0.6284 0.6769 -0.3832 0.1538 0.8658
-0.7343 0.9330 -4.3284 0.6238 0.6780 -0.3888 0.1538 0.8658
-0.7644 0.9486 -4.3749 0.8032 0.5861 -0.1065 0.1538 0.8671
-0.7273 0.9218 -4.3366 0.6284 0.6769 -0.3832 0.1538 0.8658
-0.7644 0.9486 -4.3749 0.8032 0.5861 -0.1065 0.1538 0.8671
-0.7559 0.9352 -4.3849 0.8049 0.5844 -0.1028 0.1538 0.8671
-0.6120 1.1356 -4.5320 -0.0604 -0.6399 0.7661 0.1601 0.8694
-0.6230 1.1520 -4.5193 -0.0539 -0.6375 0.7686 0.1601 0.8694
-0.5736 1.1645 -4.4924 -0.3532 -0.7123 0.6066 0.1609 0.8683
-0.6120 1.1356 -4.5320 -0.0604 -0.6399 0.7661 0.1601 0.8694
-0.5736 1.1645 -4.4924 -0.3532 -0.7123 0.6066 0.1609 0.8683
-0.5612 1.1460 -4.5068 -0.3561 -0.7126 0.6045 0.1609 0.8683
-0.5183 1.1435 -4.4684 -0.6079 -0.7021 0.3707 0.1614 0.8671
-0.5314 1.1626 -4.4535 -0.6076 -0.7022 0.3711 0.1614 0.8671
-0.5014 1.1471 -4.4070 -0.7890 -0.6075 0.0917 0.1613 0.8657
-0.5183 1.1435 -4.4684 -0.6079 -0.7021 0.3707 0.1614 0.8671
-0.5014 1.1471 -4.4070 -0.7890 -0.6075 0.0917 0.1613 0.8657
-0.4885 1.1281 -4.4216 -0.7881 -0.6084 0.0937 0.1614 0.8657
-0.6871 0.9232 -4.2952 0.3814 0.6820 -0.6240 0.1542 0.8645
-0.6921 0.9311 -4.2895 0.3741 0.6808 -0.6298 0.1542 0.8645
-0.7343 0.9330 -4.3284 0.6238 0.6780 -0.3888 0.1538 0.8658
-0.6871 0.9232 -4.2952 0.3814 0.6820 -0.6240 0.1542 0.8645
-0.7343 0.9330 -4.3284 0.6238 0.6780 -0.3888 0.1538 0.8658
-0.7273 0.9218 -4.3366 0.6284 0.6769 -0.3832 0.1538 0.8658
-0.5612 1.1460 -4.5068 -0.3561 -0.7126 0.6045 0.1609 0.8683
-0.5736 1.1645 -4.4924 -0.3532 -0.7123 0.6066 0.1609 0.8683
-0.5314 1.1626 -4.4535 -0.6076 -0.7022 0.3711 0.1614 0.8671
-0.5612 1.1460 -4.5068 -0.3561 -0.7126 0.6045 0.1609 0.8683
-0.5314 1.1626 -4.4535 -0.6076 -0.7022 0.3711 0.1614 0.8671
-0.5183 1.1435 -4.4684 -0.6079 -0.7021 0.3707 0.1614 0.8671
-0.5405 0.9940 -4.2636 -0.5193 0.2490 -0.8175 0.1575 0.8626
-0.5465 1.0028 -4.2571 -0.5119 0.2557 -0.8201 0.1575 0.8626
-0.5921 0.9683 -4.2515 -0.2271 0.4509 -0.8632 0.1562 0.8628
-0.5405 0.9940 -4.2636 -0.5193 0.2490 -0.8175 0.1575 0.8626
-0.5921 0.9683 -4.2515 -0.2271 0.4509 -0.8632 0.1562 0.8628
-0.5883 0.9627 -4.2556 -0.2344 0.4471 -0.8632 0.1562 0.8628
-0.5177 1.1778 -4.4619 0.4615 -0.7083 -0.5342 0.2056 0.8655
-0.5314 1.1626 -4.4535 0.4615 -0.7083 -0.5342 0.2047 0.8681
-0.5014 1.1471 -4.4070 0.4621 -0.7071 -0.5352 0.1976 0.8668
-0.5177 1.1778 -4.4619 0.4615 -0.7083 -0.5342 0.2056 0.8655
-0.5014 1.1471 -4.4070 0.4621 -0.7071 -0.5352 0.1976 0.8668
-0.4838 1.1603 -4.4093 0.4621 -0.7071 -0.5352 0.1976 0.8641
-0.5571 1.0304 -4.2138 0.5215 -0.2719 0.8088 0.1745 0.8835
-0.4950 1.0420 -4.2638 0.4674 -0.7036 -0.5353 0.1773 0.8758
-0.5112 1.0427 -4.2788 0.4674 -0.7036 -0.5353 0.1797 0.8772
-0.5465 1.0028 -4.2571 0.4678 -0.7052 -0.5329 0.1772 0.8840
-0.4950 1.0420 -4.2638 0.4674 -0.7036 -0.5353 0.1773 0.8758
-0.5465 1.0028 -4.2571 0.4678 -0.7052 -0.5329 0.1772 0.8840
-0.5350 0.9970 -4.2393 0.4678 -0.7052 -0.5329 0.1745 0.8835
-0.5112 1.0427 -4.2788 -0.7339 0.0310 -0.6786 0.1797 0.8772
-0.5686 1.0363 -4.2316 -0.5219 0.2710 -0.8088 0.1772 0.8840
-0.5112 1.0427 -4.2788 -0.7339 0.0310 -0.6786 0.1797 0.8772
-0.5686 1.0363 -4.2316 -0.5219 0.2710 -0.8088 0.1772 0.8840
-0.5465 1.0028 -4.2571 -0.5217 0.2711 -0.8089 0.1772 0.8840
-0.7529 1.1321 -4.5171 -0.5223 0.2712 -0.8085 0.2207 0.8916
-0.7529 1.1321 -4.5171 -0.5223 0.2712 -0.8085 0.2207 0.8916
-0.7011 1.1712 -4.5235 -0.2464 0.4796 -0.8422 0.2207 0.8835
-0.4938 1.1215 -4.2783 -0.4657 0.7037 0.5366 0.1825 0.8696
-0.5171 1.0755 -4.2383 -0.4665 0.7036 0.5361 0.1773 0.8758
-0.5171 1.0755 -4.2383 -0.4665 0.7036 0.5361 0.1773 0.8758
-0.5334 1.0762 -4.2533 -0.4665 0.7036 0.5361 0.1797 0.8772
-0.6230 1.1520 -4.5193 -0.0585 -0.6302 0.7743 0.2155 0.8772
-0.6452 1.1855 -4.4936 -0.0587 -0.6303 0.7741 0.2155 0.8772
-0.6230 1.1520 -4.5193 -0.0585 -0.6302 0.7743 0.2155 0.8772
-0.5736 1.1645 -4.4924 -0.3582 -0.7047 0.6125 0.2109 0.8717
-0.5014 1.1471 -4.4070 -0.7938 -0.6002 0.0976 0.1976 0.8668
-0.5014 1.1471 -4.4070 -0.7938 -0.6002 0.0976 0.1976 0.8668
-0.4872 1.1196 -4.3585 -0.8793 -0.4342 -0.1954 0.1905 0.8681
-0.5921 0.9683 -4.2515 0.4673 -0.7050 -0.5334 0.1772 0.8911
-0.6427 0.9436 -4.2629 0.4655 -0.7043 -0.5359 0.1797 0.8979
-0.6427 0.9436 -4.2629 0.4655 -0.7043 -0.5359 0.1797 0.8979
-0.7644 0.9486 -4.3749 0.7942 0.5999 -0.0967 0.1976 0.9082
-0.7865 0.9820 -4.3494 0.7941 0.6000 -0.0969 0.1976 0.9082
-0.7644 0.9486 -4.3749 0.7942 0.5999 -0.0967 0.1976 0.9082
-0.7784 0.9760 -4.4233 0.8799 0.4330 0.1956 0.2047 0.9070
-0.6427 0.9436 -4.2629 0.4655 -0.7043 -0.5359 0.1797 0.8979
-0.6921 0.9311 -4.2895 0.4662 -0.7031 -0.5369 0.1843 0.9034
-0.6921 0.9311 -4.2895 0.4662 -0.7031 -0.5369 0.1843 0.9034
-0.5571 1.0304 -4.2138 0.5215 -0.2719 0.8088 0.1745 0.8835
-0.5867 0.9579 -4.2330 0.2459 -0.4805 0.8418 0.1745 0.8916
-0.5571 1.0304 -4.2138 0.5215 -0.2719 0.8088 0.1745 0.8835
-0.5867 0.9579 -4.2330 0.2459 -0.4805 0.8418 0.1745 0.8916
-0.6089 0.9913 -4.2075 0.2459 -0.4804 0.8418 0.1745 0.8916
-0.5736 1.1645 -4.4924 0.4638 -0.7060 -0.5352 0.2109 0.8717
-0.5314 1.1626 -4.4535 0.4615 -0.7083 -0.5342 0.2047 0.8681
-0.5314 1.1626 -4.4535 0.4615 -0.7083 -0.5342 0.2047 0.8681
-0.5177 1.1778 -4.4619 0.4615 -0.7083 -0.5342 0.2056 0.8655
-0.5314 1.1626 -4.4535 -0.6132 -0.6938 0.3776 0.2047 0.8681
-0.5736 1.1645 -4.4924 -0.3582 -0.7047 0.6125 0.2109 0.8717
-0.5736 1.1645 -4.4924 -0.3582 -0.7047 0.6125 0.2109 0.8717
-0.5958 1.1979 -4.4669 -0.4649 0.7046 0.5360 0.2109 0.8717
-0.5399 1.2113 -4.4363 -0.4637 0.7057 0.5357 0.2056 0.8655
-0.5958 1.1979 -4.4669 -0.4649 0.7046 0.5360 0.2109 0.8717
-0.5399 1.2113 -4.4363 -0.4637 0.7057 0.5357 0.2056 0.8655
-0.5535 1.1961 -4.4280 -0.4637 0.7057 0.5357 0.2047 0.8681
-0.6089 0.9913 -4.2075 0.2459 -0.4804 0.8418 0.1745 0.8916
-0.5867 0.9579 -4.2330 0.2459 -0.4805 0.8418 0.1745 0.8916
-0.6439 0.9297 -4.2459 -0.0584 -0.6308 0.7737 0.1773 0.8992
-0.6089 0.9913 -4.2075 0.2459 -0.4804 0.8418 0.1745 0.8916
-0.6439 0.9297 -4.2459 -0.0584 -0.6308 0.7737 0.1773 0.8992
-0.6661 0.9631 -4.2202 -0.0587 -0.6309 0.7736 0.1773 0.8993
-0.8200 0.9999 -4.4022 -0.4678 0.7027 0.5361 0.2056 0.9096
-0.8200 0.9999 -4.4022 -0.4678 0.7027 0.5361 0.2056 0.9096
-0.8006 1.0095 -4.3978 -0.4678 0.7027 0.5361 0.2047 0.9070
-0.4905 1.0833 -4.3140 -0.8586 -0.2147 -0.4655 0.1843 0.8717
-0.5127 1.1167 -4.2885 -0.8586 -0.2146 -0.4656 0.1843 0.8717
-0.4905 1.0833 -4.3140 -0.8586 -0.2147 -0.4655 0.1843 0.8717
-0.5112 1.0427 -4.2788 -0.7339 0.0310 -0.6786 0.1797 0.8772
-0.5958 1.1979 -4.4669 -0.4649 0.7046 0.5360 0.2109 0.8717
-0.6427 0.9436 -4.2629 0.0589 0.6304 -0.7740 0.1797 0.8979
-0.6648 0.9770 -4.2373 0.0589 0.6304 -0.7741 0.1797 0.8979
-0.7142 0.9646 -4.2640 0.3572 0.7046 -0.6132 0.1843 0.9034
-0.6427 0.9436 -4.2629 0.0589 0.6304 -0.7740 0.1797 0.8979
-0.7142 0.9646 -4.2640 0.3572 0.7046 -0.6132 0.1843 0.9034
-0.6921 0.9311 -4.2895 0.3571 0.7045 -0.6133 0.1843 0.9034
-0.5535 1.1961 -4.4280 -0.4637 0.7057 0.5357 0.2047 0.8681
-0.5399 1.2113 -4.4363 -0.4637 0.7057 0.5357 0.2056 0.8655
-0.5060 1.1938 -4.3837 -0.4641 0.7051 0.5361 0.1976 0.8641
-0.5535 1.1961 -4.4280 -0.4637 0.7057 0.5357 0.2047 0.8681
-0.5060 1.1938 -4.3837 -0.4641 0.7051 0.5361 0.1976 0.8641
-0.5235 1.1805 -4.3814 -0.4641 0.7051 0.5361 0.1976 0.8668
-0.6661 0.9631 -4.2202 -0.0587 -0.6309 0.7736 0.1773 0.8993
-0.6439 0.9297 -4.2459 -0.0584 -0.6308 0.7737 0.1773 0.8992
-0.7000 0.9157 -4.2760 -0.3567 -0.7050 0.6130 0.1825 0.9055
-0.6661 0.9631 -4.2202 -0.0587 -0.6309 0.7736 0.1773 0.8993
-0.7000 0.9157 -4.2760 -0.3567 -0.7050 0.6130 0.1825 0.9055
-0.7222 0.9491 -4.2505 -0.3566 -0.7050 0.6130 0.1825 0.9055
-0.8006 1.0095 -4.3978 -0.4678 0.7027 0.5361 0.2047 0.9070
-0.8200 0.9999 -4.4022 -0.4678 0.7027 0.5361 0.2056 0.9096
-0.8162 1.0410 -4.4527 -0.4673 0.7027 0.5365 0.2127 0.9055
-0.8006 1.0095 -4.3978 -0.4678 0.7027 0.5361 0.2047 0.9070
-0.8162 1.0410 -4.4527 -0.4673 0.7027 0.5365 0.2127 0.9055
-0.6438 1.1994 -4.5107 0.0604 0.6301 -0.7742 0.2179 0.8758
-0.5657 1.1799 -4.5059 0.3578 0.7042 -0.6133 0.2127 0.8696
-0.6438 1.1994 -4.5107 0.0604 0.6301 -0.7742 0.2179 0.8758
-0.5657 1.1799 -4.5059 0.3578 0.7042 -0.6133 0.2127 0.8696
-0.5879 1.2134 -4.4804 0.3576 0.7042 -0.6134 0.2127 0.8696
-0.5350 0.9970 -4.2393 0.4678 -0.7052 -0.5329 0.1745 0.8835
-0.5465 1.0028 -4.2571 0.4678 -0.7052 -0.5329 0.1772 0.8840
-0.5921 0.9683 -4.2515 0.4673 -0.7050 -0.5334 0.1772 0.8911
-0.5350 0.9970 -4.2393 0.4678 -0.7052 -0.5329 0.1745 0.8835
-0.5921 0.9683 -4.2515 0.4673 -0.7050 -0.5334 0.1772 0.8911
-0.7343 0.9330 -4.3284 0.6132 0.6940 -0.3773 0.1905 0.9070
-0.7565 0.9664 -4.3029 0.6132 0.6940 -0.3772 0.1905 0.9070
-0.7865 0.9820 -4.3494 0.7941 0.6000 -0.0969 0.1976 0.9082
-0.7343 0.9330 -4.3284 0.6132 0.6940 -0.3773 0.1905 0.9070
-0.7865 0.9820 -4.3494 0.7941 0.6000 -0.0969 0.1976 0.9082
-0.7644 0.9486 -4.3749 0.7942 0.5999 -0.0967 0.1976 0.9082
-0.7708 1.0535 -4.5180 0.4654 -0.7032 -0.5375 0.2179 0.8993
-0.7545 1.0529 -4.5031 0.4654 -0.7032 -0.5375 0.2155 0.8979
-0.7192 1.0926 -4.5249 0.4643 -0.7042 -0.5372 0.2180 0.8911
-0.7708 1.0535 -4.5180 0.4654 -0.7032 -0.5375 0.2179 0.8993
-0.7192 1.0926 -4.5249 0.4643 -0.7042 -0.5372 0.2180 0.8911
-0.7308 1.0986 -4.5426 0.4643 -0.7042 -0.5372 0.2207 0.8916
-0.7929 1.0869 -4.4925 -0.4655 0.7034 0.5372 0.2179 0.8993
-0.4872 1.1196 -4.3585 -0.8793 -0.4342 -0.1954 0.1905 0.8681
-0.5127 1.1167 -4.2885 -0.8586 -0.2146 -0.4656 0.1843 0.8717
-0.4872 1.1196 -4.3585 -0.8793 -0.4342 -0.1954 0.1905 0.8681
-0.5127 1.1167 -4.2885 -0.8586 -0.2146 -0.4656 0.1843 0.8717
-0.4905 1.0833 -4.3140 -0.8586 -0.2147 -0.4655 0.1843 0.8717
-0.7343 0.9330 -4.3284 0.4696 -0.6997 -0.5383 0.1905 0.9070
-0.7644 0.9486 -4.3749 0.4704 -0.7000 -0.5373 0.1976 0.9082
-0.7644 0.9486 -4.3749 0.4704 -0.7000 -0.5373 0.1976 0.9082
-0.7529 1.1321 -4.5171 -0.5223 0.2712 -0.8085 0.2207 0.8916
-0.8162 1.0410 -4.4527 -0.4673 0.7027 0.5365 0.2127 0.9055
-0.7929 1.0869 -4.4925 -0.4655 0.7034 0.5372 0.2179 0.8993
-0.7929 1.0869 -4.4925 -0.4655 0.7034 0.5372 0.2179 0.8993
-0.6957 1.1606 -4.5048 0.2461 -0.4800 0.8420 0.2180 0.8839
-0.6734 1.1272 -4.5303 0.2458 -0.4803 0.8420 0.2180 0.8839
-0.7192 1.0926 -4.5249 0.5220 -0.2719 0.8085 0.2180 0.8911
-0.6957 1.1606 -4.5048 0.2461 -0.4800 0.8420 0.2180 0.8839
-0.7192 1.0926 -4.5249 0.5220 -0.2719 0.8085 0.2180 0.8911
-0.7414 1.1261 -4.4993 0.5220 -0.2719 0.8085 0.2180 0.8911
-0.5093 1.1530 -4.3330 -0.4647 0.7042 0.5368 0.1905 0.8681
-0.4899 1.1624 -4.3287 -0.4647 0.7042 0.5368 0.1896 0.8655
-0.4938 1.1215 -4.2783 -0.4657 0.7037 0.5366 0.1825 0.8696
-0.5093 1.1530 -4.3330 -0.4647 0.7042 0.5368 0.1905 0.8681
-0.4938 1.1215 -4.2783 -0.4657 0.7037 0.5366 0.1825 0.8696
-0.7784 0.9760 -4.4233 0.8799 0.4330 0.1956 0.2047 0.9070
-0.7972 1.0457 -4.4423 0.8592 0.2142 0.4645 0.2109 0.9034
-0.7784 0.9760 -4.4233 0.8799 0.4330 0.1956 0.2047 0.9070
-0.7972 1.0457 -4.4423 0.8592 0.2142 0.4645 0.2109 0.9034
-0.7750 1.0122 -4.4678 0.8593 0.2145 0.4643 0.2109 0.9034
-0.7978 0.9664 -4.4277 0.4690 -0.7024 -0.5354 0.2056 0.9096
-0.7784 0.9760 -4.4233 0.4690 -0.7024 -0.5354 0.2047 0.9070
-0.7750 1.0122 -4.4678 0.4685 -0.7021 -0.5362 0.2109 0.9034
-0.7978 0.9664 -4.4277 0.4690 -0.7024 -0.5354 0.2056 0.9096
-0.7750 1.0122 -4.4678 0.4685 -0.7021 -0.5362 0.2109 0.9034
-0.7940 1.0075 -4.4783 0.4685 -0.7021 -0.5362 0.2127 0.9055
-0.7545 1.0529 -4.5031 0.7353 -0.0302 0.6771 0.2155 0.8979
-0.7766 1.0863 -4.4776 0.7354 -0.0300 0.6770 0.2155 0.8979
-0.7414 1.1261 -4.4993 0.5220 -0.2719 0.8085 0.2180 0.8911
-0.7545 1.0529 -4.5031 0.7353 -0.0302 0.6771 0.2155 0.8979
-0.7414 1.1261 -4.4993 0.5220 -0.2719 0.8085 0.2180 0.8911
-0.7192 1.0926 -4.5249 0.5220 -0.2719 0.8085 0.2180 0.8911
-0.5235 1.1805 -4.3814 -0.4641 0.7051 0.5361 0.1976 0.8668
-0.5060 1.1938 -4.3837 -0.4641 0.7051 0.5361 0.1976 0.8641
-0.4899 1.1624 -4.3287 -0.4647 0.7042 0.5368 0.1896 0.8655
-0.5235 1.1805 -4.3814 -0.4641 0.7051 0.5361 0.1976 0.8668
-0.4899 1.1624 -4.3287 -0.4647 0.7042 0.5368 0.1896 0.8655
-0.5093 1.1530 -4.3330 -0.4647 0.7042 0.5368 0.1905 0.8681
-0.5879 1.2134 -4.4804 0.3576 0.7042 -0.6134 0.2127 0.8696
-0.5657 1.1799 -4.5059 0.3578 0.7042 -0.6133 0.2127 0.8696
-0.5879 1.2134 -4.4804 0.3576 0.7042 -0.6134 0.2127 0.8696
-0.6217 1.1659 -4.5362 0.4664 -0.7043 -0.5353 0.2179 0.8758
-0.6230 1.1520 -4.5193 0.4664 -0.7043 -0.5353 0.2155 0.8772
-0.5736 1.1645 -4.4924 0.4638 -0.7060 -0.5352 0.2109 0.8717
-0.6217 1.1659 -4.5362 0.4664 -0.7043 -0.5353 0.2179 0.8758
-0.5736 1.1645 -4.4924 0.4638 -0.7060 -0.5352 0.2109 0.8717
-0.5465 1.0028 -4.2571 -0.5217 0.2711 -0.8089 0.1772 0.8840
-0.5686 1.0363 -4.2316 -0.5219 0.2710 -0.8088 0.1772 0.8840
-0.6142 1.0018 -4.2260 -0.2453 0.4802 -0.8422 0.1772 0.8911
-0.5465 1.0028 -4.2571 -0.5217 0.2711 -0.8089 0.1772 0.8840
-0.6142 1.0018 -4.2260 -0.2453 0.4802 -0.8422 0.1772 0.8911
-0.5921 0.9683 -4.2515 -0.2453 0.4802 -0.8422 0.1772 0.8911
-0.6921 0.9311 -4.2895 0.4662 -0.7031 -0.5369 0.1843 0.9034
-0.7343 0.9330 -4.3284 0.4696 -0.6997 -0.5383 0.1905 0.9070
-0.7343 0.9330 -4.3284 0.4696 -0.6997 -0.5383 0.1905 0.9070
-0.7011 1.1712 -4.5235 -0.2464 0.4796 -0.8422 0.2207 0.8835
-0.7011 1.1712 -4.5235 -0.2464 0.4796 -0.8422 0.2207 0.8835
-0.6438 1.1994 -4.5107 0.0604 0.6301 -0.7742 0.2179 0.8758
-0.4678 1.1289 -4.3542 0.4633 -0.7050 -0.5369 0.1896 0.8655
-0.4872 1.1196 -4.3585 0.4633 -0.7050 -0.5370 0.1905 0.8681
-0.4905 1.0833 -4.3140 0.4661 -0.7035 -0.5365 0.1843 0.8717
-0.4678 1.1289 -4.3542 0.4633 -0.7050 -0.5369 0.1896 0.8655
-0.4905 1.0833 -4.3140 0.4661 -0.7035 -0.5365 0.1843 0.8717
-0.4717 1.0880 -4.3038 0.4661 -0.7035 -0.5365 0.1825 0.8696
-0.7222 0.9491 -4.2505 -0.3566 -0.7050 0.6130 0.1825 0.9055
-0.7000 0.9157 -4.2760 -0.3567 -0.7050 0.6130 0.1825 0.9055
-0.7478 0.9175 -4.3203 -0.6131 -0.6939 0.3777 0.1896 0.9096
-0.7222 0.9491 -4.2505 -0.3566 -0.7050 0.6130 0.1825 0.9055
-0.7478 0.9175 -4.3203 -0.6131 -0.6939 0.3777 0.1896 0.9096
-0.7700 0.9510 -4.2947 -0.6128 -0.6939 0.3780 0.1896 0.9096
-0.7940 1.0075 -4.4783 0.4685 -0.7021 -0.5362 0.2127 0.9055
-0.7750 1.0122 -4.4678 0.4685 -0.7021 -0.5362 0.2109 0.9034
-0.7545 1.0529 -4.5031 0.4654 -0.7032 -0.5375 0.2155 0.8979
-0.7940 1.0075 -4.4783 0.4685 -0.7021 -0.5362 0.2127 0.9055
-0.7545 1.0529 -4.5031 0.4654 -0.7032 -0.5375 0.2155 0.8979
-0.7708 1.0535 -4.5180 0.4654 -0.7032 -0.5375 0.2179 0.8993
-0.6734 1.1272 -4.5303 0.2458 -0.4803 0.8420 0.2180 0.8839
-0.6957 1.1606 -4.5048 0.2461 -0.4800 0.8420 0.2180 0.8839
-0.6452 1.1855 -4.4936 -0.0587 -0.6303 0.7741 0.2155 0.8772
-0.6734 1.1272 -4.5303 0.2458 -0.4803 0.8420 0.2180 0.8839
-0.6452 1.1855 -4.4936 -0.0587 -0.6303 0.7741 0.2155 0.8772
-0.6230 1.1520 -4.5193 -0.0585 -0.6302 0.7743 0.2155 0.8772
-0.5334 1.0762 -4.2533 -0.4665 0.7036 0.5361 0.1797 0.8772
-0.5171 1.0755 -4.2383 -0.4665 0.7036 0.5361 0.1773 0.8758
-0.5334 1.0762 -4.2533 -0.4665 0.7036 0.5361 0.1797 0.8772
-0.7565 0.9664 -4.3029 0.6132 0.6940 -0.3772 0.1905 0.9070
-0.7343 0.9330 -4.3284 0.6132 0.6940 -0.3773 0.1905 0.9070
-0.6921 0.9311 -4.2895 0.3571 0.7045 -0.6133 0.1843 0.9034
-0.7565 0.9664 -4.3029 0.6132 0.6940 -0.3772 0.1905 0.9070
-0.6921 0.9311 -4.2895 0.3571 0.7045 -0.6133 0.1843 0.9034
-0.7142 0.9646 -4.2640 0.3572 0.7046 -0.6132 0.1843 0.9034
-0.7308 1.0986 -4.5426 0.4643 -0.7042 -0.5372 0.2207 0.8916
-0.7192 1.0926 -4.5249 0.4643 -0.7042 -0.5372 0.2180 0.8911
-0.6734 1.1272 -4.5303 0.4658 -0.7041 -0.5359 0.2180 0.8839
-0.7308 1.0986 -4.5426 0.4643 -0.7042 -0.5372 0.2207 0.8916
-0.6734 1.1272 -4.5303 0.4658 -0.7041 -0.5359 0.2180 0.8839
-0.6790 1.1377 -4.5491 0.4658 -0.7041 -0.5359 0.2207 0.8835
-0.7750 1.0122 -4.4678 0.8593 0.2145 0.4643 0.2109 0.9034
-0.7972 1.0457 -4.4423 0.8592 0.2142 0.4645 0.2109 0.9034
-0.7766 1.0863 -4.4776 0.7354 -0.0300 0.6770 0.2155 0.8979
-0.7750 1.0122 -4.4678 0.8593 0.2145 0.4643 0.2109 0.9034
-0.7766 1.0863 -4.4776 0.7354 -0.0300 0.6770 0.2155 0.8979
-0.7545 1.0529 -4.5031 0.7353 -0.0302 0.6771 0.2155 0.8979
-0.6790 1.1377 -4.5491 0.4658 -0.7041 -0.5359 0.2207 0.8835
-0.6734 1.1272 -4.5303 0.4658 -0.7041 -0.5359 0.2180 0.8839
-0.6230 1.1520 -4.5193 0.4664 -0.7043 -0.5353 0.2155 0.8772
-0.6790 1.1377 -4.5491 0.4658 -0.7041 -0.5359 0.2207 0.8835
-0.6230 1.1520 -4.5193 0.4664 -0.7043 -0.5353 0.2155 0.8772
-0.6217 1.1659 -4.5362 0.4664 -0.7043 -0.5353 0.2179 0.8758
-0.7700 0.9510 -4.2947 -0.6128 -0.6939 0.3780 0.1896 0.9096
-0.7478 0.9175 -4.3203 -0.6131 -0.6939 0.3777 0.1896 0.9096
-0.7819 0.9352 -4.3728 -0.7946 -0.5993 0.0971 0.1976 0.9110
-0.7700 0.9510 -4.2947 -0.6128 -0.6939 0.3780 0.1896 0.9096
-0.7819 0.9352 -4.3728 -0.7946 -0.5993 0.0971 0.1976 0.9110
-0.8040 0.9687 -4.3473 -0.7947 -0.5992 0.0970 0.1976 0.9110
-0.7644 0.9486 -4.3749 0.4704 -0.7000 -0.5373 0.1976 0.9082
-0.7784 0.9760 -4.4233 0.4690 -0.7024 -0.5354 0.2047 0.9070
-0.7784 0.9760 -4.4233 0.4690 -0.7024 -0.5354 0.2047 0.9070
-0.7978 0.9664 -4.4277 0.4690 -0.7024 -0.5354 0.2056 0.9096
-0.5314 1.1626 -4.4535 -0.6132 -0.6938 0.3776 0.2047 0.8681
-0.5314 1.1626 -4.4535 -0.6132 -0.6938 0.3776 0.2047 0.8681
-0.5014 1.1471 -4.4070 -0.7938 -0.6002 0.0976 0.1976 0.8668
-0.4717 1.0880 -4.3038 0.4661 -0.7035 -0.5365 0.1825 0.8696
-0.4905 1.0833 -4.3140 0.4661 -0.7035 -0.5365 0.1843 0.8717
-0.5112 1.0427 -4.2788 0.4674 -0.7036 -0.5353 0.1797 0.8772
-0.4717 1.0880 -4.3038 0.4661 -0.7035 -0.5365 0.1825 0.8696
-0.5112 1.0427 -4.2788 0.4674 -0.7036 -0.5353 0.1797 0.8772
-0.4950 1.0420 -4.2638 0.4674 -0.7036 -0.5353 0.1773 0.8758
-0.6648 0.9770 -4.2373 0.0589 0.6304 -0.7741 0.1797 0.8979
-0.6427 0.9436 -4.2629 0.0589 0.6304 -0.7740 0.1797 0.8979
-0.5921 0.9683 -4.2515 -0.2453 0.4802 -0.8422 0.1772 0.8911
-0.6648 0.9770 -4.2373 0.0589 0.6304 -0.7741 0.1797 0.8979
-0.5921 0.9683 -4.2515 -0.2453 0.4802 -0.8422 0.1772 0.8911
-0.6142 1.0018 -4.2260 -0.2453 0.4802 -0.8422 0.1772 0.8911
-0.4838 1.1603 -4.4093 0.4621 -0.7071 -0.5352 0.1976 0.8641
-0.5014 1.1471 -4.4070 0.4621 -0.7071 -0.5352 0.1976 0.8668
-0.4872 1.1196 -4.3585 0.4633 -0.7050 -0.5370 0.1905 0.8681
-0.4838 1.1603 -4.4093 0.4621 -0.7071 -0.5352 0.1976 0.8641
-0.4872 1.1196 -4.3585 0.4633 -0.7050 -0.5370 0.1905 0.8681
-0.4678 1.1289 -4.3542 0.4633 -0.7050 -0.5369 0.1896 0.8655
-0.8040 0.9687 -4.3473 -0.7947 -0.5992 0.0970 0.1976 0.9110
-0.7819 0.9352 -4.3728 -0.7946 -0.5993 0.0971 0.1976 0.9110
-0.8040 0.9687 -4.3473 -0.7947 -0.5992 0.0970 0.1976 0.9110
85 11 93
85 5 11
6 93 92
6 85 93
2 95 96
2 1 95
82 12 13
82 86 12
86 92 12
86 6 92
7 14 15
7 81 14
5 10 11
5 4 10
0 94 8
0 87 94
89 15 97
89 7 15
83 8 90
83 0 8
81 13 14
81 82 13
84 9 91
84 3 9
3 90 9
3 83 90
1 16 95
1 88 16
4 91 10
4 84 91
68 103 60
68 106 103
66 105 129
66 104 105
65 22 125
65 23 22
59 533 61
59 532 533
21 124 126
21 20 124
19 127 64
19 18 127
20 66 124
20 104 66
105 67 129
105 107 67
18 65 127
18 23 65
103 80 60
58 24 57
103 58 80
103 24 58
103 112 24
103 46 112
114 35 36
114 102 35
118 31 119
118 100 31
144 27 113
144 49 27
55 33 38
55 54 33
115 38 116
115 55 38
101 30 34
101 52 30
54 32 33
54 53 32
53 119 32
53 118 119
100 29 31
100 51 29
52 28 30
52 50 28
117 26 37
117 99 26
51 37 29
51 117 37
88 97 16
88 89 97
49 116 27
49 115 116
99 36 26
99 114 36
98 113 25
98 144 113
20 43 104
20 48 43
17 109 19
17 120 109
23 44 22
23 122 44
18 122 23
18 121 122
22 111 21
22 44 111
21 48 20
21 111 48
104 41 105
104 43 41
107 40 106
107 47 40
105 47 107
105 41 47
19 121 18
19 109 121
16 98 50
16 97 98
106 46 103
106 40 46
108 120 17
108 39 120
25 120 39
25 113 120
26 46 40
26 36 46
27 121 109
27 116 121
50 25 28
50 98 25
29 47 41
29 37 47
37 40 47
37 26 40
30 110 42
30 28 110
31 41 43
31 29 41
32 48 111
32 119 48
33 111 44
33 32 111
34 42 45
34 30 42
116 122 121
116 38 122
38 44 122
38 33 44
113 109 120
113 27 109
119 43 48
119 31 43
36 112 46
36 35 112
97 144 98
97 15 144
90 114 99
90 8 114
14 115 49
14 13 115
25 110 28
110 39 123
110 25 39
91 117 51
91 9 117
9 99 117
9 90 99
95 50 52
95 16 50
10 51 100
10 91 51
93 118 53
93 11 118
92 53 54
92 93 53
96 52 101
96 95 52
13 55 115
13 12 55
12 54 55
12 92 54
15 49 144
15 14 49
11 100 118
11 10 100
8 102 114
8 94 102
68 135 67
68 79 135
66 76 124
66 77 76
63 72 62
63 73 72
522 71 61
522 523 71
60 79 68
60 69 79
64 73 63
64 130 73
65 132 127
65 74 132
125 74 65
125 75 74
124 131 126
124 76 131
126 75 125
126 131 75
129 77 66
129 78 77
127 130 64
127 132 130
22 126 125
22 21 126
67 78 129
67 135 78
61 133 59
61 71 133
107 68 67
107 106 68
17 64 63
17 19 64
108 63 62
108 17 63
80 69 60
80 134 69
59 70 128
59 133 70
641 643 642
644 646 645
647 649 648
650 652 651
653 655 654
656 658 657
659 661 660
662 664 663
665 667 666
668 670 669
671 673 672
674 676 675
677 679 678
680 682 681
683 685 684
686 139 687
688 348 139
689 348 690
691 405 348
692 353 693
694 354 353
695 138 696
697 140 138
698 354 699
700 143 354
701 403 702
703 141 403
704 351 705
706 403 351
707 143 708
709 139 143
710 352 711
712 353 352
713 140 714
715 352 140
716 349 717
718 525 349
719 136 720
721 142 136
722 137 723
724 138 137
725 142 726
727 349 142
728 350 729
730 351 350
731 141 732
733 137 141
734 145 735
736 337 145
737 739 738
740 145 741
742 744 743
745 336 746
224 156 150
224 231 156
151 231 224
151 230 231
2 232 147
2 96 232
221 157 225
221 158 157
225 230 151
225 157 230
152 159 220
152 160 159
150 155 149
150 156 155
146 94 87
146 153 94
227 160 152
227 233 160
222 153 146
222 228 153
220 158 221
220 159 158
223 154 148
223 229 154
148 228 222
148 154 228
147 161 226
147 232 161
149 229 223
149 155 229
208 237 240
208 200 237
206 239 238
206 261 239
205 167 168
205 258 167
199 535 531
199 201 535
166 257 165
166 259 257
164 260 163
164 204 260
165 206 238
165 257 206
239 207 241
239 261 207
163 205 168
163 260 205
237 57 24
198 200 219
237 198 57
237 200 198
237 112 187
237 24 112
247 35 102
247 178 35
251 175 236
251 252 175
278 171 190
278 246 171
196 177 195
196 180 177
248 180 196
248 249 180
101 174 193
101 34 174
195 176 194
195 177 176
194 252 251
194 176 252
236 173 192
236 175 173
193 172 191
193 174 172
250 170 235
250 179 170
192 179 250
192 173 179
226 233 227
226 161 233
190 249 248
190 171 249
235 178 247
235 170 178
234 246 278
234 169 246
165 185 189
165 238 185
162 243 253
162 164 243
168 186 255
168 167 186
163 255 254
163 168 255
167 245 186
167 166 245
166 189 245
166 165 189
238 183 185
238 239 183
241 182 188
241 240 182
239 188 183
239 241 188
164 254 243
164 163 254
161 234 233
161 191 234
240 187 182
240 237 187
162 561 242
162 572 561
181 162 253
586 181 579
582 181 586
162 569 572
162 577 569
582 162 181
162 583 577
583 162 582
169 253 246
169 181 253
170 187 178
170 182 187
171 254 249
171 243 254
191 169 234
191 172 169
173 188 179
173 183 188
179 182 170
179 188 182
174 244 172
174 184 244
175 183 173
175 185 183
176 189 252
176 245 189
177 245 176
177 186 245
34 184 174
34 45 184
249 255 180
249 254 255
180 186 177
180 255 186
246 243 171
246 253 243
252 185 175
252 189 185
178 112 35
178 187 112
233 278 160
233 234 278
228 247 153
228 235 247
159 248 158
159 190 248
244 169 172
169 256 181
169 244 256
229 250 154
229 192 250
154 235 228
154 250 235
232 191 161
232 193 191
155 192 229
155 236 192
231 251 156
231 194 251
230 194 231
230 195 194
96 193 232
96 101 193
158 196 157
158 248 196
157 195 230
157 196 195
160 190 159
160 278 190
156 236 155
156 251 236
153 102 94
153 247 102
208 267 218
208 207 267
206 215 216
206 257 215
203 211 212
203 202 211
518 210 519
518 201 210
200 218 209
200 208 218
204 212 262
204 203 212
205 264 213
205 260 264
258 213 214
258 205 213
257 263 215
257 259 263
259 214 263
259 258 214
261 216 217
261 206 216
260 262 264
260 204 262
167 259 166
167 258 259
207 217 267
207 261 217
201 265 210
201 199 265
241 208 240
241 207 208
162 204 164
162 203 204
536 162 242
162 202 203
162 536 202
219 209 266
219 200 209
199 70 265
199 128 70
747 749 748
750 752 751
753 755 754
756 758 757
759 761 760
762 764 763
765 767 766
768 770 769
771 773 772
774 776 775
777 779 778
780 782 781
783 785 784
786 788 787
789 791 790
792 473 470
793 794 473
795 470 277
796 797 470
798 272 273
799 800 272
801 271 515
802 803 271
804 273 517
805 806 273
807 274 275
808 809 274
810 471 274
811 812 471
813 517 473
814 815 517
816 472 272
817 818 472
819 515 472
820 821 515
822 268 520
823 824 268
825 136 276
826 827 136
828 270 271
829 830 270
831 276 268
832 833 276
834 269 471
835 836 269
837 275 270
838 839 275
840 279 459
841 842 279
843 844 279
845 847 846
848 849 336
850 852 851
360 291 285
360 368 291
286 368 360
286 367 368
282 370 281
282 371 370
357 292 361
357 293 292
361 367 286
361 292 367
287 294 356
287 295 294
285 290 284
285 291 290
280 369 362
280 288 369
364 295 287
364 372 295
358 288 280
358 365 288
356 293 357
356 294 293
359 289 283
359 366 289
283 365 358
283 289 365
281 296 363
281 370 296
284 366 359
284 290 366
347 378 381
347 339 378
345 380 379
345 402 380
344 302 303
344 398 302
338 544 545
338 340 544
301 397 300
301 399 397
299 400 298
299 343 400
300 345 379
300 397 345
380 346 382
380 402 346
298 344 303
298 400 344
378 853 304
854 339 855
378 857 856
378 339 858
378 386 325
378 304 386
388 315 377
388 316 315
392 311 375
392 393 311
334 307 328
334 387 307
335 313 333
335 318 313
389 318 335
389 390 318
376 310 331
376 314 310
333 312 332
333 313 312
332 393 392
332 312 393
375 309 330
375 311 309
331 308 329
331 310 308
391 306 374
391 317 306
330 317 391
330 309 317
363 372 364
363 296 372
328 390 389
328 307 390
374 316 388
374 306 316
373 387 334
373 305 387
300 322 327
300 379 322
297 384 394
297 299 384
303 323 396
303 302 323
298 396 395
298 303 396
302 385 323
302 301 385
301 327 385
301 300 327
379 321 322
379 380 321
382 320 326
382 381 320
380 326 321
380 382 326
299 395 384
299 298 395
296 373 372
296 329 373
381 325 320
381 378 325
383 394 319
383 297 394
305 394 387
305 319 394
306 325 316
306 320 325
307 395 390
307 384 395
329 305 373
329 308 305
309 326 317
309 321 326
317 320 306
317 326 320
314 543 310
314 541 543
311 321 309
311 322 321
312 327 393
312 385 327
313 385 312
313 323 385
314 539 541
314 434 539
390 396 318
390 395 396
318 323 313
318 396 323
387 384 307
387 394 384
393 322 311
393 327 322
316 386 315
316 325 386
372 334 295
372 373 334
365 388 288
365 374 388
294 389 293
294 328 389
310 537 308
310 543 537
366 391 289
366 330 391
289 374 365
289 391 374
370 329 296
370 331 329
290 330 366
290 375 330
368 392 291
368 332 392
367 332 368
367 333 332
371 331 370
371 376 331
293 335 292
293 389 335
292 333 367
292 335 333
295 328 294
295 334 328
291 375 290
291 392 375
288 377 369
288 388 377
347 860 859
347 346 861
345 863 862
345 397 864
342 866 865
342 341 867
524 869 868
524 340 870
339 872 871
339 347 873
343 875 874
343 342 876
344 878 877
344 400 879
398 881 880
398 344 882
397 884 883
397 399 885
399 887 886
399 398 888
402 890 889
402 345 891
400 893 892
400 343 894
302 399 301
302 398 399
346 896 895
346 402 897
340 899 898
340 338 900
382 347 381
382 346 347
297 343 299
297 342 343
355 458 401
458 338 545
458 355 338
383 342 297
383 341 342
901 903 902
904 339 905
355 906 338
907 908 404
909 355 401
910 355 911
912 914 913
915 917 916
918 920 919
921 923 922
924 926 925
927 929 928
930 932 931
933 935 934
936 938 937
939 941 940
942 944 943
945 947 946
948 950 949
951 953 952
954 956 955
479 416 486
479 410 416
411 486 485
411 479 486
282 487 371
282 407 487
476 417 418
476 480 417
480 485 417
480 411 485
412 419 420
412 475 419
410 415 416
410 409 415
406 369 413
406 362 369
482 420 488
482 412 420
477 413 483
477 406 413
475 418 419
475 476 418
478 414 484
478 408 414
408 483 414
408 477 483
407 421 487
407 481 421
409 484 415
409 478 484
469 492 461
469 495 492
467 494 514
467 493 494
466 427 511
466 428 427
460 549 462
460 546 549
426 510 512
426 425 510
424 513 465
424 423 513
425 467 510
425 493 467
494 468 514
494 496 468
423 466 513
423 428 466
492 957 461
958 304 959
492 961 960
492 304 962
492 386 304
492 447 386
501 315 438
501 377 315
505 435 506
505 491 435
456 431 500
456 450 431
457 437 440
457 455 437
502 440 503
502 457 440
376 434 314
376 453 434
455 436 437
455 454 436
454 506 436
454 505 506
491 433 435
491 452 433
453 432 434
453 451 432
504 430 439
504 490 430
452 439 433
452 504 439
481 488 421
481 482 488
450 503 431
450 502 503
490 438 430
490 501 438
489 500 429
489 456 500
425 445 493
425 449 445
422 498 424
422 507 498
428 446 427
428 509 446
423 509 428
423 508 509
427 499 426
427 446 499
426 449 425
426 499 449
493 443 494
493 445 443
496 442 495
496 448 442
494 448 496
494 443 448
424 508 423
424 498 508
421 489 451
421 488 489
495 447 492
495 442 447
562 422 497
422 441 507
441 585 580
441 581 585
571 422 562
570 422 571
422 581 441
422 584 581
578 422 570
422 578 584
429 507 441
429 500 507
430 447 442
430 438 447
431 508 498
431 503 508
451 429 432
451 489 429
433 448 443
433 439 448
439 442 448
439 430 442
435 443 445
435 433 443
436 449 499
436 506 449
437 499 446
437 436 499
434 540 539
434 432 540
503 509 508
503 440 509
440 446 509
440 437 446
500 498 507
500 431 498
506 445 449
506 435 445
438 386 447
438 315 386
488 456 489
488 420 456
483 501 490
483 413 501
419 502 450
419 418 502
441 432 429
441 540 432
484 504 452
484 414 504
414 490 504
414 483 490
487 451 453
487 421 451
415 452 491
415 484 452
486 505 454
486 416 505
485 454 455
485 486 454
371 453 376
371 487 453
418 457 502
418 417 457
417 455 457
417 485 455
420 450 456
420 419 450
416 491 505
416 415 491
413 377 501
413 369 377
469 963 468
469 965 964
467 966 510
467 968 967
464 969 463
464 971 970
521 972 462
521 974 973
461 975 469
461 977 976
465 978 464
465 980 979
466 981 513
466 983 982
511 984 466
511 986 985
510 987 512
510 989 988
512 990 511
512 992 991
514 993 467
514 995 994
513 996 465
513 998 997
427 512 511
427 426 512
468 999 514
468 1001 1000
462 1002 460
462 1004 1003
496 469 468
496 495 469
422 465 464
422 424 465
458 474 401
474 546 460
474 458 546
497 464 463
497 422 464
1005 1006 461
1007 1009 1008
1010 474 460
474 1011 401
516 474 1012
474 516 1013
1014 1016 1015
1017 1019 1018
1020 1022 1021
1023 1025 1024
1026 1028 1027
1029 1031 1030
1032 1034 1033
1035 1037 1036
1038 1040 1039
1041 1043 1042
1044 1046 1045
1047 1049 1048
1050 1052 1051
1053 1055 1054
1056 1058 1057
463 1059 521
463 1061 1060
1062 520 269
1063 1064 520
202 519 211
202 518 519
341 1066 1065
341 524 1067
1068 525 1069
1070 350 525
62 523 522
62 72 523
526 110 529
526 42 110
530 42 526
530 45 42
528 45 530
528 184 45
1071 108 56
108 123 39
123 1072 110
108 1073 123
527 184 528
527 244 184
534 199 531
534 128 199
532 128 534
532 59 128
1074 242 197
536 518 202
1075 536 242
518 1076 201
536 1077 518
197 244 527
244 181 256
181 575 579
181 573 575
561 197 242
565 197 561
244 573 181
244 567 573
551 197 565
555 197 551
244 563 567
244 557 563
553 197 555
244 559 557
559 197 553
244 197 559
61 62 522
62 56 108
533 62 61
62 533 56
319 308 537
319 305 308
319 547 383
548 319 537
547 319 548
444 541 538
444 543 541
1078 383 547
383 524 341
524 1079 340
1080 524 383
542 540 324
542 539 540
538 539 542
538 541 539
548 543 444
548 537 543
497 549 550
549 521 462
521 497 463
549 497 521
550 562 497
550 566 562
441 1081 540
550 552 566
550 556 552
576 441 580
574 441 576
550 554 556
550 560 554
574 1082 441
568 1083 574
1084 560 550
1085 558 560
564 1086 568
1087 564 558
1088 1090 1089
1091 1093 1092
1094 1096 1095
1097 1099 1098
1100 1102 1101
1103 1105 1104
1106 1108 1107
1109 1111 1110
1112 1114 1113
1115 1117 1116
1118 1120 1119
1121 1123 1122
1124 1126 1125
1127 1129 1128
1130 1132 1131
1133 1135 1134
1136 1138 1137
1139 1141 1140
1142 1144 1143
1145 1147 1146
1148 1150 1149
1151 1153 1152
1154 1156 1155
1157 1159 1158
1160 1162 1161
1163 1165 1164
1166 1168 1167
1169 1171 1170
1172 1174 1173
1175 1177 1176
1178 1180 1179
1181 1183 1182
1184 1186 1185
1187 1189 1188
1190 1192 1191
1193 1195 1194
1196 1198 1197
1199 1201 1200
1202 1204 1203
1205 1207 1206
1208 1210 1209
1211 1213 1212
1214 1216 1215
1217 1219 1218
1220 1222 1221
1223 1225 1224
1226 1228 1227
1229 1231 1230
1232 1234 1233
1235 1237 1236
1238 1240 1239
1241 1243 1242
1244 1246 1245
1247 1249 1248
1250 1252 1251
1253 1255 1254
1256 1258 1257
1259 1261 1260
1262 1264 1263
1265 1267 1266
613 610 612
613 611 610
602 600 631
602 630 600
1268 1270 1269
1271 1273 1272
618 587 617
618 616 587
632 601 603
632 1274 601
1275 1277 1276
1278 1280 1279
611 607 610
611 608 607
626 594 625
626 595 594
1281 1282 604
1283 1285 1284
616 639 587
616 640 639
603 606 632
603 605 606
630 598 600
630 629 598
1286 615 588
1287 1288 615
633 1290 1289
633 1292 1291
1293 637 1294
1295 1296 637
629 597 598
629 627 597
1297 609 634
1298 1299 609
627 625 597
627 626 625
622 591 621
622 620 591
599 1301 1300
599 628 1302
1303 593 1304
1305 1306 593
628 1308 1307
628 596 1309
1310 1311 601
1312 1314 1313
614 1316 1315
614 1318 1317
635 1320 1319
635 637 1321
1322 1323 636
1324 1326 1325
620 589 591
620 590 589
1327 1329 1328
1330 1332 1331
595 1333 594
595 1335 1334
1336 604 1337
1338 1339 604
640 636 639
640 1340 636
1341 1343 1342
1344 1346 1345
1347 1349 1348
1350 1352 1351
1353 1355 1354
1356 1358 1357
1359 1361 1360
1362 592 1363
1364 1365 638
1366 1368 1367
1369 1371 1370
1372 599 1373
1374 1376 1375
1377 1379 1378
1380 1382 1381
1383 1385 1384
608 605 607
608 606 605
619 617 1386
619 618 617
1387 1388 609
1389 1391 1390
624 1393 1392
624 623 1394
588 590 1395
588 589 590
592 1397 1396
592 619 1398
1399 1401 1400
1402 1404 1403
1405 1407 1406
1408 633 1409
1410 1411 593
1412 1414 1413
1415 1417 1416
1418 1420 1419
1421 1423 1422
1424 1426 1425
1427 1429 1428
1430 1432 1431
1433 612 1434
1435 613 612
1436 1438 1437
1439 614 1440
1441 1443 1442
1444 1446 1445
596 1448 1447
596 624 1449
1450 638 615
1451 1452 638
1453 1455 1454
1456 1458 1457
1459 1461 1460
1462 1464 1463
1465 1467 1466
1468 1470 1469
1471 1473 1472
1474 1476 1475
1477 631 1478
1479 602 631
1480 1482 1481
1483 1485 1484
1486 1488 1487
1489 1491 1490
1492 1494 1493
1495 1497 1496
1498 1500 1499
1501 1503 1502
1504 1506 1505
1507 1509 1508
623 1511 1510
623 1513 1512
1514 634 635
1515 1516 634
1517 1519 1518
1520 1522 1521
1523 1525 1524
1526 1528 1527
1529 1531 1530
1532 1534 1533
1535 621 1536
1537 622 621
LABEL LES_CDR_WindowGlas
MATERIAL 2
TEXTURE 0
FLAG 0
GEOM 144 68
-0.7462 1.1117 -4.5168 -0.4657 0.7128 0.5244
-0.8060 1.0267 -4.4542 -0.4657 0.7128 0.5244
-0.8097 0.9887 -4.4059 -0.4657 0.7128 0.5244
-0.7170 0.9430 -4.2615 -0.4657 0.7128 0.5244
-0.5609 1.0204 -4.2282 -0.4657 0.7128 0.5244
-0.5231 1.0628 -4.2522 -0.4657 0.7128 0.5244
-0.5010 1.1056 -4.2907 -0.4657 0.7128 0.5244
-0.4974 1.1436 -4.3391 -0.4657 0.7128 0.5244
-0.5448 1.1881 -4.4417 -0.4657 0.7128 0.5244
-0.5900 1.1893 -4.4834 -0.4657 0.7128 0.5244
-0.6430 1.1755 -4.5118 -0.4657 0.7128 0.5244
-0.6972 1.1486 -4.5234 -0.4657 0.7128 0.5244
-0.7945 0.9600 -4.3534 -0.4657 0.7128 0.5244
-0.6641 0.9567 -4.2331 -0.4657 0.7128 0.5244
-0.6099 0.9836 -4.2215 -0.4657 0.7128 0.5244
-0.7839 1.0694 -4.4928 -0.4657 0.7128 0.5244
-0.7623 0.9442 -4.3034 -0.4657 0.7128 0.5244
-0.5125 1.1722 -4.3915 -0.4657 0.7128 0.5244
-0.6574 0.9464 -4.2407 0.4657 -0.7128 -0.5244
-0.6032 0.9733 -4.2291 0.4657 -0.7128 -0.5244
-0.5541 1.0101 -4.2357 0.4657 -0.7128 -0.5244
-0.7395 1.1014 -4.5244 0.4657 -0.7128 -0.5244
-0.7772 1.0591 -4.5004 0.4657 -0.7128 -0.5244
-0.7992 1.0163 -4.4618 0.4657 -0.7128 -0.5244
-0.8030 0.9784 -4.4135 0.4657 -0.7128 -0.5244
-0.7877 0.9497 -4.3610 0.4657 -0.7128 -0.5244
-0.7556 0.9339 -4.3109 0.4657 -0.7128 -0.5244
-0.7103 0.9327 -4.2691 0.4657 -0.7128 -0.5244
-0.5164 1.0525 -4.2598 0.4657 -0.7128 -0.5244
-0.4943 1.0953 -4.2983 0.4657 -0.7128 -0.5244
-0.4906 1.1333 -4.3467 0.4657 -0.7128 -0.5244
-0.5058 1.1619 -4.3991 0.4657 -0.7128 -0.5244
-0.5380 1.1778 -4.4493 0.4657 -0.7128 -0.5244
-0.5833 1.1789 -4.4910 0.4657 -0.7128 -0.5244
-0.6363 1.1652 -4.5194 0.4657 -0.7128 -0.5244
-0.6904 1.1383 -4.5310 0.4657 -0.7128 -0.5244
-0.7945 0.9600 -4.3534 -0.7942 -0.5981 0.1076
-0.7877 0.9497 -4.3610 -0.7942 -0.5981 0.1077
-0.8030 0.9784 -4.4135 -0.8799 -0.4363 -0.1883
-0.7945 0.9600 -4.3534 -0.7942 -0.5981 0.1076
-0.8030 0.9784 -4.4135 -0.8799 -0.4363 -0.1883
-0.8097 0.9887 -4.4059 -0.8799 -0.4363 -0.1883
-0.7623 0.9442 -4.3034 -0.6132 -0.6872 0.3895
-0.7556 0.9339 -4.3109 -0.6133 -0.6872 0.3894
-0.7877 0.9497 -4.3610 -0.7942 -0.5981 0.1077
-0.7623 0.9442 -4.3034 -0.6132 -0.6872 0.3895
-0.7877 0.9497 -4.3610 -0.7942 -0.5981 0.1077
-0.7945 0.9600 -4.3534 -0.7942 -0.5981 0.1076
-0.8060 1.0267 -4.4542 -0.8591 -0.2220 -0.4612
-0.7992 1.0163 -4.4618 -0.8591 -0.2219 -0.4612
-0.7772 1.0591 -4.5004 -0.7351 0.0184 -0.6777
-0.8060 1.0267 -4.4542 -0.8591 -0.2220 -0.4612
-0.7772 1.0591 -4.5004 -0.7351 0.0184 -0.6777
-0.7839 1.0694 -4.4928 -0.7350 0.0184 -0.6778
-0.6641 0.9567 -4.2331 -0.0596 -0.6165 0.7851
-0.6574 0.9464 -4.2407 -0.0596 -0.6165 0.7851
-0.7103 0.9327 -4.2691 -0.3580 -0.6937 0.6250
-0.6641 0.9567 -4.2331 -0.0596 -0.6165 0.7851
-0.7103 0.9327 -4.2691 -0.3580 -0.6937 0.6250
-0.7170 0.9430 -4.2615 -0.3580 -0.6937 0.6250
-0.7170 0.9430 -4.2615 -0.3580 -0.6937 0.6250
-0.7103 0.9327 -4.2691 -0.3580 -0.6937 0.6250
-0.7556 0.9339 -4.3109 -0.6133 -0.6872 0.3894
-0.7170 0.9430 -4.2615 -0.3580 -0.6937 0.6250
-0.7556 0.9339 -4.3109 -0.6133 -0.6872 0.3894
-0.7623 0.9442 -4.3034 -0.6132 -0.6872 0.3895
-0.5010 1.1056 -4.2907 0.8592 0.2223 0.4608
-0.4943 1.0953 -4.2983 0.8592 0.2223 0.4609
-0.5164 1.0525 -4.2598 0.7349 -0.0186 0.6779
-0.5010 1.1056 -4.2907 0.8592 0.2223 0.4608
-0.5164 1.0525 -4.2598 0.7349 -0.0186 0.6779
-0.5231 1.0628 -4.2522 0.7349 -0.0185 0.6779
-0.5231 1.0628 -4.2522 0.7349 -0.0185 0.6779
-0.5164 1.0525 -4.2598 0.7349 -0.0186 0.6779
-0.5541 1.0101 -4.2357 0.5222 -0.2571 0.8132
-0.5231 1.0628 -4.2522 0.7349 -0.0185 0.6779
-0.5541 1.0101 -4.2357 0.5222 -0.2571 0.8132
-0.5609 1.0204 -4.2282 0.5221 -0.2571 0.8132
-0.5125 1.1722 -4.3915 0.7943 0.5979 -0.1073
-0.5058 1.1619 -4.3991 0.7944 0.5979 -0.1073
-0.4906 1.1333 -4.3467 0.8798 0.4367 0.1877
-0.5125 1.1722 -4.3915 0.7943 0.5979 -0.1073
-0.4906 1.1333 -4.3467 0.8798 0.4367 0.1877
-0.4974 1.1436 -4.3391 0.8798 0.4367 0.1878
-0.6099 0.9836 -4.2215 0.2458 -0.4651 0.8504
-0.6032 0.9733 -4.2291 0.2458 -0.4651 0.8504
-0.6574 0.9464 -4.2407 -0.0596 -0.6165 0.7851
-0.6099 0.9836 -4.2215 0.2458 -0.4651 0.8504
-0.6574 0.9464 -4.2407 -0.0596 -0.6165 0.7851
-0.6641 0.9567 -4.2331 -0.0596 -0.6165 0.7851
-0.4974 1.1436 -4.3391 0.8798 0.4367 0.1878
-0.4906 1.1333 -4.3467 0.8798 0.4367 0.1877
-0.4943 1.0953 -4.2983 0.8592 0.2223 0.4609
-0.4974 1.1436 -4.3391 0.8798 0.4367 0.1878
-0.4943 1.0953 -4.2983 0.8592 0.2223 0.4609
-0.5010 1.1056 -4.2907 0.8592 0.2223 0.4608
-0.5900 1.1893 -4.4834 0.3577 0.6937 -0.6252
-0.5833 1.1789 -4.4910 0.3577 0.6937 -0.6252
-0.5380 1.1778 -4.4493 0.6131 0.6872 -0.3896
-0.5900 1.1893 -4.4834 0.3577 0.6937 -0.6252
-0.5380 1.1778 -4.4493 0.6131 0.6872 -0.3896
-0.5448 1.1881 -4.4417 0.6131 0.6872 -0.3897
-0.5609 1.0204 -4.2282 0.5221 -0.2571 0.8132
-0.5541 1.0101 -4.2357 0.5222 -0.2571 0.8132
-0.6032 0.9733 -4.2291 0.2458 -0.4651 0.8504
-0.5609 1.0204 -4.2282 0.5221 -0.2571 0.8132
-0.6032 0.9733 -4.2291 0.2458 -0.4651 0.8504
-0.6099 0.9836 -4.2215 0.2458 -0.4651 0.8504
-0.6430 1.1755 -4.5118 0.0592 0.6164 -0.7852
-0.6363 1.1652 -4.5194 0.0591 0.6163 -0.7853
-0.5833 1.1789 -4.4910 0.3577 0.6937 -0.6252
-0.6430 1.1755 -4.5118 0.0592 0.6164 -0.7852
-0.5833 1.1789 -4.4910 0.3577 0.6937 -0.6252
-0.5900 1.1893 -4.4834 0.3577 0.6937 -0.6252
-0.6972 1.1486 -4.5234 -0.2461 0.4649 -0.8505
-0.6904 1.1383 -4.5310 -0.2462 0.4649 -0.8505
-0.6363 1.1652 -4.5194 0.0591 0.6163 -0.7853
-0.6972 1.1486 -4.5234 -0.2461 0.4649 -0.8505
-0.6363 1.1652 -4.5194 0.0591 0.6163 -0.7853
-0.6430 1.1755 -4.5118 0.0592 0.6164 -0.7852
-0.7839 1.0694 -4.4928 -0.7350 0.0184 -0.6778
-0.7772 1.0591 -4.5004 -0.7351 0.0184 -0.6777
-0.7395 1.1014 -4.5244 -0.5220 0.2573 -0.8132
-0.7839 1.0694 -4.4928 -0.7350 0.0184 -0.6778
-0.7395 1.1014 -4.5244 -0.5220 0.2573 -0.8132
-0.7462 1.1117 -4.5168 -0.5220 0.2572 -0.8132
-0.7462 1.1117 -4.5168 -0.5220 0.2572 -0.8132
-0.7395 1.1014 -4.5244 -0.5220 0.2573 -0.8132
-0.6904 1.1383 -4.5310 -0.2462 0.4649 -0.8505
-0.7462 1.1117 -4.5168 -0.5220 0.2572 -0.8132
-0.6904 1.1383 -4.5310 -0.2462 0.4649 -0.8505
-0.6972 1.1486 -4.5234 -0.2461 0.4649 -0.8505
-0.5448 1.1881 -4.4417 0.6131 0.6872 -0.3897
-0.5380 1.1778 -4.4493 0.6131 0.6872 -0.3896
-0.5058 1.1619 -4.3991 0.7944 0.5979 -0.1073
-0.5448 1.1881 -4.4417 0.6131 0.6872 -0.3897
-0.5058 1.1619 -4.3991 0.7944 0.5979 -0.1073
-0.5125 1.1722 -4.3915 0.7943 0.5979 -0.1073
-0.8097 0.9887 -4.4059 -0.8799 -0.4363 -0.1883
-0.8030 0.9784 -4.4135 -0.8799 -0.4363 -0.1883
-0.7992 1.0163 -4.4618 -0.8591 -0.2219 -0.4612
-0.8097 0.9887 -4.4059 -0.8799 -0.4363 -0.1883
-0.7992 1.0163 -4.4618 -0.8591 -0.2219 -0.4612
-0.8060 1.0267 -4.4542 -0.8591 -0.2220 -0.4612
3 12 16
12 1 2
1 0 15
0 10 11
10 8 9
8 7 17
7 5 6
5 14 4
14 3 13
3 1 12
1 10 0
10 7 8
7 14 5
14 1 3
1 7 10
1 14 7
25 27 26
27 19 18
19 28 20
28 30 29
30 32 31
32 34 33
34 21 35
21 23 22
23 25 24
25 19 27
19 30 28
30 34 32
34 23 21
23 19 25
19 34 30
19 23 34
36 38 37
39 41 40
42 44 43
45 47 46
48 50 49
51 53 52
54 56 55
57 59 58
60 62 61
63 65 64
66 68 67
69 71 70
72 74 73
75 77 76
78 80 79
81 83 82
84 86 85
87 89 88
90 92 91
93 95 94
96 98 97
99 101 100
102 104 103
105 107 106
108 110 109
111 113 112
114 116 115
117 119 118
120 122 121
123 125 124
126 128 127
129 131 130
132 134 133
135 137 136
138 140 139
141 143 142
LABEL LES_HatchWindow
MATERIAL 1
TEXTURE 1
FLAG 0
GEOM 656 360
0.1132 1.4252 -4.6100 -0.9240 -0.2025 0.3244 0.1967 0.9093
-0.0004 1.3354 -4.4660 0.0000 0.8483 0.5296 0.2186 0.8828
-0.0004 1.4656 -4.6746 -0.0002 -0.5296 0.8483 0.1789 0.8947
-0.0244 1.3366 -4.4680 0.1935 0.5196 -0.8322 0.2171 0.8790
-0.0475 1.3403 -4.4739 0.3814 0.4896 -0.7842 0.2148 0.8756
-0.0688 1.3463 -4.4835 0.5544 0.4407 -0.7060 0.2120 0.8727
-0.0874 1.3543 -4.4964 0.7064 0.3749 -0.6004 0.2086 0.8705
-0.1027 1.3642 -4.5122 0.8311 0.2945 -0.4717 0.2049 0.8689
-0.1140 1.3754 -4.5302 0.9238 0.2028 -0.3248 0.2009 0.8681
-0.1210 1.3876 -4.5498 0.9808 0.1032 -0.1653 0.1968 0.8681
-0.1234 1.4003 -4.5701 1.0000 -0.0001 0.0002 0.1928 0.8689
-0.1210 1.4130 -4.5904 0.9808 -0.1034 0.1656 0.1891 0.8704
-0.1140 1.4253 -4.6100 0.9239 -0.2027 0.3246 0.1857 0.8727
-0.1026 1.4365 -4.6281 0.8316 -0.2941 0.4711 0.1828 0.8755
-0.0873 1.4464 -4.6439 0.7075 -0.3743 0.5995 0.1806 0.8789
-0.0687 1.4545 -4.6569 0.5562 -0.4401 0.7049 0.1790 0.8827
-0.0474 1.4606 -4.6665 0.3838 -0.4890 0.7833 0.1782 0.8866
-0.0244 1.4643 -4.6725 0.1972 -0.5192 0.8316 0.1782 0.8907
0.0236 1.4643 -4.6725 -0.1973 -0.5192 0.8316 0.1805 0.8984
0.0467 1.4605 -4.6665 -0.3846 -0.4889 0.7830 0.1828 0.9018
0.0679 1.4545 -4.6568 -0.5570 -0.4398 0.7045 0.1856 0.9047
0.0866 1.4464 -4.6438 -0.7077 -0.3741 0.5993 0.1890 0.9070
0.1018 1.4365 -4.6280 -0.8318 -0.2939 0.4708 0.1928 0.9085
0.0679 1.3462 -4.4834 -0.5541 0.4409 -0.7061 0.2186 0.8948
0.0466 1.3402 -4.4738 -0.0000 0.8483 0.5296 0.2194 0.8908
0.0236 1.3366 -4.4679 -0.0000 0.8483 0.5296 0.2194 0.8867
0.1202 1.4130 -4.5904 -0.9808 -0.1033 0.1654 0.2008 0.9093
0.1225 1.4003 -4.5700 -1.0000 0.0001 -0.0002 0.2048 0.9085
0.1202 1.3876 -4.5497 -0.9807 0.1035 -0.1658 0.2085 0.9070
0.1132 1.3754 -4.5302 -0.9237 0.2029 -0.3250 0.2119 0.9047
0.1018 1.3642 -4.5121 -0.8311 0.2945 -0.4717 0.2148 0.9019
0.0865 1.3543 -4.4964 -0.7062 0.3750 -0.6006 0.2170 0.8985
0.1337 1.4297 -4.6172 0.9240 0.2025 -0.3244 0.1964 0.9129
-0.0004 1.3236 -4.4471 0.0000 0.8483 0.5296 0.2220 0.8817
-0.0004 1.4773 -4.6934 0.0002 0.5296 -0.8483 0.1755 0.8957
-0.0288 1.3250 -4.4495 -0.1936 -0.5196 0.8322 0.2202 0.8773
-0.0560 1.3294 -4.4564 -0.3814 -0.4896 0.7842 0.2176 0.8734
-0.0811 1.3365 -4.4678 -0.5544 -0.4407 0.7060 0.2142 0.8700
-0.1031 1.3460 -4.4831 -0.7064 -0.3749 0.6004 0.2103 0.8673
-0.1212 1.3576 -4.5017 -0.8311 -0.2945 0.4717 0.2059 0.8655
-0.1346 1.3709 -4.5230 -0.9238 -0.2028 0.3248 0.2012 0.8646
-0.1428 1.3853 -4.5461 -0.9808 -0.1032 0.1653 0.1965 0.8646
-0.1456 1.4003 -4.5701 -1.0000 0.0001 -0.0002 0.1918 0.8655
-0.1428 1.4153 -4.5941 -0.9808 0.1034 -0.1656 0.1874 0.8673
-0.1345 1.4298 -4.6172 -0.9239 0.2027 -0.3246 0.1835 0.8699
-0.1211 1.4431 -4.6385 -0.8316 0.2941 -0.4711 0.1801 0.8733
-0.1031 1.4547 -4.6572 -0.7075 0.3743 -0.5995 0.1774 0.8772
-0.0811 1.4643 -4.6726 -0.5562 0.4401 -0.7049 0.1756 0.8816
-0.0560 1.4714 -4.6840 -0.3838 0.4890 -0.7833 0.1746 0.8863
-0.0287 1.4758 -4.6910 -0.1971 0.5192 -0.8316 0.1746 0.8910
0.0280 1.4758 -4.6910 0.1973 0.5192 -0.8316 0.1774 0.9001
0.0552 1.4714 -4.6839 0.3846 0.4889 -0.7830 0.1800 0.9041
0.0803 1.4643 -4.6725 0.5570 0.4398 -0.7045 0.1834 0.9074
0.1023 1.4547 -4.6572 0.7077 0.3741 -0.5993 0.1873 0.9101
0.1203 1.4430 -4.6385 0.8318 0.2939 -0.4708 0.1917 0.9119
0.0802 1.3364 -4.4677 0.5541 -0.4409 0.7061 0.2220 0.8958
0.0551 1.3294 -4.4564 0.0000 0.8483 0.5296 0.2229 0.8911
0.0279 1.3250 -4.4495 -0.0000 0.8483 0.5296 0.2229 0.8864
0.1420 1.4153 -4.5941 0.9808 0.1032 -0.1654 0.2011 0.9129
0.1448 1.4003 -4.5700 1.0000 -0.0001 0.0002 0.2058 0.9119
0.1420 1.3853 -4.5460 0.9807 -0.1035 0.1658 0.2102 0.9101
0.1337 1.3709 -4.5229 0.9237 -0.2029 0.3250 0.2142 0.9075
0.1203 1.3576 -4.5017 0.8311 -0.2945 0.4717 0.2175 0.9041
0.1022 1.3460 -4.4830 0.7062 -0.3750 0.6006 0.2202 0.9002
0.1337 1.3856 -4.6447 0.9240 0.2025 -0.3244 0.1964 0.9129
-0.0004 1.2794 -4.4747 -0.0004 -0.5296 0.8483 0.2220 0.8817
-0.0004 1.4332 -4.7210 0.0002 0.5296 -0.8483 0.1755 0.8957
-0.0288 1.2809 -4.4770 -0.1936 -0.5196 0.8322 0.2202 0.8773
-0.0560 1.2852 -4.4840 -0.3814 -0.4896 0.7842 0.2176 0.8734
-0.0811 1.2923 -4.4954 -0.5544 -0.4407 0.7060 0.2142 0.8700
-0.1031 1.3019 -4.5106 -0.7064 -0.3749 0.6004 0.2103 0.8673
-0.1212 1.3135 -4.5293 -0.8311 -0.2945 0.4717 0.2059 0.8655
-0.1346 1.3268 -4.5505 -0.9238 -0.2028 0.3248 0.2012 0.8646
-0.1428 1.3412 -4.5736 -0.9808 -0.1032 0.1653 0.1965 0.8646
-0.1456 1.3562 -4.5977 -1.0000 0.0001 -0.0002 0.1918 0.8655
-0.1428 1.3712 -4.6217 -0.9808 0.1034 -0.1656 0.1874 0.8673
-0.1345 1.3856 -4.6448 -0.9239 0.2027 -0.3246 0.1835 0.8699
-0.1211 1.3989 -4.6661 -0.8316 0.2941 -0.4711 0.1801 0.8733
-0.1031 1.4106 -4.6848 -0.7075 0.3743 -0.5995 0.1774 0.8772
-0.0811 1.4202 -4.7001 -0.5562 0.4401 -0.7049 0.1756 0.8816
-0.0560 1.4273 -4.7115 -0.3838 0.4890 -0.7833 0.1746 0.8863
-0.0287 1.4317 -4.7186 -0.1971 0.5192 -0.8316 0.1746 0.8910
0.0280 1.4317 -4.7186 0.1973 0.5192 -0.8316 0.1774 0.9001
0.0552 1.4273 -4.7115 0.3846 0.4889 -0.7830 0.1800 0.9041
0.0803 1.4201 -4.7001 0.5570 0.4398 -0.7045 0.1834 0.9074
0.1023 1.4106 -4.6847 0.7077 0.3741 -0.5993 0.1873 0.9101
0.1203 1.3989 -4.6660 0.8318 0.2939 -0.4708 0.1917 0.9119
0.0802 1.2923 -4.4953 0.5541 -0.4409 0.7061 0.2220 0.8958
0.0551 1.2852 -4.4840 0.3808 -0.4897 0.7843 0.2229 0.8911
0.0279 1.2809 -4.4770 0.1928 -0.5196 0.8323 0.2229 0.8864
0.1420 1.3712 -4.6216 0.9808 0.1032 -0.1654 0.2011 0.9129
0.1448 1.3562 -4.5976 1.0000 -0.0001 0.0002 0.2058 0.9119
0.1420 1.3412 -4.5736 0.9807 -0.1035 0.1658 0.2102 0.9101
0.1337 1.3267 -4.5505 0.9237 -0.2029 0.3250 0.2142 0.9075
0.1203 1.3135 -4.5292 0.8311 -0.2945 0.4717 0.2175 0.9041
0.1022 1.3018 -4.5106 0.7062 -0.3750 0.6006 0.2202 0.9002
0.0236 1.2924 -4.4955 -0.1928 0.5196 -0.8323 0.2194 0.8867
-0.0004 1.2912 -4.4936 0.0004 0.5296 -0.8483 0.2186 0.8828
0.0466 1.2961 -4.5014 -0.3808 0.4897 -0.7843 0.2194 0.8908
-0.0244 1.2924 -4.4955 0.1935 0.5196 -0.8322 0.2171 0.8790
-0.0475 1.2961 -4.5014 0.3814 0.4896 -0.7842 0.2148 0.8756
0.0865 1.3102 -4.5239 -0.7062 0.3750 -0.6006 0.2170 0.8985
0.0679 1.3021 -4.5110 -0.5541 0.4409 -0.7061 0.2186 0.8948
0.1018 1.3200 -4.5397 -0.8311 0.2945 -0.4717 0.2148 0.9019
-0.0688 1.3021 -4.5110 0.5544 0.4407 -0.7060 0.2120 0.8727
-0.0874 1.3102 -4.5240 0.7064 0.3749 -0.6004 0.2086 0.8705
0.1132 1.3313 -4.5577 -0.9237 0.2029 -0.3251 0.2119 0.9047
-0.1027 1.3200 -4.5397 0.8311 0.2945 -0.4717 0.2049 0.8689
-0.1140 1.3313 -4.5577 0.9238 0.2028 -0.3248 0.2009 0.8681
-0.0004 1.4214 -4.7021 -0.0002 -0.5296 0.8483 0.1789 0.8947
-0.0244 1.4201 -4.7001 0.1972 -0.5192 0.8316 0.1782 0.8907
-0.0474 1.4164 -4.6941 0.3838 -0.4890 0.7833 0.1782 0.8866
0.0236 1.4201 -4.7001 -0.1973 -0.5192 0.8316 0.1805 0.8984
0.0467 1.4164 -4.6941 -0.3846 -0.4889 0.7830 0.1828 0.9018
-0.0687 1.4104 -4.6844 0.5562 -0.4401 0.7049 0.1790 0.8827
0.0679 1.4103 -4.6844 -0.5570 -0.4398 0.7045 0.1856 0.9047
-0.0873 1.4023 -4.6714 0.7075 -0.3743 0.5995 0.1806 0.8789
-0.1026 1.3924 -4.6556 0.8316 -0.2941 0.4711 0.1828 0.8755
0.1132 1.3811 -4.6375 -0.9240 -0.2025 0.3244 0.1967 0.9093
0.1018 1.3924 -4.6556 -0.8318 -0.2939 0.4708 0.1928 0.9085
0.0866 1.4022 -4.6714 -0.7077 -0.3741 0.5993 0.1890 0.9070
-0.1140 1.3811 -4.6376 0.9239 -0.2027 0.3246 0.1857 0.8727
0.1202 1.3689 -4.6180 -0.9808 -0.1032 0.1654 0.2008 0.9093
-0.1210 1.3689 -4.6180 0.9808 -0.1034 0.1656 0.1891 0.8704
-0.1234 1.3562 -4.5977 1.0000 -0.0001 0.0002 0.1928 0.8689
-0.1210 1.3435 -4.5773 0.9808 0.1032 -0.1653 0.1968 0.8681
0.1225 1.3562 -4.5976 -1.0000 0.0001 -0.0002 0.2048 0.9085
0.1202 1.3435 -4.5773 -0.9807 0.1035 -0.1658 0.2085 0.9070
0.2173 1.0951 -4.2305 -0.1685 -0.8433 -0.5104 0.1359 0.8715
-0.0004 1.6780 -5.1758 0.0000 -0.8599 -0.5105 0.1277 0.9075
0.2250 1.1337 -4.2305 0.1678 0.8434 0.5105 0.2089 0.9313
-0.4425 1.0680 -4.2305 -0.9591 -0.2754 0.0656 0.1108 0.8715
-0.2258 1.1337 -4.2305 -0.1678 0.8434 0.5105 0.1922 0.9313
0.4417 1.0680 -4.2305 0.9591 -0.2754 0.0656 0.1445 0.8715
-0.0004 1.1559 -4.2305 -0.0000 0.8599 0.5105 0.2006 0.9313
-0.3353 1.6841 -5.1758 -0.1678 0.8434 0.5105 0.1881 0.9664
0.3345 1.6841 -5.1758 0.1678 0.8434 0.5105 0.2130 0.9664
-0.0004 1.7171 -5.1758 -0.0000 0.8599 0.5105 0.2006 0.9664
-0.6573 1.5864 -5.1758 -0.9591 -0.2754 0.0656 0.1026 0.9075
0.6565 1.5864 -5.1758 0.9591 -0.2754 0.0656 0.1527 0.9075
-0.0004 1.1171 -4.2305 0.0000 -0.8599 -0.5105 0.1277 0.8715
-0.2181 1.0951 -4.2305 0.1685 -0.8433 -0.5104 0.1194 0.8715
0.6445 1.5491 -5.1758 -0.2499 -0.8239 -0.5086 0.1522 0.9075
0.3268 1.6454 -5.1758 -0.1684 -0.8433 -0.5104 0.1401 0.9075
-0.3276 1.6454 -5.1758 0.1684 -0.8433 -0.5104 0.1152 0.9075
0.4320 1.0300 -4.2305 -0.2499 -0.8239 -0.5086 0.1441 0.8715
-0.6453 1.5491 -5.1758 -0.9591 -0.2754 0.0656 0.1006 0.9068
-0.4329 1.0300 -4.2305 -0.9591 -0.2754 0.0656 0.1112 0.8715
-0.0004 1.4325 -4.6963 0.0000 0.8599 0.5105 0.2006 0.9486
-0.0004 1.4040 -4.7141 -0.0000 -0.8599 -0.5105 0.1277 0.8899
-0.0246 1.4295 -4.6953 -0.0844 0.8568 0.5086 0.1997 0.9486
-0.0246 1.4010 -4.7131 0.0858 -0.8567 -0.5086 0.1267 0.8899
-0.0478 1.4242 -4.6903 -0.0844 0.8568 0.5086 0.1988 0.9484
-0.0478 1.3957 -4.7080 0.0858 -0.8567 -0.5086 0.1258 0.8897
0.0238 1.4295 -4.6953 0.0844 0.8568 0.5086 0.2015 0.9486
0.0238 1.4010 -4.7131 -0.0858 -0.8567 -0.5086 0.1286 0.8899
0.0470 1.4242 -4.6903 0.0844 0.8568 0.5086 0.2023 0.9484
0.0470 1.3957 -4.7080 -0.0858 -0.8567 -0.5086 0.1295 0.8897
-0.0692 1.4168 -4.6814 -0.0844 0.8568 0.5086 0.1980 0.9480
-0.0692 1.3883 -4.6991 0.0858 -0.8567 -0.5086 0.1250 0.8893
-0.1034 1.3969 -4.6534 -0.0844 0.8568 0.5086 0.1967 0.9470
-0.1034 1.3684 -4.6712 0.0858 -0.8567 -0.5086 0.1237 0.8883
0.0872 1.4075 -4.6689 0.0844 0.8568 0.5086 0.2038 0.9476
0.0872 1.3790 -4.6867 -0.0858 -0.8567 -0.5086 0.1310 0.8889
0.0685 1.4168 -4.6813 0.0844 0.8568 0.5086 0.2031 0.9480
0.0685 1.3883 -4.6991 -0.0858 -0.8567 -0.5086 0.1303 0.8893
-0.1149 1.3851 -4.6355 -0.0844 0.8568 0.5086 0.1963 0.9463
-0.1149 1.3566 -4.6533 0.0858 -0.8567 -0.5086 0.1233 0.8876
0.1026 1.3968 -4.6534 0.0844 0.8568 0.5086 0.2044 0.9470
0.1026 1.3683 -4.6712 -0.0858 -0.8567 -0.5086 0.1316 0.8883
-0.0880 1.4076 -4.6689 -0.0844 0.8568 0.5086 0.1973 0.9476
-0.0880 1.3791 -4.6867 0.0858 -0.8567 -0.5086 0.1243 0.8889
-0.1219 1.3727 -4.6158 -0.0844 0.8568 0.5086 0.1960 0.9456
-0.1219 1.3442 -4.6336 0.0858 -0.8567 -0.5086 0.1230 0.8868
0.1211 1.3727 -4.6158 0.0844 0.8568 0.5086 0.2051 0.9456
0.1211 1.3442 -4.6336 -0.0858 -0.8567 -0.5086 0.1323 0.8868
0.1141 1.3851 -4.6355 0.0844 0.8568 0.5086 0.2048 0.9463
0.1141 1.3565 -4.6533 -0.0858 -0.8567 -0.5086 0.1320 0.8876
-0.1243 1.3602 -4.5952 -0.0844 0.8568 0.5086 0.1959 0.9448
-0.1243 1.3317 -4.6130 0.0858 -0.8567 -0.5086 0.1229 0.8861
0.1235 1.3602 -4.5951 0.0844 0.8568 0.5086 0.2052 0.9448
0.1235 1.3317 -4.6129 -0.0858 -0.8567 -0.5086 0.1324 0.8860
0.1211 1.3480 -4.5742 0.0844 0.8568 0.5086 0.2051 0.9441
0.1211 1.3195 -4.5920 -0.0858 -0.8567 -0.5086 0.1323 0.8853
-0.1219 1.3480 -4.5743 -0.0844 0.8568 0.5086 0.1960 0.9441
-0.1219 1.3195 -4.5921 0.0858 -0.8567 -0.5086 0.1230 0.8853
-0.0246 1.3054 -4.4863 -0.0844 0.8568 0.5086 0.1997 0.9408
-0.0246 1.2770 -4.5041 0.0858 -0.8567 -0.5086 0.1267 0.8819
0.0237 1.3054 -4.4863 0.0844 0.8568 0.5086 0.2015 0.9408
0.0237 1.2770 -4.5040 -0.0858 -0.8567 -0.5086 0.1286 0.8819
-0.0004 1.3060 -4.4832 -0.0000 0.8599 0.5105 0.2006 0.9407
-0.0004 1.2776 -4.5010 0.0000 -0.8599 -0.5105 0.1277 0.8818
-0.0693 1.3116 -4.5042 -0.0844 0.8568 0.5086 0.1980 0.9414
-0.0693 1.2832 -4.5219 0.0858 -0.8567 -0.5086 0.1250 0.8826
0.0684 1.3116 -4.5041 0.0844 0.8568 0.5086 0.2031 0.9414
0.0684 1.2831 -4.5219 -0.0858 -0.8567 -0.5086 0.1303 0.8826
-0.0479 1.3073 -4.4934 -0.0844 0.8568 0.5086 0.1988 0.9410
-0.0479 1.2789 -4.5112 0.0858 -0.8567 -0.5086 0.1258 0.8822
0.0470 1.3073 -4.4934 0.0844 0.8568 0.5086 0.2023 0.9410
0.0470 1.2789 -4.5111 -0.0858 -0.8567 -0.5086 0.1295 0.8822
0.1026 1.3265 -4.5350 0.0844 0.8568 0.5086 0.2044 0.9426
0.1026 1.2981 -4.5528 -0.0858 -0.8567 -0.5086 0.1316 0.8838
0.0872 1.3181 -4.5182 0.0844 0.8568 0.5086 0.2038 0.9420
0.0872 1.2896 -4.5360 -0.0858 -0.8567 -0.5086 0.1310 0.8831
-0.1149 1.3367 -4.5539 -0.0844 0.8568 0.5086 0.1963 0.9433
-0.1149 1.3082 -4.5717 0.0858 -0.8567 -0.5086 0.1233 0.8845
0.1141 1.3367 -4.5539 0.0844 0.8568 0.5086 0.2048 0.9433
0.1141 1.3082 -4.5717 -0.0858 -0.8567 -0.5086 0.1320 0.8845
-0.0881 1.3181 -4.5182 -0.0844 0.8568 0.5086 0.1973 0.9420
-0.0881 1.2896 -4.5360 0.0858 -0.8567 -0.5086 0.1243 0.8831
-0.1035 1.3266 -4.5351 -0.0844 0.8568 0.5086 0.1967 0.9426
-0.1035 1.2981 -4.5528 0.0858 -0.8567 -0.5086 0.1237 0.8838
-0.0004 1.3236 -4.4471 -0.0004 -0.5296 0.8483 0.2220 0.8817
-0.0004 1.3236 -4.4471 -0.0004 -0.5296 0.8483 0.2220 0.8817
0.0551 1.3294 -4.4564 0.3808 -0.4897 0.7843 0.2229 0.8911
0.0551 1.3294 -4.4564 0.3808 -0.4897 0.7843 0.2229 0.8911
0.0551 1.3294 -4.4564 0.3808 -0.4897 0.7843 0.2229 0.8911
0.0279 1.3250 -4.4495 0.1928 -0.5196 0.8323 0.2229 0.8864
0.0279 1.3250 -4.4495 0.1928 -0.5196 0.8323 0.2229 0.8864
0.0279 1.3250 -4.4495 0.1928 -0.5196 0.8323 0.2229 0.8864
-0.0004 1.3236 -4.4471 -0.0004 -0.5296 0.8483 0.2220 0.8817
-0.0004 1.3354 -4.4660 0.0005 0.5296 -0.8483 0.2186 0.8828
-0.0004 1.3354 -4.4660 0.0005 0.5296 -0.8483 0.2186 0.8828
0.0236 1.3366 -4.4679 -0.1928 0.5196 -0.8323 0.2194 0.8867
-0.0004 1.3354 -4.4660 0.0005 0.5296 -0.8483 0.2186 0.8828
0.0466 1.3402 -4.4738 -0.3808 0.4897 -0.7843 0.2194 0.8908
0.0466 1.3402 -4.4738 -0.3808 0.4897 -0.7843 0.2194 0.8908
0.0236 1.3366 -4.4679 -0.1928 0.5196 -0.8323 0.2194 0.8867
0.0236 1.3366 -4.4679 -0.1928 0.5196 -0.8323 0.2194 0.8867
0.0466 1.3402 -4.4738 -0.3808 0.4897 -0.7843 0.2194 0.8908
0.1337 1.3709 -4.5229 0.0000 0.8483 0.5296 0.2142 0.9075
0.1132 1.3754 -4.5302 0.0000 0.8483 0.5296 0.2119 0.9047
0.1202 1.3876 -4.5497 0.0000 0.8483 0.5296 0.2085 0.9070
0.1337 1.3709 -4.5229 0.0000 0.8483 0.5296 0.2142 0.9075
0.1202 1.3876 -4.5497 0.0000 0.8483 0.5296 0.2085 0.9070
0.1420 1.3853 -4.5460 0.0000 0.8483 0.5296 0.2102 0.9101
-0.1211 1.4431 -4.6385 0.0000 0.8483 0.5296 0.1801 0.8733
-0.1026 1.4365 -4.6281 0.0000 0.8483 0.5296 0.1828 0.8755
-0.1140 1.4253 -4.6100 0.0000 0.8483 0.5296 0.1857 0.8727
-0.1211 1.4431 -4.6385 0.0000 0.8483 0.5296 0.1801 0.8733
-0.1140 1.4253 -4.6100 0.0000 0.8483 0.5296 0.1857 0.8727
-0.1345 1.4298 -4.6172 0.0000 0.8483 0.5296 0.1835 0.8699
0.0802 1.3364 -4.4677 0.0000 0.8483 0.5296 0.2220 0.8958
0.0679 1.3462 -4.4834 0.0000 0.8483 0.5296 0.2186 0.8948
0.0865 1.3543 -4.4964 0.0000 0.8483 0.5296 0.2170 0.8985
0.0802 1.3364 -4.4677 0.0000 0.8483 0.5296 0.2220 0.8958
0.0865 1.3543 -4.4964 0.0000 0.8483 0.5296 0.2170 0.8985
0.1022 1.3460 -4.4830 0.0000 0.8483 0.5296 0.2202 0.9002
-0.0287 1.4758 -4.6910 0.0000 0.8483 0.5296 0.1746 0.8910
-0.0244 1.4643 -4.6725 0.0000 0.8483 0.5296 0.1782 0.8907
-0.0474 1.4606 -4.6665 0.0000 0.8483 0.5296 0.1782 0.8866
-0.0287 1.4758 -4.6910 0.0000 0.8483 0.5296 0.1746 0.8910
-0.0474 1.4606 -4.6665 0.0000 0.8483 0.5296 0.1782 0.8866
-0.0560 1.4714 -4.6840 0.0000 0.8483 0.5296 0.1746 0.8863
-0.1456 1.4003 -4.5701 -0.0000 0.8483 0.5296 0.1918 0.8655
-0.1234 1.4003 -4.5701 -0.0000 0.8483 0.5296 0.1928 0.8689
-0.1210 1.3876 -4.5498 -0.0000 0.8483 0.5296 0.1968 0.8681
-0.1456 1.4003 -4.5701 -0.0000 0.8483 0.5296 0.1918 0.8655
-0.1210 1.3876 -4.5498 -0.0000 0.8483 0.5296 0.1968 0.8681
-0.1428 1.3853 -4.5461 -0.0000 0.8483 0.5296 0.1965 0.8646
0.1448 1.4003 -4.5700 -0.0000 0.8483 0.5296 0.2058 0.9119
0.1225 1.4003 -4.5700 -0.0000 0.8483 0.5296 0.2048 0.9085
0.1202 1.4130 -4.5904 0.0000 0.8483 0.5296 0.2008 0.9093
0.1448 1.4003 -4.5700 -0.0000 0.8483 0.5296 0.2058 0.9119
0.1202 1.4130 -4.5904 0.0000 0.8483 0.5296 0.2008 0.9093
0.1420 1.4153 -4.5941 0.0000 0.8483 0.5296 0.2011 0.9129
0.0280 1.4758 -4.6910 -0.0000 0.8483 0.5296 0.1774 0.9001
0.0552 1.4714 -4.6839 0.0000 0.8483 0.5296 0.1800 0.9041
0.0467 1.4605 -4.6665 0.0000 0.8483 0.5296 0.1828 0.9018
0.0280 1.4758 -4.6910 -0.0000 0.8483 0.5296 0.1774 0.9001
0.0467 1.4605 -4.6665 0.0000 0.8483 0.5296 0.1828 0.9018
0.0236 1.4643 -4.6725 -0.0000 0.8483 0.5296 0.1805 0.8984
0.1420 1.4153 -4.5941 0.0000 0.8483 0.5296 0.2011 0.9129
0.1202 1.4130 -4.5904 0.0000 0.8483 0.5296 0.2008 0.9093
0.1132 1.4252 -4.6100 0.0000 0.8483 0.5296 0.1967 0.9093
0.1420 1.4153 -4.5941 0.0000 0.8483 0.5296 0.2011 0.9129
0.1132 1.4252 -4.6100 0.0000 0.8483 0.5296 0.1967 0.9093
0.1337 1.4297 -4.6172 0.0000 0.8483 0.5296 0.1964 0.9129
-0.1031 1.3460 -4.4831 -0.0000 0.8483 0.5296 0.2103 0.8673
-0.0874 1.3543 -4.4964 -0.0000 0.8483 0.5296 0.2086 0.8705
-0.0688 1.3463 -4.4835 -0.0000 0.8483 0.5296 0.2120 0.8727
-0.1031 1.3460 -4.4831 -0.0000 0.8483 0.5296 0.2103 0.8673
-0.0688 1.3463 -4.4835 -0.0000 0.8483 0.5296 0.2120 0.8727
-0.0811 1.3365 -4.4678 -0.0000 0.8483 0.5296 0.2142 0.8700
-0.1212 1.3576 -4.5017 -0.0000 0.8483 0.5296 0.2059 0.8655
-0.1027 1.3642 -4.5122 -0.0000 0.8483 0.5296 0.2049 0.8689
-0.0874 1.3543 -4.4964 -0.0000 0.8483 0.5296 0.2086 0.8705
-0.1212 1.3576 -4.5017 -0.0000 0.8483 0.5296 0.2059 0.8655
-0.0874 1.3543 -4.4964 -0.0000 0.8483 0.5296 0.2086 0.8705
-0.1031 1.3460 -4.4831 -0.0000 0.8483 0.5296 0.2103 0.8673
-0.0560 1.3294 -4.4564 -0.0000 0.8483 0.5296 0.2176 0.8734
-0.0475 1.3403 -4.4739 -0.0000 0.8483 0.5296 0.2148 0.8756
-0.0244 1.3366 -4.4680 -0.0000 0.8482 0.5296 0.2171 0.8790
-0.0560 1.3294 -4.4564 -0.0000 0.8483 0.5296 0.2176 0.8734
-0.0244 1.3366 -4.4680 -0.0000 0.8482 0.5296 0.2171 0.8790
-0.0288 1.3250 -4.4495 -0.0000 0.8482 0.5296 0.2202 0.8773
-0.1345 1.4298 -4.6172 0.0000 0.8483 0.5296 0.1835 0.8699
-0.1140 1.4253 -4.6100 0.0000 0.8483 0.5296 0.1857 0.8727
-0.1210 1.4130 -4.5904 -0.0000 0.8483 0.5296 0.1891 0.8704
-0.1345 1.4298 -4.6172 0.0000 0.8483 0.5296 0.1835 0.8699
-0.1210 1.4130 -4.5904 -0.0000 0.8483 0.5296 0.1891 0.8704
-0.1428 1.4153 -4.5941 -0.0000 0.8483 0.5296 0.1874 0.8673
-0.1346 1.3709 -4.5230 -0.0000 0.8483 0.5296 0.2012 0.8646
-0.1140 1.3754 -4.5302 -0.0000 0.8483 0.5296 0.2009 0.8681
-0.1027 1.3642 -4.5122 -0.0000 0.8483 0.5296 0.2049 0.8689
-0.1346 1.3709 -4.5230 -0.0000 0.8483 0.5296 0.2012 0.8646
-0.1027 1.3642 -4.5122 -0.0000 0.8483 0.5296 0.2049 0.8689
-0.1212 1.3576 -4.5017 -0.0000 0.8483 0.5296 0.2059 0.8655
-0.0811 1.4643 -4.6726 -0.0000 0.8483 0.5296 0.1756 0.8816
-0.0687 1.4545 -4.6569 -0.0000 0.8483 0.5296 0.1790 0.8827
-0.0873 1.4464 -4.6439 -0.0000 0.8483 0.5296 0.1806 0.8789
-0.0811 1.4643 -4.6726 -0.0000 0.8483 0.5296 0.1756 0.8816
-0.0873 1.4464 -4.6439 -0.0000 0.8483 0.5296 0.1806 0.8789
-0.1031 1.4547 -4.6572 -0.0000 0.8483 0.5296 0.1774 0.8772
-0.0811 1.3365 -4.4678 -0.0000 0.8483 0.5296 0.2142 0.8700
-0.0688 1.3463 -4.4835 -0.0000 0.8483 0.5296 0.2120 0.8727
-0.0475 1.3403 -4.4739 -0.0000 0.8483 0.5296 0.2148 0.8756
-0.0811 1.3365 -4.4678 -0.0000 0.8483 0.5296 0.2142 0.8700
-0.0475 1.3403 -4.4739 -0.0000 0.8483 0.5296 0.2148 0.8756
-0.0560 1.3294 -4.4564 -0.0000 0.8483 0.5296 0.2176 0.8734
0.0803 1.4643 -4.6725 0.0000 0.8483 0.5296 0.1834 0.9074
0.0679 1.4545 -4.6568 -0.0000 0.8483 0.5296 0.1856 0.9047
0.0467 1.4605 -4.6665 0.0000 0.8483 0.5296 0.1828 0.9018
0.0803 1.4643 -4.6725 0.0000 0.8483 0.5296 0.1834 0.9074
0.0467 1.4605 -4.6665 0.0000 0.8483 0.5296 0.1828 0.9018
0.0552 1.4714 -4.6839 0.0000 0.8483 0.5296 0.1800 0.9041
-0.0004 1.4773 -4.6934 0.0000 0.8483 0.5296 0.1755 0.8957
-0.0004 1.4656 -4.6746 0.0000 0.8483 0.5296 0.1789 0.8947
-0.0244 1.4643 -4.6725 0.0000 0.8483 0.5296 0.1782 0.8907
-0.0004 1.4773 -4.6934 0.0000 0.8483 0.5296 0.1755 0.8957
-0.0244 1.4643 -4.6725 0.0000 0.8483 0.5296 0.1782 0.8907
-0.0287 1.4758 -4.6910 0.0000 0.8483 0.5296 0.1746 0.8910
-0.0288 1.3250 -4.4495 -0.0000 0.8482 0.5296 0.2202 0.8773
-0.0244 1.3366 -4.4680 -0.0000 0.8482 0.5296 0.2171 0.8790
-0.0288 1.3250 -4.4495 -0.0000 0.8482 0.5296 0.2202 0.8773
-0.1031 1.4547 -4.6572 -0.0000 0.8483 0.5296 0.1774 0.8772
-0.0873 1.4464 -4.6439 -0.0000 0.8483 0.5296 0.1806 0.8789
-0.1026 1.4365 -4.6281 0.0000 0.8483 0.5296 0.1828 0.8755
-0.1031 1.4547 -4.6572 -0.0000 0.8483 0.5296 0.1774 0.8772
-0.1026 1.4365 -4.6281 0.0000 0.8483 0.5296 0.1828 0.8755
-0.1211 1.4431 -4.6385 0.0000 0.8483 0.5296 0.1801 0.8733
0.1203 1.3576 -4.5017 0.0000 0.8483 0.5296 0.2175 0.9041
0.1018 1.3642 -4.5121 0.0000 0.8483 0.5296 0.2148 0.9019
0.1132 1.3754 -4.5302 0.0000 0.8483 0.5296 0.2119 0.9047
0.1203 1.3576 -4.5017 0.0000 0.8483 0.5296 0.2175 0.9041
0.1132 1.3754 -4.5302 0.0000 0.8483 0.5296 0.2119 0.9047
0.1337 1.3709 -4.5229 0.0000 0.8483 0.5296 0.2142 0.9075
-0.0004 1.4773 -4.6934 0.0000 0.8483 0.5296 0.1755 0.8957
0.0280 1.4758 -4.6910 -0.0000 0.8483 0.5296 0.1774 0.9001
0.0236 1.4643 -4.6725 -0.0000 0.8483 0.5296 0.1805 0.8984
-0.0004 1.4773 -4.6934 0.0000 0.8483 0.5296 0.1755 0.8957
0.0236 1.4643 -4.6725 -0.0000 0.8483 0.5296 0.1805 0.8984
-0.0004 1.4656 -4.6746 0.0000 0.8483 0.5296 0.1789 0.8947
-0.1428 1.3853 -4.5461 -0.0000 0.8483 0.5296 0.1965 0.8646
-0.1210 1.3876 -4.5498 -0.0000 0.8483 0.5296 0.1968 0.8681
-0.1140 1.3754 -4.5302 -0.0000 0.8483 0.5296 0.2009 0.8681
-0.1428 1.3853 -4.5461 -0.0000 0.8483 0.5296 0.1965 0.8646
-0.1140 1.3754 -4.5302 -0.0000 0.8483 0.5296 0.2009 0.8681
-0.1346 1.3709 -4.5230 -0.0000 0.8483 0.5296 0.2012 0.8646
-0.0560 1.4714 -4.6840 0.0000 0.8483 0.5296 0.1746 0.8863
-0.0474 1.4606 -4.6665 0.0000 0.8483 0.5296 0.1782 0.8866
-0.0687 1.4545 -4.6569 -0.0000 0.8483 0.5296 0.1790 0.8827
-0.0560 1.4714 -4.6840 0.0000 0.8483 0.5296 0.1746 0.8863
-0.0687 1.4545 -4.6569 -0.0000 0.8483 0.5296 0.1790 0.8827
-0.0811 1.4643 -4.6726 -0.0000 0.8483 0.5296 0.1756 0.8816
0.1023 1.4547 -4.6572 -0.0000 0.8483 0.5296 0.1873 0.9101
0.0866 1.4464 -4.6438 -0.0000 0.8483 0.5296 0.1890 0.9070
0.0679 1.4545 -4.6568 -0.0000 0.8483 0.5296 0.1856 0.9047
0.1023 1.4547 -4.6572 -0.0000 0.8483 0.5296 0.1873 0.9101
0.0679 1.4545 -4.6568 -0.0000 0.8483 0.5296 0.1856 0.9047
0.0803 1.4643 -4.6725 0.0000 0.8483 0.5296 0.1834 0.9074
0.1022 1.3460 -4.4830 0.0000 0.8483 0.5296 0.2202 0.9002
0.0865 1.3543 -4.4964 0.0000 0.8483 0.5296 0.2170 0.8985
0.1018 1.3642 -4.5121 0.0000 0.8483 0.5296 0.2148 0.9019
0.1022 1.3460 -4.4830 0.0000 0.8483 0.5296 0.2202 0.9002
0.1018 1.3642 -4.5121 0.0000 0.8483 0.5296 0.2148 0.9019
0.1203 1.3576 -4.5017 0.0000 0.8483 0.5296 0.2175 0.9041
0.1337 1.4297 -4.6172 0.0000 0.8483 0.5296 0.1964 0.9129
0.1132 1.4252 -4.6100 0.0000 0.8483 0.5296 0.1967 0.9093
0.1018 1.4365 -4.6280 0.0000 0.8483 0.5296 0.1928 0.9085
0.1337 1.4297 -4.6172 0.0000 0.8483 0.5296 0.1964 0.9129
0.1018 1.4365 -4.6280 0.0000 0.8483 0.5296 0.1928 0.9085
0.1203 1.4430 -4.6385 0.0000 0.8483 0.5296 0.1917 0.9119
0.1203 1.4430 -4.6385 0.0000 0.8483 0.5296 0.1917 0.9119
0.1018 1.4365 -4.6280 0.0000 0.8483 0.5296 0.1928 0.9085
0.0866 1.4464 -4.6438 -0.0000 0.8483 0.5296 0.1890 0.9070
0.1203 1.4430 -4.6385 0.0000 0.8483 0.5296 0.1917 0.9119
0.0866 1.4464 -4.6438 -0.0000 0.8483 0.5296 0.1890 0.9070
0.1023 1.4547 -4.6572 -0.0000 0.8483 0.5296 0.1873 0.9101
-0.1428 1.4153 -4.5941 -0.0000 0.8483 0.5296 0.1874 0.8673
-0.1210 1.4130 -4.5904 -0.0000 0.8483 0.5296 0.1891 0.8704
-0.1234 1.4003 -4.5701 -0.0000 0.8483 0.5296 0.1928 0.8689
-0.1428 1.4153 -4.5941 -0.0000 0.8483 0.5296 0.1874 0.8673
-0.1234 1.4003 -4.5701 -0.0000 0.8483 0.5296 0.1928 0.8689
-0.1456 1.4003 -4.5701 -0.0000 0.8483 0.5296 0.1918 0.8655
0.0679 1.3462 -4.4834 0.0000 0.8483 0.5296 0.2186 0.8948
0.0679 1.3462 -4.4834 0.0000 0.8483 0.5296 0.2186 0.8948
0.0802 1.3364 -4.4677 0.0000 0.8483 0.5296 0.2220 0.8958
0.1420 1.3853 -4.5460 0.0000 0.8483 0.5296 0.2102 0.9101
0.1202 1.3876 -4.5497 0.0000 0.8483 0.5296 0.2085 0.9070
0.1225 1.4003 -4.5700 -0.0000 0.8483 0.5296 0.2048 0.9085
0.1420 1.3853 -4.5460 0.0000 0.8483 0.5296 0.2102 0.9101
0.1225 1.4003 -4.5700 -0.0000 0.8483 0.5296 0.2048 0.9085
0.1448 1.4003 -4.5700 -0.0000 0.8483 0.5296 0.2058 0.9119
-0.6453 1.5491 -5.1758 0.2499 -0.8239 -0.5086 0.1031 0.9075
-0.6453 1.5491 -5.1758 0.2499 -0.8239 -0.5086 0.1031 0.9075
-0.4329 1.0300 -4.2305 0.2499 -0.8239 -0.5086 0.1112 0.8715
-0.4425 1.0680 -4.2305 -0.2499 0.8239 0.5086 0.1841 0.9313
-0.6573 1.5864 -5.1758 -0.2499 0.8239 0.5086 0.1761 0.9664
-0.6573 1.5864 -5.1758 -0.2499 0.8239 0.5086 0.1761 0.9664
0.6445 1.5491 -5.1758 0.9591 -0.2754 0.0656 0.1547 0.9068
0.6445 1.5491 -5.1758 0.9591 -0.2754 0.0656 0.1547 0.9068
0.4320 1.0300 -4.2305 0.9591 -0.2754 0.0656 0.1441 0.8715
0.4417 1.0680 -4.2305 0.2499 0.8239 0.5086 0.2170 0.9313
0.4417 1.0680 -4.2305 0.2499 0.8239 0.5086 0.2170 0.9313
0.6565 1.5864 -5.1758 0.2499 0.8239 0.5086 0.2250 0.9664
-0.1035 1.2981 -4.5528 0.8334 0.2927 -0.4688 0.1237 0.8838
-0.1035 1.3266 -4.5351 0.8289 0.2963 -0.4746 0.1237 0.8831
-0.1149 1.3367 -4.5539 0.9225 0.2044 -0.3273 0.1233 0.8838
-0.1035 1.2981 -4.5528 0.8334 0.2927 -0.4688 0.1237 0.8838
-0.1149 1.3367 -4.5539 0.9225 0.2044 -0.3273 0.1233 0.8838
-0.1149 1.3082 -4.5717 0.9251 0.2011 -0.3221 0.1233 0.8845
0.0872 1.3790 -4.6867 -0.7097 -0.3731 0.5976 0.1310 0.8889
0.0872 1.4075 -4.6689 -0.7058 -0.3752 0.6009 0.1310 0.8882
0.1026 1.3968 -4.6534 -0.8309 -0.2947 0.4720 0.1316 0.8876
0.0872 1.3790 -4.6867 -0.7097 -0.3731 0.5976 0.1310 0.8889
0.1026 1.3968 -4.6534 -0.8309 -0.2947 0.4720 0.1316 0.8876
0.1026 1.3683 -4.6712 -0.8328 -0.2931 0.4695 0.1316 0.8883
0.0470 1.2789 -4.5111 -0.3859 0.4886 -0.7826 0.1295 0.8822
0.0470 1.3073 -4.4934 -0.3758 0.4908 -0.7861 0.1295 0.8815
0.0237 1.3054 -4.4863 -0.1875 0.5202 -0.8332 0.1286 0.8812
0.0470 1.2789 -4.5111 -0.3859 0.4886 -0.7826 0.1295 0.8822
0.0237 1.3054 -4.4863 -0.1875 0.5202 -0.8332 0.1286 0.8812
0.0237 1.2770 -4.5040 -0.1982 0.5191 -0.8314 0.1286 0.8819
-0.0246 1.4010 -4.7131 0.2020 -0.5187 0.8308 0.1267 0.8899
-0.0246 1.4295 -4.6953 0.1924 -0.5197 0.8324 0.1267 0.8892
-0.0004 1.4325 -4.6963 -0.0002 -0.5296 0.8483 0.1277 0.8892
-0.0246 1.4010 -4.7131 0.2020 -0.5187 0.8308 0.1267 0.8899
-0.0004 1.4325 -4.6963 -0.0002 -0.5296 0.8483 0.1277 0.8892
-0.0004 1.4040 -4.7141 -0.0002 -0.5296 0.8483 0.1277 0.8899
-0.1149 1.3082 -4.5717 0.9251 0.2011 -0.3221 0.1233 0.8845
-0.1149 1.3367 -4.5539 0.9225 0.2044 -0.3273 0.1233 0.8838
-0.1219 1.3480 -4.5743 0.9804 0.1044 -0.1672 0.1230 0.8846
-0.1149 1.3082 -4.5717 0.9251 0.2011 -0.3221 0.1233 0.8845
-0.1219 1.3480 -4.5743 0.9804 0.1044 -0.1672 0.1230 0.8846
-0.1219 1.3195 -4.5921 0.9813 0.1019 -0.1632 0.1230 0.8853
-0.0881 1.2896 -4.5360 0.7097 0.3731 -0.5976 0.1243 0.8831
-0.0881 1.3181 -4.5182 0.7030 0.3766 -0.6033 0.1243 0.8824
-0.1035 1.3266 -4.5351 0.8289 0.2963 -0.4746 0.1237 0.8831
-0.0881 1.2896 -4.5360 0.7097 0.3731 -0.5976 0.1243 0.8831
-0.1035 1.3266 -4.5351 0.8289 0.2963 -0.4746 0.1237 0.8831
-0.1035 1.2981 -4.5528 0.8334 0.2927 -0.4688 0.1237 0.8838
-0.1219 1.3442 -4.6336 0.9807 -0.1036 0.1659 0.1230 0.8868
-0.1219 1.3727 -4.6158 0.9808 -0.1032 0.1653 0.1230 0.8862
-0.1149 1.3851 -4.6355 0.9236 -0.2030 0.3252 0.1233 0.8869
-0.1219 1.3442 -4.6336 0.9807 -0.1036 0.1659 0.1230 0.8868
-0.1149 1.3851 -4.6355 0.9236 -0.2030 0.3252 0.1233 0.8869
-0.1149 1.3566 -4.6533 0.9242 -0.2023 0.3240 0.1233 0.8876
0.1211 1.3195 -4.5920 -0.9812 0.1023 -0.1638 0.1323 0.8853
0.1211 1.3480 -4.5742 -0.9802 0.1048 -0.1678 0.1323 0.8846
0.1141 1.3367 -4.5539 -0.9224 0.2046 -0.3276 0.1320 0.8838
0.1211 1.3195 -4.5920 -0.9812 0.1023 -0.1638 0.1323 0.8853
0.1141 1.3367 -4.5539 -0.9224 0.2046 -0.3276 0.1320 0.8838
0.1141 1.3082 -4.5717 -0.9249 0.2013 -0.3224 0.1320 0.8845
-0.0479 1.2789 -4.5112 0.3864 0.4885 -0.7824 0.1258 0.8822
-0.0479 1.3073 -4.4934 0.3763 0.4907 -0.7859 0.1258 0.8815
-0.0693 1.3116 -4.5042 0.5501 0.4423 -0.7084 0.1250 0.8819
-0.0479 1.2789 -4.5112 0.3864 0.4885 -0.7824 0.1258 0.8822
-0.0693 1.3116 -4.5042 0.5501 0.4423 -0.7084 0.1250 0.8819
-0.0693 1.2832 -4.5219 0.5587 0.4392 -0.7035 0.1250 0.8826
-0.0004 1.4040 -4.7141 -0.0002 -0.5296 0.8483 0.1277 0.8899
-0.0004 1.4325 -4.6963 -0.0002 -0.5296 0.8483 0.1277 0.8892
0.0238 1.4295 -4.6953 -0.1926 -0.5197 0.8324 0.1286 0.8892
-0.0004 1.4040 -4.7141 -0.0002 -0.5296 0.8483 0.1277 0.8899
0.0238 1.4295 -4.6953 -0.1926 -0.5197 0.8324 0.1286 0.8892
0.0238 1.4010 -4.7131 -0.2022 -0.5187 0.8307 0.1286 0.8899
0.0872 1.2896 -4.5360 -0.7096 0.3732 -0.5977 0.1310 0.8831
0.0872 1.3181 -4.5182 -0.7028 0.3767 -0.6034 0.1310 0.8824
0.0684 1.3116 -4.5041 -0.5498 0.4424 -0.7086 0.1303 0.8819
0.0872 1.2896 -4.5360 -0.7096 0.3732 -0.5977 0.1310 0.8831
0.0684 1.3116 -4.5041 -0.5498 0.4424 -0.7086 0.1303 0.8819
0.0684 1.2831 -4.5219 -0.5584 0.4393 -0.7037 0.1303 0.8826
-0.1219 1.3195 -4.5921 0.9813 0.1019 -0.1632 0.1230 0.8853
-0.1219 1.3480 -4.5743 0.9804 0.1044 -0.1672 0.1230 0.8846
-0.1243 1.3602 -4.5952 1.0000 0.0006 -0.0010 0.1229 0.8854
-0.1219 1.3195 -4.5921 0.9813 0.1019 -0.1632 0.1230 0.8853
-0.1243 1.3602 -4.5952 1.0000 0.0006 -0.0010 0.1229 0.8854
-0.1243 1.3317 -4.6130 1.0000 -0.0009 0.0014 0.1229 0.8861
0.1026 1.3683 -4.6712 -0.8328 -0.2931 0.4695 0.1316 0.8883
0.1026 1.3968 -4.6534 -0.8309 -0.2947 0.4720 0.1316 0.8876
0.1141 1.3851 -4.6355 -0.9237 -0.2029 0.3249 0.1320 0.8869
0.1026 1.3683 -4.6712 -0.8328 -0.2931 0.4695 0.1316 0.8883
0.1141 1.3851 -4.6355 -0.9237 -0.2029 0.3249 0.1320 0.8869
0.1141 1.3565 -4.6533 -0.9243 -0.2021 0.3238 0.1320 0.8876
0.0685 1.3883 -4.6991 -0.5600 -0.4388 0.7028 0.1303 0.8893
0.0685 1.4168 -4.6813 -0.5540 -0.4409 0.7062 0.1303 0.8887
0.0872 1.4075 -4.6689 -0.7058 -0.3752 0.6009 0.1310 0.8882
0.0685 1.3883 -4.6991 -0.5600 -0.4388 0.7028 0.1303 0.8893
0.0872 1.4075 -4.6689 -0.7058 -0.3752 0.6009 0.1310 0.8882
0.0872 1.3790 -4.6867 -0.7097 -0.3731 0.5976 0.1310 0.8889
0.1211 1.3442 -4.6336 -0.9807 -0.1034 0.1657 0.1323 0.8868
0.1211 1.3727 -4.6158 -0.9809 -0.1031 0.1651 0.1323 0.8862
0.1235 1.3602 -4.5951 -1.0000 0.0009 -0.0014 0.1324 0.8854
0.1211 1.3442 -4.6336 -0.9807 -0.1034 0.1657 0.1323 0.8868
0.1235 1.3602 -4.5951 -1.0000 0.0009 -0.0014 0.1324 0.8854
0.1235 1.3317 -4.6129 -1.0000 -0.0006 0.0010 0.1324 0.8860
-0.0693 1.2832 -4.5219 0.5587 0.4392 -0.7035 0.1250 0.8826
-0.0693 1.3116 -4.5042 0.5501 0.4423 -0.7084 0.1250 0.8819
-0.0881 1.3181 -4.5182 0.7030 0.3766 -0.6033 0.1243 0.8824
-0.0693 1.2832 -4.5219 0.5587 0.4392 -0.7035 0.1250 0.8826
-0.0881 1.3181 -4.5182 0.7030 0.3766 -0.6033 0.1243 0.8824
-0.0881 1.2896 -4.5360 0.7097 0.3731 -0.5976 0.1243 0.8831
-0.1243 1.3317 -4.6130 1.0000 -0.0009 0.0014 0.1229 0.8861
-0.1243 1.3602 -4.5952 1.0000 0.0006 -0.0010 0.1229 0.8854
-0.1219 1.3727 -4.6158 0.9808 -0.1032 0.1653 0.1230 0.8862
-0.1243 1.3317 -4.6130 1.0000 -0.0009 0.0014 0.1229 0.8861
-0.1219 1.3727 -4.6158 0.9808 -0.1032 0.1653 0.1230 0.8862
-0.1219 1.3442 -4.6336 0.9807 -0.1036 0.1659 0.1230 0.8868
0.1141 1.3082 -4.5717 -0.9249 0.2013 -0.3224 0.1320 0.8845
0.1141 1.3367 -4.5539 -0.9224 0.2046 -0.3276 0.1320 0.8838
0.1026 1.3265 -4.5350 -0.8288 0.2963 -0.4746 0.1316 0.8831
0.1141 1.3082 -4.5717 -0.9249 0.2013 -0.3224 0.1320 0.8845
0.1026 1.3265 -4.5350 -0.8288 0.2963 -0.4746 0.1316 0.8831
0.1026 1.2981 -4.5528 -0.8334 0.2927 -0.4688 0.1316 0.8838
0.1026 1.2981 -4.5528 -0.8334 0.2927 -0.4688 0.1316 0.8838
0.1026 1.3265 -4.5350 -0.8288 0.2963 -0.4746 0.1316 0.8831
0.0872 1.3181 -4.5182 -0.7028 0.3767 -0.6034 0.1310 0.8824
0.1026 1.2981 -4.5528 -0.8334 0.2927 -0.4688 0.1316 0.8838
0.0872 1.3181 -4.5182 -0.7028 0.3767 -0.6034 0.1310 0.8824
0.0872 1.2896 -4.5360 -0.7096 0.3732 -0.5977 0.1310 0.8831
0.0470 1.3957 -4.7080 -0.3886 -0.4880 0.7816 0.1295 0.8897
0.0470 1.4242 -4.6903 -0.3806 -0.4897 0.7844 0.1295 0.8890
0.0685 1.4168 -4.6813 -0.5540 -0.4409 0.7062 0.1303 0.8887
0.0470 1.3957 -4.7080 -0.3886 -0.4880 0.7816 0.1295 0.8897
0.0685 1.4168 -4.6813 -0.5540 -0.4409 0.7062 0.1303 0.8887
0.0685 1.3883 -4.6991 -0.5600 -0.4388 0.7028 0.1303 0.8893
-0.0478 1.3957 -4.7080 0.3879 -0.4881 0.7819 0.1258 0.8897
-0.0478 1.4242 -4.6903 0.3798 -0.4899 0.7847 0.1258 0.8890
-0.0246 1.4295 -4.6953 0.1924 -0.5197 0.8324 0.1267 0.8892
-0.0478 1.3957 -4.7080 0.3879 -0.4881 0.7819 0.1258 0.8897
-0.0246 1.4295 -4.6953 0.1924 -0.5197 0.8324 0.1267 0.8892
-0.0246 1.4010 -4.7131 0.2020 -0.5187 0.8308 0.1267 0.8899
0.0238 1.4010 -4.7131 -0.2022 -0.5187 0.8307 0.1286 0.8899
0.0238 1.4295 -4.6953 -0.1926 -0.5197 0.8324 0.1286 0.8892
0.0470 1.4242 -4.6903 -0.3806 -0.4897 0.7844 0.1295 0.8890
0.0238 1.4010 -4.7131 -0.2022 -0.5187 0.8307 0.1286 0.8899
0.0470 1.4242 -4.6903 -0.3806 -0.4897 0.7844 0.1295 0.8890
0.0470 1.3957 -4.7080 -0.3886 -0.4880 0.7816 0.1295 0.8897
0.1235 1.3317 -4.6129 -1.0000 -0.0006 0.0010 0.1324 0.8860
0.1235 1.3602 -4.5951 -1.0000 0.0009 -0.0014 0.1324 0.8854
0.1211 1.3480 -4.5742 -0.9802 0.1048 -0.1678 0.1323 0.8846
0.1235 1.3317 -4.6129 -1.0000 -0.0006 0.0010 0.1324 0.8860
0.1211 1.3480 -4.5742 -0.9802 0.1048 -0.1678 0.1323 0.8846
0.1211 1.3195 -4.5920 -0.9812 0.1023 -0.1638 0.1323 0.8853
-0.1149 1.3566 -4.6533 0.9242 -0.2023 0.3240 0.1233 0.8876
-0.1149 1.3851 -4.6355 0.9236 -0.2030 0.3252 0.1233 0.8869
-0.1034 1.3969 -4.6534 0.8306 -0.2949 0.4724 0.1237 0.8876
-0.1149 1.3566 -4.6533 0.9242 -0.2023 0.3240 0.1233 0.8876
-0.1034 1.3969 -4.6534 0.8306 -0.2949 0.4724 0.1237 0.8876
-0.1034 1.3684 -4.6712 0.8326 -0.2933 0.4699 0.1237 0.8883
-0.0246 1.2770 -4.5041 0.1989 0.5190 -0.8313 0.1267 0.8819
-0.0246 1.3054 -4.4863 0.1882 0.5201 -0.8331 0.1267 0.8812
-0.0479 1.3073 -4.4934 0.3763 0.4907 -0.7859 0.1258 0.8815
-0.0246 1.2770 -4.5041 0.1989 0.5190 -0.8313 0.1267 0.8819
-0.0479 1.3073 -4.4934 0.3763 0.4907 -0.7859 0.1258 0.8815
-0.0479 1.2789 -4.5112 0.3864 0.4885 -0.7824 0.1258 0.8822
0.1141 1.3565 -4.6533 -0.9243 -0.2021 0.3238 0.1320 0.8876
0.1141 1.3851 -4.6355 -0.9237 -0.2029 0.3249 0.1320 0.8869
0.1211 1.3727 -4.6158 -0.9809 -0.1031 0.1651 0.1323 0.8862
0.1141 1.3565 -4.6533 -0.9243 -0.2021 0.3238 0.1320 0.8876
0.1211 1.3727 -4.6158 -0.9809 -0.1031 0.1651 0.1323 0.8862
0.1211 1.3442 -4.6336 -0.9807 -0.1034 0.1657 0.1323 0.8868
0.0684 1.2831 -4.5219 -0.5584 0.4393 -0.7037 0.1303 0.8826
0.0684 1.3116 -4.5041 -0.5498 0.4424 -0.7086 0.1303 0.8819
0.0470 1.3073 -4.4934 -0.3758 0.4908 -0.7861 0.1295 0.8815
0.0684 1.2831 -4.5219 -0.5584 0.4393 -0.7037 0.1303 0.8826
0.0470 1.3073 -4.4934 -0.3758 0.4908 -0.7861 0.1295 0.8815
0.0470 1.2789 -4.5111 -0.3859 0.4886 -0.7826 0.1295 0.8822
-0.1034 1.3684 -4.6712 0.8326 -0.2933 0.4699 0.1237 0.8883
-0.1034 1.3969 -4.6534 0.8306 -0.2949 0.4724 0.1237 0.8876
-0.0880 1.4076 -4.6689 0.7056 -0.3753 0.6011 0.1243 0.8882
-0.1034 1.3684 -4.6712 0.8326 -0.2933 0.4699 0.1237 0.8883
-0.0880 1.4076 -4.6689 0.7056 -0.3753 0.6011 0.1243 0.8882
-0.0880 1.3791 -4.6867 0.7095 -0.3732 0.5978 0.1243 0.8889
-0.0692 1.3883 -4.6991 0.5593 -0.4390 0.7032 0.1250 0.8893
-0.0692 1.4168 -4.6814 0.5532 -0.4412 0.7066 0.1250 0.8887
-0.0478 1.4242 -4.6903 0.3798 -0.4899 0.7847 0.1258 0.8890
-0.0692 1.3883 -4.6991 0.5593 -0.4390 0.7032 0.1250 0.8893
-0.0478 1.4242 -4.6903 0.3798 -0.4899 0.7847 0.1258 0.8890
-0.0478 1.3957 -4.7080 0.3879 -0.4881 0.7819 0.1258 0.8897
0.0237 1.2770 -4.5040 -0.1982 0.5191 -0.8314 0.1286 0.8819
0.0237 1.3054 -4.4863 -0.1875 0.5202 -0.8332 0.1286 0.8812
-0.0004 1.3060 -4.4832 0.0005 0.5296 -0.8483 0.1277 0.8811
0.0237 1.2770 -4.5040 -0.1982 0.5191 -0.8314 0.1286 0.8819
-0.0004 1.3060 -4.4832 0.0005 0.5296 -0.8483 0.1277 0.8811
-0.0004 1.2776 -4.5010 0.0005 0.5296 -0.8483 0.1277 0.8818
-0.0880 1.3791 -4.6867 0.7095 -0.3732 0.5978 0.1243 0.8889
-0.0880 1.4076 -4.6689 0.7056 -0.3753 0.6011 0.1243 0.8882
-0.0692 1.4168 -4.6814 0.5532 -0.4412 0.7066 0.1250 0.8887
-0.0880 1.3791 -4.6867 0.7095 -0.3732 0.5978 0.1243 0.8889
-0.0692 1.4168 -4.6814 0.5532 -0.4412 0.7066 0.1250 0.8887
-0.0692 1.3883 -4.6991 0.5593 -0.4390 0.7032 0.1250 0.8893
-0.0004 1.2776 -4.5010 0.0005 0.5296 -0.8483 0.1277 0.8818
-0.0004 1.3060 -4.4832 0.0005 0.5296 -0.8483 0.1277 0.8811
-0.0246 1.3054 -4.4863 0.1882 0.5201 -0.8331 0.1267 0.8812
-0.0004 1.2776 -4.5010 0.0005 0.5296 -0.8483 0.1277 0.8818
-0.0246 1.3054 -4.4863 0.1882 0.5201 -0.8331 0.1267 0.8812
-0.0246 1.2770 -4.5041 0.1989 0.5190 -0.8313 0.1267 0.8819
0.2250 1.1337 -4.2305 -0.0000 -0.0000 1.0000 0.1362 0.8715
0.4417 1.0680 -4.2305 -0.0000 -0.0000 1.0000 0.1445 0.8715
0.4320 1.0300 -4.2305 -0.0000 -0.0000 1.0000 0.1441 0.8715
0.2250 1.1337 -4.2305 -0.0000 -0.0000 1.0000 0.1362 0.8715
0.4320 1.0300 -4.2305 -0.0000 -0.0000 1.0000 0.1441 0.8715
0.2173 1.0951 -4.2305 -0.0000 -0.0000 1.0000 0.1359 0.8715
-0.0004 1.1559 -4.2305 -0.0000 -0.0000 1.0000 0.1277 0.8715
0.2250 1.1337 -4.2305 -0.0000 -0.0000 1.0000 0.1362 0.8715
0.2173 1.0951 -4.2305 -0.0000 -0.0000 1.0000 0.1359 0.8715
-0.0004 1.1559 -4.2305 -0.0000 -0.0000 1.0000 0.1277 0.8715
0.2173 1.0951 -4.2305 -0.0000 -0.0000 1.0000 0.1359 0.8715
-0.0004 1.1171 -4.2305 -0.0000 -0.0000 1.0000 0.1277 0.8715
-0.2258 1.1337 -4.2305 0.0000 -0.0000 1.0000 0.1191 0.8715
-0.0004 1.1559 -4.2305 -0.0000 -0.0000 1.0000 0.1277 0.8715
-0.0004 1.1171 -4.2305 -0.0000 -0.0000 1.0000 0.1277 0.8715
-0.2258 1.1337 -4.2305 0.0000 -0.0000 1.0000 0.1191 0.8715
-0.0004 1.1171 -4.2305 -0.0000 -0.0000 1.0000 0.1277 0.8715
-0.2181 1.0951 -4.2305 0.0000 -0.0000 1.0000 0.1194 0.8715
-0.4425 1.0680 -4.2305 0.0000 -0.0000 1.0000 0.1108 0.8715
-0.2258 1.1337 -4.2305 0.0000 -0.0000 1.0000 0.1191 0.8715
-0.2181 1.0951 -4.2305 0.0000 -0.0000 1.0000 0.1194 0.8715
-0.4425 1.0680 -4.2305 0.0000 -0.0000 1.0000 0.1108 0.8715
-0.2181 1.0951 -4.2305 0.0000 -0.0000 1.0000 0.1194 0.8715
-0.4329 1.0300 -4.2305 0.0000 -0.0000 1.0000 0.1112 0.8715
-0.3276 1.6454 -5.1758 -0.0000 0.0000 -1.0000 0.1152 0.9075
-0.3353 1.6841 -5.1758 -0.0000 0.0000 -1.0000 0.1149 0.9075
-0.6573 1.5864 -5.1758 -0.0000 0.0000 -1.0000 0.1026 0.9075
-0.3276 1.6454 -5.1758 -0.0000 0.0000 -1.0000 0.1152 0.9075
-0.6573 1.5864 -5.1758 -0.0000 0.0000 -1.0000 0.1026 0.9075
-0.6453 1.5491 -5.1758 -0.0000 0.0000 -1.0000 0.1031 0.9075
-0.0004 1.7171 -5.1758 -0.0000 0.0000 -1.0000 0.1277 0.9075
-0.3353 1.6841 -5.1758 -0.0000 0.0000 -1.0000 0.1149 0.9075
-0.3276 1.6454 -5.1758 -0.0000 0.0000 -1.0000 0.1152 0.9075
-0.0004 1.7171 -5.1758 -0.0000 0.0000 -1.0000 0.1277 0.9075
-0.3276 1.6454 -5.1758 -0.0000 0.0000 -1.0000 0.1152 0.9075
-0.0004 1.6780 -5.1758 -0.0000 0.0000 -1.0000 0.1277 0.9075
0.6565 1.5864 -5.1758 0.0000 0.0000 -1.0000 0.1527 0.9075
0.3345 1.6841 -5.1758 0.0000 0.0000 -1.0000 0.1404 0.9075
0.3268 1.6454 -5.1758 0.0000 0.0000 -1.0000 0.1401 0.9075
0.6565 1.5864 -5.1758 0.0000 0.0000 -1.0000 0.1527 0.9075
0.3268 1.6454 -5.1758 0.0000 0.0000 -1.0000 0.1401 0.9075
0.6445 1.5491 -5.1758 0.0000 0.0000 -1.0000 0.1522 0.9075
0.3345 1.6841 -5.1758 0.0000 0.0000 -1.0000 0.1404 0.9075
-0.0004 1.7171 -5.1758 -0.0000 0.0000 -1.0000 0.1277 0.9075
-0.0004 1.6780 -5.1758 -0.0000 0.0000 -1.0000 0.1277 0.9075
0.3345 1.6841 -5.1758 0.0000 0.0000 -1.0000 0.1404 0.9075
-0.0004 1.6780 -5.1758 -0.0000 0.0000 -1.0000 0.1277 0.9075
0.3268 1.6454 -5.1758 0.0000 0.0000 -1.0000 0.1401 0.9075
33 25 1
33 57 25
24 57 56
24 25 57
45 78 77
45 46 78
58 91 90
58 59 91
46 79 78
46 47 79
54 64 86
54 32 64
59 92 91
59 60 92
47 80 79
47 48 80
43 76 75
43 44 76
60 93 92
60 61 93
48 81 80
48 49 81
212 67 65
213 35 67
61 94 93
61 62 94
49 66 81
49 34 66
35 68 67
35 36 68
62 95 94
62 63 95
34 82 66
34 50 82
36 69 68
36 37 69
63 87 95
63 55 87
50 83 82
50 51 83
37 70 69
37 38 70
51 84 83
51 52 84
38 71 70
38 39 71
52 85 84
52 53 85
39 72 71
39 40 72
53 86 85
53 54 86
40 73 72
40 41 73
55 88 87
55 214 88
41 74 73
41 42 74
215 89 88
216 217 89
42 75 74
42 43 75
218 65 89
219 220 65
44 77 76
44 45 77
32 90 64
32 58 90
26 118 122
26 0 118
10 125 124
10 9 125
8 107 108
8 7 107
17 111 110
17 16 111
27 122 126
27 26 122
21 115 120
21 20 115
23 101 102
23 31 101
221 96 97
222 223 96
22 120 119
22 21 120
0 119 118
0 22 119
2 110 109
2 17 110
30 106 103
30 29 106
3 97 99
3 224 97
18 109 112
18 2 109
31 103 101
31 30 103
12 123 121
12 11 123
20 113 115
20 19 113
5 100 104
5 4 100
14 117 116
14 13 117
28 126 127
28 27 126
13 121 117
13 12 121
16 114 111
16 15 114
6 104 105
6 5 104
29 127 106
29 28 127
15 116 114
15 14 116
7 105 107
7 6 105
225 102 98
226 23 102
227 98 96
228 229 98
11 124 123
11 10 124
4 99 100
4 3 99
19 112 113
19 18 112
9 108 125
9 8 108
230 232 231
233 235 234
236 238 237
239 241 240
242 244 243
245 247 246
248 250 249
251 253 252
254 256 255
257 259 258
260 262 261
263 265 264
266 268 267
269 271 270
272 274 273
275 277 276
278 280 279
281 283 282
284 286 285
287 289 288
290 292 291
293 295 294
296 298 297
299 301 300
302 304 303
305 307 306
308 310 309
311 313 312
314 316 315
317 319 318
320 322 321
323 325 324
326 328 327
329 331 330
332 1 333
334 33 1
335 337 336
338 340 339
341 343 342
344 346 345
347 349 348
350 352 351
353 355 354
356 358 357
359 361 360
362 364 363
365 367 366
368 370 369
371 373 372
374 376 375
377 379 378
380 382 381
383 385 384
386 388 387
389 391 390
392 394 393
56 395 24
56 397 396
398 400 399
401 403 402
128 142 145
128 143 142
138 147 131
138 146 147
128 129 143
129 155 149
129 157 155
191 128 140
189 128 191
129 165 157
129 163 165
199 128 189
195 128 199
129 169 163
129 177 169
203 128 195
201 128 203
129 175 177
128 175 129
207 128 201
183 128 207
128 181 175
181 128 183
141 404 144
141 406 405
132 408 407
132 135 409
133 410 139
133 412 411
190 132 134
132 137 135
137 150 148
137 152 150
186 132 190
196 132 186
137 158 152
137 170 158
192 132 196
208 132 192
137 160 170
137 166 160
210 132 208
204 132 210
137 172 166
132 172 137
184 132 204
132 178 172
132 184 178
136 134 130
134 188 190
134 198 188
148 136 137
154 136 148
134 194 198
134 202 194
156 136 154
164 136 156
134 200 202
134 206 200
162 136 164
168 136 162
136 206 134
136 182 206
176 136 168
174 136 176
136 180 182
180 136 174
413 136 130
414 415 136
141 191 140
141 187 191
129 141 144
151 129 149
153 129 151
141 197 187
141 193 197
159 129 153
171 129 159
141 209 193
141 211 209
161 129 171
167 129 161
141 205 211
141 185 205
173 129 167
141 179 185
173 141 129
179 141 173
416 418 417
419 421 420
422 424 423
425 427 426
428 430 429
431 433 432
434 436 435
437 439 438
440 442 441
443 445 444
446 448 447
449 451 450
452 454 453
455 457 456
458 460 459
461 463 462
464 466 465
467 469 468
470 472 471
473 475 474
476 478 477
479 481 480
482 484 483
485 487 486
488 490 489
491 493 492
494 496 495
497 499 498
500 502 501
503 505 504
506 508 507
509 511 510
512 514 513
515 517 516
518 520 519
521 523 522
524 526 525
527 529 528
530 532 531
533 535 534
536 538 537
539 541 540
542 544 543
545 547 546
548 550 549
551 553 552
554 556 555
557 559 558
560 562 561
563 565 564
566 568 567
569 571 570
572 574 573
575 577 576
578 580 579
581 583 582
584 586 585
587 589 588
590 592 591
593 595 594
596 598 597
599 601 600
602 604 603
605 607 606
608 610 609
611 613 612
614 616 615
617 619 618
620 622 621
623 625 624
626 628 627
629 631 630
632 634 633
635 637 636
638 640 639
641 643 642
644 646 645
647 649 648
650 652 651
653 655 654
LABEL LES_Motor
MATERIAL 1
TEXTURE 1
FLAG 0
GEOM 505 574
-0.0004 -0.6274 -1.3193 0.0000 -0.8690 0.4949 0.2015 0.9690
-0.1629 -0.6060 -1.3193 -0.2249 -0.8393 0.4949 0.2068 0.9683
-0.3144 -0.5432 -1.3193 -0.4345 -0.7525 0.4949 0.2117 0.9663
-0.4444 -0.4435 -1.3193 -0.6144 -0.6144 0.4949 0.2159 0.9630
-0.5442 -0.3134 -1.3193 -0.7525 -0.4345 0.4949 0.2191 0.9588
-0.6070 -0.1619 -1.3193 -0.8393 -0.2249 0.4949 0.2211 0.9539
-0.6284 0.0006 -1.3193 -0.8690 0.0000 0.4949 0.2218 0.9487
-0.6070 0.1631 -1.3193 -0.8393 0.2249 0.4949 0.2211 0.9434
-0.5442 0.3146 -1.3193 -0.7525 0.4345 0.4949 0.2191 0.9385
-0.4444 0.4446 -1.3193 -0.6144 0.6144 0.4949 0.2159 0.9343
-0.3144 0.5444 -1.3193 -0.4345 0.7525 0.4949 0.2117 0.9310
-0.1629 0.6071 -1.3193 -0.2249 0.8393 0.4949 0.2068 0.9290
-0.0004 0.6285 -1.3193 0.0000 0.8690 0.4949 0.2015 0.9283
0.1621 0.6071 -1.3193 0.2249 0.8393 0.4949 0.1962 0.9290
0.3136 0.5444 -1.3193 0.4345 0.7525 0.4949 0.1913 0.9310
0.4436 0.4446 -1.3193 0.6144 0.6144 0.4949 0.1871 0.9343
0.5434 0.3146 -1.3193 0.7525 0.4345 0.4949 0.1839 0.9385
0.6062 0.1631 -1.3193 0.8393 0.2249 0.4949 0.1818 0.9434
0.6275 0.0006 -1.3193 0.8690 0.0000 0.4949 0.1812 0.9487
0.6062 -0.1619 -1.3193 0.8393 -0.2249 0.4949 0.1818 0.9539
0.5434 -0.3134 -1.3193 0.7525 -0.4345 0.4949 0.1839 0.9588
0.4436 -0.4435 -1.3193 0.6144 -0.6144 0.4949 0.1871 0.9630
0.3136 -0.5432 -1.3193 0.4345 -0.7525 0.4949 0.1913 0.9663
0.1621 -0.6060 -1.3193 0.2249 -0.8393 0.4949 0.1962 0.9683
-0.0004 -0.2501 -0.6569 0.0000 -0.9652 0.2614 0.2015 0.9568
-0.0653 -0.2416 -0.6569 -0.2498 -0.9323 0.2614 0.2036 0.9565
-0.1258 -0.2165 -0.6569 -0.4826 -0.8359 0.2614 0.2056 0.9557
-0.1777 -0.1767 -0.6569 -0.6825 -0.6825 0.2614 0.2072 0.9544
-0.2175 -0.1248 -0.6569 -0.8359 -0.4826 0.2614 0.2085 0.9527
-0.2426 -0.0643 -0.6569 -0.9323 -0.2498 0.2614 0.2093 0.9508
-0.2511 0.0006 -0.6569 -0.9652 0.0000 0.2614 0.2096 0.9487
-0.2426 0.0655 -0.6569 -0.9323 0.2498 0.2614 0.2093 0.9466
-0.2175 0.1259 -0.6569 -0.8359 0.4826 0.2614 0.2085 0.9446
-0.1777 0.1779 -0.6569 -0.6825 0.6825 0.2614 0.2072 0.9429
-0.1258 0.2177 -0.6569 -0.4826 0.8359 0.2614 0.2056 0.9416
-0.0653 0.2428 -0.6569 -0.2498 0.9323 0.2614 0.2036 0.9408
-0.0004 0.2513 -0.6569 0.0000 0.9652 0.2614 0.2015 0.9405
0.0645 0.2428 -0.6569 0.2498 0.9323 0.2614 0.1994 0.9408
0.1250 0.2177 -0.6569 0.4826 0.8359 0.2614 0.1974 0.9416
0.1769 0.1779 -0.6569 0.6825 0.6825 0.2614 0.1958 0.9429
0.2167 0.1259 -0.6569 0.8359 0.4826 0.2614 0.1945 0.9446
0.2418 0.0655 -0.6569 0.9323 0.2498 0.2614 0.1937 0.9466
0.2503 0.0006 -0.6569 0.9652 0.0000 0.2614 0.1934 0.9487
0.2418 -0.0643 -0.6569 0.9323 -0.2498 0.2614 0.1937 0.9508
0.2167 -0.1248 -0.6569 0.8359 -0.4826 0.2614 0.1945 0.9527
0.1769 -0.1767 -0.6569 0.6825 -0.6825 0.2614 0.1958 0.9544
0.1250 -0.2165 -0.6569 0.4826 -0.8359 0.2614 0.1974 0.9557
0.0645 -0.2416 -0.6569 0.2498 -0.9323 0.2614 0.1994 0.9565
-0.0004 -0.2501 -0.6210 0.0000 -1.0000 0.0000 0.2015 0.9568
-0.0653 -0.2416 -0.6210 -0.2588 -0.9659 0.0000 0.2036 0.9565
-0.1258 -0.2165 -0.6210 -0.5000 -0.8660 0.0000 0.2056 0.9557
-0.1777 -0.1767 -0.6210 -0.7071 -0.7071 0.0000 0.2072 0.9544
-0.2175 -0.1248 -0.6210 -0.8660 -0.5000 0.0000 0.2085 0.9527
-0.2426 -0.0643 -0.6210 -0.9659 -0.2588 0.0000 0.2093 0.9508
-0.2511 0.0006 -0.6210 -1.0000 0.0000 0.0000 0.2096 0.9487
-0.2426 0.0655 -0.6210 -0.9659 0.2588 0.0000 0.2093 0.9466
-0.2175 0.1259 -0.6210 -0.8660 0.5000 0.0000 0.2085 0.9446
-0.1777 0.1779 -0.6210 -0.7071 0.7071 0.0000 0.2072 0.9429
-0.1258 0.2177 -0.6210 -0.5000 0.8660 0.0000 0.2056 0.9416
-0.0653 0.2428 -0.6210 -0.2588 0.9659 0.0000 0.2036 0.9408
-0.0004 0.2513 -0.6210 0.0000 1.0000 0.0000 0.2015 0.9405
0.0645 0.2428 -0.6210 0.2588 0.9659 0.0000 0.1994 0.9408
0.1250 0.2177 -0.6210 0.5000 0.8660 0.0000 0.1974 0.9416
0.1769 0.1779 -0.6210 0.7071 0.7071 0.0000 0.1958 0.9429
0.2167 0.1259 -0.6210 0.8660 0.5000 0.0000 0.1945 0.9446
0.2418 0.0655 -0.6210 0.9659 0.2588 0.0000 0.1937 0.9466
0.2503 0.0006 -0.6210 1.0000 0.0000 0.0000 0.1934 0.9487
0.2418 -0.0643 -0.6210 0.9659 -0.2588 0.0000 0.1937 0.9508
0.2167 -0.1248 -0.6210 0.8660 -0.5000 0.0000 0.1945 0.9527
0.1769 -0.1767 -0.6210 0.7071 -0.7071 0.0000 0.1958 0.9544
0.1250 -0.2165 -0.6210 0.5000 -0.8660 0.0000 0.1974 0.9557
0.0645 -0.2416 -0.6210 0.2588 -0.9659 0.0000 0.1994 0.9565
-0.0004 -0.2214 -0.5906 -0.0000 -0.7268 0.6868 0.2015 0.9559
-0.0579 -0.2138 -0.5906 -0.1881 -0.7021 0.6868 0.2034 0.9556
-0.1114 -0.1917 -0.5906 -0.3634 -0.6294 0.6868 0.2051 0.9549
-0.1574 -0.1564 -0.5906 -0.5139 -0.5139 0.6868 0.2066 0.9537
-0.1927 -0.1104 -0.5906 -0.6294 -0.3634 0.6868 0.2077 0.9523
-0.2148 -0.0569 -0.5906 -0.7021 -0.1881 0.6868 0.2084 0.9505
-0.2224 0.0006 -0.5906 -0.7268 0.0000 0.6868 0.2087 0.9487
-0.2148 0.0580 -0.5906 -0.7021 0.1881 0.6868 0.2084 0.9468
-0.1927 0.1116 -0.5906 -0.6294 0.3634 0.6868 0.2077 0.9451
-0.1574 0.1575 -0.5906 -0.5139 0.5139 0.6868 0.2066 0.9436
-0.1114 0.1928 -0.5906 -0.3634 0.6294 0.6868 0.2051 0.9424
-0.0579 0.2150 -0.5906 -0.1881 0.7021 0.6868 0.2034 0.9417
-0.0004 0.2226 -0.5906 -0.0000 0.7268 0.6868 0.2015 0.9415
0.0570 0.2150 -0.5906 0.1881 0.7021 0.6868 0.1996 0.9417
0.1106 0.1928 -0.5906 0.3634 0.6294 0.6868 0.1979 0.9424
0.1566 0.1575 -0.5906 0.5139 0.5139 0.6868 0.1964 0.9436
0.1918 0.1116 -0.5906 0.6294 0.3634 0.6868 0.1953 0.9451
0.2140 0.0580 -0.5906 0.7021 0.1881 0.6868 0.1945 0.9468
0.2216 0.0006 -0.5906 0.7268 -0.0000 0.6868 0.1943 0.9487
0.2140 -0.0569 -0.5906 0.7021 -0.1881 0.6868 0.1945 0.9505
0.1918 -0.1104 -0.5906 0.6294 -0.3634 0.6868 0.1953 0.9523
0.1566 -0.1564 -0.5906 0.5139 -0.5139 0.6868 0.1964 0.9537
0.1106 -0.1917 -0.5906 0.3634 -0.6294 0.6868 0.1979 0.9549
0.0570 -0.2138 -0.5906 0.1881 -0.7021 0.6868 0.1996 0.9556
-0.0004 -0.2422 -0.5414 -0.0000 -0.9807 -0.1956 0.2015 0.9565
-0.0632 -0.2339 -0.5414 -0.2538 -0.9473 -0.1956 0.2035 0.9563
-0.1218 -0.2097 -0.5414 -0.4903 -0.8493 -0.1956 0.2054 0.9555
-0.1721 -0.1711 -0.5414 -0.6934 -0.6934 -0.1956 0.2071 0.9542
-0.2107 -0.1208 -0.5414 -0.8493 -0.4903 -0.1956 0.2083 0.9526
-0.2349 -0.0623 -0.5414 -0.9473 -0.2538 -0.1956 0.2091 0.9507
-0.2432 0.0006 -0.5414 -0.9807 0.0000 -0.1956 0.2094 0.9487
-0.2349 0.0634 -0.5414 -0.9473 0.2538 -0.1956 0.2091 0.9466
-0.2107 0.1220 -0.5414 -0.8493 0.4903 -0.1956 0.2083 0.9447
-0.1721 0.1723 -0.5414 -0.6934 0.6934 -0.1956 0.2071 0.9431
-0.1218 0.2109 -0.5414 -0.4903 0.8493 -0.1956 0.2054 0.9418
-0.0632 0.2351 -0.5414 -0.2538 0.9473 -0.1956 0.2035 0.9411
-0.0004 0.2434 -0.5414 -0.0000 0.9807 -0.1956 0.2015 0.9408
0.0624 0.2351 -0.5414 0.2538 0.9473 -0.1956 0.1995 0.9411
0.1210 0.2109 -0.5414 0.4903 0.8493 -0.1956 0.1976 0.9418
0.1713 0.1723 -0.5414 0.6934 0.6934 -0.1956 0.1959 0.9431
0.2099 0.1220 -0.5414 0.8493 0.4903 -0.1956 0.1947 0.9447
0.2341 0.0634 -0.5414 0.9473 0.2538 -0.1956 0.1939 0.9466
0.2424 0.0006 -0.5414 0.9807 -0.0000 -0.1956 0.1936 0.9487
0.2341 -0.0623 -0.5414 0.9473 -0.2538 -0.1956 0.1939 0.9507
0.2099 -0.1208 -0.5414 0.8493 -0.4903 -0.1956 0.1947 0.9526
0.1713 -0.1711 -0.5414 0.6934 -0.6934 -0.1956 0.1959 0.9542
0.1210 -0.2097 -0.5414 0.4903 -0.8493 -0.1956 0.1976 0.9555
0.0624 -0.2339 -0.5414 0.2538 -0.9473 -0.1956 0.1995 0.9563
-0.0004 -0.2422 5.0844 0.0000 -0.9918 0.1276 0.2015 0.9565
-0.0632 -0.2339 5.0844 -0.2567 -0.9580 0.1276 0.2035 0.9563
-0.1218 -0.2097 5.0844 -0.4959 -0.8589 0.1276 0.2054 0.9555
-0.1721 -0.1711 5.0844 -0.7013 -0.7013 0.1276 0.2071 0.9542
-0.2107 -0.1208 5.0844 -0.8589 -0.4959 0.1276 0.2083 0.9526
-0.2349 -0.0623 5.0844 -0.9580 -0.2567 0.1276 0.2091 0.9507
-0.2432 0.0006 5.0844 -0.9918 0.0000 0.1276 0.2094 0.9487
-0.2349 0.0634 5.0844 -0.9580 0.2567 0.1276 0.2091 0.9466
-0.2107 0.1220 5.0844 -0.8589 0.4959 0.1276 0.2083 0.9447
-0.1721 0.1723 5.0844 -0.7013 0.7013 0.1276 0.2071 0.9431
-0.1218 0.2109 5.0844 -0.4959 0.8589 0.1276 0.2054 0.9418
-0.0632 0.2351 5.0844 -0.2567 0.9580 0.1276 0.2035 0.9411
-0.0004 0.2434 5.0844 0.0000 0.9918 0.1276 0.2015 0.9408
0.0624 0.2351 5.0844 0.2567 0.9580 0.1276 0.1995 0.9411
0.1210 0.2109 5.0844 0.4959 0.8589 0.1276 0.1976 0.9418
0.1713 0.1723 5.0844 0.7013 0.7013 0.1276 0.1959 0.9431
0.2099 0.1220 5.0844 0.8589 0.4959 0.1276 0.1947 0.9447
0.2341 0.0634 5.0844 0.9580 0.2567 0.1276 0.1939 0.9466
0.2424 0.0006 5.0844 0.9918 -0.0000 0.1276 0.1936 0.9487
0.2341 -0.0623 5.0844 0.9580 -0.2567 0.1276 0.1939 0.9507
0.2099 -0.1208 5.0844 0.8589 -0.4959 0.1276 0.1947 0.9526
0.1713 -0.1711 5.0844 0.7013 -0.7013 0.1276 0.1959 0.9542
0.1210 -0.2097 5.0844 0.4959 -0.8589 0.1276 0.1976 0.9555
0.0624 -0.2339 5.0844 0.2567 -0.9580 0.1276 0.1995 0.9563
-0.0004 -0.0704 5.7337 -0.0000 -0.8889 0.4580 0.2015 0.9510
-0.0188 -0.0680 5.7337 -0.2301 -0.8586 0.4580 0.2021 0.9509
-0.0359 -0.0609 5.7337 -0.4445 -0.7698 0.4580 0.2026 0.9507
-0.0506 -0.0496 5.7337 -0.6286 -0.6286 0.4580 0.2031 0.9503
-0.0619 -0.0349 5.7337 -0.7698 -0.4445 0.4580 0.2035 0.9498
-0.0690 -0.0178 5.7337 -0.8586 -0.2301 0.4580 0.2037 0.9493
-0.0714 0.0006 5.7337 -0.8889 -0.0000 0.4580 0.2038 0.9487
-0.0690 0.0189 5.7337 -0.8586 0.2301 0.4580 0.2037 0.9481
-0.0619 0.0361 5.7337 -0.7698 0.4445 0.4580 0.2035 0.9475
-0.0506 0.0508 5.7337 -0.6286 0.6286 0.4580 0.2031 0.9470
-0.0359 0.0620 5.7337 -0.4445 0.7698 0.4580 0.2026 0.9467
-0.0188 0.0691 5.7337 -0.2301 0.8586 0.4580 0.2021 0.9464
-0.0004 0.0715 5.7337 -0.0000 0.8889 0.4580 0.2015 0.9464
0.0180 0.0691 5.7337 0.2301 0.8586 0.4580 0.2009 0.9464
0.0351 0.0620 5.7337 0.4445 0.7698 0.4580 0.2003 0.9467
0.0498 0.0508 5.7337 0.6286 0.6286 0.4580 0.1999 0.9470
0.0611 0.0361 5.7337 0.7698 0.4445 0.4580 0.1995 0.9475
0.0681 0.0189 5.7337 0.8586 0.2301 0.4580 0.1993 0.9481
0.0706 0.0006 5.7337 0.8889 -0.0000 0.4580 0.1992 0.9487
0.0681 -0.0178 5.7337 0.8586 -0.2301 0.4580 0.1993 0.9493
0.0611 -0.0349 5.7337 0.7698 -0.4445 0.4580 0.1995 0.9498
0.0498 -0.0496 5.7337 0.6286 -0.6286 0.4580 0.1999 0.9503
0.0351 -0.0609 5.7337 0.4445 -0.7698 0.4580 0.2003 0.9507
0.0180 -0.0680 5.7337 0.2301 -0.8586 0.4580 0.2009 0.9509
-0.0004 -0.0520 5.7551 -0.0000 -0.7101 0.7041 0.2015 0.9504
-0.0140 -0.0502 5.7551 -0.1838 -0.6859 0.7041 0.2019 0.9503
-0.0267 -0.0450 5.7551 -0.3550 -0.6149 0.7041 0.2023 0.9501
-0.0376 -0.0366 5.7551 -0.5021 -0.5021 0.7041 0.2027 0.9499
-0.0459 -0.0257 5.7551 -0.6149 -0.3550 0.7041 0.2030 0.9495
-0.0512 -0.0130 5.7551 -0.6859 -0.1838 0.7041 0.2031 0.9491
-0.0530 0.0006 5.7551 -0.7101 -0.0000 0.7041 0.2032 0.9487
-0.0512 0.0142 5.7551 -0.6859 0.1838 0.7041 0.2031 0.9482
-0.0459 0.0269 5.7551 -0.6149 0.3550 0.7041 0.2030 0.9478
-0.0376 0.0378 5.7551 -0.5021 0.5021 0.7041 0.2027 0.9475
-0.0267 0.0461 5.7551 -0.3550 0.6149 0.7041 0.2023 0.9472
-0.0140 0.0514 5.7551 -0.1838 0.6859 0.7041 0.2019 0.9470
-0.0004 0.0532 5.7551 -0.0000 0.7101 0.7041 0.2015 0.9470
0.0132 0.0514 5.7551 0.1838 0.6859 0.7041 0.2011 0.9470
0.0259 0.0461 5.7551 0.3550 0.6149 0.7041 0.2006 0.9472
0.0368 0.0378 5.7551 0.5021 0.5021 0.7041 0.2003 0.9475
0.0451 0.0269 5.7551 0.6149 0.3550 0.7041 0.2000 0.9478
0.0504 0.0142 5.7551 0.6859 0.1838 0.7041 0.1999 0.9482
0.0522 0.0006 5.7551 0.7101 -0.0000 0.7041 0.1998 0.9487
0.0504 -0.0130 5.7551 0.6859 -0.1838 0.7041 0.1999 0.9491
0.0451 -0.0257 5.7551 0.6149 -0.3550 0.7041 0.2000 0.9495
0.0368 -0.0366 5.7551 0.5021 -0.5021 0.7041 0.2003 0.9499
0.0259 -0.0450 5.7551 0.3550 -0.6149 0.7041 0.2006 0.9501
0.0132 -0.0502 5.7551 0.1838 -0.6859 0.7041 0.2011 0.9503
-0.0004 -0.0355 5.7693 -0.0000 -0.5913 0.8064 0.2015 0.9498
-0.0097 -0.0342 5.7693 -0.1530 -0.5711 0.8065 0.2018 0.9498
-0.0184 -0.0306 5.7693 -0.2957 -0.5121 0.8065 0.2021 0.9497
-0.0259 -0.0249 5.7693 -0.4181 -0.4181 0.8065 0.2023 0.9495
-0.0316 -0.0174 5.7693 -0.5121 -0.2956 0.8065 0.2025 0.9492
-0.0352 -0.0087 5.7693 -0.5712 -0.1530 0.8065 0.2026 0.9490
-0.0364 0.0006 5.7693 -0.5913 -0.0000 0.8065 0.2027 0.9487
-0.0352 0.0099 5.7693 -0.5712 0.1530 0.8065 0.2026 0.9484
-0.0316 0.0186 5.7693 -0.5121 0.2957 0.8065 0.2025 0.9481
-0.0259 0.0261 5.7693 -0.4181 0.4181 0.8064 0.2023 0.9478
-0.0184 0.0318 5.7693 -0.2956 0.5121 0.8064 0.2021 0.9476
-0.0097 0.0354 5.7693 -0.1530 0.5711 0.8065 0.2018 0.9475
-0.0004 0.0366 5.7693 -0.0000 0.5913 0.8064 0.2015 0.9475
0.0089 0.0354 5.7693 0.1530 0.5712 0.8064 0.2012 0.9475
0.0176 0.0318 5.7693 0.2956 0.5121 0.8064 0.2009 0.9476
0.0251 0.0261 5.7693 0.4181 0.4181 0.8064 0.2007 0.9478
0.0308 0.0186 5.7693 0.5121 0.2957 0.8064 0.2005 0.9481
0.0344 0.0099 5.7693 0.5712 0.1530 0.8065 0.2004 0.9484
0.0356 0.0006 5.7693 0.5913 -0.0000 0.8065 0.2003 0.9487
0.0344 -0.0087 5.7693 0.5712 -0.1530 0.8065 0.2004 0.9490
0.0308 -0.0174 5.7693 0.5121 -0.2957 0.8064 0.2005 0.9492
0.0251 -0.0249 5.7693 0.4181 -0.4181 0.8064 0.2007 0.9495
0.0176 -0.0306 5.7693 0.2956 -0.5121 0.8064 0.2009 0.9497
0.0089 -0.0342 5.7693 0.1530 -0.5712 0.8064 0.2012 0.9498
-0.0004 -0.0211 5.7780 -0.0000 -0.4673 0.8841 0.2015 0.9494
-0.0060 -0.0204 5.7780 -0.1210 -0.4514 0.8841 0.2017 0.9493
-0.0113 -0.0182 5.7780 -0.2337 -0.4047 0.8841 0.2018 0.9493
-0.0157 -0.0148 5.7780 -0.3305 -0.3305 0.8841 0.2020 0.9492
-0.0192 -0.0103 5.7780 -0.4047 -0.2337 0.8841 0.2021 0.9490
-0.0214 -0.0050 5.7780 -0.4514 -0.1210 0.8841 0.2022 0.9488
-0.0221 0.0006 5.7780 -0.4674 -0.0000 0.8841 0.2022 0.9487
-0.0214 0.0062 5.7780 -0.4514 0.1210 0.8841 0.2022 0.9485
-0.0192 0.0114 5.7780 -0.4047 0.2337 0.8841 0.2021 0.9483
-0.0157 0.0159 5.7780 -0.3305 0.3305 0.8841 0.2020 0.9482
-0.0113 0.0194 5.7780 -0.2337 0.4047 0.8841 0.2018 0.9481
-0.0060 0.0215 5.7780 -0.1210 0.4514 0.8841 0.2017 0.9480
-0.0004 0.0223 5.7780 -0.0000 0.4674 0.8841 0.2015 0.9480
0.0052 0.0215 5.7780 0.1210 0.4514 0.8841 0.2013 0.9480
0.0104 0.0194 5.7780 0.2337 0.4047 0.8841 0.2011 0.9481
0.0149 0.0159 5.7780 0.3305 0.3305 0.8841 0.2010 0.9482
0.0184 0.0114 5.7780 0.4047 0.2337 0.8841 0.2009 0.9483
0.0205 0.0062 5.7780 0.4514 0.1210 0.8841 0.2008 0.9485
0.0213 0.0006 5.7780 0.4674 0.0000 0.8841 0.2008 0.9487
0.0205 -0.0050 5.7780 0.4514 -0.1210 0.8841 0.2008 0.9488
0.0184 -0.0103 5.7780 0.4047 -0.2337 0.8841 0.2009 0.9490
0.0149 -0.0148 5.7780 0.3305 -0.3305 0.8841 0.2010 0.9492
0.0104 -0.0182 5.7780 0.2337 -0.4047 0.8841 0.2011 0.9493
0.0052 -0.0204 5.7780 0.1210 -0.4514 0.8841 0.2013 0.9493
-0.0004 -0.0096 5.7831 -0.0000 -0.3573 0.9340 0.2015 0.9490
-0.0030 -0.0093 5.7831 -0.0925 -0.3452 0.9340 0.2016 0.9490
-0.0055 -0.0083 5.7831 -0.1787 -0.3094 0.9340 0.2017 0.9489
-0.0076 -0.0066 5.7831 -0.2527 -0.2527 0.9340 0.2017 0.9489
-0.0093 -0.0045 5.7831 -0.3095 -0.1787 0.9340 0.2018 0.9488
-0.0103 -0.0021 5.7831 -0.3452 -0.0924 0.9340 0.2018 0.9487
-0.0106 0.0006 5.7831 -0.3573 0.0000 0.9340 0.2018 0.9487
-0.0103 0.0032 5.7831 -0.3452 0.0925 0.9340 0.2018 0.9486
-0.0093 0.0057 5.7831 -0.3095 0.1787 0.9340 0.2018 0.9485
-0.0076 0.0078 5.7831 -0.2527 0.2527 0.9340 0.2017 0.9484
-0.0055 0.0094 5.7831 -0.1787 0.3094 0.9340 0.2017 0.9484
-0.0030 0.0104 5.7831 -0.0925 0.3452 0.9340 0.2016 0.9483
-0.0004 0.0108 5.7831 -0.0000 0.3573 0.9340 0.2015 0.9483
0.0022 0.0104 5.7831 0.0925 0.3451 0.9340 0.2014 0.9483
0.0047 0.0094 5.7831 0.1787 0.3095 0.9340 0.2013 0.9484
0.0068 0.0078 5.7831 0.2527 0.2526 0.9340 0.2013 0.9484
0.0084 0.0057 5.7831 0.3095 0.1786 0.9340 0.2012 0.9485
0.0095 0.0032 5.7831 0.3452 0.0925 0.9340 0.2012 0.9486
0.0098 0.0006 5.7831 0.3573 -0.0000 0.9340 0.2012 0.9487
0.0095 -0.0021 5.7831 0.3452 -0.0925 0.9340 0.2012 0.9487
0.0084 -0.0045 5.7831 0.3095 -0.1786 0.9340 0.2012 0.9488
0.0068 -0.0066 5.7831 0.2527 -0.2526 0.9340 0.2013 0.9489
0.0047 -0.0083 5.7831 0.1787 -0.3095 0.9340 0.2013 0.9489
0.0022 -0.0093 5.7831 0.0925 -0.3451 0.9340 0.2014 0.9490
-0.0004 0.0006 5.7863 0.0000 0.0000 1.0000 0.2015 0.9487
-0.0005 -0.4513 -1.2548 0.0000 0.1887 -0.9820 0.2015 0.9633
-0.1174 -0.4359 -1.2548 0.0489 0.1823 -0.9820 0.2053 0.9628
-0.2264 -0.3907 -1.2548 0.0944 0.1635 -0.9820 0.2088 0.9613
-0.3200 -0.3189 -1.2548 0.1335 0.1335 -0.9820 0.2118 0.9590
-0.3918 -0.2253 -1.2548 0.1635 0.0944 -0.9820 0.2142 0.9560
-0.4369 -0.1164 -1.2548 0.1824 0.0489 -0.9820 0.2156 0.9524
-0.4523 0.0006 -1.2548 0.1888 0.0000 -0.9820 0.2161 0.9487
-0.4369 0.1175 -1.2548 0.1824 -0.0489 -0.9820 0.2156 0.9449
-0.3918 0.2265 -1.2548 0.1635 -0.0944 -0.9820 0.2142 0.9413
-0.3200 0.3201 -1.2548 0.1335 -0.1335 -0.9820 0.2118 0.9383
-0.2264 0.3919 -1.2548 0.0944 -0.1635 -0.9820 0.2088 0.9360
-0.1174 0.4370 -1.2548 0.0489 -0.1823 -0.9820 0.2053 0.9345
-0.0005 0.4524 -1.2548 0.0000 -0.1887 -0.9820 0.2015 0.9340
0.1165 0.4370 -1.2548 -0.0488 -0.1823 -0.9820 0.1977 0.9345
0.2255 0.3919 -1.2548 -0.0944 -0.1634 -0.9820 0.1942 0.9360
0.3190 0.3201 -1.2548 -0.1334 -0.1334 -0.9820 0.1911 0.9383
0.3908 0.2265 -1.2548 -0.1634 -0.0943 -0.9820 0.1888 0.9413
0.4360 0.1175 -1.2548 -0.1823 -0.0488 -0.9820 0.1874 0.9449
0.4514 0.0006 -1.2548 -0.1887 0.0000 -0.9820 0.1869 0.9487
0.4360 -0.1164 -1.2548 -0.1823 0.0488 -0.9820 0.1874 0.9524
0.3908 -0.2253 -1.2548 -0.1634 0.0943 -0.9820 0.1888 0.9560
0.3190 -0.3189 -1.2548 -0.1334 0.1334 -0.9820 0.1911 0.9590
0.2255 -0.3907 -1.2548 -0.0944 0.1634 -0.9820 0.1942 0.9613
0.1165 -0.4359 -1.2548 -0.0488 0.1823 -0.9820 0.1977 0.9628
-0.2511 0.0006 -0.6210 -0.7268 0.0000 0.6868 0.2096 0.9487
-0.2426 0.0655 -0.6210 -0.7021 0.1881 0.6868 0.2093 0.9466
-0.2511 0.0006 -0.6210 -0.7268 0.0000 0.6868 0.2096 0.9487
0.1769 -0.1767 -0.6210 0.5139 -0.5139 0.6868 0.1958 0.9544
0.1250 -0.2165 -0.6210 0.3634 -0.6294 0.6868 0.1974 0.9557
0.1769 -0.1767 -0.6210 0.5139 -0.5139 0.6868 0.1958 0.9544
0.1250 0.2177 -0.6210 0.3634 0.6294 0.6868 0.1974 0.9416
0.1769 0.1779 -0.6210 0.5139 0.5139 0.6868 0.1958 0.9429
0.1250 0.2177 -0.6210 0.3634 0.6294 0.6868 0.1974 0.9416
-0.2426 0.0655 -0.6210 -0.7021 0.1881 0.6868 0.2093 0.9466
-0.2175 0.1259 -0.6210 -0.6294 0.3634 0.6868 0.2085 0.9446
-0.2426 0.0655 -0.6210 -0.7021 0.1881 0.6868 0.2093 0.9466
0.1250 -0.2165 -0.6210 0.3634 -0.6294 0.6868 0.1974 0.9557
0.0645 -0.2416 -0.6210 0.1881 -0.7021 0.6868 0.1994 0.9565
0.1250 -0.2165 -0.6210 0.3634 -0.6294 0.6868 0.1974 0.9557
-0.0004 -0.2501 -0.6210 -0.0000 -0.7268 0.6868 0.2015 0.9568
-0.0653 -0.2416 -0.6210 -0.1881 -0.7021 0.6868 0.2036 0.9565
-0.0004 -0.2501 -0.6210 -0.0000 -0.7268 0.6868 0.2015 0.9568
0.1769 0.1779 -0.6210 0.5139 0.5139 0.6868 0.1958 0.9429
0.2167 0.1259 -0.6210 0.6294 0.3634 0.6868 0.1945 0.9446
0.1769 0.1779 -0.6210 0.5139 0.5139 0.6868 0.1958 0.9429
-0.2175 0.1259 -0.6210 -0.6294 0.3634 0.6868 0.2085 0.9446
-0.1777 0.1779 -0.6210 -0.5139 0.5139 0.6868 0.2072 0.9429
-0.2175 0.1259 -0.6210 -0.6294 0.3634 0.6868 0.2085 0.9446
0.0645 -0.2416 -0.6210 0.1881 -0.7021 0.6868 0.1994 0.9565
-0.0004 -0.2501 -0.6210 -0.0000 -0.7268 0.6868 0.2015 0.9568
0.0645 -0.2416 -0.6210 0.1881 -0.7021 0.6868 0.1994 0.9565
-0.0653 -0.2416 -0.6210 -0.1881 -0.7021 0.6868 0.2036 0.9565
-0.1258 -0.2165 -0.6210 -0.3634 -0.6294 0.6868 0.2056 0.9557
-0.0653 -0.2416 -0.6210 -0.1881 -0.7021 0.6868 0.2036 0.9565
0.2167 0.1259 -0.6210 0.6294 0.3634 0.6868 0.1945 0.9446
0.2418 0.0655 -0.6210 0.7021 0.1881 0.6868 0.1937 0.9466
0.2167 0.1259 -0.6210 0.6294 0.3634 0.6868 0.1945 0.9446
-0.1777 0.1779 -0.6210 -0.5139 0.5139 0.6868 0.2072 0.9429
-0.1258 0.2177 -0.6210 -0.3634 0.6294 0.6868 0.2056 0.9416
-0.1777 0.1779 -0.6210 -0.5139 0.5139 0.6868 0.2072 0.9429
-0.1258 -0.2165 -0.6210 -0.3634 -0.6294 0.6868 0.2056 0.9557
-0.1777 -0.1767 -0.6210 -0.5139 -0.5139 0.6868 0.2072 0.9544
-0.1258 -0.2165 -0.6210 -0.3634 -0.6294 0.6868 0.2056 0.9557
0.2418 0.0655 -0.6210 0.7021 0.1881 0.6868 0.1937 0.9466
0.2503 0.0006 -0.6210 0.7268 -0.0000 0.6868 0.1934 0.9487
0.2418 0.0655 -0.6210 0.7021 0.1881 0.6868 0.1937 0.9466
-0.1258 0.2177 -0.6210 -0.3634 0.6294 0.6868 0.2056 0.9416
-0.0653 0.2428 -0.6210 -0.1881 0.7021 0.6868 0.2036 0.9408
-0.1258 0.2177 -0.6210 -0.3634 0.6294 0.6868 0.2056 0.9416
-0.1777 -0.1767 -0.6210 -0.5139 -0.5139 0.6868 0.2072 0.9544
-0.2175 -0.1248 -0.6210 -0.6294 -0.3634 0.6868 0.2085 0.9527
-0.1777 -0.1767 -0.6210 -0.5139 -0.5139 0.6868 0.2072 0.9544
0.2503 0.0006 -0.6210 0.7268 -0.0000 0.6868 0.1934 0.9487
0.2418 -0.0643 -0.6210 0.7021 -0.1881 0.6868 0.1937 0.9508
0.2503 0.0006 -0.6210 0.7268 -0.0000 0.6868 0.1934 0.9487
-0.0653 0.2428 -0.6210 -0.1881 0.7021 0.6868 0.2036 0.9408
-0.0004 0.2513 -0.6210 -0.0000 0.7268 0.6868 0.2015 0.9405
-0.0653 0.2428 -0.6210 -0.1881 0.7021 0.6868 0.2036 0.9408
-0.2175 -0.1248 -0.6210 -0.6294 -0.3634 0.6868 0.2085 0.9527
-0.2426 -0.0643 -0.6210 -0.7021 -0.1881 0.6868 0.2093 0.9508
-0.2175 -0.1248 -0.6210 -0.6294 -0.3634 0.6868 0.2085 0.9527
0.2418 -0.0643 -0.6210 0.7021 -0.1881 0.6868 0.1937 0.9508
0.2167 -0.1248 -0.6210 0.6294 -0.3634 0.6868 0.1945 0.9527
0.2418 -0.0643 -0.6210 0.7021 -0.1881 0.6868 0.1937 0.9508
-0.0004 0.2513 -0.6210 -0.0000 0.7268 0.6868 0.2015 0.9405
0.0645 0.2428 -0.6210 0.1881 0.7021 0.6868 0.1994 0.9408
-0.0004 0.2513 -0.6210 -0.0000 0.7268 0.6868 0.2015 0.9405
-0.2426 -0.0643 -0.6210 -0.7021 -0.1881 0.6868 0.2093 0.9508
-0.2511 0.0006 -0.6210 -0.7268 0.0000 0.6868 0.2096 0.9487
-0.2426 -0.0643 -0.6210 -0.7021 -0.1881 0.6868 0.2093 0.9508
0.2167 -0.1248 -0.6210 0.6294 -0.3634 0.6868 0.1945 0.9527
0.1769 -0.1767 -0.6210 0.5139 -0.5139 0.6868 0.1958 0.9544
0.2167 -0.1248 -0.6210 0.6294 -0.3634 0.6868 0.1945 0.9527
0.0645 0.2428 -0.6210 0.1881 0.7021 0.6868 0.1994 0.9408
0.1250 0.2177 -0.6210 0.3634 0.6294 0.6868 0.1974 0.9416
0.0645 0.2428 -0.6210 0.1881 0.7021 0.6868 0.1994 0.9408
0.2140 0.0580 -0.5906 0.8896 0.2384 -0.3896 0.1945 0.9468
0.2216 0.0006 -0.5906 0.9210 -0.0000 -0.3896 0.1943 0.9487
0.2140 0.0580 -0.5906 0.8896 0.2384 -0.3896 0.1945 0.9468
-0.1114 0.1928 -0.5906 -0.4605 0.7976 -0.3896 0.2051 0.9424
-0.0579 0.2150 -0.5906 -0.2384 0.8896 -0.3896 0.2034 0.9417
-0.1114 0.1928 -0.5906 -0.4605 0.7976 -0.3896 0.2051 0.9424
-0.1574 -0.1564 -0.5906 -0.6512 -0.6512 -0.3896 0.2066 0.9537
-0.1927 -0.1104 -0.5906 -0.7976 -0.4605 -0.3896 0.2077 0.9523
-0.1574 -0.1564 -0.5906 -0.6512 -0.6512 -0.3896 0.2066 0.9537
0.2216 0.0006 -0.5906 0.9210 -0.0000 -0.3896 0.1943 0.9487
0.2140 -0.0569 -0.5906 0.8896 -0.2384 -0.3896 0.1945 0.9505
0.2216 0.0006 -0.5906 0.9210 -0.0000 -0.3896 0.1943 0.9487
-0.0579 0.2150 -0.5906 -0.2384 0.8896 -0.3896 0.2034 0.9417
-0.0004 0.2226 -0.5906 -0.0000 0.9210 -0.3896 0.2015 0.9415
-0.0579 0.2150 -0.5906 -0.2384 0.8896 -0.3896 0.2034 0.9417
-0.1927 -0.1104 -0.5906 -0.7976 -0.4605 -0.3896 0.2077 0.9523
-0.2148 -0.0569 -0.5906 -0.8896 -0.2384 -0.3896 0.2084 0.9505
-0.1927 -0.1104 -0.5906 -0.7976 -0.4605 -0.3896 0.2077 0.9523
0.2140 -0.0569 -0.5906 0.8896 -0.2384 -0.3896 0.1945 0.9505
0.1918 -0.1104 -0.5906 0.7976 -0.4605 -0.3896 0.1953 0.9523
0.2140 -0.0569 -0.5906 0.8896 -0.2384 -0.3896 0.1945 0.9505
-0.0004 0.2226 -0.5906 -0.0000 0.9210 -0.3896 0.2015 0.9415
0.0570 0.2150 -0.5906 0.2384 0.8896 -0.3896 0.1996 0.9417
-0.0004 0.2226 -0.5906 -0.0000 0.9210 -0.3896 0.2015 0.9415
-0.2148 -0.0569 -0.5906 -0.8896 -0.2384 -0.3896 0.2084 0.9505
-0.2224 0.0006 -0.5906 -0.9210 0.0000 -0.3896 0.2087 0.9487
-0.2148 -0.0569 -0.5906 -0.8896 -0.2384 -0.3896 0.2084 0.9505
0.1918 -0.1104 -0.5906 0.7976 -0.4605 -0.3896 0.1953 0.9523
0.1566 -0.1564 -0.5906 0.6512 -0.6512 -0.3896 0.1964 0.9537
0.1918 -0.1104 -0.5906 0.7976 -0.4605 -0.3896 0.1953 0.9523
0.0570 0.2150 -0.5906 0.2384 0.8896 -0.3896 0.1996 0.9417
0.1106 0.1928 -0.5906 0.4605 0.7976 -0.3896 0.1979 0.9424
0.0570 0.2150 -0.5906 0.2384 0.8896 -0.3896 0.1996 0.9417
-0.2224 0.0006 -0.5906 -0.9210 0.0000 -0.3896 0.2087 0.9487
-0.2148 0.0580 -0.5906 -0.8896 0.2384 -0.3896 0.2084 0.9468
-0.2224 0.0006 -0.5906 -0.9210 0.0000 -0.3896 0.2087 0.9487
0.1566 -0.1564 -0.5906 0.6512 -0.6512 -0.3896 0.1964 0.9537
0.1106 -0.1917 -0.5906 0.4605 -0.7976 -0.3896 0.1979 0.9549
0.1566 -0.1564 -0.5906 0.6512 -0.6512 -0.3896 0.1964 0.9537
0.1106 0.1928 -0.5906 0.4605 0.7976 -0.3896 0.1979 0.9424
0.1566 0.1575 -0.5906 0.6512 0.6512 -0.3896 0.1964 0.9436
0.1106 0.1928 -0.5906 0.4605 0.7976 -0.3896 0.1979 0.9424
-0.2148 0.0580 -0.5906 -0.8896 0.2384 -0.3896 0.2084 0.9468
-0.1927 0.1116 -0.5906 -0.7976 0.4605 -0.3896 0.2077 0.9451
-0.2148 0.0580 -0.5906 -0.8896 0.2384 -0.3896 0.2084 0.9468
0.1106 -0.1917 -0.5906 0.4605 -0.7976 -0.3896 0.1979 0.9549
0.0570 -0.2138 -0.5906 0.2384 -0.8896 -0.3896 0.1996 0.9556
0.1106 -0.1917 -0.5906 0.4605 -0.7976 -0.3896 0.1979 0.9549
-0.0004 -0.2214 -0.5906 -0.0000 -0.9210 -0.3896 0.2015 0.9559
-0.0579 -0.2138 -0.5906 -0.2384 -0.8896 -0.3896 0.2034 0.9556
-0.0004 -0.2214 -0.5906 -0.0000 -0.9210 -0.3896 0.2015 0.9559
0.1566 0.1575 -0.5906 0.6512 0.6512 -0.3896 0.1964 0.9436
0.1918 0.1116 -0.5906 0.7976 0.4605 -0.3896 0.1953 0.9451
0.1566 0.1575 -0.5906 0.6512 0.6512 -0.3896 0.1964 0.9436
-0.1927 0.1116 -0.5906 -0.7976 0.4605 -0.3896 0.2077 0.9451
-0.1574 0.1575 -0.5906 -0.6512 0.6512 -0.3896 0.2066 0.9436
-0.1927 0.1116 -0.5906 -0.7976 0.4605 -0.3896 0.2077 0.9451
0.0570 -0.2138 -0.5906 0.2384 -0.8896 -0.3896 0.1996 0.9556
-0.0004 -0.2214 -0.5906 -0.0000 -0.9210 -0.3896 0.2015 0.9559
0.0570 -0.2138 -0.5906 0.2384 -0.8896 -0.3896 0.1996 0.9556
-0.0579 -0.2138 -0.5906 -0.2384 -0.8896 -0.3896 0.2034 0.9556
-0.1114 -0.1917 -0.5906 -0.4605 -0.7976 -0.3896 0.2051 0.9549
-0.0579 -0.2138 -0.5906 -0.2384 -0.8896 -0.3896 0.2034 0.9556
0.1918 0.1116 -0.5906 0.7976 0.4605 -0.3896 0.1953 0.9451
0.2140 0.0580 -0.5906 0.8896 0.2384 -0.3896 0.1945 0.9468
0.1918 0.1116 -0.5906 0.7976 0.4605 -0.3896 0.1953 0.9451
-0.1574 0.1575 -0.5906 -0.6512 0.6512 -0.3896 0.2066 0.9436
-0.1114 0.1928 -0.5906 -0.4605 0.7976 -0.3896 0.2051 0.9424
-0.1574 0.1575 -0.5906 -0.6512 0.6512 -0.3896 0.2066 0.9436
-0.1114 -0.1917 -0.5906 -0.4605 -0.7976 -0.3896 0.2051 0.9549
-0.1574 -0.1564 -0.5906 -0.6512 -0.6512 -0.3896 0.2066 0.9537
-0.1114 -0.1917 -0.5906 -0.4605 -0.7976 -0.3896 0.2051 0.9549
-0.0004 -0.6274 -1.3193 -0.0000 0.3440 -0.9390 0.2015 0.9690
0.1621 -0.6060 -1.3193 -0.0890 0.3323 -0.9390 0.1962 0.9683
-0.0004 -0.6274 -1.3193 -0.0000 0.3440 -0.9390 0.2015 0.9690
-0.3144 -0.5432 -1.3193 0.1720 0.2980 -0.9389 0.2117 0.9663
-0.1629 -0.6060 -1.3193 0.0890 0.3323 -0.9389 0.2068 0.9683
-0.3144 -0.5432 -1.3193 0.1720 0.2980 -0.9389 0.2117 0.9663
0.6062 0.1631 -1.3193 -0.3322 -0.0890 -0.9390 0.1818 0.9434
0.5434 0.3146 -1.3193 -0.2979 -0.1720 -0.9390 0.1839 0.9385
0.6062 0.1631 -1.3193 -0.3322 -0.0890 -0.9390 0.1818 0.9434
-0.3144 0.5444 -1.3193 0.1720 -0.2980 -0.9389 0.2117 0.9310
-0.4444 0.4446 -1.3193 0.2433 -0.2433 -0.9389 0.2159 0.9343
-0.3144 0.5444 -1.3193 0.1720 -0.2980 -0.9389 0.2117 0.9310
-0.4444 -0.4435 -1.3193 0.2433 0.2433 -0.9389 0.2159 0.9630
-0.3144 -0.5432 -1.3193 0.1720 0.2980 -0.9389 0.2117 0.9663
-0.4444 -0.4435 -1.3193 0.2433 0.2433 -0.9389 0.2159 0.9630
0.6275 0.0006 -1.3193 -0.3439 0.0000 -0.9390 0.1812 0.9487
0.6062 0.1631 -1.3193 -0.3322 -0.0890 -0.9390 0.1818 0.9434
0.6275 0.0006 -1.3193 -0.3439 0.0000 -0.9390 0.1812 0.9487
-0.1629 0.6071 -1.3193 0.0890 -0.3323 -0.9389 0.2068 0.9290
-0.3144 0.5444 -1.3193 0.1720 -0.2980 -0.9389 0.2117 0.9310
-0.1629 0.6071 -1.3193 0.0890 -0.3323 -0.9389 0.2068 0.9290
-0.5442 -0.3134 -1.3193 0.2980 0.1721 -0.9389 0.2191 0.9588
-0.4444 -0.4435 -1.3193 0.2433 0.2433 -0.9389 0.2159 0.9630
-0.5442 -0.3134 -1.3193 0.2980 0.1721 -0.9389 0.2191 0.9588
0.6062 -0.1619 -1.3193 -0.3322 0.0890 -0.9390 0.1818 0.9539
0.6275 0.0006 -1.3193 -0.3439 0.0000 -0.9390 0.1812 0.9487
0.6062 -0.1619 -1.3193 -0.3322 0.0890 -0.9390 0.1818 0.9539
-0.0004 0.6285 -1.3193 -0.0000 -0.3440 -0.9390 0.2015 0.9283
-0.1629 0.6071 -1.3193 0.0890 -0.3323 -0.9389 0.2068 0.9290
-0.0004 0.6285 -1.3193 -0.0000 -0.3440 -0.9390 0.2015 0.9283
-0.6070 -0.1619 -1.3193 0.3324 0.0891 -0.9389 0.2211 0.9539
-0.5442 -0.3134 -1.3193 0.2980 0.1721 -0.9389 0.2191 0.9588
-0.6070 -0.1619 -1.3193 0.3324 0.0891 -0.9389 0.2211 0.9539
0.5434 -0.3134 -1.3193 -0.2979 0.1720 -0.9390 0.1839 0.9588
0.6062 -0.1619 -1.3193 -0.3322 0.0890 -0.9390 0.1818 0.9539
0.5434 -0.3134 -1.3193 -0.2979 0.1720 -0.9390 0.1839 0.9588
0.1621 0.6071 -1.3193 -0.0890 -0.3323 -0.9390 0.1962 0.9290
-0.0004 0.6285 -1.3193 -0.0000 -0.3440 -0.9390 0.2015 0.9283
0.1621 0.6071 -1.3193 -0.0890 -0.3323 -0.9390 0.1962 0.9290
-0.6284 0.0006 -1.3193 0.3441 0.0000 -0.9389 0.2218 0.9487
-0.6070 -0.1619 -1.3193 0.3324 0.0891 -0.9389 0.2211 0.9539
-0.6284 0.0006 -1.3193 0.3441 0.0000 -0.9389 0.2218 0.9487
0.4436 -0.4435 -1.3193 -0.2432 0.2432 -0.9390 0.1871 0.9630
0.5434 -0.3134 -1.3193 -0.2979 0.1720 -0.9390 0.1839 0.9588
0.4436 -0.4435 -1.3193 -0.2432 0.2432 -0.9390 0.1871 0.9630
0.3136 0.5444 -1.3193 -0.1720 -0.2979 -0.9390 0.1913 0.9310
0.1621 0.6071 -1.3193 -0.0890 -0.3323 -0.9390 0.1962 0.9290
0.3136 0.5444 -1.3193 -0.1720 -0.2979 -0.9390 0.1913 0.9310
-0.6070 0.1631 -1.3193 0.3324 -0.0891 -0.9389 0.2211 0.9434
-0.6284 0.0006 -1.3193 0.3441 0.0000 -0.9389 0.2218 0.9487
-0.6070 0.1631 -1.3193 0.3324 -0.0891 -0.9389 0.2211 0.9434
0.3136 -0.5432 -1.3193 -0.1720 0.2979 -0.9390 0.1913 0.9663
0.4436 -0.4435 -1.3193 -0.2432 0.2432 -0.9390 0.1871 0.9630
0.3136 -0.5432 -1.3193 -0.1720 0.2979 -0.9390 0.1913 0.9663
0.4436 0.4446 -1.3193 -0.2432 -0.2432 -0.9390 0.1871 0.9343
0.3136 0.5444 -1.3193 -0.1720 -0.2979 -0.9390 0.1913 0.9310
0.4436 0.4446 -1.3193 -0.2432 -0.2432 -0.9390 0.1871 0.9343
-0.5442 0.3146 -1.3193 0.2980 -0.1721 -0.9389 0.2191 0.9385
-0.6070 0.1631 -1.3193 0.3324 -0.0891 -0.9389 0.2211 0.9434
-0.5442 0.3146 -1.3193 0.2980 -0.1721 -0.9389 0.2191 0.9385
0.1621 -0.6060 -1.3193 -0.0890 0.3323 -0.9390 0.1962 0.9683
0.3136 -0.5432 -1.3193 -0.1720 0.2979 -0.9390 0.1913 0.9663
0.1621 -0.6060 -1.3193 -0.0890 0.3323 -0.9390 0.1962 0.9683
-0.1629 -0.6060 -1.3193 0.0890 0.3323 -0.9389 0.2068 0.9683
-0.0004 -0.6274 -1.3193 -0.0000 0.3440 -0.9390 0.2015 0.9690
-0.1629 -0.6060 -1.3193 0.0890 0.3323 -0.9389 0.2068 0.9683
0.5434 0.3146 -1.3193 -0.2979 -0.1720 -0.9390 0.1839 0.9385
0.4436 0.4446 -1.3193 -0.2432 -0.2432 -0.9390 0.1871 0.9343
0.5434 0.3146 -1.3193 -0.2979 -0.1720 -0.9390 0.1839 0.9385
-0.4444 0.4446 -1.3193 0.2433 -0.2433 -0.9389 0.2159 0.9343
-0.5442 0.3146 -1.3193 0.2980 -0.1721 -0.9389 0.2191 0.9385
-0.4444 0.4446 -1.3193 0.2433 -0.2433 -0.9389 0.2159 0.9343
4 29 5
4 28 29
19 44 20
19 43 44
12 37 13
12 36 37
5 30 6
5 29 30
20 45 21
20 44 45
13 38 14
13 37 38
6 31 7
6 30 31
21 46 22
21 45 46
14 39 15
14 38 39
7 32 8
7 31 32
22 47 23
22 46 47
0 25 1
0 24 25
15 40 16
15 39 40
8 33 9
8 32 33
23 24 0
23 47 24
1 26 2
1 25 26
16 41 17
16 40 41
9 34 10
9 33 34
2 27 3
2 26 27
17 42 18
17 41 42
10 35 11
10 34 35
3 28 4
3 27 28
18 43 19
18 42 43
11 36 12
11 35 36
26 51 27
26 50 51
41 66 42
41 65 66
34 59 35
34 58 59
27 52 28
27 51 52
42 67 43
42 66 67
35 60 36
35 59 60
28 53 29
28 52 53
43 68 44
43 67 68
36 61 37
36 60 61
29 54 30
29 53 54
44 69 45
44 68 69
37 62 38
37 61 62
30 55 31
30 54 55
45 70 46
45 69 70
38 63 39
38 62 63
31 56 32
31 55 56
46 71 47
46 70 71
24 49 25
24 48 49
39 64 40
39 63 64
32 57 33
32 56 57
47 48 24
47 71 48
25 50 26
25 49 50
40 65 41
40 64 65
33 58 34
33 57 58
289 79 290
291 78 79
292 94 293
294 93 94
295 87 296
297 86 87
298 80 299
300 79 80
301 95 302
303 94 95
304 73 305
306 72 73
307 88 308
309 87 88
310 81 311
312 80 81
313 72 314
315 95 72
316 74 317
318 73 74
319 89 320
321 88 89
322 82 323
324 81 82
325 75 326
327 74 75
328 90 329
330 89 90
331 83 332
333 82 83
334 76 335
336 75 76
337 91 338
339 90 91
340 84 341
342 83 84
343 77 344
345 76 77
346 92 347
348 91 92
349 85 350
351 84 85
352 78 353
354 77 78
355 93 356
357 92 93
358 86 359
360 85 86
361 114 362
363 113 114
364 107 365
366 106 107
367 100 368
369 99 100
370 115 371
372 114 115
373 108 374
375 107 108
376 101 377
378 100 101
379 116 380
381 115 116
382 109 383
384 108 109
385 102 386
387 101 102
388 117 389
390 116 117
391 110 392
393 109 110
394 103 395
396 102 103
397 118 398
399 117 118
400 111 401
402 110 111
403 104 404
405 103 104
406 119 407
408 118 119
409 97 410
411 96 97
412 112 413
414 111 112
415 105 416
417 104 105
418 96 419
420 119 96
421 98 422
423 97 98
424 113 425
426 112 113
427 106 428
429 105 106
430 99 431
432 98 99
102 127 103
102 126 127
117 142 118
117 141 142
110 135 111
110 134 135
103 128 104
103 127 128
118 143 119
118 142 143
96 121 97
96 120 121
111 136 112
111 135 136
104 129 105
104 128 129
119 120 96
119 143 120
97 122 98
97 121 122
112 137 113
112 136 137
105 130 106
105 129 130
98 123 99
98 122 123
113 138 114
113 137 138
106 131 107
106 130 131
99 124 100
99 123 124
114 139 115
114 138 139
107 132 108
107 131 132
100 125 101
100 124 125
115 140 116
115 139 140
108 133 109
108 132 133
101 126 102
101 125 126
116 141 117
116 140 141
109 134 110
109 133 134
130 155 131
130 154 155
123 148 124
123 147 148
138 163 139
138 162 163
131 156 132
131 155 156
124 149 125
124 148 149
139 164 140
139 163 164
132 157 133
132 156 157
125 150 126
125 149 150
140 165 141
140 164 165
133 158 134
133 157 158
126 151 127
126 150 151
141 166 142
141 165 166
134 159 135
134 158 159
127 152 128
127 151 152
142 167 143
142 166 167
120 145 121
120 144 145
135 160 136
135 159 160
128 153 129
128 152 153
143 144 120
143 167 144
121 146 122
121 145 146
136 161 137
136 160 161
129 154 130
129 153 154
122 147 123
122 146 147
137 162 138
137 161 162
165 190 166
165 189 190
158 183 159
158 182 183
151 176 152
151 175 176
166 191 167
166 190 191
144 169 145
144 168 169
159 184 160
159 183 184
152 177 153
152 176 177
167 168 144
167 191 168
145 170 146
145 169 170
160 185 161
160 184 185
153 178 154
153 177 178
146 171 147
146 170 171
161 186 162
161 185 186
154 179 155
154 178 179
147 172 148
147 171 172
162 187 163
162 186 187
155 180 156
155 179 180
148 173 149
148 172 173
163 188 164
163 187 188
156 181 157
156 180 181
149 174 150
149 173 174
164 189 165
164 188 189
157 182 158
157 181 182
150 175 151
150 174 175
178 203 179
178 202 203
171 196 172
171 195 196
186 211 187
186 210 211
179 204 180
179 203 204
172 197 173
172 196 197
187 212 188
187 211 212
180 205 181
180 204 205
173 198 174
173 197 198
188 213 189
188 212 213
181 206 182
181 205 206
174 199 175
174 198 199
189 214 190
189 213 214
182 207 183
182 206 207
175 200 176
175 199 200
190 215 191
190 214 215
168 193 169
168 192 193
183 208 184
183 207 208
176 201 177
176 200 201
191 192 168
191 215 192
169 194 170
169 193 194
184 209 185
184 208 209
177 202 178
177 201 202
170 195 171
170 194 195
185 210 186
185 209 210
206 231 207
206 230 231
199 224 200
199 223 224
214 239 215
214 238 239
192 217 193
192 216 217
207 232 208
207 231 232
200 225 201
200 224 225
215 216 192
215 239 216
193 218 194
193 217 218
208 233 209
208 232 233
201 226 202
201 225 226
194 219 195
194 218 219
209 234 210
209 233 234
202 227 203
202 226 227
195 220 196
195 219 220
210 235 211
210 234 235
203 228 204
203 227 228
196 221 197
196 220 221
211 236 212
211 235 236
204 229 205
204 228 229
197 222 198
197 221 222
212 237 213
212 236 237
205 230 206
205 229 230
198 223 199
198 222 223
213 238 214
213 237 238
219 244 220
219 243 244
234 259 235
234 258 259
227 252 228
227 251 252
220 245 221
220 244 245
235 260 236
235 259 260
228 253 229
228 252 253
221 246 222
221 245 246
236 261 237
236 260 261
229 254 230
229 253 254
222 247 223
222 246 247
237 262 238
237 261 262
230 255 231
230 254 255
223 248 224
223 247 248
238 263 239
238 262 263
216 241 217
216 240 241
231 256 232
231 255 256
224 249 225
224 248 249
239 240 216
239 263 240
217 242 218
217 241 242
232 257 233
232 256 257
225 250 226
225 249 250
218 243 219
218 242 243
233 258 234
233 257 258
226 251 227
226 250 251
254 264 255
247 264 248
262 264 263
240 264 241
255 264 256
248 264 249
263 264 240
241 264 242
256 264 257
249 264 250
242 264 243
257 264 258
250 264 251
243 264 244
258 264 259
251 264 252
244 264 245
259 264 260
252 264 253
245 264 246
260 264 261
253 264 254
246 264 247
261 264 262
433 288 434
435 265 288
436 266 437
438 267 266
439 281 440
441 282 281
442 274 443
444 275 274
445 267 446
447 268 267
448 282 449
450 283 282
451 275 452
453 276 275
454 268 455
456 269 268
457 283 458
459 284 283
460 276 461
462 277 276
463 269 464
465 270 269
466 284 467
468 285 284
469 277 470
471 278 277
472 270 473
474 271 270
475 285 476
477 286 285
478 278 479
480 279 278
481 271 482
483 272 271
484 286 485
486 287 286
487 279 488
489 280 279
490 272 491
492 273 272
493 287 494
495 288 287
496 265 497
498 266 265
499 280 500
501 281 280
502 273 503
504 274 273
267 265 266
265 287 288
287 285 286
285 283 284
283 281 282
281 279 280
279 277 278
277 275 276
275 273 274
273 271 272
271 269 270
269 267 268
267 287 265
287 283 285
283 279 281
279 275 277
275 271 273
271 267 269
267 283 287
283 275 279
275 267 271
283 267 275
LABEL LES_MotorNozzles
MATERIAL 1
TEXTURE 1
FLAG 0
GEOM 1056 768
0.1222 0.6819 -1.5258 0.7261 0.3966 0.5617 0.1861 0.9346
0.1479 0.6459 -1.5441 0.8588 0.2107 0.4670 0.1839 0.9377
0.1622 0.6051 -1.5649 0.9330 0.0005 0.3599 0.1826 0.9413
0.1643 0.5625 -1.5866 0.9436 -0.2196 0.2477 0.1825 0.9450
0.1539 0.5209 -1.6078 0.8899 -0.4347 0.1381 0.1834 0.9486
0.1317 0.4830 -1.6271 0.7756 -0.6301 0.0386 0.1853 0.9519
0.0994 0.4516 -1.6431 0.6084 -0.7924 -0.0442 0.1881 0.9546
0.0589 0.4287 -1.6548 0.3997 -0.9107 -0.1044 0.1916 0.9566
0.0133 0.4159 -1.6613 0.1638 -0.9768 -0.1381 0.1956 0.9577
-0.0346 0.4140 -1.6623 -0.0832 -0.9862 -0.1429 0.1998 0.9579
-0.0814 0.4233 -1.6575 -0.3246 -0.9384 -0.1185 0.2038 0.9571
-0.1238 0.4430 -1.6475 -0.5439 -0.8365 -0.0666 0.2075 0.9553
-0.1591 0.4719 -1.6328 -0.7261 -0.6875 0.0093 0.2106 0.9528
-0.1848 0.5079 -1.6144 -0.8588 -0.5016 0.1040 0.2128 0.9497
-0.1992 0.5486 -1.5937 -0.9330 -0.2914 0.2111 0.2141 0.9462
-0.2012 0.5912 -1.5720 -0.9436 -0.0713 0.3233 0.2142 0.9425
-0.1908 0.6329 -1.5507 -0.8899 0.1438 0.4329 0.2133 0.9388
-0.1687 0.6707 -1.5315 -0.7756 0.3391 0.5324 0.2114 0.9355
-0.1363 0.7022 -1.5154 -0.6084 0.5015 0.6151 0.2086 0.9328
-0.0959 0.7251 -1.5038 -0.3997 0.6197 0.6754 0.2051 0.9308
-0.0502 0.7379 -1.4972 -0.1638 0.6858 0.7091 0.2011 0.9297
-0.0024 0.7397 -1.4963 0.0832 0.6953 0.7139 0.1970 0.9295
0.0444 0.7304 -1.5010 0.3246 0.6474 0.6895 0.1929 0.9304
0.0869 0.7107 -1.5111 0.5439 0.5456 0.6376 0.1892 0.9321
0.0667 0.5433 -1.3562 0.7561 0.4897 0.4342 0.1909 0.9466
0.0822 0.5215 -1.3673 0.8943 0.2961 0.3356 0.1896 0.9485
0.0909 0.4968 -1.3798 0.9715 0.0773 0.2241 0.1888 0.9507
0.0922 0.4710 -1.3930 0.9825 -0.1519 0.1073 0.1887 0.9529
0.0859 0.4458 -1.4058 0.9266 -0.3759 -0.0068 0.1893 0.9551
0.0725 0.4229 -1.4175 0.8076 -0.5793 -0.1105 0.1904 0.9571
0.0529 0.4038 -1.4272 0.6335 -0.7484 -0.1966 0.1921 0.9588
0.0284 0.3900 -1.4343 0.4162 -0.8715 -0.2594 0.1943 0.9600
0.0007 0.3822 -1.4382 0.1706 -0.9403 -0.2944 0.1967 0.9606
-0.0282 0.3811 -1.4388 -0.0867 -0.9502 -0.2995 0.1992 0.9607
-0.0565 0.3867 -1.4359 -0.3380 -0.9003 -0.2741 0.2017 0.9602
-0.0822 0.3987 -1.4298 -0.5663 -0.7943 -0.2200 0.2039 0.9592
-0.1036 0.4161 -1.4209 -0.7561 -0.6391 -0.1410 0.2058 0.9577
-0.1192 0.4379 -1.4098 -0.8943 -0.4456 -0.0423 0.2071 0.9558
-0.1279 0.4626 -1.3973 -0.9715 -0.2267 0.0692 0.2079 0.9536
-0.1291 0.4884 -1.3841 -0.9825 0.0025 0.1860 0.2080 0.9514
-0.1228 0.5136 -1.3713 -0.9266 0.2265 0.3001 0.2074 0.9492
-0.1094 0.5365 -1.3596 -0.8076 0.4299 0.4038 0.2063 0.9472
-0.0898 0.5556 -1.3499 -0.6335 0.5989 0.4899 0.2046 0.9456
-0.0653 0.5694 -1.3429 -0.4162 0.7221 0.5526 0.2024 0.9444
-0.0377 0.5772 -1.3389 -0.1706 0.7909 0.5877 0.2000 0.9437
-0.0087 0.5783 -1.3383 0.0867 0.8007 0.5927 0.1975 0.9436
0.0196 0.5727 -1.3412 0.3380 0.7509 0.5673 0.1950 0.9441
0.0453 0.5607 -1.3473 0.5663 0.6448 0.5133 0.1928 0.9451
0.0667 0.4492 -1.1715 0.7665 0.5722 0.2916 0.1909 0.9548
0.0822 0.4274 -1.1826 0.9066 0.3760 0.1916 0.1896 0.9567
0.0909 0.4027 -1.1952 0.9849 0.1541 0.0785 0.1888 0.9589
0.0922 0.3769 -1.2083 0.9961 -0.0783 -0.0399 0.1887 0.9611
0.0859 0.3517 -1.2212 0.9394 -0.3053 -0.1556 0.1893 0.9633
0.0725 0.3288 -1.2328 0.8187 -0.5116 -0.2607 0.1904 0.9653
0.0529 0.3097 -1.2425 0.6422 -0.6830 -0.3480 0.1921 0.9669
0.0284 0.2959 -1.2496 0.4220 -0.8078 -0.4116 0.1943 0.9681
0.0007 0.2881 -1.2535 0.1729 -0.8776 -0.4472 0.1967 0.9688
-0.0282 0.2870 -1.2541 -0.0879 -0.8876 -0.4522 0.1992 0.9689
-0.0565 0.2926 -1.2513 -0.3427 -0.8370 -0.4265 0.2017 0.9684
-0.0822 0.3046 -1.2452 -0.5742 -0.7295 -0.3717 0.2039 0.9674
-0.1036 0.3220 -1.2363 -0.7665 -0.5722 -0.2916 0.2058 0.9659
-0.1192 0.3438 -1.2252 -0.9066 -0.3760 -0.1916 0.2071 0.9640
-0.1279 0.3685 -1.2126 -0.9849 -0.1541 -0.0785 0.2079 0.9618
-0.1291 0.3943 -1.1995 -0.9961 0.0783 0.0399 0.2080 0.9596
-0.1228 0.4195 -1.1866 -0.9394 0.3053 0.1556 0.2074 0.9574
-0.1094 0.4424 -1.1749 -0.8187 0.5116 0.2607 0.2063 0.9554
-0.0898 0.4614 -1.1652 -0.6422 0.6830 0.3480 0.2046 0.9537
-0.0653 0.4753 -1.1582 -0.4220 0.8078 0.4116 0.2024 0.9525
-0.0377 0.4831 -1.1542 -0.1729 0.8776 0.4472 0.2000 0.9519
-0.0087 0.4842 -1.1537 0.0879 0.8876 0.4522 0.1975 0.9518
0.0196 0.4786 -1.1565 0.3427 0.8370 0.4265 0.1950 0.9523
0.0453 0.4666 -1.1626 0.5742 0.7295 0.3717 0.1928 0.9533
0.0506 0.4282 -1.1601 0.5233 0.0590 0.8501 0.1923 0.9566
0.0632 0.4105 -1.1691 0.6190 -0.0750 0.7818 0.1913 0.9582
0.0702 0.3906 -1.1793 0.6725 -0.2265 0.7046 0.1906 0.9599
0.0712 0.3696 -1.1900 0.6801 -0.3852 0.6238 0.1906 0.9617
0.0661 0.3492 -1.2004 0.6414 -0.5402 0.5448 0.1910 0.9635
0.0553 0.3306 -1.2099 0.5590 -0.6810 0.4730 0.1919 0.9651
0.0394 0.3152 -1.2177 0.4385 -0.7980 0.4134 0.1933 0.9665
0.0195 0.3039 -1.2235 0.2881 -0.8832 0.3700 0.1950 0.9674
-0.0029 0.2977 -1.2267 0.1181 -0.9309 0.3457 0.1970 0.9680
-0.0264 0.2968 -1.2271 -0.0600 -0.9377 0.3422 0.1990 0.9681
-0.0493 0.3013 -1.2248 -0.2340 -0.9032 0.3598 0.2010 0.9677
-0.0702 0.3110 -1.2199 -0.3920 -0.8298 0.3972 0.2028 0.9668
-0.0875 0.3252 -1.2127 -0.5233 -0.7224 0.4519 0.2044 0.9656
-0.1001 0.3428 -1.2036 -0.6190 -0.5884 0.5202 0.2055 0.9641
-0.1072 0.3628 -1.1935 -0.6724 -0.4369 0.5974 0.2061 0.9623
-0.1082 0.3837 -1.1828 -0.6801 -0.2783 0.6783 0.2062 0.9605
-0.1031 0.4042 -1.1724 -0.6414 -0.1233 0.7572 0.2057 0.9587
-0.0922 0.4228 -1.1629 -0.5590 0.0175 0.8290 0.2048 0.9571
-0.0763 0.4382 -1.1551 -0.4385 0.1345 0.8886 0.2034 0.9558
-0.0565 0.4494 -1.1493 -0.2881 0.2198 0.9320 0.2017 0.9548
-0.0341 0.4557 -1.1461 -0.1181 0.2674 0.9563 0.1997 0.9542
-0.0106 0.4566 -1.1457 0.0600 0.2742 0.9598 0.1977 0.9542
0.0124 0.4521 -1.1480 0.2340 0.2398 0.9422 0.1957 0.9546
0.0332 0.4424 -1.1529 0.3920 0.1663 0.9048 0.1939 0.9554
0.0117 0.4740 -1.3216 -0.6797 -0.2975 -0.6704 0.1957 0.9527
0.0173 0.4662 -1.3255 -0.8039 -0.1235 -0.5818 0.1952 0.9533
0.0203 0.4575 -1.3300 -0.8734 0.0732 -0.4815 0.1950 0.9541
0.0208 0.4483 -1.3347 -0.8833 0.2793 -0.3765 0.1949 0.9549
0.0186 0.4394 -1.3392 -0.8330 0.4806 -0.2739 0.1951 0.9557
0.0138 0.4313 -1.3434 -0.7260 0.6635 -0.1807 0.1955 0.9564
0.0068 0.4245 -1.3468 -0.5695 0.8155 -0.1033 0.1962 0.9570
-0.0018 0.4196 -1.3493 -0.3742 0.9262 -0.0469 0.1969 0.9574
-0.0117 0.4168 -1.3507 -0.1533 0.9881 -0.0154 0.1978 0.9576
-0.0219 0.4164 -1.3509 0.0779 0.9969 -0.0109 0.1987 0.9577
-0.0320 0.4184 -1.3499 0.3039 0.9521 -0.0337 0.1995 0.9575
-0.0411 0.4227 -1.3477 0.5091 0.8567 -0.0823 0.2003 0.9571
-0.0487 0.4289 -1.3446 0.6797 0.7173 -0.1533 0.2010 0.9566
-0.0542 0.4366 -1.3406 0.8039 0.5433 -0.2420 0.2015 0.9559
-0.0573 0.4454 -1.3362 0.8734 0.3465 -0.3423 0.2017 0.9551
-0.0577 0.4545 -1.3315 0.8833 0.1404 -0.4473 0.2018 0.9544
-0.0555 0.4635 -1.3269 0.8330 -0.0609 -0.5498 0.2016 0.9536
-0.0508 0.4716 -1.3228 0.7260 -0.2438 -0.6430 0.2012 0.9529
-0.0438 0.4783 -1.3194 0.5695 -0.3957 -0.7205 0.2006 0.9523
-0.0351 0.4833 -1.3169 0.3742 -0.5064 -0.7769 0.1998 0.9518
-0.0253 0.4860 -1.3155 0.1533 -0.5683 -0.8084 0.1989 0.9516
-0.0150 0.4864 -1.3153 -0.0779 -0.5772 -0.8129 0.1981 0.9516
-0.0050 0.4844 -1.3163 -0.3039 -0.5324 -0.7901 0.1972 0.9517
0.0042 0.4802 -1.3184 -0.5091 -0.4370 -0.7415 0.1964 0.9521
-0.6817 -0.1220 -1.5258 -0.3966 -0.7261 0.5617 0.1861 0.9346
-0.6457 -0.1477 -1.5441 -0.2107 -0.8588 0.4670 0.1839 0.9377
-0.6050 -0.1620 -1.5649 -0.0005 -0.9330 0.3599 0.1826 0.9413
-0.5623 -0.1641 -1.5866 0.2196 -0.9436 0.2477 0.1825 0.9450
-0.5207 -0.1537 -1.6078 0.4347 -0.8899 0.1381 0.1834 0.9486
-0.4828 -0.1316 -1.6271 0.6301 -0.7756 0.0386 0.1853 0.9519
-0.4514 -0.0992 -1.6431 0.7924 -0.6084 -0.0442 0.1881 0.9546
-0.4285 -0.0588 -1.6548 0.9107 -0.3997 -0.1044 0.1916 0.9566
-0.4157 -0.0131 -1.6613 0.9768 -0.1638 -0.1381 0.1956 0.9577
-0.4139 0.0348 -1.6623 0.9862 0.0832 -0.1429 0.1998 0.9579
-0.4231 0.0815 -1.6575 0.9384 0.3246 -0.1185 0.2038 0.9571
-0.4429 0.1240 -1.6475 0.8365 0.5439 -0.0666 0.2075 0.9553
-0.4717 0.1593 -1.6328 0.6875 0.7261 0.0093 0.2106 0.9528
-0.5077 0.1850 -1.6144 0.5016 0.8588 0.1040 0.2128 0.9497
-0.5484 0.1994 -1.5937 0.2914 0.9330 0.2111 0.2141 0.9462
-0.5911 0.2014 -1.5720 0.0713 0.9436 0.3233 0.2142 0.9425
-0.6327 0.1910 -1.5507 -0.1438 0.8899 0.4329 0.2133 0.9388
-0.6706 0.1689 -1.5315 -0.3391 0.7756 0.5324 0.2114 0.9355
-0.7020 0.1365 -1.5154 -0.5015 0.6084 0.6151 0.2086 0.9328
-0.7249 0.0961 -1.5038 -0.6197 0.3997 0.6754 0.2051 0.9308
-0.7377 0.0504 -1.4972 -0.6858 0.1638 0.7091 0.2011 0.9297
-0.7395 0.0025 -1.4963 -0.6953 -0.0832 0.7139 0.1970 0.9295
-0.7303 -0.0442 -1.5010 -0.6474 -0.3246 0.6895 0.1929 0.9304
-0.7105 -0.0867 -1.5111 -0.5456 -0.5439 0.6376 0.1892 0.9321
-0.5431 -0.0665 -1.3562 -0.4897 -0.7561 0.4342 0.1909 0.9466
-0.5213 -0.0820 -1.3673 -0.2961 -0.8943 0.3356 0.1896 0.9485
-0.4966 -0.0907 -1.3798 -0.0773 -0.9715 0.2241 0.1888 0.9507
-0.4708 -0.0920 -1.3930 0.1519 -0.9825 0.1073 0.1887 0.9529
-0.4456 -0.0857 -1.4058 0.3759 -0.9266 -0.0068 0.1893 0.9551
-0.4227 -0.0723 -1.4175 0.5793 -0.8076 -0.1105 0.1904 0.9571
-0.4037 -0.0527 -1.4272 0.7484 -0.6335 -0.1966 0.1921 0.9588
-0.3898 -0.0282 -1.4343 0.8715 -0.4162 -0.2594 0.1943 0.9600
-0.3821 -0.0006 -1.4382 0.9403 -0.1706 -0.2944 0.1967 0.9606
-0.3810 0.0284 -1.4388 0.9502 0.0867 -0.2995 0.1992 0.9607
-0.3866 0.0567 -1.4359 0.9003 0.3380 -0.2741 0.2017 0.9602
-0.3985 0.0824 -1.4298 0.7943 0.5663 -0.2200 0.2039 0.9592
-0.4160 0.1038 -1.4209 0.6391 0.7561 -0.1410 0.2058 0.9577
-0.4378 0.1193 -1.4098 0.4456 0.8943 -0.0423 0.2071 0.9558
-0.4624 0.1280 -1.3973 0.2267 0.9715 0.0692 0.2079 0.9536
-0.4882 0.1293 -1.3841 -0.0025 0.9825 0.1860 0.2080 0.9514
-0.5134 0.1230 -1.3713 -0.2265 0.9266 0.3001 0.2074 0.9492
-0.5363 0.1096 -1.3596 -0.4299 0.8076 0.4038 0.2063 0.9472
-0.5554 0.0900 -1.3499 -0.5989 0.6335 0.4899 0.2046 0.9456
-0.5692 0.0655 -1.3429 -0.7221 0.4162 0.5526 0.2024 0.9444
-0.5770 0.0379 -1.3389 -0.7909 0.1706 0.5877 0.2000 0.9437
-0.5781 0.0089 -1.3383 -0.8007 -0.0867 0.5927 0.1975 0.9436
-0.5725 -0.0194 -1.3412 -0.7509 -0.3380 0.5673 0.1950 0.9441
-0.5605 -0.0451 -1.3473 -0.6448 -0.5663 0.5133 0.1928 0.9451
-0.4490 -0.0665 -1.1715 -0.5722 -0.7665 0.2916 0.1909 0.9548
-0.4272 -0.0820 -1.1826 -0.3760 -0.9066 0.1916 0.1896 0.9567
-0.4025 -0.0907 -1.1952 -0.1541 -0.9849 0.0785 0.1888 0.9589
-0.3767 -0.0920 -1.2083 0.0783 -0.9961 -0.0399 0.1887 0.9611
-0.3515 -0.0857 -1.2212 0.3053 -0.9394 -0.1556 0.1893 0.9633
-0.3286 -0.0723 -1.2328 0.5116 -0.8187 -0.2607 0.1904 0.9653
-0.3096 -0.0527 -1.2425 0.6830 -0.6422 -0.3480 0.1921 0.9669
-0.2957 -0.0282 -1.2496 0.8078 -0.4220 -0.4116 0.1943 0.9681
-0.2880 -0.0006 -1.2535 0.8776 -0.1729 -0.4472 0.1967 0.9688
-0.2868 0.0284 -1.2541 0.8876 0.0879 -0.4522 0.1992 0.9689
-0.2925 0.0567 -1.2513 0.8370 0.3427 -0.4265 0.2017 0.9684
-0.3044 0.0824 -1.2452 0.7295 0.5742 -0.3717 0.2039 0.9674
-0.3219 0.1038 -1.2363 0.5722 0.7665 -0.2916 0.2058 0.9659
-0.3437 0.1193 -1.2252 0.3760 0.9066 -0.1916 0.2071 0.9640
-0.3683 0.1280 -1.2126 0.1541 0.9849 -0.0785 0.2079 0.9618
-0.3941 0.1293 -1.1995 -0.0783 0.9961 0.0399 0.2080 0.9596
-0.4193 0.1230 -1.1866 -0.3053 0.9394 0.1556 0.2074 0.9574
-0.4422 0.1096 -1.1749 -0.5116 0.8187 0.2607 0.2063 0.9554
-0.4613 0.0900 -1.1652 -0.6830 0.6422 0.3480 0.2046 0.9537
-0.4751 0.0655 -1.1582 -0.8078 0.4220 0.4116 0.2024 0.9525
-0.4829 0.0379 -1.1542 -0.8776 0.1729 0.4472 0.2000 0.9519
-0.4840 0.0089 -1.1537 -0.8876 -0.0879 0.4522 0.1975 0.9518
-0.4784 -0.0194 -1.1565 -0.8370 -0.3427 0.4265 0.1950 0.9523
-0.4664 -0.0451 -1.1626 -0.7295 -0.5742 0.3717 0.1928 0.9533
-0.4280 -0.0504 -1.1601 -0.0590 -0.5233 0.8501 0.1923 0.9566
-0.4104 -0.0630 -1.1691 0.0750 -0.6190 0.7818 0.1913 0.9582
-0.3904 -0.0700 -1.1793 0.2265 -0.6725 0.7046 0.1906 0.9599
-0.3695 -0.0711 -1.1900 0.3852 -0.6801 0.6238 0.1906 0.9617
-0.3490 -0.0660 -1.2004 0.5402 -0.6414 0.5448 0.1910 0.9635
-0.3304 -0.0551 -1.2099 0.6810 -0.5590 0.4730 0.1919 0.9651
-0.3150 -0.0392 -1.2177 0.7980 -0.4385 0.4134 0.1933 0.9665
-0.3038 -0.0193 -1.2235 0.8832 -0.2881 0.3700 0.1950 0.9674
-0.2975 0.0031 -1.2267 0.9309 -0.1181 0.3457 0.1970 0.9680
-0.2966 0.0266 -1.2271 0.9377 0.0600 0.3422 0.1990 0.9681
-0.3011 0.0495 -1.2248 0.9032 0.2340 0.3598 0.2010 0.9677
-0.3108 0.0704 -1.2199 0.8298 0.3920 0.3972 0.2028 0.9668
-0.3250 0.0877 -1.2127 0.7224 0.5233 0.4519 0.2044 0.9656
-0.3426 0.1003 -1.2036 0.5884 0.6190 0.5202 0.2055 0.9641
-0.3626 0.1074 -1.1935 0.4369 0.6724 0.5974 0.2061 0.9623
-0.3836 0.1084 -1.1828 0.2783 0.6801 0.6783 0.2062 0.9605
-0.4040 0.1033 -1.1724 0.1233 0.6414 0.7572 0.2057 0.9587
-0.4226 0.0924 -1.1629 -0.0175 0.5590 0.8290 0.2048 0.9571
-0.4380 0.0765 -1.1551 -0.1345 0.4385 0.8886 0.2034 0.9558
-0.4493 0.0567 -1.1493 -0.2198 0.2881 0.9320 0.2017 0.9548
-0.4555 0.0342 -1.1461 -0.2674 0.1181 0.9563 0.1997 0.9542
-0.4564 0.0107 -1.1457 -0.2742 -0.0600 0.9598 0.1977 0.9542
-0.4519 -0.0122 -1.1480 -0.2398 -0.2340 0.9422 0.1957 0.9546
-0.4422 -0.0331 -1.1529 -0.1663 -0.3920 0.9048 0.1939 0.9554
-0.4738 -0.0116 -1.3216 0.2975 0.6797 -0.6704 0.1957 0.9527
-0.4661 -0.0171 -1.3255 0.1235 0.8039 -0.5818 0.1952 0.9533
-0.4573 -0.0202 -1.3300 -0.0732 0.8734 -0.4815 0.1950 0.9541
-0.4482 -0.0206 -1.3347 -0.2793 0.8833 -0.3765 0.1949 0.9549
-0.4392 -0.0184 -1.3392 -0.4806 0.8330 -0.2739 0.1951 0.9557
-0.4311 -0.0136 -1.3434 -0.6635 0.7260 -0.1807 0.1955 0.9564
-0.4243 -0.0067 -1.3468 -0.8155 0.5695 -0.1033 0.1962 0.9570
-0.4194 0.0020 -1.3493 -0.9262 0.3742 -0.0469 0.1969 0.9574
-0.4167 0.0118 -1.3507 -0.9881 0.1533 -0.0154 0.1978 0.9576
-0.4163 0.0221 -1.3509 -0.9969 -0.0779 -0.0109 0.1987 0.9577
-0.4183 0.0322 -1.3499 -0.9521 -0.3039 -0.0337 0.1995 0.9575
-0.4225 0.0413 -1.3477 -0.8567 -0.5091 -0.0823 0.2003 0.9571
-0.4287 0.0489 -1.3446 -0.7173 -0.6797 -0.1533 0.2010 0.9566
-0.4364 0.0544 -1.3406 -0.5433 -0.8039 -0.2420 0.2015 0.9559
-0.4452 0.0575 -1.3362 -0.3465 -0.8734 -0.3423 0.2017 0.9551
-0.4543 0.0579 -1.3315 -0.1404 -0.8833 -0.4473 0.2018 0.9544
-0.4633 0.0557 -1.3269 0.0609 -0.8330 -0.5499 0.2016 0.9536
-0.4714 0.0509 -1.3228 0.2438 -0.7260 -0.6430 0.2012 0.9529
-0.4782 0.0440 -1.3194 0.3957 -0.5695 -0.7205 0.2006 0.9523
-0.4831 0.0353 -1.3169 0.5064 -0.3742 -0.7769 0.1998 0.9518
-0.4858 0.0255 -1.3155 0.5683 -0.1533 -0.8084 0.1989 0.9516
-0.4862 0.0152 -1.3153 0.5772 0.0779 -0.8129 0.1981 0.9516
-0.4842 0.0051 -1.3163 0.5324 0.3039 -0.7901 0.1972 0.9517
-0.4800 -0.0040 -1.3184 0.4370 0.5091 -0.7415 0.1964 0.9521
0.6809 0.1231 -1.5258 0.3966 0.7261 0.5617 0.1861 0.9346
0.6449 0.1488 -1.5441 0.2107 0.8588 0.4670 0.1839 0.9377
0.6042 0.1632 -1.5649 0.0005 0.9330 0.3599 0.1826 0.9413
0.5615 0.1653 -1.5866 -0.2196 0.9436 0.2477 0.1825 0.9450
0.5199 0.1549 -1.6078 -0.4347 0.8899 0.1381 0.1834 0.9486
0.4820 0.1327 -1.6271 -0.6301 0.7756 0.0386 0.1853 0.9519
0.4506 0.1003 -1.6431 -0.7924 0.6084 -0.0442 0.1881 0.9546
0.4277 0.0599 -1.6548 -0.9107 0.3997 -0.1044 0.1916 0.9566
0.4149 0.0142 -1.6613 -0.9768 0.1638 -0.1381 0.1956 0.9577
0.4131 -0.0336 -1.6623 -0.9862 -0.0832 -0.1429 0.1998 0.9579
0.4223 -0.0804 -1.6575 -0.9384 -0.3246 -0.1185 0.2038 0.9571
0.4421 -0.1228 -1.6475 -0.8365 -0.5439 -0.0666 0.2075 0.9553
0.4709 -0.1581 -1.6328 -0.6875 -0.7261 0.0093 0.2106 0.9528
0.5069 -0.1838 -1.6144 -0.5016 -0.8588 0.1040 0.2128 0.9497
0.5476 -0.1982 -1.5937 -0.2914 -0.9330 0.2111 0.2141 0.9462
0.5903 -0.2002 -1.5720 -0.0713 -0.9436 0.3233 0.2142 0.9425
0.6319 -0.1898 -1.5507 0.1438 -0.8899 0.4329 0.2133 0.9388
0.6697 -0.1677 -1.5315 0.3391 -0.7756 0.5324 0.2114 0.9355
0.7012 -0.1353 -1.5154 0.5015 -0.6084 0.6151 0.2086 0.9328
0.7241 -0.0949 -1.5038 0.6197 -0.3997 0.6754 0.2051 0.9308
0.7369 -0.0492 -1.4972 0.6858 -0.1638 0.7091 0.2011 0.9297
0.7387 -0.0014 -1.4963 0.6953 0.0832 0.7139 0.1970 0.9295
0.7295 0.0454 -1.5010 0.6474 0.3246 0.6895 0.1929 0.9304
0.7097 0.0879 -1.5111 0.5456 0.5439 0.6376 0.1892 0.9321
0.5423 0.0676 -1.3562 0.4897 0.7561 0.4342 0.1909 0.9466
0.5205 0.0832 -1.3673 0.2961 0.8943 0.3356 0.1896 0.9485
0.4958 0.0919 -1.3798 0.0773 0.9715 0.2241 0.1888 0.9507
0.4700 0.0931 -1.3930 -0.1519 0.9825 0.1073 0.1887 0.9529
0.4448 0.0868 -1.4058 -0.3759 0.9266 -0.0068 0.1893 0.9551
0.4219 0.0734 -1.4175 -0.5793 0.8076 -0.1105 0.1904 0.9571
0.4029 0.0538 -1.4272 -0.7484 0.6335 -0.1966 0.1921 0.9588
0.3890 0.0294 -1.4343 -0.8715 0.4162 -0.2594 0.1943 0.9600
0.3812 0.0017 -1.4382 -0.9403 0.1706 -0.2944 0.1967 0.9606
0.3801 -0.0272 -1.4388 -0.9502 -0.0867 -0.2995 0.1992 0.9607
0.3857 -0.0556 -1.4359 -0.9003 -0.3380 -0.2741 0.2017 0.9602
0.3977 -0.0813 -1.4298 -0.7943 -0.5663 -0.2200 0.2039 0.9592
0.4152 -0.1026 -1.4209 -0.6391 -0.7561 -0.1410 0.2058 0.9577
0.4370 -0.1182 -1.4098 -0.4456 -0.8943 -0.0423 0.2071 0.9558
0.4616 -0.1269 -1.3973 -0.2267 -0.9715 0.0692 0.2079 0.9536
0.4874 -0.1281 -1.3841 0.0025 -0.9825 0.1860 0.2080 0.9514
0.5126 -0.1218 -1.3713 0.2265 -0.9266 0.3001 0.2074 0.9492
0.5355 -0.1084 -1.3596 0.4299 -0.8076 0.4038 0.2063 0.9472
0.5546 -0.0888 -1.3499 0.5989 -0.6335 0.4899 0.2046 0.9456
0.5684 -0.0644 -1.3429 0.7221 -0.4162 0.5526 0.2024 0.9444
0.5762 -0.0367 -1.3389 0.7909 -0.1706 0.5877 0.2000 0.9437
0.5773 -0.0077 -1.3383 0.8007 0.0867 0.5927 0.1975 0.9436
0.5717 0.0206 -1.3412 0.7509 0.3380 0.5673 0.1950 0.9441
0.5597 0.0463 -1.3473 0.6448 0.5663 0.5133 0.1928 0.9451
0.4482 0.0676 -1.1715 0.5722 0.7665 0.2916 0.1909 0.9548
0.4264 0.0832 -1.1826 0.3760 0.9066 0.1916 0.1896 0.9567
0.4017 0.0919 -1.1952 0.1541 0.9849 0.0785 0.1888 0.9589
0.3759 0.0931 -1.2083 -0.0783 0.9961 -0.0399 0.1887 0.9611
0.3507 0.0868 -1.2212 -0.3053 0.9394 -0.1556 0.1893 0.9633
0.3278 0.0734 -1.2328 -0.5116 0.8187 -0.2607 0.1904 0.9653
0.3088 0.0538 -1.2425 -0.6830 0.6422 -0.3480 0.1921 0.9669
0.2949 0.0294 -1.2496 -0.8078 0.4220 -0.4116 0.1943 0.9681
0.2871 0.0017 -1.2535 -0.8776 0.1729 -0.4472 0.1967 0.9688
0.2860 -0.0272 -1.2541 -0.8876 -0.0879 -0.4522 0.1992 0.9689
0.2916 -0.0556 -1.2513 -0.8370 -0.3427 -0.4265 0.2017 0.9684
0.3036 -0.0813 -1.2452 -0.7295 -0.5742 -0.3717 0.2039 0.9674
0.3211 -0.1026 -1.2363 -0.5722 -0.7665 -0.2916 0.2058 0.9659
0.3429 -0.1182 -1.2252 -0.3760 -0.9066 -0.1916 0.2071 0.9640
0.3675 -0.1269 -1.2126 -0.1541 -0.9849 -0.0785 0.2079 0.9618
0.3933 -0.1281 -1.1995 0.0783 -0.9961 0.0399 0.2080 0.9596
0.4185 -0.1218 -1.1866 0.3053 -0.9394 0.1556 0.2074 0.9574
0.4414 -0.1084 -1.1749 0.5116 -0.8187 0.2607 0.2063 0.9554
0.4605 -0.0888 -1.1652 0.6830 -0.6422 0.3480 0.2046 0.9537
0.4743 -0.0644 -1.1582 0.8078 -0.4220 0.4116 0.2024 0.9525
0.4821 -0.0367 -1.1542 0.8776 -0.1729 0.4472 0.2000 0.9519
0.4832 -0.0077 -1.1537 0.8876 0.0879 0.4522 0.1975 0.9518
0.4776 0.0206 -1.1565 0.8370 0.3427 0.4265 0.1950 0.9523
0.4656 0.0463 -1.1626 0.7295 0.5742 0.3717 0.1928 0.9533
0.4272 0.0515 -1.1601 0.0590 0.5233 0.8501 0.1923 0.9566
0.4096 0.0642 -1.1691 -0.0750 0.6190 0.7818 0.1913 0.9582
0.3896 0.0712 -1.1793 -0.2265 0.6725 0.7046 0.1906 0.9599
0.3686 0.0722 -1.1900 -0.3852 0.6801 0.6238 0.1906 0.9617
0.3482 0.0671 -1.2004 -0.5402 0.6414 0.5448 0.1910 0.9635
0.3296 0.0562 -1.2099 -0.6810 0.5590 0.4730 0.1919 0.9651
0.3142 0.0403 -1.2177 -0.7980 0.4385 0.4134 0.1933 0.9665
0.3029 0.0205 -1.2235 -0.8832 0.2881 0.3700 0.1950 0.9674
0.2967 -0.0019 -1.2267 -0.9309 0.1181 0.3457 0.1970 0.9680
0.2958 -0.0254 -1.2271 -0.9377 -0.0600 0.3422 0.1990 0.9681
0.3003 -0.0484 -1.2248 -0.9032 -0.2340 0.3598 0.2010 0.9677
0.3100 -0.0692 -1.2199 -0.8298 -0.3920 0.3972 0.2028 0.9668
0.3242 -0.0865 -1.2127 -0.7224 -0.5233 0.4519 0.2044 0.9656
0.3418 -0.0991 -1.2036 -0.5884 -0.6190 0.5202 0.2055 0.9641
0.3618 -0.1062 -1.1935 -0.4369 -0.6724 0.5974 0.2061 0.9623
0.3827 -0.1072 -1.1828 -0.2783 -0.6801 0.6783 0.2062 0.9605
0.4032 -0.1021 -1.1724 -0.1233 -0.6414 0.7572 0.2057 0.9587
0.4218 -0.0912 -1.1629 0.0175 -0.5590 0.8290 0.2048 0.9571
0.4372 -0.0753 -1.1551 0.1345 -0.4385 0.8886 0.2034 0.9558
0.4484 -0.0555 -1.1493 0.2198 -0.2881 0.9320 0.2017 0.9548
0.4547 -0.0331 -1.1461 0.2674 -0.1181 0.9563 0.1997 0.9542
0.4556 -0.0096 -1.1457 0.2742 0.0600 0.9598 0.1977 0.9542
0.4511 0.0134 -1.1480 0.2398 0.2340 0.9422 0.1957 0.9546
0.4414 0.0342 -1.1529 0.1663 0.3920 0.9048 0.1939 0.9554
0.4730 0.0127 -1.3216 -0.2975 -0.6797 -0.6704 0.1957 0.9527
0.4653 0.0182 -1.3255 -0.1235 -0.8039 -0.5818 0.1952 0.9533
0.4565 0.0213 -1.3300 0.0732 -0.8734 -0.4815 0.1950 0.9541
0.4474 0.0218 -1.3347 0.2793 -0.8833 -0.3765 0.1949 0.9549
0.4384 0.0195 -1.3392 0.4806 -0.8330 -0.2739 0.1951 0.9557
0.4303 0.0148 -1.3434 0.6635 -0.7260 -0.1807 0.1955 0.9564
0.4235 0.0078 -1.3468 0.8155 -0.5695 -0.1033 0.1962 0.9570
0.4186 -0.0009 -1.3493 0.9262 -0.3742 -0.0469 0.1969 0.9574
0.4158 -0.0107 -1.3507 0.9881 -0.1533 -0.0154 0.1978 0.9576
0.4155 -0.0210 -1.3509 0.9969 0.0779 -0.0109 0.1987 0.9577
0.4174 -0.0310 -1.3499 0.9521 0.3039 -0.0337 0.1995 0.9575
0.4217 -0.0401 -1.3477 0.8567 0.5091 -0.0823 0.2003 0.9571
0.4279 -0.0477 -1.3446 0.7173 0.6797 -0.1533 0.2010 0.9566
0.4356 -0.0532 -1.3406 0.5433 0.8039 -0.2420 0.2015 0.9559
0.4444 -0.0563 -1.3362 0.3465 0.8734 -0.3423 0.2017 0.9551
0.4535 -0.0568 -1.3315 0.1404 0.8833 -0.4473 0.2018 0.9544
0.4625 -0.0545 -1.3269 -0.0609 0.8330 -0.5499 0.2016 0.9536
0.4706 -0.0498 -1.3228 -0.2438 0.7260 -0.6430 0.2012 0.9529
0.4774 -0.0428 -1.3194 -0.3957 0.5695 -0.7205 0.2006 0.9523
0.4823 -0.0341 -1.3169 -0.5064 0.3742 -0.7769 0.1998 0.9518
0.4850 -0.0243 -1.3155 -0.5683 0.1533 -0.8084 0.1989 0.9516
0.4854 -0.0140 -1.3153 -0.5772 -0.0779 -0.8129 0.1981 0.9516
0.4834 -0.0040 -1.3163 -0.5324 -0.3039 -0.7901 0.1972 0.9517
0.4792 0.0051 -1.3184 -0.4370 -0.5091 -0.7415 0.1964 0.9521
-0.1230 -0.6807 -1.5258 -0.7261 -0.3966 0.5617 0.1861 0.9346
-0.1487 -0.6447 -1.5441 -0.8588 -0.2107 0.4670 0.1839 0.9377
-0.1630 -0.6040 -1.5649 -0.9330 -0.0005 0.3599 0.1826 0.9413
-0.1651 -0.5613 -1.5866 -0.9436 0.2196 0.2477 0.1825 0.9450
-0.1547 -0.5197 -1.6078 -0.8899 0.4347 0.1381 0.1834 0.9486
-0.1325 -0.4819 -1.6271 -0.7756 0.6301 0.0386 0.1853 0.9519
-0.1002 -0.4504 -1.6431 -0.6084 0.7924 -0.0442 0.1881 0.9546
-0.0598 -0.4275 -1.6548 -0.3997 0.9107 -0.1044 0.1916 0.9566
-0.0141 -0.4147 -1.6613 -0.1638 0.9768 -0.1381 0.1956 0.9577
0.0338 -0.4129 -1.6623 0.0832 0.9862 -0.1429 0.1998 0.9579
0.0805 -0.4221 -1.6575 0.3246 0.9384 -0.1185 0.2038 0.9571
0.1230 -0.4419 -1.6475 0.5439 0.8365 -0.0666 0.2075 0.9553
0.1583 -0.4707 -1.6328 0.7261 0.6875 0.0093 0.2106 0.9528
0.1840 -0.5067 -1.6144 0.8588 0.5016 0.1040 0.2128 0.9497
0.1984 -0.5474 -1.5937 0.9330 0.2914 0.2111 0.2141 0.9462
0.2004 -0.5901 -1.5720 0.9436 0.0713 0.3233 0.2142 0.9425
0.1900 -0.6317 -1.5507 0.8899 -0.1438 0.4329 0.2133 0.9388
0.1679 -0.6696 -1.5315 0.7756 -0.3391 0.5324 0.2114 0.9355
0.1355 -0.7010 -1.5154 0.6084 -0.5015 0.6151 0.2086 0.9328
0.0951 -0.7239 -1.5038 0.3997 -0.6197 0.6754 0.2051 0.9308
0.0494 -0.7367 -1.4972 0.1638 -0.6858 0.7091 0.2011 0.9297
0.0015 -0.7385 -1.4963 -0.0832 -0.6953 0.7139 0.1970 0.9295
-0.0452 -0.7293 -1.5010 -0.3246 -0.6474 0.6895 0.1929 0.9304
-0.0877 -0.7096 -1.5111 -0.5439 -0.5456 0.6376 0.1892 0.9321
-0.0675 -0.5421 -1.3562 -0.7561 -0.4897 0.4342 0.1909 0.9466
-0.0830 -0.5203 -1.3673 -0.8943 -0.2961 0.3356 0.1896 0.9485
-0.0917 -0.4957 -1.3798 -0.9715 -0.0773 0.2241 0.1888 0.9507
-0.0930 -0.4698 -1.3930 -0.9825 0.1519 0.1073 0.1887 0.9529
-0.0867 -0.4446 -1.4058 -0.9266 0.3759 -0.0068 0.1893 0.9551
-0.0733 -0.4217 -1.4175 -0.8076 0.5793 -0.1105 0.1904 0.9571
-0.0537 -0.4027 -1.4272 -0.6335 0.7484 -0.1966 0.1921 0.9588
-0.0292 -0.3888 -1.4343 -0.4162 0.8715 -0.2594 0.1943 0.9600
-0.0015 -0.3811 -1.4382 -0.1706 0.9403 -0.2944 0.1967 0.9606
0.0274 -0.3800 -1.4388 0.0867 0.9502 -0.2995 0.1992 0.9607
0.0557 -0.3856 -1.4359 0.3380 0.9003 -0.2741 0.2017 0.9602
0.0814 -0.3975 -1.4298 0.5663 0.7943 -0.2200 0.2039 0.9592
0.1028 -0.4150 -1.4209 0.7561 0.6391 -0.1410 0.2058 0.9577
0.1184 -0.4368 -1.4098 0.8943 0.4456 -0.0423 0.2071 0.9558
0.1271 -0.4614 -1.3973 0.9715 0.2267 0.0692 0.2079 0.9536
0.1283 -0.4872 -1.3841 0.9825 -0.0025 0.1860 0.2080 0.9514
0.1220 -0.5125 -1.3713 0.9266 -0.2265 0.3001 0.2074 0.9492
0.1086 -0.5354 -1.3596 0.8076 -0.4299 0.4038 0.2063 0.9472
0.0890 -0.5544 -1.3499 0.6335 -0.5989 0.4899 0.2046 0.9456
0.0645 -0.5683 -1.3429 0.4162 -0.7221 0.5526 0.2024 0.9444
0.0369 -0.5760 -1.3389 0.1706 -0.7909 0.5877 0.2000 0.9437
0.0079 -0.5771 -1.3383 -0.0867 -0.8007 0.5927 0.1975 0.9436
-0.0204 -0.5715 -1.3412 -0.3380 -0.7509 0.5673 0.1950 0.9441
-0.0461 -0.5596 -1.3473 -0.5663 -0.6448 0.5133 0.1928 0.9451
-0.0675 -0.4480 -1.1715 -0.7665 -0.5722 0.2916 0.1909 0.9548
-0.0830 -0.4262 -1.1826 -0.9066 -0.3760 0.1916 0.1896 0.9567
-0.0917 -0.4015 -1.1952 -0.9849 -0.1541 0.0785 0.1888 0.9589
-0.0930 -0.3757 -1.2083 -0.9961 0.0783 -0.0399 0.1887 0.9611
-0.0867 -0.3505 -1.2212 -0.9394 0.3053 -0.1556 0.1893 0.9633
-0.0733 -0.3276 -1.2328 -0.8187 0.5116 -0.2607 0.1904 0.9653
-0.0537 -0.3086 -1.2425 -0.6422 0.6830 -0.3480 0.1921 0.9669
-0.0292 -0.2947 -1.2496 -0.4220 0.8078 -0.4116 0.1943 0.9681
-0.0015 -0.2870 -1.2535 -0.1729 0.8776 -0.4472 0.1967 0.9688
0.0274 -0.2859 -1.2541 0.0879 0.8876 -0.4522 0.1992 0.9689
0.0557 -0.2915 -1.2513 0.3427 0.8370 -0.4265 0.2017 0.9684
0.0814 -0.3034 -1.2452 0.5742 0.7295 -0.3717 0.2039 0.9674
0.1028 -0.3209 -1.2363 0.7665 0.5722 -0.2916 0.2058 0.9659
0.1184 -0.3427 -1.2252 0.9066 0.3760 -0.1916 0.2071 0.9640
0.1271 -0.3673 -1.2126 0.9849 0.1541 -0.0785 0.2079 0.9618
0.1283 -0.3931 -1.1995 0.9961 -0.0783 0.0399 0.2080 0.9596
0.1220 -0.4183 -1.1866 0.9394 -0.3053 0.1556 0.2074 0.9574
0.1086 -0.4413 -1.1749 0.8187 -0.5116 0.2607 0.2063 0.9554
0.0890 -0.4603 -1.1652 0.6422 -0.6830 0.3480 0.2046 0.9537
0.0645 -0.4741 -1.1582 0.4220 -0.8078 0.4116 0.2024 0.9525
0.0369 -0.4819 -1.1542 0.1729 -0.8776 0.4472 0.2000 0.9519
0.0079 -0.4830 -1.1537 -0.0879 -0.8876 0.4522 0.1975 0.9518
-0.0204 -0.4774 -1.1565 -0.3427 -0.8370 0.4265 0.1950 0.9523
-0.0461 -0.4655 -1.1626 -0.5742 -0.7295 0.3717 0.1928 0.9533
-0.0514 -0.4271 -1.1601 -0.5233 -0.0590 0.8501 0.1923 0.9566
-0.0640 -0.4094 -1.1691 -0.6190 0.0750 0.7818 0.1913 0.9582
-0.0710 -0.3894 -1.1793 -0.6725 0.2265 0.7046 0.1906 0.9599
-0.0720 -0.3685 -1.1900 -0.6801 0.3852 0.6238 0.1906 0.9617
-0.0669 -0.3480 -1.2004 -0.6414 0.5402 0.5448 0.1910 0.9635
-0.0561 -0.3294 -1.2099 -0.5590 0.6810 0.4730 0.1919 0.9651
-0.0402 -0.3140 -1.2177 -0.4385 0.7980 0.4134 0.1933 0.9665
-0.0203 -0.3028 -1.2235 -0.2881 0.8832 0.3700 0.1950 0.9674
0.0021 -0.2965 -1.2267 -0.1181 0.9309 0.3457 0.1970 0.9680
0.0256 -0.2956 -1.2271 0.0600 0.9377 0.3422 0.1990 0.9681
0.0485 -0.3001 -1.2248 0.2340 0.9032 0.3598 0.2010 0.9677
0.0694 -0.3098 -1.2199 0.3920 0.8298 0.3972 0.2028 0.9668
0.0867 -0.3240 -1.2127 0.5233 0.7224 0.4519 0.2044 0.9656
0.0993 -0.3417 -1.2036 0.6190 0.5884 0.5202 0.2055 0.9641
0.1064 -0.3616 -1.1935 0.6724 0.4369 0.5974 0.2061 0.9623
0.1074 -0.3826 -1.1828 0.6801 0.2783 0.6783 0.2062 0.9605
0.1023 -0.4030 -1.1724 0.6414 0.1233 0.7572 0.2057 0.9587
0.0914 -0.4216 -1.1629 0.5590 -0.0175 0.8290 0.2048 0.9571
0.0755 -0.4370 -1.1551 0.4385 -0.1345 0.8886 0.2034 0.9558
0.0557 -0.4483 -1.1493 0.2881 -0.2198 0.9320 0.2017 0.9548
0.0332 -0.4546 -1.1461 0.1181 -0.2674 0.9563 0.1997 0.9542
0.0098 -0.4555 -1.1457 -0.0600 -0.2742 0.9598 0.1977 0.9542
-0.0132 -0.4509 -1.1480 -0.2340 -0.2398 0.9422 0.1957 0.9546
-0.0340 -0.4412 -1.1529 -0.3920 -0.1663 0.9048 0.1939 0.9554
-0.0125 -0.4728 -1.3216 0.6797 0.2975 -0.6704 0.1957 0.9527
-0.0181 -0.4651 -1.3255 0.8039 0.1235 -0.5818 0.1952 0.9533
-0.0212 -0.4563 -1.3300 0.8734 -0.0732 -0.4815 0.1950 0.9541
-0.0216 -0.4472 -1.3347 0.8833 -0.2793 -0.3765 0.1949 0.9549
-0.0194 -0.4382 -1.3392 0.8330 -0.4806 -0.2739 0.1951 0.9557
-0.0146 -0.4301 -1.3434 0.7260 -0.6635 -0.1807 0.1955 0.9564
-0.0076 -0.4233 -1.3468 0.5695 -0.8155 -0.1033 0.1962 0.9570
0.0010 -0.4184 -1.3493 0.3742 -0.9262 -0.0469 0.1969 0.9574
0.0108 -0.4157 -1.3507 0.1533 -0.9881 -0.0154 0.1978 0.9576
0.0211 -0.4153 -1.3509 -0.0779 -0.9969 -0.0109 0.1987 0.9577
0.0312 -0.4173 -1.3499 -0.3039 -0.9521 -0.0337 0.1995 0.9575
0.0403 -0.4215 -1.3477 -0.5091 -0.8567 -0.0823 0.2003 0.9571
0.0479 -0.4277 -1.3446 -0.6797 -0.7173 -0.1533 0.2010 0.9566
0.0534 -0.4354 -1.3406 -0.8039 -0.5433 -0.2420 0.2015 0.9559
0.0565 -0.4442 -1.3362 -0.8734 -0.3465 -0.3423 0.2017 0.9551
0.0569 -0.4534 -1.3315 -0.8833 -0.1404 -0.4473 0.2018 0.9544
0.0547 -0.4623 -1.3269 -0.8330 0.0609 -0.5498 0.2016 0.9536
0.0499 -0.4704 -1.3228 -0.7260 0.2438 -0.6430 0.2012 0.9529
0.0430 -0.4772 -1.3194 -0.5695 0.3957 -0.7205 0.2006 0.9523
0.0343 -0.4821 -1.3169 -0.3742 0.5064 -0.7769 0.1998 0.9518
0.0245 -0.4849 -1.3155 -0.1533 0.5683 -0.8084 0.1989 0.9516
0.0142 -0.4853 -1.3153 0.0779 0.5772 -0.8129 0.1981 0.9516
0.0042 -0.4833 -1.3163 0.3039 0.5324 -0.7901 0.1972 0.9517
-0.0050 -0.4790 -1.3184 0.5091 0.4370 -0.7415 0.1964 0.9521
-0.1036 0.3220 -1.2363 -0.5233 -0.7224 0.4519 0.2058 0.9659
-0.1036 0.3220 -1.2363 -0.5233 -0.7224 0.4519 0.2058 0.9659
-0.0822 0.3046 -1.2452 -0.3920 -0.8298 0.3972 0.2039 0.9674
0.0725 0.3288 -1.2328 0.5590 -0.6810 0.4730 0.1904 0.9653
0.0725 0.3288 -1.2328 0.5590 -0.6810 0.4730 0.1904 0.9653
0.0859 0.3517 -1.2212 0.6414 -0.5402 0.5448 0.1893 0.9633
-0.0377 0.4831 -1.1542 -0.1181 0.2674 0.9563 0.2000 0.9519
-0.0377 0.4831 -1.1542 -0.1181 0.2674 0.9563 0.2000 0.9519
-0.0653 0.4753 -1.1582 -0.2881 0.2198 0.9320 0.2024 0.9525
-0.1192 0.3438 -1.2252 -0.6190 -0.5884 0.5202 0.2071 0.9640
-0.1192 0.3438 -1.2252 -0.6190 -0.5884 0.5202 0.2071 0.9640
-0.1036 0.3220 -1.2363 -0.5233 -0.7224 0.4519 0.2058 0.9659
0.0529 0.3097 -1.2425 0.4385 -0.7980 0.4134 0.1921 0.9669
0.0529 0.3097 -1.2425 0.4385 -0.7980 0.4134 0.1921 0.9669
0.0725 0.3288 -1.2328 0.5590 -0.6810 0.4730 0.1904 0.9653
-0.0087 0.4842 -1.1537 0.0600 0.2742 0.9598 0.1975 0.9518
-0.0087 0.4842 -1.1537 0.0600 0.2742 0.9598 0.1975 0.9518
-0.0377 0.4831 -1.1542 -0.1181 0.2674 0.9563 0.2000 0.9519
-0.1279 0.3685 -1.2126 -0.6724 -0.4369 0.5974 0.2079 0.9618
-0.1279 0.3685 -1.2126 -0.6724 -0.4369 0.5974 0.2079 0.9618
-0.1192 0.3438 -1.2252 -0.6190 -0.5884 0.5202 0.2071 0.9640
0.0284 0.2959 -1.2496 0.2881 -0.8832 0.3700 0.1943 0.9681
0.0284 0.2959 -1.2496 0.2881 -0.8832 0.3700 0.1943 0.9681
0.0529 0.3097 -1.2425 0.4385 -0.7980 0.4134 0.1921 0.9669
0.0196 0.4786 -1.1565 0.2340 0.2398 0.9422 0.1950 0.9523
0.0196 0.4786 -1.1565 0.2340 0.2398 0.9422 0.1950 0.9523
-0.0087 0.4842 -1.1537 0.0600 0.2742 0.9598 0.1975 0.9518
-0.1291 0.3943 -1.1995 -0.6801 -0.2783 0.6783 0.2080 0.9596
-0.1291 0.3943 -1.1995 -0.6801 -0.2783 0.6783 0.2080 0.9596
-0.1279 0.3685 -1.2126 -0.6724 -0.4369 0.5974 0.2079 0.9618
0.0007 0.2881 -1.2535 0.1181 -0.9309 0.3457 0.1967 0.9688
0.0007 0.2881 -1.2535 0.1181 -0.9309 0.3457 0.1967 0.9688
0.0284 0.2959 -1.2496 0.2881 -0.8832 0.3700 0.1943 0.9681
0.0453 0.4666 -1.1626 0.3920 0.1663 0.9048 0.1928 0.9533
0.0453 0.4666 -1.1626 0.3920 0.1663 0.9048 0.1928 0.9533
0.0196 0.4786 -1.1565 0.2340 0.2398 0.9422 0.1950 0.9523
0.0822 0.4274 -1.1826 0.6190 -0.0750 0.7818 0.1896 0.9567
0.0822 0.4274 -1.1826 0.6190 -0.0750 0.7818 0.1896 0.9567
0.0667 0.4492 -1.1715 0.5233 0.0590 0.8501 0.1909 0.9548
-0.1228 0.4195 -1.1866 -0.6414 -0.1233 0.7572 0.2074 0.9574
-0.1228 0.4195 -1.1866 -0.6414 -0.1233 0.7572 0.2074 0.9574
-0.1291 0.3943 -1.1995 -0.6801 -0.2783 0.6783 0.2080 0.9596
-0.0282 0.2870 -1.2541 -0.0600 -0.9377 0.3422 0.1992 0.9689
-0.0282 0.2870 -1.2541 -0.0600 -0.9377 0.3422 0.1992 0.9689
0.0007 0.2881 -1.2535 0.1181 -0.9309 0.3457 0.1967 0.9688
0.0667 0.4492 -1.1715 0.5233 0.0590 0.8501 0.1909 0.9548
0.0667 0.4492 -1.1715 0.5233 0.0590 0.8501 0.1909 0.9548
0.0453 0.4666 -1.1626 0.3920 0.1663 0.9048 0.1928 0.9533
0.0909 0.4027 -1.1952 0.6725 -0.2265 0.7046 0.1888 0.9589
0.0909 0.4027 -1.1952 0.6725 -0.2265 0.7046 0.1888 0.9589
0.0822 0.4274 -1.1826 0.6190 -0.0750 0.7818 0.1896 0.9567
-0.1094 0.4424 -1.1749 -0.5590 0.0175 0.8290 0.2063 0.9554
-0.1094 0.4424 -1.1749 -0.5590 0.0175 0.8290 0.2063 0.9554
-0.1228 0.4195 -1.1866 -0.6414 -0.1233 0.7572 0.2074 0.9574
-0.0565 0.2926 -1.2513 -0.2340 -0.9032 0.3598 0.2017 0.9684
-0.0565 0.2926 -1.2513 -0.2340 -0.9032 0.3598 0.2017 0.9684
-0.0282 0.2870 -1.2541 -0.0600 -0.9377 0.3422 0.1992 0.9689
0.0922 0.3769 -1.2083 0.6801 -0.3852 0.6238 0.1887 0.9611
0.0922 0.3769 -1.2083 0.6801 -0.3852 0.6238 0.1887 0.9611
0.0909 0.4027 -1.1952 0.6725 -0.2265 0.7046 0.1888 0.9589
-0.0898 0.4614 -1.1652 -0.4385 0.1345 0.8886 0.2046 0.9537
-0.0898 0.4614 -1.1652 -0.4385 0.1345 0.8886 0.2046 0.9537
-0.1094 0.4424 -1.1749 -0.5590 0.0175 0.8290 0.2063 0.9554
-0.0822 0.3046 -1.2452 -0.3920 -0.8298 0.3972 0.2039 0.9674
-0.0822 0.3046 -1.2452 -0.3920 -0.8298 0.3972 0.2039 0.9674
-0.0565 0.2926 -1.2513 -0.2340 -0.9032 0.3598 0.2017 0.9684
0.0859 0.3517 -1.2212 0.6414 -0.5402 0.5448 0.1893 0.9633
0.0859 0.3517 -1.2212 0.6414 -0.5402 0.5448 0.1893 0.9633
0.0922 0.3769 -1.2083 0.6801 -0.3852 0.6238 0.1887 0.9611
-0.0653 0.4753 -1.1582 -0.2881 0.2198 0.9320 0.2024 0.9525
-0.0653 0.4753 -1.1582 -0.2881 0.2198 0.9320 0.2024 0.9525
-0.0898 0.4614 -1.1652 -0.4385 0.1345 0.8886 0.2046 0.9537
-0.0346 0.4140 -1.6623 0.0779 0.9969 -0.0109 0.1998 0.9579
-0.0346 0.4140 -1.6623 0.0779 0.9969 -0.0109 0.1998 0.9579
-0.0814 0.4233 -1.6575 0.3039 0.9521 -0.0337 0.2038 0.9571
0.1622 0.6051 -1.5649 -0.8734 0.0732 -0.4815 0.1826 0.9413
0.1622 0.6051 -1.5649 -0.8734 0.0732 -0.4815 0.1826 0.9413
0.1643 0.5625 -1.5866 -0.8833 0.2793 -0.3765 0.1825 0.9450
-0.1687 0.6707 -1.5315 0.7260 -0.2438 -0.6430 0.2114 0.9355
-0.1687 0.6707 -1.5315 0.7260 -0.2438 -0.6430 0.2114 0.9355
-0.1363 0.7022 -1.5154 0.5695 -0.3957 -0.7205 0.2086 0.9328
-0.0814 0.4233 -1.6575 0.3039 0.9521 -0.0337 0.2038 0.9571
-0.0814 0.4233 -1.6575 0.3039 0.9521 -0.0337 0.2038 0.9571
-0.1238 0.4430 -1.6475 0.5091 0.8567 -0.0823 0.2075 0.9553
0.1643 0.5625 -1.5866 -0.8833 0.2793 -0.3765 0.1825 0.9450
0.1643 0.5625 -1.5866 -0.8833 0.2793 -0.3765 0.1825 0.9450
0.1539 0.5209 -1.6078 -0.8330 0.4806 -0.2739 0.1834 0.9486
-0.1363 0.7022 -1.5154 0.5695 -0.3957 -0.7205 0.2086 0.9328
-0.1363 0.7022 -1.5154 0.5695 -0.3957 -0.7205 0.2086 0.9328
-0.0959 0.7251 -1.5038 0.3742 -0.5064 -0.7769 0.2051 0.9308
-0.1238 0.4430 -1.6475 0.5091 0.8567 -0.0823 0.2075 0.9553
-0.1238 0.4430 -1.6475 0.5091 0.8567 -0.0823 0.2075 0.9553
-0.1591 0.4719 -1.6328 0.6797 0.7173 -0.1533 0.2106 0.9528
0.1539 0.5209 -1.6078 -0.8330 0.4806 -0.2739 0.1834 0.9486
0.1539 0.5209 -1.6078 -0.8330 0.4806 -0.2739 0.1834 0.9486
0.1317 0.4830 -1.6271 -0.7260 0.6635 -0.1807 0.1853 0.9519
-0.0959 0.7251 -1.5038 0.3742 -0.5064 -0.7769 0.2051 0.9308
-0.0959 0.7251 -1.5038 0.3742 -0.5064 -0.7769 0.2051 0.9308
-0.0502 0.7379 -1.4972 0.1533 -0.5683 -0.8084 0.2011 0.9297
-0.1591 0.4719 -1.6328 0.6797 0.7173 -0.1533 0.2106 0.9528
-0.1591 0.4719 -1.6328 0.6797 0.7173 -0.1533 0.2106 0.9528
-0.1848 0.5079 -1.6144 0.8039 0.5433 -0.2420 0.2128 0.9497
0.1317 0.4830 -1.6271 -0.7260 0.6635 -0.1807 0.1853 0.9519
0.1317 0.4830 -1.6271 -0.7260 0.6635 -0.1807 0.1853 0.9519
0.0994 0.4516 -1.6431 -0.5695 0.8155 -0.1033 0.1881 0.9546
-0.0502 0.7379 -1.4972 0.1533 -0.5683 -0.8084 0.2011 0.9297
-0.0502 0.7379 -1.4972 0.1533 -0.5683 -0.8084 0.2011 0.9297
-0.0024 0.7397 -1.4963 -0.0779 -0.5772 -0.8129 0.1970 0.9295
-0.1848 0.5079 -1.6144 0.8039 0.5433 -0.2420 0.2128 0.9497
-0.1848 0.5079 -1.6144 0.8039 0.5433 -0.2420 0.2128 0.9497
-0.1992 0.5486 -1.5937 0.8734 0.3465 -0.3423 0.2141 0.9462
0.0994 0.4516 -1.6431 -0.5695 0.8155 -0.1033 0.1881 0.9546
0.0994 0.4516 -1.6431 -0.5695 0.8155 -0.1033 0.1881 0.9546
0.0589 0.4287 -1.6548 -0.3742 0.9262 -0.0469 0.1916 0.9566
-0.0024 0.7397 -1.4963 -0.0779 -0.5772 -0.8129 0.1970 0.9295
-0.0024 0.7397 -1.4963 -0.0779 -0.5772 -0.8129 0.1970 0.9295
0.0444 0.7304 -1.5010 -0.3039 -0.5324 -0.7901 0.1929 0.9304
-0.1992 0.5486 -1.5937 0.8734 0.3465 -0.3423 0.2141 0.9462
-0.1992 0.5486 -1.5937 0.8734 0.3465 -0.3423 0.2141 0.9462
-0.2012 0.5912 -1.5720 0.8833 0.1404 -0.4473 0.2142 0.9425
0.0589 0.4287 -1.6548 -0.3742 0.9262 -0.0469 0.1916 0.9566
0.0589 0.4287 -1.6548 -0.3742 0.9262 -0.0469 0.1916 0.9566
0.0133 0.4159 -1.6613 -0.1533 0.9881 -0.0154 0.1956 0.9577
0.0444 0.7304 -1.5010 -0.3039 -0.5324 -0.7901 0.1929 0.9304
0.0444 0.7304 -1.5010 -0.3039 -0.5324 -0.7901 0.1929 0.9304
0.0869 0.7107 -1.5111 -0.5091 -0.4370 -0.7415 0.1892 0.9321
0.1222 0.6819 -1.5258 -0.6797 -0.2975 -0.6704 0.1861 0.9346
0.1222 0.6819 -1.5258 -0.6797 -0.2975 -0.6704 0.1861 0.9346
0.1479 0.6459 -1.5441 -0.8039 -0.1235 -0.5818 0.1839 0.9377
-0.2012 0.5912 -1.5720 0.8833 0.1404 -0.4473 0.2142 0.9425
-0.2012 0.5912 -1.5720 0.8833 0.1404 -0.4473 0.2142 0.9425
-0.1908 0.6329 -1.5507 0.8330 -0.0609 -0.5499 0.2133 0.9388
0.0133 0.4159 -1.6613 -0.1533 0.9881 -0.0154 0.1956 0.9577
0.0133 0.4159 -1.6613 -0.1533 0.9881 -0.0154 0.1956 0.9577
-0.0346 0.4140 -1.6623 0.0779 0.9969 -0.0109 0.1998 0.9579
0.0869 0.7107 -1.5111 -0.5091 -0.4370 -0.7415 0.1892 0.9321
0.0869 0.7107 -1.5111 -0.5091 -0.4370 -0.7415 0.1892 0.9321
0.1222 0.6819 -1.5258 -0.6797 -0.2975 -0.6704 0.1861 0.9346
0.1479 0.6459 -1.5441 -0.8039 -0.1235 -0.5818 0.1839 0.9377
0.1479 0.6459 -1.5441 -0.8039 -0.1235 -0.5818 0.1839 0.9377
0.1622 0.6051 -1.5649 -0.8734 0.0732 -0.4815 0.1826 0.9413
-0.1908 0.6329 -1.5507 0.8330 -0.0609 -0.5499 0.2133 0.9388
-0.1908 0.6329 -1.5507 0.8330 -0.0609 -0.5499 0.2133 0.9388
-0.1687 0.6707 -1.5315 0.7260 -0.2438 -0.6430 0.2114 0.9355
-0.3219 0.1038 -1.2363 0.7224 0.5233 0.4519 0.2058 0.9659
-0.3044 0.0824 -1.2452 0.8298 0.3920 0.3972 0.2039 0.9674
-0.3219 0.1038 -1.2363 0.7224 0.5233 0.4519 0.2058 0.9659
-0.3286 -0.0723 -1.2328 0.6810 -0.5590 0.4730 0.1904 0.9653
-0.3515 -0.0857 -1.2212 0.5402 -0.6414 0.5448 0.1893 0.9633
-0.3286 -0.0723 -1.2328 0.6810 -0.5590 0.4730 0.1904 0.9653
-0.4829 0.0379 -1.1542 -0.2674 0.1181 0.9563 0.2000 0.9519
-0.4751 0.0655 -1.1582 -0.2198 0.2881 0.9320 0.2024 0.9525
-0.4829 0.0379 -1.1542 -0.2674 0.1181 0.9563 0.2000 0.9519
-0.3437 0.1193 -1.2252 0.5884 0.6190 0.5202 0.2071 0.9640
-0.3219 0.1038 -1.2363 0.7224 0.5233 0.4519 0.2058 0.9659
-0.3437 0.1193 -1.2252 0.5884 0.6190 0.5202 0.2071 0.9640
-0.3096 -0.0527 -1.2425 0.7980 -0.4385 0.4134 0.1921 0.9669
-0.3286 -0.0723 -1.2328 0.6810 -0.5590 0.4730 0.1904 0.9653
-0.3096 -0.0527 -1.2425 0.7980 -0.4385 0.4134 0.1921 0.9669
-0.4840 0.0089 -1.1537 -0.2742 -0.0600 0.9598 0.1975 0.9518
-0.4829 0.0379 -1.1542 -0.2674 0.1181 0.9563 0.2000 0.9519
-0.4840 0.0089 -1.1537 -0.2742 -0.0600 0.9598 0.1975 0.9518
-0.3683 0.1280 -1.2126 0.4369 0.6724 0.5974 0.2079 0.9618
-0.3437 0.1193 -1.2252 0.5884 0.6190 0.5202 0.2071 0.9640
-0.3683 0.1280 -1.2126 0.4369 0.6724 0.5974 0.2079 0.9618
-0.2957 -0.0282 -1.2496 0.8832 -0.2881 0.3700 0.1943 0.9681
-0.3096 -0.0527 -1.2425 0.7980 -0.4385 0.4134 0.1921 0.9669
-0.2957 -0.0282 -1.2496 0.8832 -0.2881 0.3700 0.1943 0.9681
-0.4784 -0.0194 -1.1565 -0.2398 -0.2340 0.9422 0.1950 0.9523
-0.4840 0.0089 -1.1537 -0.2742 -0.0600 0.9598 0.1975 0.9518
-0.4784 -0.0194 -1.1565 -0.2398 -0.2340 0.9422 0.1950 0.9523
-0.3941 0.1293 -1.1995 0.2783 0.6801 0.6783 0.2080 0.9596
-0.3683 0.1280 -1.2126 0.4369 0.6724 0.5974 0.2079 0.9618
-0.3941 0.1293 -1.1995 0.2783 0.6801 0.6783 0.2080 0.9596
-0.2880 -0.0006 -1.2535 0.9309 -0.1181 0.3457 0.1967 0.9688
-0.2957 -0.0282 -1.2496 0.8832 -0.2881 0.3700 0.1943 0.9681
-0.2880 -0.0006 -1.2535 0.9309 -0.1181 0.3457 0.1967 0.9688
-0.4664 -0.0451 -1.1626 -0.1663 -0.3920 0.9048 0.1928 0.9533
-0.4784 -0.0194 -1.1565 -0.2398 -0.2340 0.9422 0.1950 0.9523
-0.4664 -0.0451 -1.1626 -0.1663 -0.3920 0.9048 0.1928 0.9533
-0.4272 -0.0820 -1.1826 0.0750 -0.6190 0.7818 0.1896 0.9567
-0.4490 -0.0665 -1.1715 -0.0590 -0.5233 0.8501 0.1909 0.9548
-0.4272 -0.0820 -1.1826 0.0750 -0.6190 0.7818 0.1896 0.9567
-0.4193 0.1230 -1.1866 0.1233 0.6414 0.7572 0.2074 0.9574
-0.3941 0.1293 -1.1995 0.2783 0.6801 0.6783 0.2080 0.9596
-0.4193 0.1230 -1.1866 0.1233 0.6414 0.7572 0.2074 0.9574
-0.2868 0.0284 -1.2541 0.9377 0.0600 0.3422 0.1992 0.9689
-0.2880 -0.0006 -1.2535 0.9309 -0.1181 0.3457 0.1967 0.9688
-0.2868 0.0284 -1.2541 0.9377 0.0600 0.3422 0.1992 0.9689
-0.4490 -0.0665 -1.1715 -0.0590 -0.5233 0.8501 0.1909 0.9548
-0.4664 -0.0451 -1.1626 -0.1663 -0.3920 0.9048 0.1928 0.9533
-0.4490 -0.0665 -1.1715 -0.0590 -0.5233 0.8501 0.1909 0.9548
-0.4025 -0.0907 -1.1952 0.2265 -0.6725 0.7046 0.1888 0.9589
-0.4272 -0.0820 -1.1826 0.0750 -0.6190 0.7818 0.1896 0.9567
-0.4025 -0.0907 -1.1952 0.2265 -0.6725 0.7046 0.1888 0.9589
-0.4422 0.1096 -1.1749 -0.0175 0.5590 0.8290 0.2063 0.9554
-0.4193 0.1230 -1.1866 0.1233 0.6414 0.7572 0.2074 0.9574
-0.4422 0.1096 -1.1749 -0.0175 0.5590 0.8290 0.2063 0.9554
-0.2925 0.0567 -1.2513 0.9032 0.2340 0.3598 0.2017 0.9684
-0.2868 0.0284 -1.2541 0.9377 0.0600 0.3422 0.1992 0.9689
-0.2925 0.0567 -1.2513 0.9032 0.2340 0.3598 0.2017 0.9684
-0.3767 -0.0920 -1.2083 0.3852 -0.6801 0.6238 0.1887 0.9611
-0.4025 -0.0907 -1.1952 0.2265 -0.6725 0.7046 0.1888 0.9589
-0.3767 -0.0920 -1.2083 0.3852 -0.6801 0.6238 0.1887 0.9611
-0.4613 0.0900 -1.1652 -0.1345 0.4385 0.8886 0.2046 0.9537
-0.4422 0.1096 -1.1749 -0.0175 0.5590 0.8290 0.2063 0.9554
-0.4613 0.0900 -1.1652 -0.1345 0.4385 0.8886 0.2046 0.9537
-0.3044 0.0824 -1.2452 0.8298 0.3920 0.3972 0.2039 0.9674
-0.2925 0.0567 -1.2513 0.9032 0.2340 0.3598 0.2017 0.9684
-0.3044 0.0824 -1.2452 0.8298 0.3920 0.3972 0.2039 0.9674
-0.3515 -0.0857 -1.2212 0.5402 -0.6414 0.5448 0.1893 0.9633
-0.3767 -0.0920 -1.2083 0.3852 -0.6801 0.6238 0.1887 0.9611
-0.3515 -0.0857 -1.2212 0.5402 -0.6414 0.5448 0.1893 0.9633
-0.4751 0.0655 -1.1582 -0.2198 0.2881 0.9320 0.2024 0.9525
-0.4613 0.0900 -1.1652 -0.1345 0.4385 0.8886 0.2046 0.9537
-0.4751 0.0655 -1.1582 -0.2198 0.2881 0.9320 0.2024 0.9525
-0.4139 0.0348 -1.6623 -0.9969 -0.0779 -0.0109 0.1998 0.9579
-0.4231 0.0815 -1.6575 -0.9521 -0.3039 -0.0337 0.2038 0.9571
-0.4139 0.0348 -1.6623 -0.9969 -0.0779 -0.0109 0.1998 0.9579
-0.6050 -0.1620 -1.5649 -0.0732 0.8734 -0.4815 0.1826 0.9413
-0.5623 -0.1641 -1.5866 -0.2793 0.8833 -0.3765 0.1825 0.9450
-0.6050 -0.1620 -1.5649 -0.0732 0.8734 -0.4815 0.1826 0.9413
-0.6706 0.1689 -1.5315 0.2438 -0.7260 -0.6430 0.2114 0.9355
-0.7020 0.1365 -1.5154 0.3957 -0.5695 -0.7205 0.2086 0.9328
-0.6706 0.1689 -1.5315 0.2438 -0.7260 -0.6430 0.2114 0.9355
-0.4231 0.0815 -1.6575 -0.9521 -0.3039 -0.0337 0.2038 0.9571
-0.4429 0.1240 -1.6475 -0.8567 -0.5091 -0.0823 0.2075 0.9553
-0.4231 0.0815 -1.6575 -0.9521 -0.3039 -0.0337 0.2038 0.9571
-0.5623 -0.1641 -1.5866 -0.2793 0.8833 -0.3765 0.1825 0.9450
-0.5207 -0.1537 -1.6078 -0.4806 0.8330 -0.2739 0.1834 0.9486
-0.5623 -0.1641 -1.5866 -0.2793 0.8833 -0.3765 0.1825 0.9450
-0.7020 0.1365 -1.5154 0.3957 -0.5695 -0.7205 0.2086 0.9328
-0.7249 0.0961 -1.5038 0.5064 -0.3742 -0.7769 0.2051 0.9308
-0.7020 0.1365 -1.5154 0.3957 -0.5695 -0.7205 0.2086 0.9328
-0.4429 0.1240 -1.6475 -0.8567 -0.5091 -0.0823 0.2075 0.9553
-0.4717 0.1593 -1.6328 -0.7173 -0.6797 -0.1533 0.2106 0.9528
-0.4429 0.1240 -1.6475 -0.8567 -0.5091 -0.0823 0.2075 0.9553
-0.5207 -0.1537 -1.6078 -0.4806 0.8330 -0.2739 0.1834 0.9486
-0.4828 -0.1316 -1.6271 -0.6635 0.7260 -0.1807 0.1853 0.9519
-0.5207 -0.1537 -1.6078 -0.4806 0.8330 -0.2739 0.1834 0.9486
-0.7249 0.0961 -1.5038 0.5064 -0.3742 -0.7769 0.2051 0.9308
-0.7377 0.0504 -1.4972 0.5683 -0.1533 -0.8084 0.2011 0.9297
-0.7249 0.0961 -1.5038 0.5064 -0.3742 -0.7769 0.2051 0.9308
-0.4717 0.1593 -1.6328 -0.7173 -0.6797 -0.1533 0.2106 0.9528
-0.5077 0.1850 -1.6144 -0.5433 -0.8039 -0.2420 0.2128 0.9497
-0.4717 0.1593 -1.6328 -0.7173 -0.6797 -0.1533 0.2106 0.9528
-0.4828 -0.1316 -1.6271 -0.6635 0.7260 -0.1807 0.1853 0.9519
-0.4514 -0.0992 -1.6431 -0.8155 0.5695 -0.1033 0.1881 0.9546
-0.4828 -0.1316 -1.6271 -0.6635 0.7260 -0.1807 0.1853 0.9519
-0.7377 0.0504 -1.4972 0.5683 -0.1533 -0.8084 0.2011 0.9297
-0.7395 0.0025 -1.4963 0.5772 0.0779 -0.8129 0.1970 0.9295
-0.7377 0.0504 -1.4972 0.5683 -0.1533 -0.8084 0.2011 0.9297
-0.5077 0.1850 -1.6144 -0.5433 -0.8039 -0.2420 0.2128 0.9497
-0.5484 0.1994 -1.5937 -0.3465 -0.8734 -0.3423 0.2141 0.9462
-0.5077 0.1850 -1.6144 -0.5433 -0.8039 -0.2420 0.2128 0.9497
-0.4514 -0.0992 -1.6431 -0.8155 0.5695 -0.1033 0.1881 0.9546
-0.4285 -0.0588 -1.6548 -0.9262 0.3742 -0.0469 0.1916 0.9566
-0.4514 -0.0992 -1.6431 -0.8155 0.5695 -0.1033 0.1881 0.9546
-0.7395 0.0025 -1.4963 0.5772 0.0779 -0.8129 0.1970 0.9295
-0.7303 -0.0442 -1.5010 0.5324 0.3039 -0.7901 0.1929 0.9304
-0.7395 0.0025 -1.4963 0.5772 0.0779 -0.8129 0.1970 0.9295
-0.5484 0.1994 -1.5937 -0.3465 -0.8734 -0.3423 0.2141 0.9462
-0.5911 0.2014 -1.5720 -0.1404 -0.8833 -0.4473 0.2142 0.9425
-0.5484 0.1994 -1.5937 -0.3465 -0.8734 -0.3423 0.2141 0.9462
-0.4285 -0.0588 -1.6548 -0.9262 0.3742 -0.0469 0.1916 0.9566
-0.4157 -0.0131 -1.6613 -0.9881 0.1533 -0.0154 0.1956 0.9577
-0.4285 -0.0588 -1.6548 -0.9262 0.3742 -0.0469 0.1916 0.9566
-0.7303 -0.0442 -1.5010 0.5324 0.3039 -0.7901 0.1929 0.9304
-0.7105 -0.0867 -1.5111 0.4370 0.5091 -0.7415 0.1892 0.9321
-0.7303 -0.0442 -1.5010 0.5324 0.3039 -0.7901 0.1929 0.9304
-0.6817 -0.1220 -1.5258 0.2975 0.6797 -0.6704 0.1861 0.9346
-0.6457 -0.1477 -1.5441 0.1235 0.8039 -0.5818 0.1839 0.9377
-0.6817 -0.1220 -1.5258 0.2975 0.6797 -0.6704 0.1861 0.9346
-0.5911 0.2014 -1.5720 -0.1404 -0.8833 -0.4473 0.2142 0.9425
-0.6327 0.1910 -1.5507 0.0609 -0.8330 -0.5499 0.2133 0.9388
-0.5911 0.2014 -1.5720 -0.1404 -0.8833 -0.4473 0.2142 0.9425
-0.4157 -0.0131 -1.6613 -0.9881 0.1533 -0.0154 0.1956 0.9577
-0.4139 0.0348 -1.6623 -0.9969 -0.0779 -0.0109 0.1998 0.9579
-0.4157 -0.0131 -1.6613 -0.9881 0.1533 -0.0154 0.1956 0.9577
-0.7105 -0.0867 -1.5111 0.4370 0.5091 -0.7415 0.1892 0.9321
-0.6817 -0.1220 -1.5258 0.2975 0.6797 -0.6704 0.1861 0.9346
-0.7105 -0.0867 -1.5111 0.4370 0.5091 -0.7415 0.1892 0.9321
-0.6457 -0.1477 -1.5441 0.1235 0.8039 -0.5818 0.1839 0.9377
-0.6050 -0.1620 -1.5649 -0.0732 0.8734 -0.4815 0.1826 0.9413
-0.6457 -0.1477 -1.5441 0.1235 0.8039 -0.5818 0.1839 0.9377
-0.6327 0.1910 -1.5507 0.0609 -0.8330 -0.5499 0.2133 0.9388
-0.6706 0.1689 -1.5315 0.2438 -0.7260 -0.6430 0.2114 0.9355
-0.6327 0.1910 -1.5507 0.0609 -0.8330 -0.5499 0.2133 0.9388
0.3211 -0.1026 -1.2363 -0.7224 -0.5233 0.4519 0.2058 0.9659
0.3036 -0.0813 -1.2452 -0.8298 -0.3920 0.3972 0.2039 0.9674
0.3211 -0.1026 -1.2363 -0.7224 -0.5233 0.4519 0.2058 0.9659
0.3278 0.0734 -1.2328 -0.6810 0.5590 0.4730 0.1904 0.9653
0.3507 0.0868 -1.2212 -0.5402 0.6414 0.5448 0.1893 0.9633
0.3278 0.0734 -1.2328 -0.6810 0.5590 0.4730 0.1904 0.9653
0.4821 -0.0367 -1.1542 0.2674 -0.1181 0.9563 0.2000 0.9519
0.4743 -0.0644 -1.1582 0.2198 -0.2881 0.9320 0.2024 0.9525
0.4821 -0.0367 -1.1542 0.2674 -0.1181 0.9563 0.2000 0.9519
0.3429 -0.1182 -1.2252 -0.5884 -0.6190 0.5202 0.2071 0.9640
0.3211 -0.1026 -1.2363 -0.7224 -0.5233 0.4519 0.2058 0.9659
0.3429 -0.1182 -1.2252 -0.5884 -0.6190 0.5202 0.2071 0.9640
0.3088 0.0538 -1.2425 -0.7980 0.4385 0.4134 0.1921 0.9669
0.3278 0.0734 -1.2328 -0.6810 0.5590 0.4730 0.1904 0.9653
0.3088 0.0538 -1.2425 -0.7980 0.4385 0.4134 0.1921 0.9669
0.4832 -0.0077 -1.1537 0.2742 0.0600 0.9598 0.1975 0.9518
0.4821 -0.0367 -1.1542 0.2674 -0.1181 0.9563 0.2000 0.9519
0.4832 -0.0077 -1.1537 0.2742 0.0600 0.9598 0.1975 0.9518
0.3675 -0.1269 -1.2126 -0.4369 -0.6724 0.5974 0.2079 0.9618
0.3429 -0.1182 -1.2252 -0.5884 -0.6190 0.5202 0.2071 0.9640
0.3675 -0.1269 -1.2126 -0.4369 -0.6724 0.5974 0.2079 0.9618
0.2949 0.0294 -1.2496 -0.8832 0.2881 0.3700 0.1943 0.9681
0.3088 0.0538 -1.2425 -0.7980 0.4385 0.4134 0.1921 0.9669
0.2949 0.0294 -1.2496 -0.8832 0.2881 0.3700 0.1943 0.9681
0.4776 0.0206 -1.1565 0.2398 0.2340 0.9422 0.1950 0.9523
0.4832 -0.0077 -1.1537 0.2742 0.0600 0.9598 0.1975 0.9518
0.4776 0.0206 -1.1565 0.2398 0.2340 0.9422 0.1950 0.9523
0.3933 -0.1281 -1.1995 -0.2783 -0.6801 0.6783 0.2080 0.9596
0.3675 -0.1269 -1.2126 -0.4369 -0.6724 0.5974 0.2079 0.9618
0.3933 -0.1281 -1.1995 -0.2783 -0.6801 0.6783 0.2080 0.9596
0.2871 0.0017 -1.2535 -0.9309 0.1181 0.3457 0.1967 0.9688
0.2949 0.0294 -1.2496 -0.8832 0.2881 0.3700 0.1943 0.9681
0.2871 0.0017 -1.2535 -0.9309 0.1181 0.3457 0.1967 0.9688
0.4656 0.0463 -1.1626 0.1663 0.3920 0.9048 0.1928 0.9533
0.4776 0.0206 -1.1565 0.2398 0.2340 0.9422 0.1950 0.9523
0.4656 0.0463 -1.1626 0.1663 0.3920 0.9048 0.1928 0.9533
0.4264 0.0832 -1.1826 -0.0750 0.6190 0.7818 0.1896 0.9567
0.4482 0.0676 -1.1715 0.0590 0.5233 0.8501 0.1909 0.9548
0.4264 0.0832 -1.1826 -0.0750 0.6190 0.7818 0.1896 0.9567
0.4185 -0.1218 -1.1866 -0.1233 -0.6414 0.7572 0.2074 0.9574
0.3933 -0.1281 -1.1995 -0.2783 -0.6801 0.6783 0.2080 0.9596
0.4185 -0.1218 -1.1866 -0.1233 -0.6414 0.7572 0.2074 0.9574
0.2860 -0.0272 -1.2541 -0.9377 -0.0600 0.3422 0.1992 0.9689
0.2871 0.0017 -1.2535 -0.9309 0.1181 0.3457 0.1967 0.9688
0.2860 -0.0272 -1.2541 -0.9377 -0.0600 0.3422 0.1992 0.9689
0.4482 0.0676 -1.1715 0.0590 0.5233 0.8501 0.1909 0.9548
0.4656 0.0463 -1.1626 0.1663 0.3920 0.9048 0.1928 0.9533
0.4482 0.0676 -1.1715 0.0590 0.5233 0.8501 0.1909 0.9548
0.4017 0.0919 -1.1952 -0.2265 0.6725 0.7046 0.1888 0.9589
0.4264 0.0832 -1.1826 -0.0750 0.6190 0.7818 0.1896 0.9567
0.4017 0.0919 -1.1952 -0.2265 0.6725 0.7046 0.1888 0.9589
0.4414 -0.1084 -1.1749 0.0175 -0.5590 0.8290 0.2063 0.9554
0.4185 -0.1218 -1.1866 -0.1233 -0.6414 0.7572 0.2074 0.9574
0.4414 -0.1084 -1.1749 0.0175 -0.5590 0.8290 0.2063 0.9554
0.2916 -0.0556 -1.2513 -0.9032 -0.2340 0.3598 0.2017 0.9684
0.2860 -0.0272 -1.2541 -0.9377 -0.0600 0.3422 0.1992 0.9689
0.2916 -0.0556 -1.2513 -0.9032 -0.2340 0.3598 0.2017 0.9684
0.3759 0.0931 -1.2083 -0.3852 0.6801 0.6238 0.1887 0.9611
0.4017 0.0919 -1.1952 -0.2265 0.6725 0.7046 0.1888 0.9589
0.3759 0.0931 -1.2083 -0.3852 0.6801 0.6238 0.1887 0.9611
0.4605 -0.0888 -1.1652 0.1345 -0.4385 0.8886 0.2046 0.9537
0.4414 -0.1084 -1.1749 0.0175 -0.5590 0.8290 0.2063 0.9554
0.4605 -0.0888 -1.1652 0.1345 -0.4385 0.8886 0.2046 0.9537
0.3036 -0.0813 -1.2452 -0.8298 -0.3920 0.3972 0.2039 0.9674
0.2916 -0.0556 -1.2513 -0.9032 -0.2340 0.3598 0.2017 0.9684
0.3036 -0.0813 -1.2452 -0.8298 -0.3920 0.3972 0.2039 0.9674
0.3507 0.0868 -1.2212 -0.5402 0.6414 0.5448 0.1893 0.9633
0.3759 0.0931 -1.2083 -0.3852 0.6801 0.6238 0.1887 0.9611
0.3507 0.0868 -1.2212 -0.5402 0.6414 0.5448 0.1893 0.9633
0.4743 -0.0644 -1.1582 0.2198 -0.2881 0.9320 0.2024 0.9525
0.4605 -0.0888 -1.1652 0.1345 -0.4385 0.8886 0.2046 0.9537
0.4743 -0.0644 -1.1582 0.2198 -0.2881 0.9320 0.2024 0.9525
0.4131 -0.0336 -1.6623 0.9969 0.0779 -0.0109 0.1998 0.9579
0.4223 -0.0804 -1.6575 0.9521 0.3039 -0.0337 0.2038 0.9571
0.4131 -0.0336 -1.6623 0.9969 0.0779 -0.0109 0.1998 0.9579
0.6042 0.1632 -1.5649 0.0732 -0.8734 -0.4815 0.1826 0.9413
0.5615 0.1653 -1.5866 0.2793 -0.8833 -0.3765 0.1825 0.9450
0.6042 0.1632 -1.5649 0.0732 -0.8734 -0.4815 0.1826 0.9413
0.6697 -0.1677 -1.5315 -0.2438 0.7260 -0.6430 0.2114 0.9355
0.7012 -0.1353 -1.5154 -0.3957 0.5695 -0.7205 0.2086 0.9328
0.6697 -0.1677 -1.5315 -0.2438 0.7260 -0.6430 0.2114 0.9355
0.4223 -0.0804 -1.6575 0.9521 0.3039 -0.0337 0.2038 0.9571
0.4421 -0.1228 -1.6475 0.8567 0.5091 -0.0823 0.2075 0.9553
0.4223 -0.0804 -1.6575 0.9521 0.3039 -0.0337 0.2038 0.9571
0.5615 0.1653 -1.5866 0.2793 -0.8833 -0.3765 0.1825 0.9450
0.5199 0.1549 -1.6078 0.4806 -0.8330 -0.2739 0.1834 0.9486
0.5615 0.1653 -1.5866 0.2793 -0.8833 -0.3765 0.1825 0.9450
0.7012 -0.1353 -1.5154 -0.3957 0.5695 -0.7205 0.2086 0.9328
0.7241 -0.0949 -1.5038 -0.5064 0.3742 -0.7769 0.2051 0.9308
0.7012 -0.1353 -1.5154 -0.3957 0.5695 -0.7205 0.2086 0.9328
0.4421 -0.1228 -1.6475 0.8567 0.5091 -0.0823 0.2075 0.9553
0.4709 -0.1581 -1.6328 0.7173 0.6797 -0.1533 0.2106 0.9528
0.4421 -0.1228 -1.6475 0.8567 0.5091 -0.0823 0.2075 0.9553
0.5199 0.1549 -1.6078 0.4806 -0.8330 -0.2739 0.1834 0.9486
0.4820 0.1327 -1.6271 0.6635 -0.7260 -0.1807 0.1853 0.9519
0.5199 0.1549 -1.6078 0.4806 -0.8330 -0.2739 0.1834 0.9486
0.7241 -0.0949 -1.5038 -0.5064 0.3742 -0.7769 0.2051 0.9308
0.7369 -0.0492 -1.4972 -0.5683 0.1533 -0.8084 0.2011 0.9297
0.7241 -0.0949 -1.5038 -0.5064 0.3742 -0.7769 0.2051 0.9308
0.4709 -0.1581 -1.6328 0.7173 0.6797 -0.1533 0.2106 0.9528
0.5069 -0.1838 -1.6144 0.5433 0.8039 -0.2420 0.2128 0.9497
0.4709 -0.1581 -1.6328 0.7173 0.6797 -0.1533 0.2106 0.9528
0.4820 0.1327 -1.6271 0.6635 -0.7260 -0.1807 0.1853 0.9519
0.4506 0.1003 -1.6431 0.8155 -0.5695 -0.1033 0.1881 0.9546
0.4820 0.1327 -1.6271 0.6635 -0.7260 -0.1807 0.1853 0.9519
0.7369 -0.0492 -1.4972 -0.5683 0.1533 -0.8084 0.2011 0.9297
0.7387 -0.0014 -1.4963 -0.5772 -0.0779 -0.8129 0.1970 0.9295
0.7369 -0.0492 -1.4972 -0.5683 0.1533 -0.8084 0.2011 0.9297
0.5069 -0.1838 -1.6144 0.5433 0.8039 -0.2420 0.2128 0.9497
0.5476 -0.1982 -1.5937 0.3465 0.8734 -0.3423 0.2141 0.9462
0.5069 -0.1838 -1.6144 0.5433 0.8039 -0.2420 0.2128 0.9497
0.4506 0.1003 -1.6431 0.8155 -0.5695 -0.1033 0.1881 0.9546
0.4277 0.0599 -1.6548 0.9262 -0.3742 -0.0469 0.1916 0.9566
0.4506 0.1003 -1.6431 0.8155 -0.5695 -0.1033 0.1881 0.9546
0.7387 -0.0014 -1.4963 -0.5772 -0.0779 -0.8129 0.1970 0.9295
0.7295 0.0454 -1.5010 -0.5324 -0.3039 -0.7901 0.1929 0.9304
0.7387 -0.0014 -1.4963 -0.5772 -0.0779 -0.8129 0.1970 0.9295
0.5476 -0.1982 -1.5937 0.3465 0.8734 -0.3423 0.2141 0.9462
0.5903 -0.2002 -1.5720 0.1404 0.8833 -0.4473 0.2142 0.9425
0.5476 -0.1982 -1.5937 0.3465 0.8734 -0.3423 0.2141 0.9462
0.4277 0.0599 -1.6548 0.9262 -0.3742 -0.0469 0.1916 0.9566
0.4149 0.0142 -1.6613 0.9881 -0.1533 -0.0154 0.1956 0.9577
0.4277 0.0599 -1.6548 0.9262 -0.3742 -0.0469 0.1916 0.9566
0.7295 0.0454 -1.5010 -0.5324 -0.3039 -0.7901 0.1929 0.9304
0.7097 0.0879 -1.5111 -0.4370 -0.5091 -0.7415 0.1892 0.9321
0.7295 0.0454 -1.5010 -0.5324 -0.3039 -0.7901 0.1929 0.9304
0.6809 0.1231 -1.5258 -0.2975 -0.6797 -0.6704 0.1861 0.9346
0.6449 0.1488 -1.5441 -0.1235 -0.8039 -0.5818 0.1839 0.9377
0.6809 0.1231 -1.5258 -0.2975 -0.6797 -0.6704 0.1861 0.9346
0.5903 -0.2002 -1.5720 0.1404 0.8833 -0.4473 0.2142 0.9425
0.6319 -0.1898 -1.5507 -0.0609 0.8330 -0.5499 0.2133 0.9388
0.5903 -0.2002 -1.5720 0.1404 0.8833 -0.4473 0.2142 0.9425
0.4149 0.0142 -1.6613 0.9881 -0.1533 -0.0154 0.1956 0.9577
0.4131 -0.0336 -1.6623 0.9969 0.0779 -0.0109 0.1998 0.9579
0.4149 0.0142 -1.6613 0.9881 -0.1533 -0.0154 0.1956 0.9577
0.7097 0.0879 -1.5111 -0.4370 -0.5091 -0.7415 0.1892 0.9321
0.6809 0.1231 -1.5258 -0.2975 -0.6797 -0.6704 0.1861 0.9346
0.7097 0.0879 -1.5111 -0.4370 -0.5091 -0.7415 0.1892 0.9321
0.6449 0.1488 -1.5441 -0.1235 -0.8039 -0.5818 0.1839 0.9377
0.6042 0.1632 -1.5649 0.0732 -0.8734 -0.4815 0.1826 0.9413
0.6449 0.1488 -1.5441 -0.1235 -0.8039 -0.5818 0.1839 0.9377
0.6319 -0.1898 -1.5507 -0.0609 0.8330 -0.5499 0.2133 0.9388
0.6697 -0.1677 -1.5315 -0.2438 0.7260 -0.6430 0.2114 0.9355
0.6319 -0.1898 -1.5507 -0.0609 0.8330 -0.5499 0.2133 0.9388
0.1028 -0.3209 -1.2363 0.5233 0.7224 0.4519 0.2058 0.9659
0.1028 -0.3209 -1.2363 0.5233 0.7224 0.4519 0.2058 0.9659
0.0814 -0.3034 -1.2452 0.3920 0.8298 0.3972 0.2039 0.9674
-0.0733 -0.3276 -1.2328 -0.5590 0.6810 0.4730 0.1904 0.9653
-0.0733 -0.3276 -1.2328 -0.5590 0.6810 0.4730 0.1904 0.9653
-0.0867 -0.3505 -1.2212 -0.6414 0.5402 0.5448 0.1893 0.9633
0.0369 -0.4819 -1.1542 0.1181 -0.2674 0.9563 0.2000 0.9519
0.0369 -0.4819 -1.1542 0.1181 -0.2674 0.9563 0.2000 0.9519
0.0645 -0.4741 -1.1582 0.2881 -0.2198 0.9320 0.2024 0.9525
0.1184 -0.3427 -1.2252 0.6190 0.5884 0.5202 0.2071 0.9640
0.1184 -0.3427 -1.2252 0.6190 0.5884 0.5202 0.2071 0.9640
0.1028 -0.3209 -1.2363 0.5233 0.7224 0.4519 0.2058 0.9659
-0.0537 -0.3086 -1.2425 -0.4385 0.7980 0.4134 0.1921 0.9669
-0.0537 -0.3086 -1.2425 -0.4385 0.7980 0.4134 0.1921 0.9669
-0.0733 -0.3276 -1.2328 -0.5590 0.6810 0.4730 0.1904 0.9653
0.0079 -0.4830 -1.1537 -0.0600 -0.2742 0.9598 0.1975 0.9518
0.0079 -0.4830 -1.1537 -0.0600 -0.2742 0.9598 0.1975 0.9518
0.0369 -0.4819 -1.1542 0.1181 -0.2674 0.9563 0.2000 0.9519
0.1271 -0.3673 -1.2126 0.6724 0.4369 0.5974 0.2079 0.9618
0.1271 -0.3673 -1.2126 0.6724 0.4369 0.5974 0.2079 0.9618
0.1184 -0.3427 -1.2252 0.6190 0.5884 0.5202 0.2071 0.9640
-0.0292 -0.2947 -1.2496 -0.2881 0.8832 0.3700 0.1943 0.9681
-0.0292 -0.2947 -1.2496 -0.2881 0.8832 0.3700 0.1943 0.9681
-0.0537 -0.3086 -1.2425 -0.4385 0.7980 0.4134 0.1921 0.9669
-0.0204 -0.4774 -1.1565 -0.2340 -0.2398 0.9422 0.1950 0.9523
-0.0204 -0.4774 -1.1565 -0.2340 -0.2398 0.9422 0.1950 0.9523
0.0079 -0.4830 -1.1537 -0.0600 -0.2742 0.9598 0.1975 0.9518
0.1283 -0.3931 -1.1995 0.6801 0.2783 0.6783 0.2080 0.9596
0.1283 -0.3931 -1.1995 0.6801 0.2783 0.6783 0.2080 0.9596
0.1271 -0.3673 -1.2126 0.6724 0.4369 0.5974 0.2079 0.9618
-0.0015 -0.2870 -1.2535 -0.1181 0.9309 0.3457 0.1967 0.9688
-0.0015 -0.2870 -1.2535 -0.1181 0.9309 0.3457 0.1967 0.9688
-0.0292 -0.2947 -1.2496 -0.2881 0.8832 0.3700 0.1943 0.9681
-0.0461 -0.4655 -1.1626 -0.3920 -0.1663 0.9048 0.1928 0.9533
-0.0461 -0.4655 -1.1626 -0.3920 -0.1663 0.9048 0.1928 0.9533
-0.0204 -0.4774 -1.1565 -0.2340 -0.2398 0.9422 0.1950 0.9523
-0.0830 -0.4262 -1.1826 -0.6190 0.0750 0.7818 0.1896 0.9567
-0.0830 -0.4262 -1.1826 -0.6190 0.0750 0.7818 0.1896 0.9567
-0.0675 -0.4480 -1.1715 -0.5233 -0.0590 0.8501 0.1909 0.9548
0.1220 -0.4183 -1.1866 0.6414 0.1233 0.7572 0.2074 0.9574
0.1220 -0.4183 -1.1866 0.6414 0.1233 0.7572 0.2074 0.9574
0.1283 -0.3931 -1.1995 0.6801 0.2783 0.6783 0.2080 0.9596
0.0274 -0.2859 -1.2541 0.0600 0.9377 0.3422 0.1992 0.9689
0.0274 -0.2859 -1.2541 0.0600 0.9377 0.3422 0.1992 0.9689
-0.0015 -0.2870 -1.2535 -0.1181 0.9309 0.3457 0.1967 0.9688
-0.0675 -0.4480 -1.1715 -0.5233 -0.0590 0.8501 0.1909 0.9548
-0.0675 -0.4480 -1.1715 -0.5233 -0.0590 0.8501 0.1909 0.9548
-0.0461 -0.4655 -1.1626 -0.3920 -0.1663 0.9048 0.1928 0.9533
-0.0917 -0.4015 -1.1952 -0.6725 0.2265 0.7046 0.1888 0.9589
-0.0917 -0.4015 -1.1952 -0.6725 0.2265 0.7046 0.1888 0.9589
-0.0830 -0.4262 -1.1826 -0.6190 0.0750 0.7818 0.1896 0.9567
0.1086 -0.4413 -1.1749 0.5590 -0.0175 0.8290 0.2063 0.9554
0.1086 -0.4413 -1.1749 0.5590 -0.0175 0.8290 0.2063 0.9554
0.1220 -0.4183 -1.1866 0.6414 0.1233 0.7572 0.2074 0.9574
0.0557 -0.2915 -1.2513 0.2340 0.9032 0.3598 0.2017 0.9684
0.0557 -0.2915 -1.2513 0.2340 0.9032 0.3598 0.2017 0.9684
0.0274 -0.2859 -1.2541 0.0600 0.9377 0.3422 0.1992 0.9689
-0.0930 -0.3757 -1.2083 -0.6801 0.3852 0.6238 0.1887 0.9611
-0.0930 -0.3757 -1.2083 -0.6801 0.3852 0.6238 0.1887 0.9611
-0.0917 -0.4015 -1.1952 -0.6725 0.2265 0.7046 0.1888 0.9589
0.0890 -0.4603 -1.1652 0.4385 -0.1345 0.8886 0.2046 0.9537
0.0890 -0.4603 -1.1652 0.4385 -0.1345 0.8886 0.2046 0.9537
0.1086 -0.4413 -1.1749 0.5590 -0.0175 0.8290 0.2063 0.9554
0.0814 -0.3034 -1.2452 0.3920 0.8298 0.3972 0.2039 0.9674
0.0814 -0.3034 -1.2452 0.3920 0.8298 0.3972 0.2039 0.9674
0.0557 -0.2915 -1.2513 0.2340 0.9032 0.3598 0.2017 0.9684
-0.0867 -0.3505 -1.2212 -0.6414 0.5402 0.5448 0.1893 0.9633
-0.0867 -0.3505 -1.2212 -0.6414 0.5402 0.5448 0.1893 0.9633
-0.0930 -0.3757 -1.2083 -0.6801 0.3852 0.6238 0.1887 0.9611
0.0645 -0.4741 -1.1582 0.2881 -0.2198 0.9320 0.2024 0.9525
0.0645 -0.4741 -1.1582 0.2881 -0.2198 0.9320 0.2024 0.9525
0.0890 -0.4603 -1.1652 0.4385 -0.1345 0.8886 0.2046 0.9537
0.0338 -0.4129 -1.6623 -0.0779 -0.9969 -0.0109 0.1998 0.9579
0.0338 -0.4129 -1.6623 -0.0779 -0.9969 -0.0109 0.1998 0.9579
0.0805 -0.4221 -1.6575 -0.3039 -0.9521 -0.0337 0.2038 0.9571
-0.1630 -0.6040 -1.5649 0.8734 -0.0732 -0.4815 0.1826 0.9413
-0.1630 -0.6040 -1.5649 0.8734 -0.0732 -0.4815 0.1826 0.9413
-0.1651 -0.5613 -1.5866 0.8833 -0.2793 -0.3765 0.1825 0.9450
0.1679 -0.6696 -1.5315 -0.7260 0.2438 -0.6430 0.2114 0.9355
0.1679 -0.6696 -1.5315 -0.7260 0.2438 -0.6430 0.2114 0.9355
0.1355 -0.7010 -1.5154 -0.5695 0.3957 -0.7205 0.2086 0.9328
0.0805 -0.4221 -1.6575 -0.3039 -0.9521 -0.0337 0.2038 0.9571
0.0805 -0.4221 -1.6575 -0.3039 -0.9521 -0.0337 0.2038 0.9571
0.1230 -0.4419 -1.6475 -0.5091 -0.8567 -0.0823 0.2075 0.9553
-0.1651 -0.5613 -1.5866 0.8833 -0.2793 -0.3765 0.1825 0.9450
-0.1651 -0.5613 -1.5866 0.8833 -0.2793 -0.3765 0.1825 0.9450
-0.1547 -0.5197 -1.6078 0.8330 -0.4806 -0.2739 0.1834 0.9486
0.1355 -0.7010 -1.5154 -0.5695 0.3957 -0.7205 0.2086 0.9328
0.1355 -0.7010 -1.5154 -0.5695 0.3957 -0.7205 0.2086 0.9328
0.0951 -0.7239 -1.5038 -0.3742 0.5064 -0.7769 0.2051 0.9308
0.1230 -0.4419 -1.6475 -0.5091 -0.8567 -0.0823 0.2075 0.9553
0.1230 -0.4419 -1.6475 -0.5091 -0.8567 -0.0823 0.2075 0.9553
0.1583 -0.4707 -1.6328 -0.6797 -0.7173 -0.1533 0.2106 0.9528
-0.1547 -0.5197 -1.6078 0.8330 -0.4806 -0.2739 0.1834 0.9486
-0.1547 -0.5197 -1.6078 0.8330 -0.4806 -0.2739 0.1834 0.9486
-0.1325 -0.4819 -1.6271 0.7260 -0.6635 -0.1807 0.1853 0.9519
0.0951 -0.7239 -1.5038 -0.3742 0.5064 -0.7769 0.2051 0.9308
0.0951 -0.7239 -1.5038 -0.3742 0.5064 -0.7769 0.2051 0.9308
0.0494 -0.7367 -1.4972 -0.1533 0.5683 -0.8084 0.2011 0.9297
0.1583 -0.4707 -1.6328 -0.6797 -0.7173 -0.1533 0.2106 0.9528
0.1583 -0.4707 -1.6328 -0.6797 -0.7173 -0.1533 0.2106 0.9528
0.1840 -0.5067 -1.6144 -0.8039 -0.5433 -0.2420 0.2128 0.9497
-0.1325 -0.4819 -1.6271 0.7260 -0.6635 -0.1807 0.1853 0.9519
-0.1325 -0.4819 -1.6271 0.7260 -0.6635 -0.1807 0.1853 0.9519
-0.1002 -0.4504 -1.6431 0.5695 -0.8155 -0.1033 0.1881 0.9546
0.0494 -0.7367 -1.4972 -0.1533 0.5683 -0.8084 0.2011 0.9297
0.0494 -0.7367 -1.4972 -0.1533 0.5683 -0.8084 0.2011 0.9297
0.0015 -0.7385 -1.4963 0.0779 0.5772 -0.8129 0.1970 0.9295
0.1840 -0.5067 -1.6144 -0.8039 -0.5433 -0.2420 0.2128 0.9497
0.1840 -0.5067 -1.6144 -0.8039 -0.5433 -0.2420 0.2128 0.9497
0.1984 -0.5474 -1.5937 -0.8734 -0.3465 -0.3423 0.2141 0.9462
-0.1002 -0.4504 -1.6431 0.5695 -0.8155 -0.1033 0.1881 0.9546
-0.1002 -0.4504 -1.6431 0.5695 -0.8155 -0.1033 0.1881 0.9546
-0.0598 -0.4275 -1.6548 0.3742 -0.9262 -0.0469 0.1916 0.9566
0.0015 -0.7385 -1.4963 0.0779 0.5772 -0.8129 0.1970 0.9295
0.0015 -0.7385 -1.4963 0.0779 0.5772 -0.8129 0.1970 0.9295
-0.0452 -0.7293 -1.5010 0.3039 0.5324 -0.7901 0.1929 0.9304
0.1984 -0.5474 -1.5937 -0.8734 -0.3465 -0.3423 0.2141 0.9462
0.1984 -0.5474 -1.5937 -0.8734 -0.3465 -0.3423 0.2141 0.9462
0.2004 -0.5901 -1.5720 -0.8833 -0.1404 -0.4473 0.2142 0.9425
-0.0598 -0.4275 -1.6548 0.3742 -0.9262 -0.0469 0.1916 0.9566
-0.0598 -0.4275 -1.6548 0.3742 -0.9262 -0.0469 0.1916 0.9566
-0.0141 -0.4147 -1.6613 0.1533 -0.9881 -0.0154 0.1956 0.9577
-0.0452 -0.7293 -1.5010 0.3039 0.5324 -0.7901 0.1929 0.9304
-0.0452 -0.7293 -1.5010 0.3039 0.5324 -0.7901 0.1929 0.9304
-0.0877 -0.7096 -1.5111 0.5091 0.4370 -0.7415 0.1892 0.9321
-0.1230 -0.6807 -1.5258 0.6797 0.2975 -0.6704 0.1861 0.9346
-0.1230 -0.6807 -1.5258 0.6797 0.2975 -0.6704 0.1861 0.9346
-0.1487 -0.6447 -1.5441 0.8039 0.1235 -0.5818 0.1839 0.9377
0.2004 -0.5901 -1.5720 -0.8833 -0.1404 -0.4473 0.2142 0.9425
0.2004 -0.5901 -1.5720 -0.8833 -0.1404 -0.4473 0.2142 0.9425
0.1900 -0.6317 -1.5507 -0.8330 0.0609 -0.5499 0.2133 0.9388
-0.0141 -0.4147 -1.6613 0.1533 -0.9881 -0.0154 0.1956 0.9577
-0.0141 -0.4147 -1.6613 0.1533 -0.9881 -0.0154 0.1956 0.9577
0.0338 -0.4129 -1.6623 -0.0779 -0.9969 -0.0109 0.1998 0.9579
-0.0877 -0.7096 -1.5111 0.5091 0.4370 -0.7415 0.1892 0.9321
-0.0877 -0.7096 -1.5111 0.5091 0.4370 -0.7415 0.1892 0.9321
-0.1230 -0.6807 -1.5258 0.6797 0.2975 -0.6704 0.1861 0.9346
-0.1487 -0.6447 -1.5441 0.8039 0.1235 -0.5818 0.1839 0.9377
-0.1487 -0.6447 -1.5441 0.8039 0.1235 -0.5818 0.1839 0.9377
-0.1630 -0.6040 -1.5649 0.8734 -0.0732 -0.4815 0.1826 0.9413
0.1900 -0.6317 -1.5507 -0.8330 0.0609 -0.5499 0.2133 0.9388
0.1900 -0.6317 -1.5507 -0.8330 0.0609 -0.5499 0.2133 0.9388
0.1679 -0.6696 -1.5315 -0.7260 0.2438 -0.6430 0.2114 0.9355
10 33 34
10 9 33
3 26 27
3 2 26
18 41 42
18 17 41
11 34 35
11 10 34
4 27 28
4 3 27
19 42 43
19 18 42
12 35 36
12 11 35
5 28 29
5 4 28
20 43 44
20 19 43
13 36 37
13 12 36
6 29 30
6 5 29
21 44 45
21 20 44
14 37 38
14 13 37
7 30 31
7 6 30
22 45 46
22 21 45
15 38 39
15 14 38
8 31 32
8 7 31
23 46 47
23 22 46
1 24 25
1 0 24
16 39 40
16 15 39
9 32 33
9 8 32
0 47 24
0 23 47
2 25 26
2 1 25
17 40 41
17 16 40
47 70 71
47 46 70
25 48 49
25 24 48
40 63 64
40 39 63
33 56 57
33 32 56
24 71 48
24 47 71
26 49 50
26 25 49
41 64 65
41 40 64
34 57 58
34 33 57
27 50 51
27 26 50
42 65 66
42 41 65
35 58 59
35 34 58
28 51 52
28 27 51
43 66 67
43 42 66
36 59 60
36 35 59
29 52 53
29 28 52
44 67 68
44 43 67
37 60 61
37 36 60
30 53 54
30 29 53
45 68 69
45 44 68
38 61 62
38 37 61
31 54 55
31 30 54
46 69 70
46 45 69
39 62 63
39 38 62
32 55 56
32 31 55
480 83 84
481 482 83
483 76 77
484 485 76
486 91 92
487 488 91
489 84 85
490 491 84
492 77 78
493 494 77
495 92 93
496 497 92
498 85 86
499 500 85
501 78 79
502 503 78
504 93 94
505 506 93
507 86 87
508 509 86
510 79 80
511 512 79
513 94 95
514 515 94
516 72 73
517 518 72
519 87 88
520 521 87
522 80 81
523 524 80
525 95 72
526 527 95
528 73 74
529 530 73
531 88 89
532 533 88
534 81 82
535 536 81
537 74 75
538 539 74
540 89 90
541 542 89
543 82 83
544 545 82
546 75 76
547 548 75
549 90 91
550 551 90
552 106 105
553 554 106
555 99 98
556 557 99
558 114 113
559 560 114
561 107 106
562 563 107
564 100 99
565 566 100
567 115 114
568 569 115
570 108 107
571 572 108
573 101 100
574 575 101
576 116 115
577 578 116
579 109 108
580 581 109
582 102 101
583 584 102
585 117 116
586 587 117
588 110 109
589 590 110
591 103 102
592 593 103
594 118 117
595 596 118
597 111 110
598 599 111
600 104 103
601 602 104
603 119 118
604 605 119
606 97 96
607 608 97
609 112 111
610 611 112
612 105 104
613 614 105
615 96 119
616 617 96
618 98 97
619 620 98
621 113 112
622 623 113
130 153 129
130 154 153
123 146 122
123 147 146
138 161 137
138 162 161
131 154 130
131 155 154
124 147 123
124 148 147
139 162 138
139 163 162
132 155 131
132 156 155
125 148 124
125 149 148
140 163 139
140 164 163
133 156 132
133 157 156
126 149 125
126 150 149
141 164 140
141 165 164
134 157 133
134 158 157
127 150 126
127 151 150
142 165 141
142 166 165
135 158 134
135 159 158
128 151 127
128 152 151
143 166 142
143 167 166
121 144 120
121 145 144
136 159 135
136 160 159
129 152 128
129 153 152
120 167 143
120 144 167
122 145 121
122 146 145
137 160 136
137 161 160
167 190 166
167 191 190
145 168 144
145 169 168
160 183 159
160 184 183
153 176 152
153 177 176
144 191 167
144 168 191
146 169 145
146 170 169
161 184 160
161 185 184
154 177 153
154 178 177
147 170 146
147 171 170
162 185 161
162 186 185
155 178 154
155 179 178
148 171 147
148 172 171
163 186 162
163 187 186
156 179 155
156 180 179
149 172 148
149 173 172
164 187 163
164 188 187
157 180 156
157 181 180
150 173 149
150 174 173
165 188 164
165 189 188
158 181 157
158 182 181
151 174 150
151 175 174
166 189 165
166 190 189
159 182 158
159 183 182
152 175 151
152 176 175
624 203 625
626 204 203
627 196 628
629 197 196
630 211 631
632 212 211
633 204 634
635 205 204
636 197 637
638 198 197
639 212 640
641 213 212
642 205 643
644 206 205
645 198 646
647 199 198
648 213 649
650 214 213
651 206 652
653 207 206
654 199 655
656 200 199
657 214 658
659 215 214
660 192 661
662 193 192
663 207 664
665 208 207
666 200 667
668 201 200
669 215 670
671 192 215
672 193 673
674 194 193
675 208 676
677 209 208
678 201 679
680 202 201
681 194 682
683 195 194
684 209 685
686 210 209
687 202 688
689 203 202
690 195 691
692 196 195
693 210 694
695 211 210
696 226 697
698 225 226
699 219 700
701 218 219
702 234 703
704 233 234
705 227 706
707 226 227
708 220 709
710 219 220
711 235 712
713 234 235
714 228 715
716 227 228
717 221 718
719 220 221
720 236 721
722 235 236
723 229 724
725 228 229
726 222 727
728 221 222
729 237 730
731 236 237
732 230 733
734 229 230
735 223 736
737 222 223
738 238 739
740 237 238
741 231 742
743 230 231
744 224 745
746 223 224
747 239 748
749 238 239
750 217 751
752 216 217
753 232 754
755 231 232
756 225 757
758 224 225
759 216 760
761 239 216
762 218 763
764 217 218
765 233 766
767 232 233
250 273 249
250 274 273
243 266 242
243 267 266
258 281 257
258 282 281
251 274 250
251 275 274
244 267 243
244 268 267
259 282 258
259 283 282
252 275 251
252 276 275
245 268 244
245 269 268
260 283 259
260 284 283
253 276 252
253 277 276
246 269 245
246 270 269
261 284 260
261 285 284
254 277 253
254 278 277
247 270 246
247 271 270
262 285 261
262 286 285
255 278 254
255 279 278
248 271 247
248 272 271
263 286 262
263 287 286
241 264 240
241 265 264
256 279 255
256 280 279
249 272 248
249 273 272
240 287 263
240 264 287
242 265 241
242 266 265
257 280 256
257 281 280
287 310 286
287 311 310
265 288 264
265 289 288
280 303 279
280 304 303
273 296 272
273 297 296
264 311 287
264 288 311
266 289 265
266 290 289
281 304 280
281 305 304
274 297 273
274 298 297
267 290 266
267 291 290
282 305 281
282 306 305
275 298 274
275 299 298
268 291 267
268 292 291
283 306 282
283 307 306
276 299 275
276 300 299
269 292 268
269 293 292
284 307 283
284 308 307
277 300 276
277 301 300
270 293 269
270 294 293
285 308 284
285 309 308
278 301 277
278 302 301
271 294 270
271 295 294
286 309 285
286 310 309
279 302 278
279 303 302
272 295 271
272 296 295
768 323 769
770 324 323
771 316 772
773 317 316
774 331 775
776 332 331
777 324 778
779 325 324
780 317 781
782 318 317
783 332 784
785 333 332
786 325 787
788 326 325
789 318 790
791 319 318
792 333 793
794 334 333
795 326 796
797 327 326
798 319 799
800 320 319
801 334 802
803 335 334
804 312 805
806 313 312
807 327 808
809 328 327
810 320 811
812 321 320
813 335 814
815 312 335
816 313 817
818 314 313
819 328 820
821 329 328
822 321 823
824 322 321
825 314 826
827 315 314
828 329 829
830 330 329
831 322 832
833 323 322
834 315 835
836 316 315
837 330 838
839 331 330
840 346 841
842 345 346
843 339 844
845 338 339
846 354 847
848 353 354
849 347 850
851 346 347
852 340 853
854 339 340
855 355 856
857 354 355
858 348 859
860 347 348
861 341 862
863 340 341
864 356 865
866 355 356
867 349 868
869 348 349
870 342 871
872 341 342
873 357 874
875 356 357
876 350 877
878 349 350
879 343 880
881 342 343
882 358 883
884 357 358
885 351 886
887 350 351
888 344 889
890 343 344
891 359 892
893 358 359
894 337 895
896 336 337
897 352 898
899 351 352
900 345 901
902 344 345
903 336 904
905 359 336
906 338 907
908 337 338
909 353 910
911 352 353
370 393 394
370 369 393
363 386 387
363 362 386
378 401 402
378 377 401
371 394 395
371 370 394
364 387 388
364 363 387
379 402 403
379 378 402
372 395 396
372 371 395
365 388 389
365 364 388
380 403 404
380 379 403
373 396 397
373 372 396
366 389 390
366 365 389
381 404 405
381 380 404
374 397 398
374 373 397
367 390 391
367 366 390
382 405 406
382 381 405
375 398 399
375 374 398
368 391 392
368 367 391
383 406 407
383 382 406
361 384 385
361 360 384
376 399 400
376 375 399
369 392 393
369 368 392
360 407 384
360 383 407
362 385 386
362 361 385
377 400 401
377 376 400
407 430 431
407 406 430
385 408 409
385 384 408
400 423 424
400 399 423
393 416 417
393 392 416
384 431 408
384 407 431
386 409 410
386 385 409
401 424 425
401 400 424
394 417 418
394 393 417
387 410 411
387 386 410
402 425 426
402 401 425
395 418 419
395 394 418
388 411 412
388 387 411
403 426 427
403 402 426
396 419 420
396 395 419
389 412 413
389 388 412
404 427 428
404 403 427
397 420 421
397 396 420
390 413 414
390 389 413
405 428 429
405 404 428
398 421 422
398 397 421
391 414 415
391 390 414
406 429 430
406 405 429
399 422 423
399 398 422
392 415 416
392 391 415
912 443 444
913 914 443
915 436 437
916 917 436
918 451 452
919 920 451
921 444 445
922 923 444
924 437 438
925 926 437
927 452 453
928 929 452
930 445 446
931 932 445
933 438 439
934 935 438
936 453 454
937 938 453
939 446 447
940 941 446
942 439 440
943 944 439
945 454 455
946 947 454
948 432 433
949 950 432
951 447 448
952 953 447
954 440 441
955 956 440
957 455 432
958 959 455
960 433 434
961 962 433
963 448 449
964 965 448
966 441 442
967 968 441
969 434 435
970 971 434
972 449 450
973 974 449
975 442 443
976 977 442
978 435 436
979 980 435
981 450 451
982 983 450
984 466 465
985 986 466
987 459 458
988 989 459
990 474 473
991 992 474
993 467 466
994 995 467
996 460 459
997 998 460
999 475 474
1000 1001 475
1002 468 467
1003 1004 468
1005 461 460
1006 1007 461
1008 476 475
1009 1010 476
1011 469 468
1012 1013 469
1014 462 461
1015 1016 462
1017 477 476
1018 1019 477
1020 470 469
1021 1022 470
1023 463 462
1024 1025 463
1026 478 477
1027 1028 478
1029 471 470
1030 1031 471
1032 464 463
1033 1034 464
1035 479 478
1036 1037 479
1038 457 456
1039 1040 457
1041 472 471
1042 1043 472
1044 465 464
1045 1046 465
1047 456 479
1048 1049 456
1050 458 457
1051 1052 458
1053 473 472
1054 1055 473
LABEL LES_Thrusters
MATERIAL 1
TEXTURE 1
FLAG 0
GEOM 4981 2664
-0.0953 1.8667 -5.3962 0.0057 0.8755 0.4832 0.1807 0.9409
-0.1034 1.8688 -5.4001 0.0057 0.8755 0.4832 0.1792 0.9446
-0.1106 1.8717 -5.4052 0.0057 0.8755 0.4832 0.1784 0.9485
-0.1165 1.8752 -5.4115 0.0057 0.8755 0.4832 0.1784 0.9525
-0.1209 1.8792 -5.4186 0.0057 0.8755 0.4832 0.1792 0.9565
-0.1235 1.8835 -5.4264 0.0057 0.8755 0.4832 0.1807 0.9602
-0.1244 1.8880 -5.4345 0.0057 0.8755 0.4832 0.1829 0.9635
-0.1235 1.8924 -5.4426 0.0057 0.8755 0.4831 0.1857 0.9663
-0.1208 1.8967 -5.4503 0.0057 0.8755 0.4832 0.1891 0.9685
-0.1165 1.9006 -5.4575 0.0057 0.8755 0.4832 0.1928 0.9701
-0.1106 1.9041 -5.4638 0.0057 0.8755 0.4831 0.1967 0.9708
-0.1034 1.9069 -5.4690 0.0057 0.8755 0.4831 0.2007 0.9708
-0.0952 1.9089 -5.4728 0.0057 0.8755 0.4832 0.2046 0.9701
-0.0863 1.9102 -5.4752 -0.1944 0.4749 -0.8583 0.2083 0.9685
-0.0771 1.9106 -5.4760 0.0007 0.4832 -0.8755 0.2116 0.9663
-0.0678 1.9101 -5.4752 0.1958 0.4728 -0.8591 0.2144 0.9635
-0.0590 1.9087 -5.4729 0.0057 0.8755 0.4832 0.2167 0.9602
-0.0508 1.9066 -5.4691 0.0057 0.8755 0.4832 0.2182 0.9565
-0.0436 1.9037 -5.4639 0.0057 0.8755 0.4831 0.2190 0.9525
-0.0377 1.9002 -5.4577 0.0057 0.8755 0.4832 0.2190 0.9485
-0.0334 1.8962 -5.4505 0.0057 0.8755 0.4831 0.2182 0.9446
-0.0307 1.8919 -5.4428 0.0057 0.8755 0.4831 0.2167 0.9409
-0.0298 1.8875 -5.4347 0.0057 0.8755 0.4832 0.2144 0.9376
-0.0307 1.8830 -5.4266 0.0057 0.8755 0.4832 0.2116 0.9348
-0.0334 1.8787 -5.4188 0.0057 0.8755 0.4832 0.2083 0.9326
-0.0378 1.8748 -5.4116 0.0057 0.8755 0.4831 0.2046 0.9310
-0.0437 1.8714 -5.4053 0.0057 0.8755 0.4832 0.2007 0.9302
-0.0508 1.8686 -5.4002 0.0057 0.8755 0.4832 0.1967 0.9302
-0.0590 1.8665 -5.3963 0.0057 0.8755 0.4832 0.1928 0.9310
-0.0679 1.8652 -5.3939 0.0057 0.8755 0.4832 0.1891 0.9326
-0.0771 1.8648 -5.3931 0.0057 0.8755 0.4832 0.1857 0.9348
-0.0864 1.8653 -5.3939 0.0057 0.8755 0.4831 0.1829 0.9376
-0.1119 1.8387 -5.4026 -0.5562 -0.3988 0.7292 0.1730 0.9428
-0.1011 1.8358 -5.3976 -0.3833 -0.4444 0.8097 0.1750 0.9379
-0.1213 1.8425 -5.4093 -0.7076 -0.3379 0.6206 0.1720 0.9479
-0.1290 1.8471 -5.4176 -0.8319 -0.2640 0.4882 0.1720 0.9532
-0.1348 1.8523 -5.4270 -0.9241 -0.1800 0.3370 0.1730 0.9583
-0.1383 1.8579 -5.4372 -0.9809 -0.0891 0.1729 0.1750 0.9632
-0.1395 1.8638 -5.4478 -1.0000 0.0053 0.0021 0.1780 0.9675
-0.1383 1.8697 -5.4584 -0.9806 0.0995 -0.1687 0.1817 0.9713
-0.1347 1.8753 -5.4687 -0.9236 0.1898 -0.3331 0.1860 0.9742
-0.1290 1.8805 -5.4781 -0.8311 0.2728 -0.4847 0.1909 0.9762
-0.1212 1.8850 -5.4864 -0.7066 0.3454 -0.6176 0.1960 0.9772
-0.1118 1.8887 -5.4931 -0.5550 0.4047 -0.7268 0.2013 0.9772
-0.1010 1.8914 -5.4982 -0.3820 0.4484 -0.8081 0.2064 0.9762
-0.0894 1.8930 -5.5013 -0.1944 0.4749 -0.8583 0.2113 0.9742
-0.0772 1.8935 -5.5024 0.0007 0.4832 -0.8755 0.2157 0.9713
-0.0651 1.8929 -5.5014 0.1958 0.4728 -0.8591 0.2194 0.9675
-0.0534 1.8911 -5.4983 0.3833 0.4444 -0.8097 0.2223 0.9632
-0.0427 1.8883 -5.4933 0.5562 0.3988 -0.7291 0.2243 0.9583
-0.0333 1.8845 -5.4865 0.7076 0.3379 -0.6206 0.2253 0.9532
-0.0255 1.8799 -5.4783 0.8319 0.2640 -0.4882 0.2253 0.9479
-0.0198 1.8747 -5.4689 0.9241 0.1800 -0.3370 0.2243 0.9428
-0.0163 1.8690 -5.4587 0.9809 0.0891 -0.1729 0.2223 0.9379
-0.0151 1.8632 -5.4481 1.0000 -0.0053 -0.0021 0.2194 0.9335
-0.0163 1.8573 -5.4374 0.9806 -0.0995 0.1687 0.2157 0.9298
-0.0198 1.8517 -5.4272 0.9236 -0.1898 0.3331 0.2113 0.9269
-0.0256 1.8465 -5.4178 0.8311 -0.2728 0.4847 0.2064 0.9249
-0.0333 1.8420 -5.4095 0.7066 -0.3454 0.6176 0.2013 0.9239
-0.0427 1.8383 -5.4027 0.5550 -0.4047 0.7268 0.1960 0.9239
-0.0535 1.8356 -5.3977 0.3820 -0.4484 0.8081 0.1909 0.9249
-0.0652 1.8339 -5.3945 0.1944 -0.4749 0.8583 0.1860 0.9269
-0.0773 1.8334 -5.3935 -0.0007 -0.4832 0.8755 0.1817 0.9298
-0.0894 1.8341 -5.3945 -0.1958 -0.4728 0.8591 0.1780 0.9335
-1.2744 1.2897 -5.3051 -0.6310 0.6072 0.4829 0.1930 0.9314
-1.2809 1.2880 -5.3114 -0.6310 0.6071 0.4829 0.1894 0.9329
-1.2867 1.2877 -5.3187 -0.6310 0.6071 0.4829 0.1861 0.9351
-1.2916 1.2888 -5.3265 -0.6310 0.6072 0.4829 0.1833 0.9379
-1.2954 1.2913 -5.3346 -0.6310 0.6072 0.4829 0.1811 0.9411
-1.2979 1.2952 -5.3426 -0.6310 0.6072 0.4829 0.1796 0.9448
-1.2990 1.3001 -5.3504 -0.6310 0.6072 0.4829 0.1789 0.9486
-1.2987 1.3061 -5.3575 -0.6310 0.6072 0.4829 0.1789 0.9526
-1.2970 1.3128 -5.3637 -0.6310 0.6072 0.4829 0.1796 0.9564
-1.2940 1.3200 -5.3688 -0.6310 0.6072 0.4829 0.1811 0.9601
-1.2898 1.3273 -5.3725 -0.6310 0.6072 0.4829 0.1833 0.9633
-1.2845 1.3346 -5.3748 -0.6310 0.6071 0.4829 0.1861 0.9661
-1.2783 1.3415 -5.3754 -0.6310 0.6072 0.4829 0.1894 0.9683
-1.2716 1.3478 -5.3745 -0.6310 0.6072 0.4829 0.1930 0.9698
-1.2645 1.3533 -5.3721 -0.6310 0.6072 0.4829 0.1969 0.9706
-1.2573 1.3576 -5.3681 -0.6310 0.6072 0.4829 0.2008 0.9706
-1.2503 1.3607 -5.3629 -0.6310 0.6072 0.4829 0.2047 0.9698
-1.2438 1.3625 -5.3565 -0.6310 0.6072 0.4829 0.2083 0.9683
-1.2379 1.3628 -5.3493 -0.6310 0.6072 0.4829 0.2116 0.9661
-1.2330 1.3616 -5.3415 -0.6310 0.6072 0.4829 0.2144 0.9633
-1.2293 1.3591 -5.3334 -0.6310 0.6072 0.4829 0.2166 0.9601
-1.2268 1.3553 -5.3253 -0.6310 0.6072 0.4829 0.2181 0.9564
-1.2257 1.3503 -5.3176 -0.6310 0.6072 0.4829 0.2189 0.9526
-1.2260 1.3443 -5.3105 -0.6310 0.6072 0.4829 0.2189 0.9486
-1.2276 1.3376 -5.3043 -0.6310 0.6072 0.4829 0.2181 0.9448
-1.2307 1.3305 -5.2992 -0.6310 0.6072 0.4829 0.2166 0.9411
-1.2349 1.3231 -5.2955 -0.6310 0.6072 0.4829 0.2144 0.9378
-1.2402 1.3158 -5.2932 -0.6310 0.6071 0.4829 0.2116 0.9351
-1.2463 1.3089 -5.2926 -0.6310 0.6072 0.4829 0.2083 0.9329
-1.2531 1.3026 -5.2935 -0.6310 0.6072 0.4829 0.2047 0.9314
-1.2602 1.2972 -5.2959 -0.6310 0.6072 0.4829 0.2008 0.9306
-1.2674 1.2928 -5.2999 -0.6310 0.6072 0.4829 0.1969 0.9306
-1.2693 1.2595 -5.3177 -0.3925 -0.7868 0.4763 0.1864 0.9273
-1.2607 1.2618 -5.3094 -0.2544 -0.7500 0.6106 0.1912 0.9253
-1.2769 1.2591 -5.3272 -0.5155 -0.7933 0.3239 0.1821 0.9302
-1.2834 1.2606 -5.3375 -0.6187 -0.7694 0.1589 0.1785 0.9338
-1.2883 1.2639 -5.3481 -0.6981 -0.7159 -0.0122 0.1756 0.9382
-1.2916 1.2689 -5.3587 -0.7507 -0.6349 -0.1827 0.1736 0.9429
-1.2930 1.2755 -5.3689 -0.7744 -0.5295 -0.3463 0.1726 0.9480
-1.2927 1.2833 -5.3782 -0.7684 -0.4037 -0.4966 0.1726 0.9532
-1.2905 1.2921 -5.3864 -0.7329 -0.2624 -0.6277 0.1736 0.9583
-1.2865 1.3015 -5.3931 -0.6691 -0.1111 -0.7348 0.1756 0.9630
-1.2809 1.3112 -5.3980 -0.5797 0.0446 -0.8136 0.1785 0.9673
-1.2740 1.3208 -5.4009 -0.4680 0.1985 -0.8611 0.1821 0.9710
-1.2659 1.3299 -5.4018 -0.3383 0.3448 -0.8756 0.1864 0.9739
-1.2570 1.3381 -5.4006 -0.1956 0.4778 -0.8564 0.1912 0.9759
-1.2477 1.3453 -5.3974 -0.0454 0.5925 -0.8043 0.1963 0.9769
-1.2382 1.3510 -5.3922 0.1066 0.6844 -0.7213 0.2015 0.9769
-1.2290 1.3551 -5.3853 0.2544 0.7500 -0.6106 0.2065 0.9759
-1.2205 1.3574 -5.3770 0.3925 0.7868 -0.4764 0.2113 0.9739
-1.2128 1.3578 -5.3675 0.5155 0.7933 -0.3238 0.2156 0.9710
-1.2064 1.3563 -5.3572 0.6187 0.7694 -0.1589 0.2193 0.9673
-1.2014 1.3529 -5.3466 0.6981 0.7159 0.0121 0.2221 0.9630
-1.1982 1.3479 -5.3360 0.7507 0.6349 0.1827 0.2241 0.9583
-1.1967 1.3413 -5.3258 0.7744 0.5295 0.3463 0.2251 0.9532
-1.1971 1.3335 -5.3165 0.7684 0.4037 0.4966 0.2251 0.9480
-1.1993 1.3247 -5.3083 0.7329 0.2624 0.6277 0.2241 0.9429
-1.2033 1.3153 -5.3017 0.6691 0.1110 0.7348 0.2221 0.9381
-1.2088 1.3056 -5.2967 0.5797 -0.0446 0.8136 0.2193 0.9338
-1.2158 1.2961 -5.2938 0.4680 -0.1985 0.8611 0.2156 0.9302
-1.2238 1.2870 -5.2929 0.3383 -0.3448 0.8756 0.2113 0.9273
-1.2327 1.2787 -5.2941 0.1956 -0.4778 0.8564 0.2065 0.9253
-1.2421 1.2716 -5.2973 0.0454 -0.5925 0.8043 0.2015 0.9243
-1.2515 1.2658 -5.3025 -0.1066 -0.6844 0.7213 0.1963 0.9243
-1.3794 1.1805 -5.3051 -0.6309 0.6067 0.4837 0.1925 0.9305
-1.3859 1.1788 -5.3115 -0.3920 -0.7872 0.4760 0.1888 0.9320
-1.3918 1.1785 -5.3187 -0.5151 -0.7937 0.3236 0.1854 0.9343
-1.3967 1.1796 -5.3265 -0.6309 0.6066 0.4837 0.1825 0.9372
-1.4004 1.1821 -5.3346 -0.6309 0.6066 0.4837 0.1803 0.9405
-1.4029 1.1860 -5.3426 -0.6309 0.6066 0.4837 0.1787 0.9443
-1.4041 1.1910 -5.3504 -0.6309 0.6066 0.4837 0.1779 0.9483
-1.4038 1.1969 -5.3575 -0.6309 0.6066 0.4837 0.1779 0.9523
-1.4021 1.2036 -5.3637 -0.6309 0.6066 0.4837 0.1787 0.9563
-1.3991 1.2108 -5.3688 -0.6309 0.6066 0.4837 0.1803 0.9601
-1.3949 1.2182 -5.3725 -0.6309 0.6066 0.4837 0.1825 0.9634
-1.3896 1.2255 -5.3747 -0.6309 0.6066 0.4837 0.1854 0.9663
-1.3834 1.2324 -5.3754 -0.6309 0.6066 0.4837 0.1888 0.9686
-1.3767 1.2387 -5.3745 -0.6309 0.6066 0.4837 0.1925 0.9701
-1.3696 1.2441 -5.3720 -0.6309 0.6066 0.4837 0.1965 0.9709
-1.3624 1.2485 -5.3681 -0.6309 0.6066 0.4837 0.2006 0.9709
-1.3554 1.2516 -5.3629 -0.6309 0.6067 0.4837 0.2045 0.9701
-1.3488 1.2533 -5.3565 -0.6309 0.6066 0.4837 0.2083 0.9686
-1.3430 1.2536 -5.3493 -0.6309 0.6066 0.4837 0.2117 0.9663
-1.3381 1.2525 -5.3415 -0.6309 0.6066 0.4837 0.2145 0.9634
-1.3344 1.2499 -5.3334 -0.6309 0.6066 0.4837 0.2168 0.9601
-1.3319 1.2461 -5.3253 -0.6309 0.6066 0.4837 0.2183 0.9563
-1.3307 1.2411 -5.3176 -0.6309 0.6066 0.4837 0.2191 0.9523
-1.3310 1.2351 -5.3105 -0.6309 0.6066 0.4837 0.2191 0.9483
-1.3327 1.2284 -5.3043 -0.6309 0.6066 0.4837 0.2183 0.9443
-1.3357 1.2213 -5.2992 -0.6309 0.6066 0.4837 0.2168 0.9405
-1.3399 1.2139 -5.2955 -0.6309 0.6066 0.4837 0.2145 0.9372
-1.3452 1.2066 -5.2933 -0.6309 0.6066 0.4837 0.2117 0.9343
-1.3513 1.1997 -5.2926 -0.6309 0.6066 0.4837 0.2083 0.9320
-1.3581 1.1934 -5.2935 -0.6309 0.6066 0.4837 0.2045 0.9305
-1.3652 1.1880 -5.2959 -0.6309 0.6066 0.4837 0.2006 0.9297
-1.3724 1.1836 -5.2999 -0.6309 0.6067 0.4837 0.1965 0.9297
-1.3743 1.1503 -5.3178 -0.3920 -0.7872 0.4760 0.1857 0.9263
-1.3657 1.1526 -5.3094 -0.2539 -0.7505 0.6101 0.1906 0.9243
-1.3820 1.1499 -5.3273 -0.5151 -0.7937 0.3236 0.1813 0.9293
-1.3884 1.1514 -5.3375 -0.6184 -0.7697 0.1587 0.1775 0.9331
-1.3933 1.1547 -5.3481 -0.6980 -0.7160 -0.0123 0.1745 0.9375
-1.3966 1.1598 -5.3588 -0.7507 -0.6349 -0.1828 0.1725 0.9424
-1.3981 1.1663 -5.3689 -0.7745 -0.5294 -0.3462 0.1714 0.9477
-1.3977 1.1742 -5.3783 -0.7686 -0.4035 -0.4964 0.1714 0.9530
-1.3955 1.1829 -5.3864 -0.7332 -0.2621 -0.6275 0.1725 0.9582
-1.3916 1.1924 -5.3931 -0.6696 -0.1106 -0.7345 0.1745 0.9631
-1.3860 1.2021 -5.3980 -0.5802 0.0450 -0.8132 0.1775 0.9676
-1.3791 1.2116 -5.4009 -0.4686 0.1990 -0.8607 0.1813 0.9714
-1.3710 1.2207 -5.4018 -0.3389 0.3454 -0.8751 0.1857 0.9743
-1.3621 1.2290 -5.4006 -0.1962 0.4784 -0.8559 0.1906 0.9764
-1.3528 1.2361 -5.3974 -0.0460 0.5931 -0.8038 0.1959 0.9774
-1.3433 1.2419 -5.3922 0.1060 0.6850 -0.7208 0.2012 0.9774
-1.3341 1.2459 -5.3853 0.2539 0.7505 -0.6101 0.2064 0.9764
-1.3255 1.2482 -5.3770 0.3920 0.7872 -0.4760 0.2114 0.9743
-1.3179 1.2486 -5.3675 0.5151 0.7937 -0.3235 0.2158 0.9714
-1.3115 1.2471 -5.3573 0.6184 0.7697 -0.1587 0.2196 0.9676
-1.3065 1.2438 -5.3466 0.6979 0.7160 0.0123 0.2225 0.9631
-1.3032 1.2387 -5.3360 0.7507 0.6349 0.1828 0.2246 0.9582
-1.3018 1.2322 -5.3258 0.7745 0.5294 0.3462 0.2256 0.9530
-1.3021 1.2244 -5.3165 0.7686 0.4035 0.4964 0.2256 0.9477
-1.3043 1.2156 -5.3083 0.7332 0.2621 0.6275 0.2246 0.9424
-1.3083 1.2061 -5.3017 0.6696 0.1107 0.7345 0.2225 0.9375
-1.3138 1.1964 -5.2968 0.5802 -0.0451 0.8132 0.2196 0.9331
-1.3208 1.1869 -5.2938 0.4686 -0.1990 0.8607 0.2158 0.9293
-1.3289 1.1778 -5.2929 0.3389 -0.3454 0.8751 0.2114 0.9263
-1.3377 1.1695 -5.2941 0.1962 -0.4784 0.8559 0.2064 0.9243
-1.3471 1.1624 -5.2974 0.0460 -0.5931 0.8038 0.2012 0.9232
-1.3565 1.1566 -5.3025 -0.1060 -0.6850 0.7208 0.1959 0.9232
-1.8667 0.0131 -5.3979 -0.8755 -0.0002 0.4832 0.1813 0.9410
-1.8710 0.0104 -5.4056 -0.8755 -0.0002 0.4832 0.1798 0.9446
-1.8755 0.0096 -5.4137 -0.8755 -0.0002 0.4832 0.1791 0.9484
-1.8799 0.0105 -5.4218 -0.8755 -0.0002 0.4832 0.1791 0.9523
-1.8842 0.0133 -5.4296 -0.8755 -0.0002 0.4832 0.1798 0.9561
-1.8882 0.0177 -5.4367 -0.8755 -0.0002 0.4832 0.1813 0.9597
-1.8916 0.0236 -5.4430 -0.8755 -0.0002 0.4832 0.1835 0.9629
-1.8944 0.0308 -5.4481 -0.8755 -0.0002 0.4832 0.1862 0.9656
-1.8965 0.0390 -5.4519 -0.8755 -0.0002 0.4832 0.1894 0.9678
-1.8978 0.0479 -5.4542 -0.8755 -0.0002 0.4832 0.1930 0.9693
-1.8982 0.0572 -5.4549 -0.8755 -0.0002 0.4832 0.1968 0.9700
-1.8977 0.0664 -5.4541 -0.8755 -0.0002 0.4832 0.2007 0.9700
-1.8964 0.0753 -5.4517 -0.8755 -0.0002 0.4832 0.2045 0.9693
-1.8943 0.0834 -5.4478 -0.8755 -0.0002 0.4832 0.2081 0.9678
-1.8914 0.0906 -5.4426 -0.8755 -0.0002 0.4832 0.2113 0.9656
-1.8879 0.0964 -5.4363 -0.8755 -0.0002 0.4832 0.2141 0.9629
-1.8840 0.1007 -5.4291 -0.8755 -0.0002 0.4832 0.2162 0.9597
-1.8797 0.1034 -5.4213 -0.8755 -0.0002 0.4832 0.2177 0.9561
-1.8752 0.1042 -5.4132 -0.8755 -0.0002 0.4832 0.2185 0.9523
-1.8708 0.1033 -5.4051 -0.8755 -0.0002 0.4832 0.2185 0.9484
-1.8665 0.1005 -5.3974 0.1874 0.9216 0.3400 0.2177 0.9446
-1.8625 0.0961 -5.3902 0.2707 0.8281 0.4908 0.2162 0.9410
-1.8591 0.0902 -5.3840 -0.8755 -0.0002 0.4832 0.2141 0.9378
-1.8563 0.0830 -5.3789 -0.8755 -0.0002 0.4832 0.2113 0.9350
-1.8542 0.0747 -5.3751 -0.8755 -0.0002 0.4832 0.2081 0.9329
-1.8529 0.0659 -5.3728 -0.8755 -0.0002 0.4832 0.2045 0.9314
-1.8525 0.0566 -5.3720 -0.8755 -0.0002 0.4832 0.2007 0.9306
-1.8529 0.0474 -5.3729 -0.8755 -0.0002 0.4832 0.1968 0.9306
-1.8543 0.0385 -5.3753 -0.8755 -0.0002 0.4832 0.1930 0.9314
-1.8564 0.0304 -5.3792 -0.8755 -0.0002 0.4832 0.1894 0.9329
-1.8593 0.0232 -5.3844 -0.8755 -0.0002 0.4832 0.1862 0.9350
-1.8627 0.0174 -5.3907 -0.8755 -0.0002 0.4832 0.1835 0.9378
-1.8454 -0.0042 -5.4165 0.0916 -0.9819 0.1656 0.1739 0.9428
-1.8398 -0.0007 -5.4063 0.1824 -0.9262 0.3301 0.1758 0.9381
-1.8513 -0.0053 -5.4272 -0.0027 -1.0000 -0.0053 0.1729 0.9478
-1.8571 -0.0040 -5.4378 -0.0969 -0.9796 -0.1760 0.1729 0.9529
-1.8628 -0.0004 -5.4480 -0.1874 -0.9216 -0.3400 0.1739 0.9579
-1.8680 0.0054 -5.4574 -0.2707 -0.8281 -0.4908 0.1758 0.9626
-1.8725 0.0132 -5.4656 -0.3436 -0.7029 -0.6229 0.1787 0.9668
-1.8762 0.0227 -5.4723 -0.4032 -0.5506 -0.7309 0.1823 0.9704
-1.8789 0.0334 -5.4773 -0.4474 -0.3772 -0.8109 0.1865 0.9733
-1.8806 0.0451 -5.4803 -0.4744 -0.1892 -0.8597 0.1912 0.9752
-1.8812 0.0573 -5.4813 -0.4832 0.0060 -0.8755 0.1962 0.9762
-1.8806 0.0694 -5.4802 -0.4733 0.2009 -0.8577 0.2013 0.9762
-1.8788 0.0810 -5.4770 -0.4453 0.3882 -0.8068 0.2063 0.9752
-1.8760 0.0918 -5.4719 -0.4002 0.5606 -0.7250 0.2110 0.9733
-1.8722 0.1011 -5.4651 -0.3397 0.7113 -0.6153 0.2153 0.9704
-1.8677 0.1088 -5.4568 -0.2662 0.8348 -0.4820 0.2189 0.9668
-1.8625 0.1145 -5.4474 -0.1824 0.9262 -0.3301 0.2217 0.9626
-1.8568 0.1180 -5.4371 -0.0916 0.9819 -0.1656 0.2237 0.9579
-1.8509 0.1191 -5.4265 0.0027 1.0000 0.0053 0.2246 0.9529
-1.8451 0.1178 -5.4159 0.0969 0.9796 0.1760 0.2246 0.9478
-1.8395 0.1142 -5.4057 0.1874 0.9216 0.3400 0.2237 0.9428
-1.8343 0.1084 -5.3963 0.2707 0.8281 0.4909 0.2217 0.9381
-1.8297 0.1006 -5.3881 0.3436 0.7029 0.6229 0.2189 0.9338
-1.8260 0.0911 -5.3814 0.4032 0.5506 0.7309 0.2153 0.9302
-1.8233 0.0804 -5.3764 0.4474 0.3771 0.8109 0.2110 0.9274
-1.8216 0.0687 -5.3734 0.4744 0.1892 0.8597 0.2063 0.9254
-1.8211 0.0565 -5.3724 0.4832 -0.0060 0.8755 0.2013 0.9244
-1.8217 0.0444 -5.3735 0.4733 -0.2010 0.8576 0.1962 0.9244
-1.8234 0.0328 -5.3767 0.4453 -0.3882 0.8068 0.1912 0.9254
-1.8262 0.0220 -5.3817 0.4002 -0.5605 0.7250 0.1865 0.9274
-1.8300 0.0127 -5.3886 0.3397 -0.7113 0.6153 0.1823 0.9302
-1.8346 0.0050 -5.3969 0.2662 -0.8348 0.4820 0.1787 0.9338
-1.8667 -0.1384 -5.3979 -0.8755 -0.0002 0.4832 0.1803 0.9413
-1.8710 -0.1411 -5.4056 -0.8755 -0.0002 0.4832 0.1788 0.9450
-1.8755 -0.1419 -5.4137 -0.8755 -0.0002 0.4832 0.1780 0.9490
-1.8799 -0.1410 -5.4218 -0.8755 -0.0002 0.4832 0.1780 0.9530
-1.8842 -0.1382 -5.4296 -0.8755 -0.0002 0.4832 0.1788 0.9570
-1.8882 -0.1338 -5.4367 -0.8755 -0.0002 0.4832 0.1803 0.9607
-1.8916 -0.1279 -5.4430 -0.8755 -0.0002 0.4832 0.1826 0.9641
-1.8944 -0.1207 -5.4481 -0.8755 -0.0002 0.4832 0.1854 0.9670
-1.8965 -0.1125 -5.4519 -0.8755 -0.0002 0.4832 0.1888 0.9692
-1.8978 -0.1036 -5.4542 -0.8755 -0.0002 0.4832 0.1925 0.9708
-1.8982 -0.0943 -5.4549 -0.8755 -0.0002 0.4832 0.1965 0.9716
-1.8977 -0.0851 -5.4541 -0.8755 -0.0002 0.4832 0.2005 0.9716
-1.8964 -0.0762 -5.4517 -0.8755 -0.0002 0.4832 0.2045 0.9708
-1.8943 -0.0681 -5.4478 -0.8755 -0.0002 0.4832 0.2082 0.9692
-1.8914 -0.0609 -5.4426 -0.8755 -0.0002 0.4832 0.2116 0.9670
-1.8879 -0.0551 -5.4363 -0.8755 -0.0002 0.4832 0.2145 0.9641
-1.8840 -0.0508 -5.4291 -0.8755 -0.0002 0.4832 0.2167 0.9607
-1.8797 -0.0481 -5.4213 -0.8755 -0.0002 0.4832 0.2182 0.9570
-1.8752 -0.0473 -5.4132 -0.8755 -0.0002 0.4832 0.2190 0.9530
-1.8708 -0.0482 -5.4051 -0.8755 -0.0002 0.4832 0.2190 0.9490
-1.8665 -0.0510 -5.3974 -0.8755 -0.0002 0.4832 0.2182 0.9450
-1.8625 -0.0554 -5.3902 -0.8755 -0.0002 0.4832 0.2167 0.9413
-1.8591 -0.0613 -5.3840 -0.8755 -0.0002 0.4832 0.2145 0.9379
-1.8563 -0.0685 -5.3789 -0.8755 -0.0002 0.4832 0.2116 0.9351
-1.8542 -0.0768 -5.3751 -0.8755 -0.0002 0.4832 0.2082 0.9328
-1.8529 -0.0856 -5.3728 -0.8755 -0.0002 0.4832 0.2045 0.9313
-1.8525 -0.0949 -5.3720 -0.8755 -0.0002 0.4832 0.2005 0.9305
-1.8529 -0.1041 -5.3729 -0.8755 -0.0002 0.4832 0.1965 0.9305
-1.8543 -0.1130 -5.3753 -0.8755 -0.0002 0.4832 0.1925 0.9313
-1.8564 -0.1211 -5.3792 -0.8755 -0.0002 0.4832 0.1888 0.9328
-1.8593 -0.1283 -5.3844 -0.8755 -0.0002 0.4832 0.1854 0.9351
-1.8627 -0.1341 -5.3907 -0.8755 -0.0002 0.4832 0.1826 0.9379
-1.8454 -0.1557 -5.4165 0.0916 -0.9819 0.1656 0.1726 0.9431
-1.8398 -0.1522 -5.4063 0.1824 -0.9262 0.3301 0.1746 0.9382
-1.8513 -0.1568 -5.4272 -0.0027 -1.0000 -0.0053 0.1715 0.9484
-1.8571 -0.1555 -5.4378 -0.0969 -0.9796 -0.1760 0.1715 0.9537
-1.8628 -0.1519 -5.4480 -0.1874 -0.9216 -0.3400 0.1726 0.9589
-1.8680 -0.1461 -5.4574 -0.2707 -0.8281 -0.4909 0.1746 0.9638
-1.8725 -0.1383 -5.4656 -0.3436 -0.7029 -0.6229 0.1775 0.9682
-1.8762 -0.1289 -5.4723 -0.4032 -0.5506 -0.7309 0.1813 0.9720
-1.8789 -0.1181 -5.4773 -0.4474 -0.3772 -0.8109 0.1857 0.9749
-1.8806 -0.1064 -5.4803 -0.4744 -0.1892 -0.8597 0.1906 0.9770
-1.8812 -0.0942 -5.4813 -0.4832 0.0060 -0.8755 0.1958 0.9780
-1.8806 -0.0821 -5.4802 -0.4733 0.2009 -0.8577 0.2012 0.9780
-1.8788 -0.0705 -5.4770 -0.4453 0.3882 -0.8068 0.2064 0.9770
-1.8760 -0.0597 -5.4719 -0.4002 0.5605 -0.7250 0.2113 0.9749
-1.8722 -0.0504 -5.4651 -0.3397 0.7113 -0.6153 0.2157 0.9720
-1.8677 -0.0427 -5.4568 -0.2662 0.8348 -0.4820 0.2195 0.9682
-1.8625 -0.0370 -5.4474 -0.1824 0.9261 -0.3301 0.2224 0.9638
-1.8568 -0.0335 -5.4371 -0.0916 0.9819 -0.1656 0.2244 0.9589
-1.8509 -0.0324 -5.4265 0.0027 1.0000 0.0053 0.2255 0.9537
-1.8451 -0.0337 -5.4159 0.0969 0.9796 0.1760 0.2255 0.9484
-1.8395 -0.0373 -5.4057 0.1874 0.9216 0.3400 0.2244 0.9431
-1.8343 -0.0431 -5.3963 0.2707 0.8281 0.4909 0.2224 0.9382
-1.8297 -0.0509 -5.3881 0.3436 0.7029 0.6229 0.2195 0.9338
-1.8260 -0.0604 -5.3814 0.4032 0.5506 0.7309 0.2157 0.9301
-1.8233 -0.0711 -5.3764 0.4474 0.3771 0.8109 0.2113 0.9271
-1.8216 -0.0828 -5.3734 0.4744 0.1892 0.8597 0.2064 0.9251
-1.8211 -0.0950 -5.3724 0.4832 -0.0060 0.8755 0.2012 0.9240
-1.8217 -0.1071 -5.3735 0.4733 -0.2010 0.8576 0.1958 0.9240
-1.8234 -0.1187 -5.3767 0.4453 -0.3882 0.8068 0.1906 0.9251
-1.8262 -0.1295 -5.3817 0.4002 -0.5605 0.7250 0.1857 0.9271
-1.8300 -0.1388 -5.3886 0.3397 -0.7113 0.6153 0.1813 0.9301
-1.8346 -0.1465 -5.3969 0.2662 -0.8348 0.4820 0.1775 0.9338
-0.0953 1.1020 -4.1147 0.0000 0.8599 0.5105 0.1813 0.9408
-0.1035 1.1042 -4.1185 0.0000 0.8599 0.5105 0.1798 0.9445
-0.1107 1.1072 -4.1235 -0.0000 0.8599 0.5104 0.1790 0.9483
-0.1166 1.1109 -4.1297 0.0000 0.8599 0.5105 0.1790 0.9523
-0.1209 1.1151 -4.1367 0.0000 0.8599 0.5105 0.1798 0.9561
-0.1236 1.1196 -4.1444 0.0000 0.8599 0.5105 0.1813 0.9598
-0.1245 1.1243 -4.1523 -0.0000 0.8599 0.5105 0.1835 0.9631
-0.1236 1.1290 -4.1602 -0.9808 0.0996 -0.1678 0.1863 0.9658
-0.1209 1.1336 -4.1679 -0.9239 0.1954 -0.3291 0.1896 0.9680
-0.1166 1.1377 -4.1749 -0.8315 0.2836 -0.4777 0.1932 0.9695
-0.1107 1.1414 -4.1811 -0.0000 0.8599 0.5105 0.1971 0.9703
-0.1035 1.1444 -4.1861 -0.0000 0.8599 0.5105 0.2010 0.9703
-0.0953 1.1466 -4.1899 -0.0000 0.8599 0.5105 0.2049 0.9695
-0.0864 1.1480 -4.1922 0.0000 0.8599 0.5105 0.2085 0.9680
-0.0772 1.1485 -4.1930 0.0000 0.8599 0.5105 0.2118 0.9658
-0.0680 1.1480 -4.1922 -0.0000 0.8599 0.5105 0.2146 0.9631
-0.0591 1.1466 -4.1899 0.0000 0.8599 0.5105 0.2167 0.9598
-0.0509 1.1444 -4.1861 -0.0000 0.8599 0.5105 0.2183 0.9561
-0.0437 1.1414 -4.1811 -0.0000 0.8599 0.5105 0.2190 0.9523
-0.0378 1.1377 -4.1749 0.0000 0.8599 0.5105 0.2190 0.9483
-0.0335 1.1336 -4.1679 -0.0000 0.8599 0.5105 0.2183 0.9445
-0.0308 1.1290 -4.1602 0.0000 0.8599 0.5105 0.2167 0.9408
-0.0299 1.1243 -4.1523 0.0000 0.8599 0.5105 0.2146 0.9376
-0.0308 1.1196 -4.1444 0.0000 0.8599 0.5104 0.2118 0.9348
-0.0335 1.1151 -4.1367 0.0000 0.8599 0.5105 0.2085 0.9326
-0.0378 1.1109 -4.1297 0.0000 0.8599 0.5105 0.2049 0.9311
-0.0437 1.1072 -4.1235 0.0000 0.8599 0.5105 0.2010 0.9303
-0.0509 1.1042 -4.1185 0.0000 0.8599 0.5105 0.1971 0.9303
-0.0591 1.1020 -4.1147 0.0000 0.8599 0.5105 0.1932 0.9311
-0.0680 1.1006 -4.1124 -0.0000 0.8599 0.5105 0.1896 0.9326
-0.0772 1.1001 -4.1116 0.0000 0.8599 0.5105 0.1863 0.9348
-0.0864 1.1006 -4.1124 0.0000 0.8599 0.5105 0.1835 0.9376
-0.1118 1.0741 -4.1220 -0.5556 -0.4244 0.7150 0.1738 0.9427
-0.1010 1.0712 -4.1170 -0.3827 -0.4716 0.7944 0.1757 0.9379
-0.1212 1.0781 -4.1286 -0.7071 -0.3610 0.6080 0.1728 0.9477
-0.1289 1.0829 -4.1367 -0.8315 -0.2836 0.4777 0.1728 0.9529
-0.1347 1.0884 -4.1460 -0.9239 -0.1954 0.3291 0.1738 0.9580
-0.1382 1.0943 -4.1560 -0.9808 -0.0996 0.1678 0.1757 0.9628
-0.1394 1.1005 -4.1664 -1.0000 -0.0000 -0.0000 0.1786 0.9671
-0.1382 1.1067 -4.1769 -0.9808 0.0996 -0.1678 0.1823 0.9707
-0.1347 1.1127 -4.1869 -0.9239 0.1953 -0.3291 0.1866 0.9736
-0.1289 1.1182 -4.1961 -0.8315 0.2836 -0.4777 0.1914 0.9756
-0.1212 1.1230 -4.2043 -0.7071 0.3610 -0.6080 0.1964 0.9766
-0.1118 1.1269 -4.2109 -0.5556 0.4244 -0.7150 0.2016 0.9766
-0.1010 1.1298 -4.2158 -0.3827 0.4716 -0.7944 0.2067 0.9756
-0.0893 1.1317 -4.2189 -0.1951 0.5006 -0.8434 0.2115 0.9736
-0.0772 1.1323 -4.2199 -0.0000 0.5105 -0.8599 0.2158 0.9707
-0.0651 1.1317 -4.2189 0.1951 0.5006 -0.8434 0.2194 0.9671
-0.0534 1.1298 -4.2158 0.3827 0.4716 -0.7945 0.2223 0.9628
-0.0426 1.1269 -4.2109 0.5556 0.4244 -0.7150 0.2243 0.9580
-0.0332 1.1230 -4.2043 0.7071 0.3609 -0.6080 0.2253 0.9529
-0.0255 1.1182 -4.1961 0.8315 0.2836 -0.4777 0.2253 0.9477
-0.0197 1.1127 -4.1869 0.9239 0.1953 -0.3291 0.2243 0.9427
-0.0162 1.1067 -4.1769 0.9808 0.0996 -0.1678 0.2223 0.9379
-0.0150 1.1005 -4.1664 1.0000 -0.0000 0.0000 0.2194 0.9336
-0.0162 1.0943 -4.1560 0.9808 -0.0996 0.1678 0.2158 0.9299
-0.0197 1.0884 -4.1460 0.9239 -0.1953 0.3291 0.2115 0.9270
-0.0255 1.0829 -4.1367 0.8315 -0.2836 0.4777 0.2067 0.9251
-0.0332 1.0781 -4.1286 0.7071 -0.3610 0.6080 0.2016 0.9240
-0.0426 1.0741 -4.1220 0.5556 -0.4244 0.7150 0.1964 0.9240
-0.0534 1.0712 -4.1170 0.3827 -0.4716 0.7944 0.1914 0.9251
-0.0651 1.0694 -4.1140 0.1951 -0.5007 0.8434 0.1866 0.9270
-0.0772 1.0688 -4.1129 -0.0000 -0.5105 0.8599 0.1823 0.9299
-0.0893 1.0694 -4.1140 -0.1951 -0.5007 0.8434 0.1786 0.9336
-0.1117 1.8629 -5.3892 -0.5562 -0.3988 0.7292 0.1730 0.9428
-0.1010 1.8601 -5.3842 -0.3833 -0.4444 0.8097 0.1750 0.9379
-0.1211 1.8667 -5.3960 -0.7076 -0.3379 0.6206 0.1720 0.9479
-0.1289 1.8713 -5.4042 -0.8319 -0.2640 0.4882 0.1720 0.9532
-0.1346 1.8765 -5.4136 -0.9241 -0.1800 0.3370 0.1730 0.9583
-0.1381 1.8822 -5.4238 -0.9809 -0.0891 0.1729 0.1750 0.9632
-0.1393 1.8880 -5.4344 -1.0000 0.0053 0.0021 0.1780 0.9675
-0.1381 1.8939 -5.4451 -0.9806 0.0995 -0.1687 0.1817 0.9713
-0.1346 1.8995 -5.4553 -0.9236 0.1898 -0.3331 0.1860 0.9742
-0.1288 1.9047 -5.4647 -0.8311 0.2728 -0.4847 0.1909 0.9762
-0.1211 1.9092 -5.4730 -0.7066 0.3454 -0.6176 0.1960 0.9772
-0.1116 1.9129 -5.4798 -0.5550 0.4047 -0.7268 0.2013 0.9772
-0.1009 1.9156 -5.4848 -0.3820 0.4484 -0.8081 0.2064 0.9762
-0.0892 1.9173 -5.4880 -0.1944 0.4749 -0.8583 0.2113 0.9742
-0.0771 1.9178 -5.4890 0.0007 0.4832 -0.8755 0.2157 0.9713
-0.0649 1.9171 -5.4880 0.1958 0.4728 -0.8591 0.2194 0.9675
-0.0533 1.9154 -5.4849 0.3833 0.4444 -0.8097 0.2223 0.9632
-0.0425 1.9125 -5.4799 0.5562 0.3988 -0.7291 0.2243 0.9583
-0.0331 1.9087 -5.4732 0.7076 0.3379 -0.6206 0.2253 0.9532
-0.0254 1.9041 -5.4649 0.8319 0.2640 -0.4882 0.2253 0.9479
-0.0196 1.8989 -5.4555 0.9241 0.1800 -0.3370 0.2243 0.9428
-0.0161 1.8933 -5.4453 0.9809 0.0891 -0.1729 0.2223 0.9379
-0.0149 1.8874 -5.4347 1.0000 -0.0053 -0.0021 0.2194 0.9335
-0.0161 1.8815 -5.4241 0.9806 -0.0995 0.1687 0.2157 0.9298
-0.0197 1.8759 -5.4138 0.9236 -0.1898 0.3331 0.2113 0.9269
-0.0254 1.8707 -5.4044 0.8311 -0.2728 0.4847 0.2064 0.9249
-0.0332 1.8662 -5.3961 0.7066 -0.3454 0.6176 0.2013 0.9239
-0.0426 1.8625 -5.3894 0.5550 -0.4047 0.7268 0.1960 0.9239
-0.0533 1.8598 -5.3843 0.3820 -0.4484 0.8081 0.1909 0.9249
-0.0650 1.8582 -5.3812 0.1944 -0.4749 0.8583 0.1860 0.9269
-0.0772 1.8577 -5.3801 -0.0007 -0.4832 0.8755 0.1817 0.9298
-0.0893 1.8583 -5.3811 -0.1958 -0.4728 0.8591 0.1780 0.9335
-1.2868 1.2763 -5.3044 -0.3925 -0.7868 0.4763 0.1864 0.9273
-1.2782 1.2786 -5.2960 -0.2544 -0.7500 0.6106 0.1912 0.9253
-1.2944 1.2759 -5.3139 -0.5155 -0.7933 0.3239 0.1821 0.9302
-1.3008 1.2774 -5.3241 -0.6187 -0.7694 0.1589 0.1785 0.9338
-1.3058 1.2807 -5.3348 -0.6981 -0.7159 -0.0122 0.1756 0.9382
-1.3090 1.2857 -5.3454 -0.7507 -0.6349 -0.1827 0.1736 0.9429
-1.3105 1.2923 -5.3555 -0.7744 -0.5295 -0.3463 0.1726 0.9480
-1.3101 1.3001 -5.3649 -0.7684 -0.4037 -0.4966 0.1726 0.9532
-1.3079 1.3089 -5.3730 -0.7329 -0.2624 -0.6277 0.1736 0.9583
-1.3040 1.3183 -5.3797 -0.6691 -0.1111 -0.7348 0.1756 0.9630
-1.2984 1.3280 -5.3846 -0.5797 0.0446 -0.8136 0.1785 0.9673
-1.2914 1.3376 -5.3876 -0.4680 0.1985 -0.8611 0.1821 0.9710
-1.2834 1.3467 -5.3885 -0.3383 0.3448 -0.8756 0.1864 0.9739
-1.2745 1.3549 -5.3873 -0.1956 0.4778 -0.8564 0.1912 0.9759
-1.2652 1.3621 -5.3840 -0.0454 0.5925 -0.8043 0.1963 0.9769
-1.2557 1.3678 -5.3789 0.1066 0.6844 -0.7213 0.2015 0.9769
-1.2465 1.3719 -5.3720 0.2544 0.7500 -0.6106 0.2065 0.9759
-1.2379 1.3742 -5.3636 0.3925 0.7868 -0.4764 0.2113 0.9739
-1.2303 1.3746 -5.3541 0.5155 0.7933 -0.3238 0.2156 0.9710
-1.2238 1.3731 -5.3439 0.6187 0.7694 -0.1589 0.2193 0.9673
-1.2189 1.3697 -5.3332 0.6981 0.7159 0.0121 0.2221 0.9630
-1.2156 1.3647 -5.3226 0.7507 0.6349 0.1827 0.2241 0.9583
-1.2142 1.3581 -5.3125 0.7744 0.5295 0.3463 0.2251 0.9532
-1.2145 1.3503 -5.3031 0.7684 0.4037 0.4966 0.2251 0.9480
-1.2167 1.3415 -5.2949 0.7329 0.2624 0.6277 0.2241 0.9429
-1.2207 1.3321 -5.2883 0.6691 0.1110 0.7348 0.2221 0.9381
-1.2263 1.3224 -5.2834 0.5797 -0.0446 0.8136 0.2193 0.9338
-1.2332 1.3129 -5.2804 0.4680 -0.1985 0.8611 0.2156 0.9302
-1.2413 1.3038 -5.2795 0.3383 -0.3448 0.8756 0.2113 0.9273
-1.2502 1.2955 -5.2807 0.1956 -0.4778 0.8564 0.2065 0.9253
-1.2595 1.2884 -5.2840 0.0454 -0.5925 0.8043 0.2015 0.9243
-1.2690 1.2826 -5.2891 -0.1066 -0.6844 0.7213 0.1963 0.9243
-1.3918 1.1671 -5.3044 -0.3920 -0.7872 0.4760 0.1857 0.9263
-1.3832 1.1694 -5.2960 -0.2539 -0.7505 0.6101 0.1906 0.9243
-1.3994 1.1667 -5.3139 -0.5151 -0.7937 0.3236 0.1813 0.9293
-1.4059 1.1682 -5.3241 -0.6184 -0.7697 0.1587 0.1775 0.9330
-1.4108 1.1715 -5.3348 -0.6980 -0.7160 -0.0123 0.1745 0.9375
-1.4141 1.1765 -5.3454 -0.7507 -0.6349 -0.1828 0.1725 0.9424
-1.4156 1.1831 -5.3555 -0.7745 -0.5294 -0.3462 0.1714 0.9476
-1.4152 1.1909 -5.3649 -0.7686 -0.4035 -0.4964 0.1714 0.9530
-1.4130 1.1997 -5.3730 -0.7332 -0.2621 -0.6275 0.1725 0.9582
-1.4090 1.2092 -5.3797 -0.6696 -0.1106 -0.7345 0.1745 0.9631
-1.4035 1.2188 -5.3846 -0.5802 0.0450 -0.8132 0.1775 0.9676
-1.3965 1.2284 -5.3875 -0.4686 0.1990 -0.8607 0.1813 0.9713
-1.3885 1.2375 -5.3884 -0.3389 0.3454 -0.8751 0.1857 0.9743
-1.3796 1.2458 -5.3872 -0.1962 0.4784 -0.8559 0.1906 0.9764
-1.3703 1.2529 -5.3840 -0.0460 0.5931 -0.8038 0.1959 0.9774
-1.3608 1.2586 -5.3788 0.1060 0.6850 -0.7208 0.2012 0.9774
-1.3516 1.2627 -5.3720 0.2539 0.7505 -0.6101 0.2064 0.9764
-1.3430 1.2650 -5.3636 0.3920 0.7872 -0.4760 0.2114 0.9743
-1.3353 1.2654 -5.3541 0.5151 0.7937 -0.3235 0.2158 0.9713
-1.3289 1.2639 -5.3439 0.6184 0.7697 -0.1587 0.2196 0.9676
-1.3240 1.2606 -5.3332 0.6979 0.7160 0.0123 0.2225 0.9631
-1.3207 1.2555 -5.3226 0.7507 0.6349 0.1828 0.2246 0.9582
-1.3192 1.2490 -5.3125 0.7745 0.5294 0.3462 0.2256 0.9530
-1.3196 1.2411 -5.3031 0.7686 0.4035 0.4964 0.2256 0.9476
-1.3218 1.2323 -5.2950 0.7332 0.2621 0.6275 0.2246 0.9424
-1.3257 1.2229 -5.2883 0.6696 0.1107 0.7345 0.2225 0.9375
-1.3313 1.2132 -5.2834 0.5802 -0.0451 0.8132 0.2196 0.9330
-1.3382 1.2037 -5.2805 0.4686 -0.1990 0.8607 0.2158 0.9293
-1.3463 1.1946 -5.2796 0.3389 -0.3454 0.8751 0.2114 0.9263
-1.3552 1.1863 -5.2808 0.1962 -0.4784 0.8559 0.2064 0.9243
-1.3645 1.1791 -5.2840 0.0460 -0.5931 0.8038 0.2012 0.9232
-1.3740 1.1734 -5.2892 -0.1060 -0.6850 0.7208 0.1959 0.9232
-1.8696 -0.0042 -5.4032 0.0916 -0.9819 0.1656 0.1739 0.9428
-1.8640 -0.0007 -5.3929 0.1824 -0.9262 0.3301 0.1758 0.9381
-1.8755 -0.0053 -5.4138 -0.0027 -1.0000 -0.0053 0.1729 0.9478
-1.8814 -0.0040 -5.4244 -0.0969 -0.9796 -0.1760 0.1729 0.9529
-1.8870 -0.0004 -5.4346 -0.1874 -0.9216 -0.3400 0.1739 0.9579
-1.8922 0.0054 -5.4440 -0.2707 -0.8281 -0.4908 0.1758 0.9626
-1.8967 0.0132 -5.4522 -0.3436 -0.7029 -0.6229 0.1787 0.9668
-1.9004 0.0226 -5.4589 -0.4032 -0.5506 -0.7309 0.1823 0.9704
-1.9032 0.0334 -5.4639 -0.4474 -0.3772 -0.8109 0.1865 0.9733
-1.9049 0.0451 -5.4670 -0.4744 -0.1892 -0.8597 0.1912 0.9752
-1.9054 0.0573 -5.4679 -0.4832 0.0060 -0.8755 0.1962 0.9762
-1.9048 0.0694 -5.4668 -0.4733 0.2009 -0.8577 0.2013 0.9762
-1.9030 0.0810 -5.4637 -0.4453 0.3882 -0.8068 0.2063 0.9752
-1.9002 0.0918 -5.4586 -0.4002 0.5606 -0.7250 0.2110 0.9733
-1.8965 0.1011 -5.4518 -0.3397 0.7113 -0.6153 0.2153 0.9704
-1.8919 0.1088 -5.4435 -0.2662 0.8348 -0.4820 0.2189 0.9668
-1.8867 0.1145 -5.4340 -0.1824 0.9262 -0.3301 0.2217 0.9626
-1.8810 0.1180 -5.4238 -0.0916 0.9819 -0.1656 0.2237 0.9579
-1.8752 0.1191 -5.4131 0.0027 1.0000 0.0053 0.2246 0.9529
-1.8693 0.1178 -5.4025 0.0969 0.9796 0.1760 0.2246 0.9478
-1.8637 0.1142 -5.3923 0.1874 0.9216 0.3400 0.2237 0.9428
-1.8585 0.1084 -5.3829 0.2707 0.8281 0.4909 0.2217 0.9381
-1.8540 0.1006 -5.3747 0.3436 0.7029 0.6229 0.2189 0.9338
-1.8503 0.0911 -5.3680 0.4032 0.5506 0.7309 0.2153 0.9302
-1.8475 0.0804 -5.3630 0.4474 0.3771 0.8109 0.2110 0.9274
-1.8458 0.0687 -5.3600 0.4744 0.1892 0.8597 0.2063 0.9254
-1.8453 0.0565 -5.3590 0.4832 -0.0060 0.8755 0.2013 0.9244
-1.8459 0.0444 -5.3601 0.4733 -0.2010 0.8576 0.1962 0.9244
-1.8476 0.0327 -5.3633 0.4453 -0.3882 0.8068 0.1912 0.9254
-1.8504 0.0220 -5.3684 0.4002 -0.5605 0.7250 0.1865 0.9274
-1.8542 0.0126 -5.3752 0.3397 -0.7113 0.6153 0.1823 0.9302
-1.8588 0.0050 -5.3835 0.2662 -0.8348 0.4820 0.1787 0.9338
-1.8696 -0.1557 -5.4032 0.0916 -0.9819 0.1656 0.1726 0.9431
-1.8640 -0.1522 -5.3929 0.1824 -0.9262 0.3301 0.1746 0.9382
-1.8755 -0.1568 -5.4138 -0.0027 -1.0000 -0.0053 0.1715 0.9484
-1.8814 -0.1555 -5.4244 -0.0969 -0.9796 -0.1760 0.1715 0.9537
-1.8870 -0.1519 -5.4346 -0.1874 -0.9216 -0.3400 0.1726 0.9589
-1.8922 -0.1461 -5.4440 -0.2707 -0.8281 -0.4909 0.1746 0.9638
-1.8967 -0.1383 -5.4522 -0.3436 -0.7029 -0.6229 0.1775 0.9682
-1.9004 -0.1289 -5.4589 -0.4032 -0.5506 -0.7309 0.1813 0.9720
-1.9032 -0.1181 -5.4639 -0.4474 -0.3772 -0.8109 0.1857 0.9749
-1.9049 -0.1064 -5.4670 -0.4744 -0.1892 -0.8597 0.1906 0.9770
-1.9054 -0.0942 -5.4679 -0.4832 0.0060 -0.8755 0.1958 0.9780
-1.9048 -0.0821 -5.4668 -0.4733 0.2009 -0.8577 0.2012 0.9780
-1.9030 -0.0705 -5.4637 -0.4453 0.3882 -0.8068 0.2064 0.9770
-1.9002 -0.0597 -5.4586 -0.4002 0.5605 -0.7250 0.2113 0.9749
-1.8965 -0.0504 -5.4518 -0.3397 0.7113 -0.6153 0.2157 0.9720
-1.8919 -0.0427 -5.4435 -0.2662 0.8348 -0.4820 0.2195 0.9682
-1.8867 -0.0370 -5.4340 -0.1824 0.9261 -0.3301 0.2224 0.9638
-1.8810 -0.0335 -5.4238 -0.0916 0.9819 -0.1656 0.2244 0.9589
-1.8752 -0.0324 -5.4131 0.0027 1.0000 0.0053 0.2255 0.9537
-1.8693 -0.0337 -5.4025 0.0969 0.9796 0.1760 0.2255 0.9484
-1.8637 -0.0373 -5.3923 0.1874 0.9216 0.3400 0.2244 0.9431
-1.8585 -0.0431 -5.3829 0.2707 0.8281 0.4909 0.2224 0.9382
-1.8540 -0.0509 -5.3747 0.3436 0.7029 0.6229 0.2195 0.9338
-1.8503 -0.0604 -5.3680 0.4032 0.5506 0.7309 0.2157 0.9301
-1.8475 -0.0711 -5.3630 0.4474 0.3771 0.8109 0.2113 0.9271
-1.8458 -0.0828 -5.3600 0.4744 0.1892 0.8597 0.2064 0.9251
-1.8453 -0.0950 -5.3590 0.4832 -0.0060 0.8755 0.2012 0.9240
-1.8459 -0.1071 -5.3601 0.4733 -0.2010 0.8576 0.1958 0.9240
-1.8476 -0.1188 -5.3633 0.4453 -0.3882 0.8068 0.1906 0.9251
-1.8504 -0.1295 -5.3684 0.4002 -0.5605 0.7250 0.1857 0.9271
-1.8542 -0.1389 -5.3752 0.3397 -0.7113 0.6153 0.1813 0.9301
-1.8588 -0.1465 -5.3835 0.2662 -0.8348 0.4820 0.1775 0.9338
-0.1118 1.0979 -4.1078 -0.5556 -0.4244 0.7150 0.1738 0.9427
-0.1010 1.0950 -4.1029 -0.3827 -0.4716 0.7944 0.1757 0.9379
-0.1212 1.1019 -4.1145 -0.7071 -0.3610 0.6080 0.1728 0.9477
-0.1289 1.1067 -4.1226 -0.8315 -0.2836 0.4777 0.1728 0.9529
-0.1347 1.1122 -4.1318 -0.9239 -0.1954 0.3291 0.1738 0.9580
-0.1382 1.1181 -4.1419 -0.9808 -0.0996 0.1678 0.1757 0.9628
-0.1394 1.1243 -4.1523 -1.0000 -0.0000 -0.0000 0.1786 0.9671
-0.1382 1.1305 -4.1627 -0.9808 0.0996 -0.1678 0.1823 0.9707
-0.1347 1.1365 -4.1728 -0.9239 0.1953 -0.3291 0.1866 0.9736
-0.1289 1.1419 -4.1820 -0.8315 0.2836 -0.4777 0.1914 0.9756
-0.1212 1.1468 -4.1901 -0.7071 0.3610 -0.6080 0.1964 0.9766
-0.1118 1.1507 -4.1968 -0.5556 0.4244 -0.7150 0.2016 0.9766
-0.1010 1.1536 -4.2017 -0.3827 0.4716 -0.7944 0.2067 0.9756
-0.0893 1.1554 -4.2048 -0.1951 0.5006 -0.8434 0.2115 0.9736
-0.0772 1.1561 -4.2058 -0.0000 0.5105 -0.8599 0.2158 0.9707
-0.0651 1.1554 -4.2048 0.1951 0.5006 -0.8434 0.2194 0.9671
-0.0534 1.1536 -4.2017 0.3827 0.4716 -0.7945 0.2223 0.9628
-0.0426 1.1507 -4.1968 0.5556 0.4244 -0.7150 0.2243 0.9580
-0.0332 1.1468 -4.1901 0.7071 0.3609 -0.6080 0.2253 0.9529
-0.0255 1.1419 -4.1820 0.8315 0.2836 -0.4777 0.2253 0.9477
-0.0197 1.1365 -4.1728 0.9239 0.1953 -0.3291 0.2243 0.9427
-0.0162 1.1305 -4.1627 0.9808 0.0996 -0.1678 0.2223 0.9379
-0.0150 1.1243 -4.1523 1.0000 -0.0000 0.0000 0.2194 0.9336
-0.0162 1.1181 -4.1419 0.9808 -0.0996 0.1678 0.2158 0.9299
-0.0197 1.1122 -4.1318 0.9239 -0.1953 0.3291 0.2115 0.9270
-0.0255 1.1067 -4.1226 0.8315 -0.2836 0.4777 0.2067 0.9251
-0.0332 1.1019 -4.1145 0.7071 -0.3610 0.6080 0.2016 0.9240
-0.0426 1.0979 -4.1078 0.5556 -0.4244 0.7150 0.1964 0.9240
-0.0534 1.0950 -4.1029 0.3827 -0.4716 0.7944 0.1914 0.9251
-0.0651 1.0932 -4.0998 0.1951 -0.5007 0.8434 0.1866 0.9270
-0.0772 1.0925 -4.0988 -0.0000 -0.5105 0.8599 0.1823 0.9299
-0.0893 1.0932 -4.0998 -0.1951 -0.5007 0.8434 0.1786 0.9336
-0.1033 1.8858 -5.3907 0.0057 0.8755 0.4832 0.0487 0.8848
-0.0951 1.8836 -5.3869 0.0057 0.8755 0.4832 0.0503 0.8811
-0.1105 1.8887 -5.3958 0.0057 0.8755 0.4832 0.0480 0.8887
-0.1164 1.8921 -5.4021 0.0057 0.8755 0.4832 0.0480 0.8927
-0.1207 1.8961 -5.4093 0.0057 0.8755 0.4832 0.0487 0.8966
-0.1234 1.9004 -5.4170 0.0057 0.8755 0.4832 0.0503 0.9003
-0.1243 1.9049 -5.4251 0.0057 0.8755 0.4832 0.0525 0.9037
-0.1234 1.9094 -5.4332 0.0057 0.8755 0.4832 0.0553 0.9065
-0.1207 1.9136 -5.4410 0.0057 0.8755 0.4832 0.0586 0.9087
-0.1163 1.9176 -5.4482 0.0057 0.8755 0.4832 0.0623 0.9102
-0.1105 1.9210 -5.4545 0.0057 0.8755 0.4832 0.0662 0.9110
-0.1033 1.9238 -5.4596 0.0057 0.8755 0.4832 0.0702 0.9110
-0.0951 1.9259 -5.4635 0.0057 0.8755 0.4832 0.0742 0.9102
-0.0862 1.9271 -5.4659 -0.1944 0.4749 -0.8583 0.2083 0.9685
-0.0770 1.9275 -5.4667 0.0007 0.4832 -0.8755 0.2116 0.9663
-0.0677 1.9270 -5.4659 0.1958 0.4728 -0.8591 0.2144 0.9635
-0.0589 1.9257 -5.4635 0.0057 0.8755 0.4832 0.0862 0.9003
-0.0507 1.9235 -5.4597 0.0057 0.8755 0.4832 0.0878 0.8966
-0.0435 1.9206 -5.4546 0.0057 0.8755 0.4832 0.0885 0.8927
-0.0376 1.9171 -5.4483 0.0057 0.8755 0.4832 0.0885 0.8887
-0.0333 1.9132 -5.4412 0.0057 0.8755 0.4832 0.0878 0.8848
-0.0306 1.9089 -5.4334 0.0057 0.8755 0.4832 0.0862 0.8811
-0.0297 1.9044 -5.4253 0.0057 0.8755 0.4832 0.0840 0.8778
-0.0306 1.8999 -5.4172 0.0057 0.8755 0.4832 0.0812 0.8750
-0.0333 1.8957 -5.4095 0.0057 0.8755 0.4832 0.0779 0.8727
-0.0377 1.8917 -5.4023 0.0057 0.8755 0.4832 0.0742 0.8712
-0.0436 1.8883 -5.3960 0.0057 0.8755 0.4832 0.0702 0.8704
-0.0507 1.8855 -5.3908 0.0057 0.8755 0.4832 0.0662 0.8704
-0.0589 1.8834 -5.3870 0.0057 0.8755 0.4832 0.0623 0.8712
-0.0678 1.8822 -5.3846 0.0057 0.8755 0.4832 0.0586 0.8727
-0.0770 1.8818 -5.3838 0.0057 0.8755 0.4832 0.0553 0.8750
-0.0863 1.8823 -5.3846 0.0057 0.8755 0.4832 0.0525 0.8778
-1.2931 1.2997 -5.3021 -0.6310 0.6072 0.4829 0.0590 0.8731
-1.2866 1.3015 -5.2958 -0.6310 0.6072 0.4829 0.0626 0.8715
-1.2989 1.2994 -5.3093 -0.6310 0.6072 0.4829 0.0557 0.8752
-1.3038 1.3005 -5.3171 -0.6310 0.6072 0.4829 0.0529 0.8780
-1.3076 1.3031 -5.3252 -0.6310 0.6072 0.4829 0.0507 0.8813
-1.3101 1.3069 -5.3333 -0.6310 0.6072 0.4829 0.0492 0.8849
-1.3112 1.3119 -5.3411 -0.6310 0.6072 0.4829 0.0485 0.8888
-1.3109 1.3178 -5.3482 -0.6310 0.6072 0.4829 0.0485 0.8927
-1.3092 1.3245 -5.3544 -0.6310 0.6072 0.4829 0.0492 0.8966
-1.3062 1.3317 -5.3594 -0.6310 0.6072 0.4829 0.0507 0.9002
-1.3020 1.3391 -5.3632 -0.6310 0.6072 0.4829 0.0529 0.9035
-1.2967 1.3463 -5.3654 -0.6310 0.6072 0.4829 0.0557 0.9063
-1.2906 1.3533 -5.3661 -0.6310 0.6072 0.4829 0.0590 0.9085
-1.2838 1.3596 -5.3652 -0.6310 0.6072 0.4829 0.0626 0.9100
-1.2767 1.3650 -5.3627 -0.6310 0.6072 0.4829 0.0665 0.9108
-1.2695 1.3693 -5.3588 -0.6310 0.6072 0.4829 0.0704 0.9108
-1.2625 1.3725 -5.3536 -0.6310 0.6072 0.4829 0.0743 0.9100
-1.2560 1.3742 -5.3472 -0.6310 0.6072 0.4829 0.0779 0.9085
-1.2501 1.3745 -5.3400 -0.6310 0.6072 0.4829 0.0812 0.9063
-1.2453 1.3734 -5.3322 -0.6310 0.6072 0.4829 0.0840 0.9035
-1.2415 1.3708 -5.3241 -0.6310 0.6072 0.4829 0.0862 0.9002
-1.2390 1.3670 -5.3160 -0.6310 0.6072 0.4829 0.0877 0.8966
-1.2379 1.3620 -5.3083 -0.6310 0.6072 0.4829 0.0884 0.8927
-1.2382 1.3561 -5.3012 -0.6310 0.6072 0.4829 0.0884 0.8888
-1.2398 1.3494 -5.2949 -0.6310 0.6072 0.4829 0.0877 0.8849
-1.2429 1.3422 -5.2899 -0.6310 0.6072 0.4829 0.0862 0.8813
-1.2471 1.3348 -5.2861 -0.6310 0.6072 0.4829 0.0840 0.8780
-1.2524 1.3276 -5.2839 -0.6310 0.6072 0.4829 0.0812 0.8752
-1.2585 1.3206 -5.2832 -0.6310 0.6072 0.4829 0.0779 0.8730
-1.2653 1.3143 -5.2841 -0.6310 0.6072 0.4829 0.0743 0.8715
-1.2724 1.3089 -5.2866 -0.6310 0.6072 0.4829 0.0704 0.8708
-1.2796 1.3046 -5.2905 -0.6310 0.6072 0.4829 0.0665 0.8708
-1.3981 1.1905 -5.3021 -0.3920 -0.7872 0.4760 0.1888 0.9320
-1.3916 1.1922 -5.2958 -0.6309 0.6066 0.4837 0.0621 0.8707
-1.4040 1.1902 -5.3093 -0.5151 -0.7937 0.3236 0.1854 0.9343
-1.4089 1.1913 -5.3171 -0.6309 0.6066 0.4837 0.0521 0.8773
-1.4126 1.1939 -5.3252 -0.6309 0.6066 0.4837 0.0498 0.8807
-1.4151 1.1977 -5.3333 -0.6309 0.6066 0.4837 0.0483 0.8845
-1.4163 1.2027 -5.3410 -0.6309 0.6066 0.4837 0.0475 0.8884
-1.4160 1.2087 -5.3481 -0.6309 0.6066 0.4837 0.0475 0.8925
-1.4143 1.2154 -5.3543 -0.6309 0.6066 0.4837 0.0483 0.8965
-1.4113 1.2225 -5.3594 -0.6309 0.6066 0.4837 0.0498 0.9002
-1.4071 1.2299 -5.3631 -0.6309 0.6066 0.4837 0.0521 0.9036
-1.4018 1.2372 -5.3654 -0.6309 0.6066 0.4837 0.0550 0.9065
-1.3956 1.2441 -5.3661 -0.6309 0.6066 0.4837 0.0584 0.9087
-1.3889 1.2504 -5.3652 -0.6309 0.6066 0.4837 0.0621 0.9103
-1.3818 1.2558 -5.3627 -0.6309 0.6066 0.4837 0.0661 0.9111
-1.3746 1.2602 -5.3588 -0.6309 0.6066 0.4837 0.0701 0.9111
-1.3676 1.2633 -5.3535 -0.6309 0.6066 0.4837 0.0741 0.9103
-1.3610 1.2650 -5.3472 -0.6309 0.6066 0.4837 0.0779 0.9087
-1.3552 1.2653 -5.3400 -0.6309 0.6066 0.4837 0.0813 0.9065
-1.3503 1.2642 -5.3322 -0.6309 0.6066 0.4837 0.0841 0.9036
-1.3466 1.2617 -5.3241 -0.6309 0.6066 0.4837 0.0864 0.9002
-1.3441 1.2578 -5.3160 -0.6309 0.6066 0.4837 0.0879 0.8965
-1.3429 1.2528 -5.3083 -0.6309 0.6066 0.4837 0.0887 0.8925
-1.3432 1.2469 -5.3011 -0.6309 0.6066 0.4837 0.0887 0.8884
-1.3449 1.2402 -5.2949 -0.6309 0.6066 0.4837 0.0879 0.8845
-1.3479 1.2330 -5.2899 -0.6309 0.6066 0.4837 0.0864 0.8807
-1.3521 1.2256 -5.2861 -0.6309 0.6066 0.4837 0.0841 0.8773
-1.3574 1.2183 -5.2839 -0.6309 0.6066 0.4837 0.0812 0.8745
-1.3635 1.2114 -5.2832 -0.6309 0.6066 0.4837 0.0779 0.8722
-1.3703 1.2051 -5.2841 -0.6309 0.6066 0.4837 0.0741 0.8707
-1.3774 1.1997 -5.2866 -0.6309 0.6066 0.4837 0.0701 0.8699
-1.3846 1.1953 -5.2905 -0.6309 0.6066 0.4837 0.0661 0.8699
-1.8879 0.0104 -5.3963 -0.8755 -0.0002 0.4832 0.0494 0.8848
-1.8836 0.0131 -5.3885 -0.8755 -0.0002 0.4832 0.0509 0.8812
-1.8924 0.0096 -5.4044 -0.8755 -0.0002 0.4832 0.0486 0.8886
-1.8969 0.0105 -5.4125 -0.8755 -0.0002 0.4832 0.0486 0.8924
-1.9011 0.0133 -5.4202 -0.8755 -0.0002 0.4832 0.0494 0.8962
-1.9051 0.0177 -5.4274 -0.8755 -0.0002 0.4832 0.0509 0.8998
-1.9085 0.0236 -5.4336 -0.8755 -0.0002 0.4832 0.0530 0.9031
-1.9114 0.0308 -5.4387 -0.8755 -0.0002 0.4832 0.0558 0.9058
-1.9135 0.0390 -5.4425 -0.8755 -0.0002 0.4832 0.0590 0.9080
-1.9147 0.0479 -5.4448 -0.8755 -0.0002 0.4832 0.0626 0.9094
-1.9151 0.0572 -5.4456 -0.8755 -0.0002 0.4832 0.0664 0.9102
-1.9147 0.0664 -5.4447 -0.8755 -0.0002 0.4832 0.0703 0.9102
-1.9134 0.0753 -5.4423 -0.8755 -0.0002 0.4832 0.0741 0.9094
-1.9112 0.0834 -5.4385 -0.8755 -0.0002 0.4832 0.0777 0.9080
-1.9084 0.0906 -5.4333 -0.8755 -0.0002 0.4832 0.0809 0.9058
-1.9049 0.0964 -5.4269 -0.8755 -0.0002 0.4832 0.0836 0.9031
-1.9009 0.1007 -5.4198 -0.8755 -0.0002 0.4832 0.0858 0.8998
-1.8966 0.1034 -5.4120 -0.8755 -0.0002 0.4832 0.0873 0.8962
-1.8921 0.1042 -5.4039 -0.8755 -0.0002 0.4832 0.0880 0.8924
-1.8877 0.1033 -5.3958 -0.8755 -0.0002 0.4832 0.0880 0.8886
-1.8834 0.1005 -5.3880 0.1874 0.9216 0.3400 0.2177 0.9446
-1.8795 0.0961 -5.3809 0.2707 0.8281 0.4908 0.2162 0.9410
-1.8760 0.0902 -5.3746 -0.8755 -0.0002 0.4832 0.0836 0.8779
-1.8732 0.0830 -5.3695 -0.8755 -0.0002 0.4832 0.0809 0.8752
-1.8711 0.0747 -5.3657 -0.8755 -0.0002 0.4832 0.0777 0.8730
-1.8698 0.0658 -5.3634 -0.8755 -0.0002 0.4832 0.0741 0.8716
-1.8694 0.0566 -5.3627 -0.8755 -0.0002 0.4832 0.0703 0.8708
-1.8699 0.0474 -5.3635 -0.8755 -0.0002 0.4832 0.0664 0.8708
-1.8712 0.0385 -5.3659 -0.8755 -0.0002 0.4832 0.0626 0.8716
-1.8733 0.0304 -5.3698 -0.8755 -0.0002 0.4832 0.0590 0.8730
-1.8762 0.0232 -5.3750 -0.8755 -0.0002 0.4832 0.0558 0.8752
-1.8797 0.0174 -5.3813 -0.8755 -0.0002 0.4832 0.0530 0.8779
-1.8879 -0.1411 -5.3963 -0.8755 -0.0002 0.4832 0.0483 0.8852
-1.8836 -0.1384 -5.3885 -0.8755 -0.0002 0.4832 0.0499 0.8815
-1.8924 -0.1419 -5.4044 -0.8755 -0.0002 0.4832 0.0475 0.8892
-1.8969 -0.1410 -5.4125 -0.8755 -0.0002 0.4832 0.0475 0.8932
-1.9011 -0.1382 -5.4202 -0.8755 -0.0002 0.4832 0.0483 0.8972
-1.9051 -0.1338 -5.4274 -0.8755 -0.0002 0.4832 0.0499 0.9009
-1.9085 -0.1279 -5.4336 -0.8755 -0.0002 0.4832 0.0521 0.9043
-1.9114 -0.1207 -5.4387 -0.8755 -0.0002 0.4832 0.0550 0.9071
-1.9135 -0.1125 -5.4425 -0.8755 -0.0002 0.4832 0.0584 0.9094
-1.9147 -0.1036 -5.4448 -0.8755 -0.0002 0.4832 0.0621 0.9109
-1.9151 -0.0943 -5.4456 -0.8755 -0.0002 0.4832 0.0661 0.9117
-1.9147 -0.0851 -5.4447 -0.8755 -0.0002 0.4832 0.0701 0.9117
-1.9134 -0.0762 -5.4423 -0.8755 -0.0002 0.4832 0.0741 0.9109
-1.9112 -0.0681 -5.4385 -0.8755 -0.0002 0.4832 0.0778 0.9094
-1.9084 -0.0609 -5.4333 -0.8755 -0.0002 0.4832 0.0812 0.9071
-1.9049 -0.0551 -5.4269 -0.8755 -0.0002 0.4832 0.0840 0.9043
-1.9009 -0.0508 -5.4198 -0.8755 -0.0002 0.4832 0.0863 0.9009
-1.8966 -0.0481 -5.4120 -0.8755 -0.0002 0.4832 0.0878 0.8972
-1.8921 -0.0473 -5.4039 -0.8755 -0.0002 0.4832 0.0886 0.8932
-1.8877 -0.0482 -5.3958 -0.8755 -0.0002 0.4832 0.0886 0.8892
-1.8834 -0.0510 -5.3880 -0.8755 -0.0002 0.4832 0.0878 0.8852
-1.8795 -0.0554 -5.3809 -0.8755 -0.0002 0.4832 0.0863 0.8815
-1.8760 -0.0613 -5.3747 -0.8755 -0.0002 0.4832 0.0840 0.8781
-1.8732 -0.0685 -5.3695 -0.8755 -0.0002 0.4832 0.0812 0.8752
-1.8711 -0.0768 -5.3657 -0.8755 -0.0002 0.4832 0.0778 0.8730
-1.8698 -0.0857 -5.3634 -0.8755 -0.0002 0.4832 0.0741 0.8714
-1.8694 -0.0949 -5.3627 -0.8755 -0.0002 0.4832 0.0701 0.8707
-1.8699 -0.1041 -5.3635 -0.8755 -0.0002 0.4832 0.0661 0.8707
-1.8712 -0.1130 -5.3659 -0.8755 -0.0002 0.4832 0.0621 0.8714
-1.8733 -0.1211 -5.3698 -0.8755 -0.0002 0.4832 0.0584 0.8730
-1.8762 -0.1283 -5.3750 -0.8755 -0.0002 0.4832 0.0550 0.8752
-1.8797 -0.1341 -5.3813 -0.8755 -0.0002 0.4832 0.0521 0.8781
-0.1035 1.1208 -4.1086 -0.0000 0.8599 0.5105 0.0494 0.8847
-0.0953 1.1186 -4.1048 -0.0000 0.8599 0.5105 0.0509 0.8810
-0.1107 1.1238 -4.1136 -0.0000 0.8599 0.5105 0.0486 0.8885
-0.1166 1.1275 -4.1198 -0.0000 0.8599 0.5105 0.0486 0.8925
-0.1209 1.1317 -4.1269 -0.0000 0.8599 0.5105 0.0494 0.8963
-0.1236 1.1362 -4.1345 -0.0000 0.8599 0.5105 0.0509 0.9000
-0.1245 1.1409 -4.1424 -0.0000 0.8599 0.5105 0.0531 0.9032
-0.1236 1.1456 -4.1504 -0.9808 0.0996 -0.1678 0.1863 0.9658
-0.1209 1.1502 -4.1580 -0.9239 0.1953 -0.3291 0.1896 0.9680
-0.1166 1.1544 -4.1650 -0.8315 0.2836 -0.4777 0.1932 0.9695
-0.1107 1.1580 -4.1712 -0.0000 0.8599 0.5105 0.0666 0.9105
-0.1035 1.1610 -4.1763 -0.0000 0.8599 0.5105 0.0706 0.9105
-0.0953 1.1633 -4.1800 -0.0000 0.8599 0.5105 0.0744 0.9097
-0.0864 1.1646 -4.1824 -0.0000 0.8599 0.5105 0.0781 0.9082
-0.0772 1.1651 -4.1831 -0.0000 0.8599 0.5105 0.0813 0.9060
-0.0680 1.1646 -4.1824 -0.0000 0.8599 0.5105 0.0841 0.9032
-0.0591 1.1633 -4.1800 -0.0000 0.8599 0.5105 0.0863 0.9000
-0.0509 1.1610 -4.1763 -0.0000 0.8599 0.5105 0.0878 0.8963
-0.0437 1.1580 -4.1712 -0.0000 0.8599 0.5105 0.0886 0.8925
-0.0378 1.1544 -4.1650 -0.0000 0.8599 0.5105 0.0886 0.8885
-0.0335 1.1502 -4.1580 -0.0000 0.8599 0.5105 0.0878 0.8847
-0.0308 1.1456 -4.1504 -0.0000 0.8599 0.5105 0.0863 0.8810
-0.0299 1.1409 -4.1424 -0.0000 0.8599 0.5105 0.0841 0.8777
-0.0308 1.1362 -4.1345 -0.0000 0.8599 0.5105 0.0814 0.8750
-0.0335 1.1317 -4.1269 -0.0000 0.8599 0.5105 0.0781 0.8728
-0.0378 1.1275 -4.1198 -0.0000 0.8599 0.5105 0.0744 0.8713
-0.0437 1.1238 -4.1136 -0.0000 0.8599 0.5105 0.0706 0.8705
-0.0509 1.1208 -4.1086 -0.0000 0.8599 0.5105 0.0666 0.8705
-0.0591 1.1186 -4.1048 -0.0000 0.8599 0.5105 0.0628 0.8713
-0.0680 1.1172 -4.1025 -0.0000 0.8599 0.5105 0.0591 0.8728
-0.0772 1.1168 -4.1017 -0.0000 0.8599 0.5105 0.0559 0.8750
-0.0864 1.1172 -4.1025 -0.0000 0.8599 0.5105 0.0531 0.8777
0.0944 1.8667 -5.3962 -0.0057 0.8755 0.4832 0.1807 0.9409
0.1026 1.8688 -5.4001 -0.0057 0.8755 0.4832 0.1792 0.9446
0.1098 1.8717 -5.4052 -0.0057 0.8755 0.4832 0.1784 0.9485
0.1157 1.8752 -5.4115 -0.0057 0.8755 0.4832 0.1784 0.9525
0.1200 1.8792 -5.4186 -0.0057 0.8755 0.4831 0.1792 0.9565
0.1227 1.8835 -5.4264 -0.0057 0.8755 0.4831 0.1807 0.9602
0.1236 1.8880 -5.4345 -0.0057 0.8755 0.4831 0.1829 0.9635
0.1227 1.8924 -5.4426 -0.0057 0.8755 0.4831 0.1857 0.9663
0.1200 1.8967 -5.4503 -0.0057 0.8755 0.4832 0.1891 0.9685
0.1156 1.9006 -5.4575 -0.0057 0.8755 0.4832 0.1928 0.9701
0.1097 1.9041 -5.4638 -0.0057 0.8755 0.4832 0.1967 0.9708
0.1026 1.9069 -5.4690 -0.0057 0.8755 0.4831 0.2007 0.9708
0.0944 1.9089 -5.4728 -0.0057 0.8755 0.4832 0.2046 0.9701
0.0855 1.9102 -5.4752 0.1944 0.4749 -0.8583 0.2083 0.9685
0.0763 1.9106 -5.4760 -0.0007 0.4832 -0.8755 0.2116 0.9663
0.0670 1.9101 -5.4752 -0.1958 0.4728 -0.8591 0.2144 0.9635
0.0582 1.9087 -5.4729 -0.0057 0.8755 0.4832 0.2167 0.9602
0.0500 1.9066 -5.4691 -0.0057 0.8755 0.4832 0.2182 0.9565
0.0428 1.9037 -5.4639 -0.0057 0.8755 0.4831 0.2190 0.9525
0.0369 1.9002 -5.4577 -0.0057 0.8755 0.4832 0.2190 0.9485
0.0326 1.8962 -5.4505 -0.0057 0.8755 0.4831 0.2182 0.9446
0.0299 1.8919 -5.4428 -0.0057 0.8755 0.4831 0.2167 0.9409
0.0290 1.8875 -5.4347 -0.0057 0.8755 0.4832 0.2144 0.9376
0.0299 1.8830 -5.4266 -0.0057 0.8755 0.4832 0.2116 0.9348
0.0326 1.8787 -5.4188 -0.0057 0.8755 0.4832 0.2083 0.9326
0.0370 1.8748 -5.4116 -0.0057 0.8755 0.4832 0.2046 0.9310
0.0429 1.8714 -5.4053 -0.0057 0.8755 0.4832 0.2007 0.9302
0.0500 1.8686 -5.4002 -0.0057 0.8755 0.4832 0.1967 0.9302
0.0582 1.8665 -5.3963 -0.0057 0.8755 0.4832 0.1928 0.9310
0.0671 1.8652 -5.3939 -0.0057 0.8755 0.4832 0.1891 0.9326
0.0763 1.8648 -5.3931 -0.0057 0.8755 0.4831 0.1857 0.9348
0.0856 1.8653 -5.3939 -0.0057 0.8755 0.4831 0.1829 0.9376
0.1111 1.8387 -5.4026 0.5562 -0.3988 0.7292 0.1730 0.9428
0.1003 1.8358 -5.3976 0.3833 -0.4444 0.8097 0.1750 0.9379
0.1205 1.8425 -5.4093 0.7076 -0.3379 0.6206 0.1720 0.9479
0.1282 1.8471 -5.4176 0.8319 -0.2640 0.4882 0.1720 0.9532
0.1339 1.8523 -5.4270 0.9241 -0.1800 0.3370 0.1730 0.9583
0.1375 1.8579 -5.4372 0.9809 -0.0891 0.1729 0.1750 0.9632
0.1387 1.8638 -5.4478 1.0000 0.0053 0.0021 0.1780 0.9675
0.1375 1.8697 -5.4584 0.9806 0.0995 -0.1687 0.1817 0.9713
0.1339 1.8753 -5.4687 0.9236 0.1898 -0.3331 0.1860 0.9742
0.1282 1.8805 -5.4781 0.8311 0.2728 -0.4847 0.1909 0.9762
0.1204 1.8850 -5.4864 0.7066 0.3454 -0.6176 0.1960 0.9772
0.1110 1.8887 -5.4931 0.5550 0.4047 -0.7268 0.2013 0.9772
0.1002 1.8914 -5.4982 0.3820 0.4484 -0.8081 0.2064 0.9762
0.0886 1.8930 -5.5013 0.1944 0.4749 -0.8583 0.2113 0.9742
0.0764 1.8935 -5.5024 -0.0007 0.4832 -0.8755 0.2157 0.9713
0.0643 1.8929 -5.5014 -0.1958 0.4728 -0.8591 0.2194 0.9675
0.0526 1.8911 -5.4983 -0.3833 0.4444 -0.8097 0.2223 0.9632
0.0419 1.8883 -5.4933 -0.5562 0.3988 -0.7292 0.2243 0.9583
0.0324 1.8845 -5.4865 -0.7076 0.3379 -0.6206 0.2253 0.9532
0.0247 1.8799 -5.4783 -0.8319 0.2640 -0.4882 0.2253 0.9479
0.0190 1.8747 -5.4689 -0.9241 0.1800 -0.3370 0.2243 0.9428
0.0154 1.8690 -5.4587 -0.9809 0.0891 -0.1729 0.2223 0.9379
0.0143 1.8632 -5.4481 -1.0000 -0.0053 -0.0021 0.2194 0.9335
0.0155 1.8573 -5.4374 -0.9806 -0.0995 0.1687 0.2157 0.9298
0.0190 1.8517 -5.4272 -0.9236 -0.1898 0.3331 0.2113 0.9269
0.0248 1.8465 -5.4178 -0.8311 -0.2728 0.4847 0.2064 0.9249
0.0325 1.8420 -5.4095 -0.7066 -0.3454 0.6176 0.2013 0.9239
0.0419 1.8383 -5.4027 -0.5550 -0.4047 0.7268 0.1960 0.9239
0.0527 1.8356 -5.3977 -0.3820 -0.4484 0.8081 0.1909 0.9249
0.0644 1.8339 -5.3945 -0.1944 -0.4749 0.8583 0.1860 0.9269
0.0765 1.8334 -5.3935 0.0007 -0.4832 0.8755 0.1817 0.9298
0.0886 1.8341 -5.3945 0.1958 -0.4728 0.8591 0.1780 0.9335
1.2736 1.2897 -5.3051 0.6310 0.6072 0.4829 0.1930 0.9314
1.2801 1.2880 -5.3114 0.6310 0.6071 0.4829 0.1894 0.9329
1.2859 1.2877 -5.3187 0.6310 0.6071 0.4829 0.1861 0.9351
1.2908 1.2888 -5.3265 0.6310 0.6071 0.4829 0.1833 0.9379
1.2946 1.2913 -5.3346 0.6310 0.6072 0.4829 0.1811 0.9411
1.2971 1.2952 -5.3426 0.6310 0.6072 0.4829 0.1796 0.9448
1.2982 1.3001 -5.3504 0.6310 0.6072 0.4829 0.1789 0.9486
1.2979 1.3061 -5.3575 0.6310 0.6072 0.4829 0.1789 0.9526
1.2962 1.3128 -5.3637 0.6310 0.6072 0.4829 0.1796 0.9564
1.2932 1.3200 -5.3688 0.6310 0.6072 0.4829 0.1811 0.9601
1.2890 1.3273 -5.3725 0.6310 0.6072 0.4829 0.1833 0.9633
1.2837 1.3346 -5.3748 0.6310 0.6072 0.4829 0.1861 0.9661
1.2775 1.3415 -5.3754 0.6310 0.6072 0.4829 0.1894 0.9683
1.2708 1.3478 -5.3745 0.6310 0.6072 0.4829 0.1930 0.9698
1.2637 1.3533 -5.3721 0.6310 0.6072 0.4829 0.1969 0.9706
1.2565 1.3576 -5.3681 0.6310 0.6072 0.4829 0.2008 0.9706
1.2495 1.3607 -5.3629 0.6310 0.6072 0.4829 0.2047 0.9698
1.2429 1.3625 -5.3565 0.6310 0.6072 0.4829 0.2083 0.9683
1.2371 1.3628 -5.3493 0.6310 0.6072 0.4829 0.2116 0.9661
1.2322 1.3616 -5.3415 0.6310 0.6072 0.4829 0.2144 0.9633
1.2285 1.3591 -5.3334 0.6310 0.6072 0.4829 0.2166 0.9601
1.2260 1.3553 -5.3253 0.6310 0.6072 0.4829 0.2181 0.9564
1.2249 1.3503 -5.3176 0.6310 0.6072 0.4829 0.2189 0.9526
1.2251 1.3443 -5.3105 0.6310 0.6072 0.4829 0.2189 0.9486
1.2268 1.3376 -5.3043 0.6310 0.6072 0.4829 0.2181 0.9448
1.2298 1.3305 -5.2992 0.6310 0.6072 0.4829 0.2166 0.9411
1.2341 1.3231 -5.2955 0.6310 0.6072 0.4829 0.2144 0.9378
1.2394 1.3158 -5.2932 0.6310 0.6071 0.4829 0.2116 0.9351
1.2455 1.3089 -5.2926 0.6310 0.6072 0.4829 0.2083 0.9329
1.2523 1.3026 -5.2935 0.6310 0.6072 0.4829 0.2047 0.9314
1.2594 1.2972 -5.2959 0.6310 0.6071 0.4829 0.2008 0.9306
1.2666 1.2928 -5.2999 0.6310 0.6072 0.4829 0.1969 0.9306
1.2685 1.2595 -5.3177 0.3925 -0.7868 0.4764 0.1864 0.9273
1.2599 1.2618 -5.3094 0.2544 -0.7500 0.6106 0.1912 0.9253
1.2761 1.2591 -5.3272 0.5155 -0.7933 0.3239 0.1821 0.9302
1.2826 1.2606 -5.3375 0.6187 -0.7694 0.1589 0.1785 0.9338
1.2875 1.2639 -5.3481 0.6981 -0.7159 -0.0122 0.1756 0.9382
1.2908 1.2689 -5.3587 0.7507 -0.6349 -0.1827 0.1736 0.9429
1.2922 1.2755 -5.3689 0.7744 -0.5295 -0.3463 0.1726 0.9480
1.2919 1.2833 -5.3782 0.7684 -0.4037 -0.4966 0.1726 0.9532
1.2897 1.2921 -5.3864 0.7329 -0.2624 -0.6277 0.1736 0.9583
1.2857 1.3015 -5.3931 0.6691 -0.1111 -0.7348 0.1756 0.9630
1.2801 1.3112 -5.3980 0.5797 0.0446 -0.8136 0.1785 0.9673
1.2732 1.3208 -5.4009 0.4680 0.1985 -0.8611 0.1821 0.9710
1.2651 1.3299 -5.4018 0.3383 0.3448 -0.8756 0.1864 0.9739
1.2562 1.3381 -5.4006 0.1956 0.4778 -0.8564 0.1912 0.9759
1.2469 1.3453 -5.3974 0.0454 0.5925 -0.8043 0.1963 0.9769
1.2374 1.3510 -5.3922 -0.1066 0.6844 -0.7213 0.2015 0.9769
1.2282 1.3551 -5.3853 -0.2544 0.7500 -0.6106 0.2065 0.9759
1.2196 1.3574 -5.3770 -0.3925 0.7868 -0.4764 0.2113 0.9739
1.2120 1.3578 -5.3675 -0.5155 0.7933 -0.3238 0.2156 0.9710
1.2056 1.3563 -5.3572 -0.6187 0.7694 -0.1589 0.2193 0.9673
1.2006 1.3529 -5.3466 -0.6981 0.7159 0.0121 0.2221 0.9630
1.1974 1.3479 -5.3360 -0.7507 0.6349 0.1827 0.2241 0.9583
1.1959 1.3413 -5.3258 -0.7744 0.5295 0.3463 0.2251 0.9532
1.1963 1.3335 -5.3165 -0.7684 0.4037 0.4966 0.2251 0.9480
1.1985 1.3247 -5.3083 -0.7329 0.2624 0.6277 0.2241 0.9429
1.2024 1.3153 -5.3017 -0.6691 0.1110 0.7348 0.2221 0.9381
1.2080 1.3056 -5.2967 -0.5797 -0.0446 0.8136 0.2193 0.9338
1.2150 1.2961 -5.2938 -0.4680 -0.1985 0.8611 0.2156 0.9302
1.2230 1.2870 -5.2929 -0.3383 -0.3448 0.8756 0.2113 0.9273
1.2319 1.2787 -5.2941 -0.1956 -0.4778 0.8564 0.2065 0.9253
1.2412 1.2716 -5.2973 -0.0454 -0.5925 0.8043 0.2015 0.9243
1.2507 1.2658 -5.3025 0.1066 -0.6844 0.7213 0.1963 0.9243
1.3786 1.1805 -5.3051 0.6309 0.6067 0.4837 0.1925 0.9305
1.3851 1.1788 -5.3115 0.3920 -0.7872 0.4760 0.1888 0.9320
1.3910 1.1785 -5.3187 0.5151 -0.7937 0.3236 0.1854 0.9343
1.3959 1.1796 -5.3265 0.6309 0.6066 0.4837 0.1825 0.9372
1.3996 1.1821 -5.3346 0.6309 0.6066 0.4837 0.1803 0.9405
1.4021 1.1860 -5.3426 0.6309 0.6066 0.4837 0.1787 0.9443
1.4032 1.1910 -5.3504 0.6309 0.6066 0.4837 0.1779 0.9483
1.4030 1.1969 -5.3575 0.6309 0.6066 0.4837 0.1779 0.9523
1.4013 1.2036 -5.3637 0.6309 0.6066 0.4837 0.1787 0.9563
1.3983 1.2108 -5.3688 0.6309 0.6066 0.4837 0.1803 0.9601
1.3940 1.2182 -5.3725 0.6309 0.6066 0.4837 0.1825 0.9634
1.3888 1.2255 -5.3747 0.6309 0.6066 0.4837 0.1854 0.9663
1.3826 1.2324 -5.3754 0.6309 0.6066 0.4837 0.1888 0.9686
1.3759 1.2387 -5.3745 0.6309 0.6066 0.4837 0.1925 0.9701
1.3688 1.2441 -5.3720 0.6309 0.6067 0.4837 0.1965 0.9709
1.3616 1.2485 -5.3681 0.6309 0.6066 0.4837 0.2006 0.9709
1.3546 1.2516 -5.3629 0.6309 0.6067 0.4837 0.2045 0.9701
1.3480 1.2533 -5.3565 0.6309 0.6067 0.4837 0.2083 0.9686
1.3422 1.2536 -5.3493 0.6309 0.6066 0.4837 0.2117 0.9663
1.3373 1.2525 -5.3415 0.6309 0.6066 0.4837 0.2145 0.9634
1.3335 1.2499 -5.3334 0.6309 0.6066 0.4837 0.2168 0.9601
1.3310 1.2461 -5.3253 0.6309 0.6066 0.4837 0.2183 0.9563
1.3299 1.2411 -5.3176 0.6309 0.6066 0.4837 0.2191 0.9523
1.3302 1.2351 -5.3105 0.6309 0.6066 0.4837 0.2191 0.9483
1.3319 1.2284 -5.3043 0.6309 0.6066 0.4837 0.2183 0.9443
1.3349 1.2213 -5.2992 0.6309 0.6066 0.4837 0.2168 0.9405
1.3391 1.2139 -5.2955 0.6309 0.6066 0.4837 0.2145 0.9372
1.3444 1.2066 -5.2933 0.6309 0.6066 0.4837 0.2117 0.9343
1.3505 1.1997 -5.2926 0.6309 0.6066 0.4837 0.2083 0.9320
1.3573 1.1934 -5.2935 0.6309 0.6066 0.4837 0.2045 0.9305
1.3644 1.1880 -5.2959 0.6309 0.6066 0.4837 0.2006 0.9297
1.3716 1.1836 -5.2999 0.6309 0.6066 0.4837 0.1965 0.9297
1.3735 1.1503 -5.3178 0.3920 -0.7872 0.4760 0.1857 0.9263
1.3649 1.1526 -5.3094 0.2539 -0.7505 0.6101 0.1906 0.9243
1.3812 1.1499 -5.3273 0.5151 -0.7937 0.3236 0.1813 0.9293
1.3876 1.1514 -5.3375 0.6184 -0.7697 0.1587 0.1775 0.9331
1.3925 1.1547 -5.3481 0.6980 -0.7160 -0.0123 0.1745 0.9375
1.3958 1.1598 -5.3588 0.7507 -0.6349 -0.1828 0.1725 0.9424
1.3973 1.1663 -5.3689 0.7745 -0.5294 -0.3462 0.1714 0.9477
1.3969 1.1742 -5.3783 0.7686 -0.4035 -0.4964 0.1714 0.9530
1.3947 1.1829 -5.3864 0.7332 -0.2621 -0.6275 0.1725 0.9582
1.3908 1.1924 -5.3931 0.6696 -0.1106 -0.7345 0.1745 0.9631
1.3852 1.2021 -5.3980 0.5802 0.0451 -0.8132 0.1775 0.9676
1.3783 1.2116 -5.4009 0.4686 0.1990 -0.8607 0.1813 0.9714
1.3702 1.2207 -5.4018 0.3389 0.3454 -0.8751 0.1857 0.9743
1.3613 1.2290 -5.4006 0.1962 0.4784 -0.8559 0.1906 0.9764
1.3520 1.2361 -5.3974 0.0460 0.5931 -0.8038 0.1959 0.9774
1.3425 1.2419 -5.3922 -0.1060 0.6850 -0.7208 0.2012 0.9774
1.3333 1.2459 -5.3853 -0.2539 0.7505 -0.6101 0.2064 0.9764
1.3247 1.2482 -5.3770 -0.3920 0.7872 -0.4760 0.2114 0.9743
1.3171 1.2486 -5.3675 -0.5151 0.7937 -0.3235 0.2158 0.9714
1.3107 1.2471 -5.3573 -0.6184 0.7697 -0.1587 0.2196 0.9676
1.3057 1.2438 -5.3466 -0.6980 0.7160 0.0123 0.2225 0.9631
1.3024 1.2387 -5.3360 -0.7507 0.6349 0.1828 0.2246 0.9582
1.3009 1.2322 -5.3258 -0.7745 0.5294 0.3462 0.2256 0.9530
1.3013 1.2244 -5.3165 -0.7686 0.4035 0.4964 0.2256 0.9477
1.3035 1.2156 -5.3083 -0.7332 0.2621 0.6275 0.2246 0.9424
1.3075 1.2061 -5.3017 -0.6696 0.1107 0.7345 0.2225 0.9375
1.3130 1.1964 -5.2968 -0.5802 -0.0451 0.8132 0.2196 0.9331
1.3200 1.1869 -5.2938 -0.4686 -0.1990 0.8607 0.2158 0.9293
1.3280 1.1778 -5.2929 -0.3389 -0.3454 0.8751 0.2114 0.9263
1.3369 1.1695 -5.2941 -0.1962 -0.4784 0.8559 0.2064 0.9243
1.3463 1.1624 -5.2974 -0.0460 -0.5931 0.8038 0.2012 0.9232
1.3557 1.1566 -5.3025 0.1060 -0.6850 0.7208 0.1959 0.9232
1.8659 0.0131 -5.3979 0.8755 -0.0002 0.4832 0.1813 0.9410
1.8702 0.0104 -5.4056 0.8755 -0.0002 0.4832 0.1798 0.9446
1.8747 0.0096 -5.4137 0.8755 -0.0002 0.4832 0.1791 0.9484
1.8791 0.0105 -5.4218 0.8755 -0.0002 0.4832 0.1791 0.9523
1.8834 0.0133 -5.4296 0.8755 -0.0002 0.4832 0.1798 0.9561
1.8873 0.0177 -5.4367 0.8755 -0.0002 0.4832 0.1813 0.9597
1.8908 0.0236 -5.4430 0.8755 -0.0002 0.4832 0.1835 0.9629
1.8936 0.0308 -5.4481 0.8755 -0.0002 0.4832 0.1862 0.9656
1.8957 0.0390 -5.4519 0.8755 -0.0002 0.4832 0.1894 0.9678
1.8970 0.0479 -5.4542 0.8755 -0.0002 0.4832 0.1930 0.9693
1.8974 0.0572 -5.4549 0.8755 -0.0002 0.4832 0.1968 0.9700
1.8969 0.0664 -5.4541 0.8755 -0.0002 0.4832 0.2007 0.9700
1.8956 0.0753 -5.4517 0.8755 -0.0002 0.4832 0.2045 0.9693
1.8935 0.0834 -5.4478 0.8755 -0.0002 0.4832 0.2081 0.9678
1.8906 0.0906 -5.4426 0.8755 -0.0002 0.4832 0.2113 0.9656
1.8871 0.0964 -5.4363 0.8755 -0.0002 0.4832 0.2141 0.9629
1.8832 0.1007 -5.4291 0.8755 -0.0002 0.4832 0.2162 0.9597
1.8789 0.1034 -5.4213 0.8755 -0.0002 0.4832 0.2177 0.9561
1.8744 0.1042 -5.4132 0.8755 -0.0002 0.4832 0.2185 0.9523
1.8699 0.1033 -5.4051 0.8755 -0.0002 0.4832 0.2185 0.9484
1.8657 0.1005 -5.3974 -0.1874 0.9216 0.3400 0.2177 0.9446
1.8617 0.0961 -5.3902 -0.2707 0.8281 0.4908 0.2162 0.9410
1.8583 0.0902 -5.3840 0.8755 -0.0002 0.4832 0.2141 0.9378
1.8554 0.0830 -5.3789 0.8755 -0.0002 0.4832 0.2113 0.9350
1.8533 0.0747 -5.3751 0.8755 -0.0002 0.4832 0.2081 0.9329
1.8521 0.0659 -5.3728 0.8755 -0.0002 0.4832 0.2045 0.9314
1.8517 0.0566 -5.3720 0.8755 -0.0002 0.4832 0.2007 0.9306
1.8521 0.0474 -5.3729 0.8755 -0.0002 0.4832 0.1968 0.9306
1.8534 0.0385 -5.3753 0.8755 -0.0002 0.4832 0.1930 0.9314
1.8556 0.0304 -5.3792 0.8755 -0.0002 0.4832 0.1894 0.9329
1.8584 0.0232 -5.3844 0.8755 -0.0002 0.4832 0.1862 0.9350
1.8619 0.0174 -5.3907 0.8755 -0.0002 0.4832 0.1835 0.9378
1.8446 -0.0042 -5.4165 -0.0916 -0.9819 0.1656 0.1739 0.9428
1.8390 -0.0007 -5.4063 -0.1824 -0.9262 0.3301 0.1758 0.9381
1.8505 -0.0053 -5.4272 0.0027 -1.0000 -0.0053 0.1729 0.9478
1.8563 -0.0040 -5.4378 0.0969 -0.9796 -0.1760 0.1729 0.9529
1.8620 -0.0004 -5.4480 0.1874 -0.9216 -0.3400 0.1739 0.9579
1.8671 0.0054 -5.4574 0.2707 -0.8281 -0.4908 0.1758 0.9626
1.8717 0.0132 -5.4656 0.3436 -0.7029 -0.6229 0.1787 0.9668
1.8754 0.0227 -5.4723 0.4032 -0.5506 -0.7309 0.1823 0.9704
1.8781 0.0334 -5.4773 0.4474 -0.3772 -0.8109 0.1865 0.9733
1.8798 0.0451 -5.4803 0.4744 -0.1892 -0.8597 0.1912 0.9752
1.8804 0.0573 -5.4813 0.4832 0.0060 -0.8755 0.1962 0.9762
1.8797 0.0694 -5.4802 0.4733 0.2009 -0.8577 0.2013 0.9762
1.8780 0.0810 -5.4770 0.4453 0.3882 -0.8068 0.2063 0.9752
1.8752 0.0918 -5.4719 0.4002 0.5606 -0.7250 0.2110 0.9733
1.8714 0.1011 -5.4651 0.3397 0.7113 -0.6153 0.2153 0.9704
1.8669 0.1088 -5.4568 0.2662 0.8348 -0.4820 0.2189 0.9668
1.8616 0.1145 -5.4474 0.1824 0.9262 -0.3301 0.2217 0.9626
1.8560 0.1180 -5.4371 0.0916 0.9819 -0.1656 0.2237 0.9579
1.8501 0.1191 -5.4265 -0.0027 1.0000 0.0053 0.2246 0.9529
1.8443 0.1178 -5.4159 -0.0969 0.9796 0.1760 0.2246 0.9478
1.8386 0.1142 -5.4057 -0.1874 0.9216 0.3400 0.2237 0.9428
1.8335 0.1084 -5.3963 -0.2707 0.8281 0.4909 0.2217 0.9381
1.8289 0.1006 -5.3881 -0.3436 0.7029 0.6229 0.2189 0.9338
1.8252 0.0911 -5.3814 -0.4032 0.5506 0.7309 0.2153 0.9302
1.8225 0.0804 -5.3764 -0.4474 0.3771 0.8109 0.2110 0.9274
1.8208 0.0687 -5.3734 -0.4744 0.1892 0.8597 0.2063 0.9254
1.8202 0.0565 -5.3724 -0.4832 -0.0060 0.8755 0.2013 0.9244
1.8209 0.0444 -5.3735 -0.4733 -0.2010 0.8576 0.1962 0.9244
1.8226 0.0328 -5.3767 -0.4453 -0.3882 0.8068 0.1912 0.9254
1.8254 0.0220 -5.3817 -0.4002 -0.5605 0.7250 0.1865 0.9274
1.8292 0.0127 -5.3886 -0.3397 -0.7113 0.6153 0.1823 0.9302
1.8337 0.0050 -5.3969 -0.2662 -0.8348 0.4820 0.1787 0.9338
1.8659 -0.1384 -5.3979 0.8755 -0.0002 0.4832 0.1803 0.9413
1.8702 -0.1411 -5.4056 0.8755 -0.0002 0.4832 0.1788 0.9450
1.8747 -0.1419 -5.4137 0.8755 -0.0002 0.4832 0.1780 0.9490
1.8791 -0.1410 -5.4218 0.8755 -0.0002 0.4832 0.1780 0.9530
1.8834 -0.1382 -5.4296 0.8755 -0.0002 0.4832 0.1788 0.9570
1.8873 -0.1338 -5.4367 0.8755 -0.0002 0.4832 0.1803 0.9607
1.8908 -0.1279 -5.4430 0.8755 -0.0002 0.4832 0.1826 0.9641
1.8936 -0.1207 -5.4481 0.8755 -0.0002 0.4832 0.1854 0.9670
1.8957 -0.1125 -5.4519 0.8755 -0.0002 0.4832 0.1888 0.9692
1.8970 -0.1036 -5.4542 0.8755 -0.0002 0.4832 0.1925 0.9708
1.8974 -0.0943 -5.4549 0.8755 -0.0002 0.4832 0.1965 0.9716
1.8969 -0.0851 -5.4541 0.8755 -0.0002 0.4832 0.2005 0.9716
1.8956 -0.0762 -5.4517 0.8755 -0.0002 0.4832 0.2045 0.9708
1.8935 -0.0681 -5.4478 0.8755 -0.0002 0.4832 0.2082 0.9692
1.8906 -0.0609 -5.4426 0.8755 -0.0002 0.4832 0.2116 0.9670
1.8871 -0.0551 -5.4363 0.8755 -0.0002 0.4832 0.2145 0.9641
1.8832 -0.0508 -5.4291 0.8755 -0.0002 0.4832 0.2167 0.9607
1.8789 -0.0481 -5.4213 0.8755 -0.0002 0.4832 0.2182 0.9570
1.8744 -0.0473 -5.4132 0.8755 -0.0002 0.4832 0.2190 0.9530
1.8699 -0.0482 -5.4051 0.8755 -0.0002 0.4832 0.2190 0.9490
1.8657 -0.0510 -5.3974 0.8755 -0.0002 0.4832 0.2182 0.9450
1.8617 -0.0554 -5.3902 0.8755 -0.0002 0.4832 0.2167 0.9413
1.8583 -0.0613 -5.3840 0.8755 -0.0002 0.4832 0.2145 0.9379
1.8554 -0.0685 -5.3789 0.8755 -0.0002 0.4832 0.2116 0.9351
1.8533 -0.0768 -5.3751 0.8755 -0.0002 0.4832 0.2082 0.9328
1.8521 -0.0856 -5.3728 0.8755 -0.0002 0.4832 0.2045 0.9313
1.8517 -0.0949 -5.3720 0.8755 -0.0002 0.4832 0.2005 0.9305
1.8521 -0.1041 -5.3729 0.8755 -0.0002 0.4832 0.1965 0.9305
1.8534 -0.1130 -5.3753 0.8755 -0.0002 0.4832 0.1925 0.9313
1.8556 -0.1211 -5.3792 0.8755 -0.0002 0.4832 0.1888 0.9328
1.8584 -0.1283 -5.3844 0.8755 -0.0002 0.4832 0.1854 0.9351
1.8619 -0.1341 -5.3907 0.8755 -0.0002 0.4832 0.1826 0.9379
1.8446 -0.1557 -5.4165 -0.0916 -0.9819 0.1656 0.1726 0.9431
1.8390 -0.1522 -5.4063 -0.1824 -0.9262 0.3301 0.1746 0.9382
1.8505 -0.1568 -5.4272 0.0027 -1.0000 -0.0053 0.1715 0.9484
1.8563 -0.1555 -5.4378 0.0969 -0.9796 -0.1760 0.1715 0.9537
1.8620 -0.1519 -5.4480 0.1874 -0.9216 -0.3400 0.1726 0.9589
1.8671 -0.1461 -5.4574 0.2707 -0.8281 -0.4908 0.1746 0.9638
1.8717 -0.1383 -5.4656 0.3436 -0.7029 -0.6228 0.1775 0.9682
1.8754 -0.1289 -5.4723 0.4032 -0.5506 -0.7309 0.1813 0.9720
1.8781 -0.1181 -5.4773 0.4474 -0.3772 -0.8109 0.1857 0.9749
1.8798 -0.1064 -5.4803 0.4744 -0.1892 -0.8597 0.1906 0.9770
1.8804 -0.0942 -5.4813 0.4832 0.0060 -0.8755 0.1958 0.9780
1.8797 -0.0821 -5.4802 0.4733 0.2009 -0.8577 0.2012 0.9780
1.8780 -0.0705 -5.4770 0.4453 0.3882 -0.8068 0.2064 0.9770
1.8752 -0.0597 -5.4719 0.4002 0.5605 -0.7250 0.2113 0.9749
1.8714 -0.0504 -5.4651 0.3397 0.7113 -0.6153 0.2157 0.9720
1.8669 -0.0427 -5.4568 0.2662 0.8348 -0.4820 0.2195 0.9682
1.8616 -0.0370 -5.4474 0.1824 0.9262 -0.3301 0.2224 0.9638
1.8560 -0.0335 -5.4371 0.0916 0.9819 -0.1656 0.2244 0.9589
1.8501 -0.0324 -5.4265 -0.0027 1.0000 0.0053 0.2255 0.9537
1.8443 -0.0337 -5.4159 -0.0969 0.9796 0.1760 0.2255 0.9484
1.8386 -0.0373 -5.4057 -0.1874 0.9216 0.3400 0.2244 0.9431
1.8335 -0.0431 -5.3963 -0.2707 0.8281 0.4909 0.2224 0.9382
1.8289 -0.0509 -5.3881 -0.3436 0.7029 0.6229 0.2195 0.9338
1.8252 -0.0604 -5.3814 -0.4032 0.5506 0.7309 0.2157 0.9301
1.8225 -0.0711 -5.3764 -0.4474 0.3771 0.8109 0.2113 0.9271
1.8208 -0.0828 -5.3734 -0.4744 0.1892 0.8597 0.2064 0.9251
1.8202 -0.0950 -5.3724 -0.4832 -0.0060 0.8755 0.2012 0.9240
1.8209 -0.1071 -5.3735 -0.4733 -0.2010 0.8576 0.1958 0.9240
1.8226 -0.1187 -5.3767 -0.4453 -0.3882 0.8068 0.1906 0.9251
1.8254 -0.1295 -5.3817 -0.4002 -0.5605 0.7250 0.1857 0.9271
1.8292 -0.1388 -5.3886 -0.3397 -0.7113 0.6153 0.1813 0.9301
1.8337 -0.1465 -5.3969 -0.2662 -0.8348 0.4820 0.1775 0.9338
0.0945 1.1020 -4.1147 -0.0000 0.8599 0.5105 0.1813 0.9408
0.1027 1.1042 -4.1185 -0.0000 0.8599 0.5105 0.1798 0.9445
0.1099 1.1072 -4.1235 0.0000 0.8599 0.5104 0.1790 0.9483
0.1158 1.1109 -4.1297 -0.0000 0.8599 0.5105 0.1790 0.9523
0.1201 1.1151 -4.1367 -0.0000 0.8599 0.5105 0.1798 0.9561
0.1228 1.1196 -4.1444 -0.0000 0.8599 0.5105 0.1813 0.9598
0.1237 1.1243 -4.1523 0.0000 0.8599 0.5105 0.1835 0.9631
0.1228 1.1290 -4.1602 0.9808 0.0996 -0.1678 0.1863 0.9658
0.1201 1.1336 -4.1679 0.9239 0.1954 -0.3291 0.1896 0.9680
0.1158 1.1377 -4.1749 0.8315 0.2836 -0.4777 0.1932 0.9695
0.1099 1.1414 -4.1811 0.0000 0.8599 0.5105 0.1971 0.9703
0.1027 1.1444 -4.1861 0.0000 0.8599 0.5105 0.2010 0.9703
0.0945 1.1466 -4.1899 0.0000 0.8599 0.5105 0.2049 0.9695
0.0856 1.1480 -4.1922 -0.0000 0.8599 0.5105 0.2085 0.9680
0.0764 1.1485 -4.1930 0.0000 0.8599 0.5105 0.2118 0.9658
0.0672 1.1480 -4.1922 0.0000 0.8599 0.5105 0.2146 0.9631
0.0583 1.1466 -4.1899 -0.0000 0.8599 0.5105 0.2167 0.9598
0.0501 1.1444 -4.1861 0.0000 0.8599 0.5105 0.2183 0.9561
0.0429 1.1414 -4.1811 0.0000 0.8599 0.5105 0.2190 0.9523
0.0370 1.1377 -4.1749 0.0000 0.8599 0.5105 0.2190 0.9483
0.0327 1.1336 -4.1679 -0.0000 0.8599 0.5105 0.2183 0.9445
0.0300 1.1290 -4.1602 -0.0000 0.8599 0.5105 0.2167 0.9408
0.0291 1.1243 -4.1523 -0.0000 0.8599 0.5105 0.2146 0.9376
0.0300 1.1196 -4.1444 -0.0000 0.8599 0.5104 0.2118 0.9348
0.0327 1.1151 -4.1367 -0.0000 0.8599 0.5105 0.2085 0.9326
0.0370 1.1109 -4.1297 -0.0000 0.8599 0.5105 0.2049 0.9311
0.0429 1.1072 -4.1235 -0.0000 0.8599 0.5105 0.2010 0.9303
0.0501 1.1042 -4.1185 -0.0000 0.8599 0.5105 0.1971 0.9303
0.0583 1.1020 -4.1147 -0.0000 0.8599 0.5105 0.1932 0.9311
0.0672 1.1006 -4.1124 0.0000 0.8599 0.5104 0.1896 0.9326
0.0764 1.1001 -4.1116 -0.0000 0.8599 0.5105 0.1863 0.9348
0.0856 1.1006 -4.1124 -0.0000 0.8599 0.5105 0.1835 0.9376
0.1110 1.0741 -4.1220 0.5556 -0.4244 0.7150 0.1738 0.9427
0.1002 1.0712 -4.1170 0.3827 -0.4716 0.7944 0.1757 0.9379
0.1204 1.0781 -4.1286 0.7071 -0.3609 0.6080 0.1728 0.9477
0.1281 1.0829 -4.1367 0.8315 -0.2836 0.4777 0.1728 0.9529
0.1339 1.0884 -4.1460 0.9239 -0.1954 0.3291 0.1738 0.9580
0.1374 1.0943 -4.1560 0.9808 -0.0996 0.1678 0.1757 0.9628
0.1386 1.1005 -4.1664 1.0000 -0.0000 -0.0000 0.1786 0.9671
0.1374 1.1067 -4.1769 0.9808 0.0996 -0.1678 0.1823 0.9707
0.1339 1.1127 -4.1869 0.9239 0.1954 -0.3291 0.1866 0.9736
0.1281 1.1182 -4.1961 0.8315 0.2836 -0.4777 0.1914 0.9756
0.1204 1.1230 -4.2043 0.7071 0.3610 -0.6080 0.1964 0.9766
0.1110 1.1269 -4.2109 0.5556 0.4244 -0.7150 0.2016 0.9766
0.1002 1.1298 -4.2158 0.3827 0.4716 -0.7944 0.2067 0.9756
0.0885 1.1317 -4.2189 0.1951 0.5006 -0.8434 0.2115 0.9736
0.0764 1.1323 -4.2199 0.0000 0.5105 -0.8599 0.2158 0.9707
0.0643 1.1317 -4.2189 -0.1951 0.5006 -0.8434 0.2194 0.9671
0.0526 1.1298 -4.2158 -0.3827 0.4716 -0.7945 0.2223 0.9628
0.0418 1.1269 -4.2109 -0.5556 0.4244 -0.7150 0.2243 0.9580
0.0324 1.1230 -4.2043 -0.7071 0.3610 -0.6080 0.2253 0.9529
0.0247 1.1182 -4.1961 -0.8315 0.2836 -0.4777 0.2253 0.9477
0.0189 1.1127 -4.1869 -0.9239 0.1953 -0.3291 0.2243 0.9427
0.0154 1.1067 -4.1769 -0.9808 0.0996 -0.1678 0.2223 0.9379
0.0142 1.1005 -4.1664 -1.0000 -0.0000 0.0000 0.2194 0.9336
0.0154 1.0943 -4.1560 -0.9808 -0.0996 0.1678 0.2158 0.9299
0.0189 1.0884 -4.1460 -0.9239 -0.1953 0.3291 0.2115 0.9270
0.0247 1.0829 -4.1367 -0.8315 -0.2836 0.4777 0.2067 0.9251
0.0324 1.0781 -4.1286 -0.7071 -0.3610 0.6080 0.2016 0.9240
0.0418 1.0741 -4.1220 -0.5556 -0.4244 0.7150 0.1964 0.9240
0.0526 1.0712 -4.1170 -0.3827 -0.4716 0.7944 0.1914 0.9251
0.0643 1.0694 -4.1140 -0.1951 -0.5007 0.8434 0.1866 0.9270
0.0764 1.0688 -4.1129 0.0000 -0.5105 0.8599 0.1823 0.9299
0.0885 1.0694 -4.1140 0.1951 -0.5007 0.8434 0.1786 0.9336
0.1109 1.8629 -5.3892 0.5562 -0.3988 0.7292 0.1730 0.9428
0.1001 1.8601 -5.3842 0.3833 -0.4443 0.8097 0.1750 0.9379
0.1203 1.8667 -5.3960 0.7076 -0.3379 0.6206 0.1720 0.9479
0.1280 1.8713 -5.4042 0.8319 -0.2640 0.4882 0.1720 0.9532
0.1338 1.8765 -5.4136 0.9241 -0.1800 0.3370 0.1730 0.9583
0.1373 1.8822 -5.4238 0.9809 -0.0891 0.1729 0.1750 0.9632
0.1385 1.8880 -5.4344 1.0000 0.0053 0.0021 0.1780 0.9675
0.1373 1.8939 -5.4451 0.9806 0.0995 -0.1687 0.1817 0.9713
0.1338 1.8995 -5.4553 0.9236 0.1898 -0.3331 0.1860 0.9742
0.1280 1.9047 -5.4647 0.8311 0.2728 -0.4847 0.1909 0.9762
0.1203 1.9092 -5.4730 0.7066 0.3454 -0.6176 0.1960 0.9772
0.1108 1.9129 -5.4798 0.5550 0.4047 -0.7268 0.2013 0.9772
0.1001 1.9156 -5.4848 0.3820 0.4484 -0.8081 0.2064 0.9762
0.0884 1.9173 -5.4880 0.1944 0.4749 -0.8583 0.2113 0.9742
0.0763 1.9178 -5.4890 -0.0007 0.4832 -0.8755 0.2157 0.9713
0.0641 1.9171 -5.4880 -0.1958 0.4728 -0.8591 0.2194 0.9675
0.0525 1.9154 -5.4849 -0.3833 0.4444 -0.8097 0.2223 0.9632
0.0417 1.9125 -5.4799 -0.5562 0.3988 -0.7292 0.2243 0.9583
0.0323 1.9087 -5.4732 -0.7076 0.3379 -0.6206 0.2253 0.9532
0.0246 1.9041 -5.4649 -0.8319 0.2640 -0.4882 0.2253 0.9479
0.0188 1.8989 -5.4555 -0.9241 0.1800 -0.3370 0.2243 0.9428
0.0153 1.8933 -5.4453 -0.9809 0.0891 -0.1729 0.2223 0.9379
0.0141 1.8874 -5.4347 -1.0000 -0.0053 -0.0021 0.2194 0.9335
0.0153 1.8815 -5.4241 -0.9806 -0.0995 0.1687 0.2157 0.9298
0.0188 1.8759 -5.4138 -0.9236 -0.1898 0.3331 0.2113 0.9269
0.0246 1.8707 -5.4044 -0.8311 -0.2728 0.4847 0.2064 0.9249
0.0323 1.8662 -5.3961 -0.7066 -0.3454 0.6176 0.2013 0.9239
0.0418 1.8625 -5.3894 -0.5550 -0.4047 0.7268 0.1960 0.9239
0.0525 1.8598 -5.3843 -0.3820 -0.4484 0.8081 0.1909 0.9249
0.0642 1.8582 -5.3812 -0.1944 -0.4749 0.8583 0.1860 0.9269
0.0763 1.8577 -5.3801 0.0007 -0.4832 0.8755 0.1817 0.9298
0.0885 1.8583 -5.3811 0.1958 -0.4728 0.8591 0.1780 0.9335
1.2859 1.2763 -5.3044 0.3925 -0.7868 0.4764 0.1864 0.9273
1.2773 1.2786 -5.2960 0.2544 -0.7500 0.6106 0.1912 0.9253
1.2936 1.2759 -5.3139 0.5155 -0.7933 0.3239 0.1821 0.9302
1.3000 1.2774 -5.3241 0.6187 -0.7694 0.1589 0.1785 0.9338
1.3049 1.2807 -5.3348 0.6981 -0.7159 -0.0122 0.1756 0.9382
1.3082 1.2857 -5.3454 0.7507 -0.6349 -0.1827 0.1736 0.9429
1.3097 1.2923 -5.3555 0.7744 -0.5295 -0.3463 0.1726 0.9480
1.3093 1.3001 -5.3649 0.7684 -0.4037 -0.4966 0.1726 0.9532
1.3071 1.3089 -5.3730 0.7329 -0.2624 -0.6277 0.1736 0.9583
1.3031 1.3183 -5.3797 0.6691 -0.1111 -0.7348 0.1756 0.9630
1.2976 1.3280 -5.3846 0.5797 0.0446 -0.8136 0.1785 0.9673
1.2906 1.3376 -5.3876 0.4680 0.1985 -0.8611 0.1821 0.9710
1.2826 1.3467 -5.3885 0.3383 0.3448 -0.8756 0.1864 0.9739
1.2737 1.3549 -5.3873 0.1956 0.4778 -0.8564 0.1912 0.9759
1.2643 1.3621 -5.3840 0.0454 0.5925 -0.8043 0.1963 0.9769
1.2549 1.3678 -5.3789 -0.1066 0.6844 -0.7213 0.2015 0.9769
1.2457 1.3719 -5.3720 -0.2544 0.7500 -0.6106 0.2065 0.9759
1.2371 1.3742 -5.3636 -0.3925 0.7868 -0.4764 0.2113 0.9739
1.2295 1.3746 -5.3541 -0.5155 0.7933 -0.3238 0.2156 0.9710
1.2230 1.3731 -5.3439 -0.6187 0.7694 -0.1589 0.2193 0.9673
1.2181 1.3697 -5.3332 -0.6981 0.7159 0.0121 0.2221 0.9630
1.2148 1.3647 -5.3226 -0.7507 0.6349 0.1827 0.2241 0.9583
1.2133 1.3581 -5.3125 -0.7744 0.5295 0.3463 0.2251 0.9532
1.2137 1.3503 -5.3031 -0.7684 0.4037 0.4966 0.2251 0.9480
1.2159 1.3415 -5.2949 -0.7329 0.2624 0.6277 0.2241 0.9429
1.2199 1.3321 -5.2883 -0.6691 0.1110 0.7348 0.2221 0.9381
1.2255 1.3224 -5.2834 -0.5797 -0.0446 0.8136 0.2193 0.9338
1.2324 1.3129 -5.2804 -0.4680 -0.1985 0.8611 0.2156 0.9302
1.2405 1.3038 -5.2795 -0.3383 -0.3448 0.8756 0.2113 0.9273
1.2494 1.2955 -5.2807 -0.1956 -0.4778 0.8564 0.2065 0.9253
1.2587 1.2884 -5.2840 -0.0454 -0.5925 0.8043 0.2015 0.9243
1.2682 1.2826 -5.2891 0.1066 -0.6844 0.7213 0.1963 0.9243
1.3910 1.1671 -5.3044 0.3920 -0.7872 0.4760 0.1857 0.9263
1.3824 1.1694 -5.2960 0.2539 -0.7505 0.6101 0.1906 0.9243
1.3986 1.1667 -5.3139 0.5151 -0.7937 0.3236 0.1813 0.9293
1.4050 1.1682 -5.3241 0.6184 -0.7697 0.1587 0.1775 0.9330
1.4100 1.1715 -5.3348 0.6980 -0.7160 -0.0123 0.1745 0.9375
1.4133 1.1765 -5.3454 0.7507 -0.6349 -0.1828 0.1725 0.9424
1.4148 1.1831 -5.3555 0.7745 -0.5294 -0.3462 0.1714 0.9476
1.4144 1.1909 -5.3649 0.7686 -0.4035 -0.4964 0.1714 0.9530
1.4122 1.1997 -5.3730 0.7332 -0.2621 -0.6275 0.1725 0.9582
1.4082 1.2092 -5.3797 0.6696 -0.1106 -0.7345 0.1745 0.9631
1.4027 1.2188 -5.3846 0.5802 0.0451 -0.8132 0.1775 0.9676
1.3957 1.2284 -5.3875 0.4686 0.1990 -0.8607 0.1813 0.9713
1.3877 1.2375 -5.3884 0.3389 0.3454 -0.8751 0.1857 0.9743
1.3788 1.2458 -5.3872 0.1962 0.4784 -0.8559 0.1906 0.9764
1.3694 1.2529 -5.3840 0.0460 0.5931 -0.8038 0.1959 0.9774
1.3600 1.2586 -5.3788 -0.1060 0.6850 -0.7208 0.2012 0.9774
1.3508 1.2627 -5.3720 -0.2539 0.7505 -0.6101 0.2064 0.9764
1.3422 1.2650 -5.3636 -0.3920 0.7872 -0.4760 0.2114 0.9743
1.3345 1.2654 -5.3541 -0.5151 0.7937 -0.3235 0.2158 0.9713
1.3281 1.2639 -5.3439 -0.6184 0.7697 -0.1587 0.2196 0.9676
1.3232 1.2606 -5.3332 -0.6980 0.7160 0.0123 0.2225 0.9631
1.3199 1.2555 -5.3226 -0.7507 0.6349 0.1828 0.2246 0.9582
1.3184 1.2490 -5.3125 -0.7745 0.5294 0.3462 0.2256 0.9530
1.3188 1.2411 -5.3031 -0.7686 0.4035 0.4964 0.2256 0.9476
1.3210 1.2323 -5.2950 -0.7332 0.2621 0.6275 0.2246 0.9424
1.3249 1.2229 -5.2883 -0.6696 0.1107 0.7345 0.2225 0.9375
1.3305 1.2132 -5.2834 -0.5802 -0.0451 0.8132 0.2196 0.9330
1.3374 1.2037 -5.2805 -0.4686 -0.1990 0.8607 0.2158 0.9293
1.3455 1.1946 -5.2796 -0.3389 -0.3454 0.8751 0.2114 0.9263
1.3544 1.1863 -5.2808 -0.1962 -0.4784 0.8559 0.2064 0.9243
1.3637 1.1791 -5.2840 -0.0460 -0.5931 0.8038 0.2012 0.9232
1.3732 1.1734 -5.2892 0.1060 -0.6850 0.7208 0.1959 0.9232
1.8688 -0.0042 -5.4032 -0.0916 -0.9819 0.1656 0.1739 0.9428
1.8632 -0.0007 -5.3929 -0.1824 -0.9262 0.3301 0.1758 0.9381
1.8747 -0.0053 -5.4138 0.0027 -1.0000 -0.0053 0.1729 0.9478
1.8806 -0.0040 -5.4244 0.0969 -0.9796 -0.1760 0.1729 0.9529
1.8862 -0.0004 -5.4346 0.1874 -0.9216 -0.3400 0.1739 0.9579
1.8914 0.0054 -5.4440 0.2707 -0.8281 -0.4908 0.1758 0.9626
1.8959 0.0132 -5.4522 0.3436 -0.7029 -0.6229 0.1787 0.9668
1.8996 0.0226 -5.4589 0.4032 -0.5506 -0.7309 0.1823 0.9704
1.9024 0.0334 -5.4639 0.4474 -0.3772 -0.8109 0.1865 0.9733
1.9040 0.0451 -5.4670 0.4744 -0.1892 -0.8597 0.1912 0.9752
1.9046 0.0573 -5.4679 0.4832 0.0060 -0.8755 0.1962 0.9762
1.9040 0.0694 -5.4668 0.4733 0.2009 -0.8577 0.2013 0.9762
1.9022 0.0810 -5.4637 0.4453 0.3882 -0.8068 0.2063 0.9752
1.8994 0.0918 -5.4586 0.4002 0.5606 -0.7250 0.2110 0.9733
1.8957 0.1011 -5.4518 0.3397 0.7113 -0.6153 0.2153 0.9704
1.8911 0.1088 -5.4435 0.2662 0.8348 -0.4820 0.2189 0.9668
1.8859 0.1145 -5.4340 0.1824 0.9262 -0.3301 0.2217 0.9626
1.8802 0.1180 -5.4238 0.0916 0.9819 -0.1656 0.2237 0.9579
1.8744 0.1191 -5.4131 -0.0027 1.0000 0.0053 0.2246 0.9529
1.8685 0.1178 -5.4025 -0.0969 0.9796 0.1760 0.2246 0.9478
1.8629 0.1142 -5.3923 -0.1874 0.9216 0.3400 0.2237 0.9428
1.8577 0.1084 -5.3829 -0.2707 0.8281 0.4909 0.2217 0.9381
1.8532 0.1006 -5.3747 -0.3436 0.7029 0.6229 0.2189 0.9338
1.8494 0.0911 -5.3680 -0.4032 0.5506 0.7309 0.2153 0.9302
1.8467 0.0804 -5.3630 -0.4474 0.3771 0.8109 0.2110 0.9274
1.8450 0.0687 -5.3600 -0.4744 0.1892 0.8597 0.2063 0.9254
1.8445 0.0565 -5.3590 -0.4832 -0.0060 0.8755 0.2013 0.9244
1.8451 0.0444 -5.3601 -0.4733 -0.2010 0.8576 0.1962 0.9244
1.8468 0.0327 -5.3633 -0.4453 -0.3882 0.8068 0.1912 0.9254
1.8496 0.0220 -5.3684 -0.4002 -0.5605 0.7250 0.1865 0.9274
1.8534 0.0126 -5.3752 -0.3397 -0.7113 0.6153 0.1823 0.9302
1.8580 0.0050 -5.3835 -0.2662 -0.8348 0.4820 0.1787 0.9338
1.8688 -0.1557 -5.4032 -0.0916 -0.9819 0.1656 0.1726 0.9431
1.8632 -0.1522 -5.3929 -0.1824 -0.9262 0.3301 0.1746 0.9382
1.8747 -0.1568 -5.4138 0.0027 -1.0000 -0.0053 0.1715 0.9484
1.8806 -0.1555 -5.4244 0.0969 -0.9796 -0.1760 0.1715 0.9537
1.8862 -0.1519 -5.4346 0.1874 -0.9216 -0.3400 0.1726 0.9589
1.8914 -0.1461 -5.4440 0.2707 -0.8281 -0.4908 0.1746 0.9638
1.8959 -0.1383 -5.4522 0.3436 -0.7029 -0.6228 0.1775 0.9682
1.8996 -0.1289 -5.4589 0.4032 -0.5506 -0.7309 0.1813 0.9720
1.9024 -0.1181 -5.4639 0.4474 -0.3772 -0.8109 0.1857 0.9749
1.9040 -0.1064 -5.4670 0.4744 -0.1892 -0.8597 0.1906 0.9770
1.9046 -0.0942 -5.4679 0.4832 0.0060 -0.8755 0.1958 0.9780
1.9040 -0.0821 -5.4668 0.4733 0.2009 -0.8577 0.2012 0.9780
1.9022 -0.0705 -5.4637 0.4453 0.3882 -0.8068 0.2064 0.9770
1.8994 -0.0597 -5.4586 0.4002 0.5605 -0.7250 0.2113 0.9749
1.8957 -0.0504 -5.4518 0.3397 0.7113 -0.6153 0.2157 0.9720
1.8911 -0.0427 -5.4435 0.2662 0.8348 -0.4820 0.2195 0.9682
1.8859 -0.0370 -5.4340 0.1824 0.9261 -0.3301 0.2224 0.9638
1.8802 -0.0335 -5.4238 0.0916 0.9819 -0.1656 0.2244 0.9589
1.8744 -0.0324 -5.4131 -0.0027 1.0000 0.0053 0.2255 0.9537
1.8685 -0.0337 -5.4025 -0.0969 0.9796 0.1760 0.2255 0.9484
1.8629 -0.0373 -5.3923 -0.1874 0.9216 0.3400 0.2244 0.9431
1.8577 -0.0431 -5.3829 -0.2707 0.8281 0.4909 0.2224 0.9382
1.8532 -0.0509 -5.3747 -0.3436 0.7029 0.6229 0.2195 0.9338
1.8494 -0.0604 -5.3680 -0.4032 0.5506 0.7309 0.2157 0.9301
1.8467 -0.0711 -5.3630 -0.4474 0.3771 0.8109 0.2113 0.9271
1.8450 -0.0828 -5.3600 -0.4744 0.1892 0.8597 0.2064 0.9251
1.8445 -0.0950 -5.3590 -0.4832 -0.0060 0.8755 0.2012 0.9240
1.8451 -0.1071 -5.3601 -0.4733 -0.2010 0.8576 0.1958 0.9240
1.8468 -0.1188 -5.3633 -0.4453 -0.3882 0.8068 0.1906 0.9251
1.8496 -0.1295 -5.3684 -0.4002 -0.5605 0.7250 0.1857 0.9271
1.8534 -0.1389 -5.3752 -0.3397 -0.7113 0.6153 0.1813 0.9301
1.8580 -0.1465 -5.3835 -0.2662 -0.8348 0.4820 0.1775 0.9338
0.1110 1.0979 -4.1078 0.5556 -0.4244 0.7150 0.1738 0.9427
0.1002 1.0950 -4.1029 0.3827 -0.4716 0.7944 0.1757 0.9379
0.1204 1.1019 -4.1145 0.7071 -0.3609 0.6080 0.1728 0.9477
0.1281 1.1067 -4.1226 0.8315 -0.2836 0.4777 0.1728 0.9529
0.1339 1.1122 -4.1318 0.9239 -0.1954 0.3291 0.1738 0.9580
0.1374 1.1181 -4.1419 0.9808 -0.0996 0.1678 0.1757 0.9628
0.1386 1.1243 -4.1523 1.0000 -0.0000 -0.0000 0.1786 0.9671
0.1374 1.1305 -4.1627 0.9808 0.0996 -0.1678 0.1823 0.9707
0.1339 1.1365 -4.1728 0.9239 0.1954 -0.3291 0.1866 0.9736
0.1281 1.1419 -4.1820 0.8315 0.2836 -0.4777 0.1914 0.9756
0.1204 1.1468 -4.1901 0.7071 0.3610 -0.6080 0.1964 0.9766
0.1110 1.1507 -4.1968 0.5556 0.4244 -0.7150 0.2016 0.9766
0.1002 1.1536 -4.2017 0.3827 0.4716 -0.7944 0.2067 0.9756
0.0885 1.1554 -4.2048 0.1951 0.5006 -0.8434 0.2115 0.9736
0.0764 1.1561 -4.2058 0.0000 0.5105 -0.8599 0.2158 0.9707
0.0643 1.1554 -4.2048 -0.1951 0.5006 -0.8434 0.2194 0.9671
0.0526 1.1536 -4.2017 -0.3827 0.4716 -0.7945 0.2223 0.9628
0.0418 1.1507 -4.1968 -0.5556 0.4244 -0.7150 0.2243 0.9580
0.0324 1.1468 -4.1901 -0.7071 0.3610 -0.6080 0.2253 0.9529
0.0247 1.1419 -4.1820 -0.8315 0.2836 -0.4777 0.2253 0.9477
0.0189 1.1365 -4.1728 -0.9239 0.1953 -0.3291 0.2243 0.9427
0.0154 1.1305 -4.1627 -0.9808 0.0996 -0.1678 0.2223 0.9379
0.0142 1.1243 -4.1523 -1.0000 -0.0000 0.0000 0.2194 0.9336
0.0154 1.1181 -4.1419 -0.9808 -0.0996 0.1678 0.2158 0.9299
0.0189 1.1122 -4.1318 -0.9239 -0.1953 0.3291 0.2115 0.9270
0.0247 1.1067 -4.1226 -0.8315 -0.2836 0.4777 0.2067 0.9251
0.0324 1.1019 -4.1145 -0.7071 -0.3610 0.6080 0.2016 0.9240
0.0418 1.0979 -4.1078 -0.5556 -0.4244 0.7150 0.1964 0.9240
0.0526 1.0950 -4.1029 -0.3827 -0.4716 0.7944 0.1914 0.9251
0.0643 1.0932 -4.0998 -0.1951 -0.5007 0.8434 0.1866 0.9270
0.0764 1.0925 -4.0988 0.0000 -0.5105 0.8599 0.1823 0.9299
0.0885 1.0932 -4.0998 0.1951 -0.5007 0.8434 0.1786 0.9336
0.1025 1.8858 -5.3907 -0.0057 0.8755 0.4832 0.0487 0.8848
0.0943 1.8836 -5.3869 -0.0057 0.8755 0.4832 0.0503 0.8811
0.1097 1.8887 -5.3958 -0.0057 0.8755 0.4832 0.0480 0.8887
0.1156 1.8921 -5.4021 -0.0057 0.8755 0.4832 0.0480 0.8927
0.1199 1.8961 -5.4093 -0.0057 0.8755 0.4832 0.0487 0.8966
0.1226 1.9004 -5.4170 -0.0057 0.8755 0.4832 0.0503 0.9003
0.1235 1.9049 -5.4251 -0.0057 0.8755 0.4832 0.0525 0.9037
0.1226 1.9094 -5.4332 -0.0057 0.8755 0.4832 0.0553 0.9065
0.1199 1.9136 -5.4410 -0.0057 0.8755 0.4832 0.0586 0.9087
0.1155 1.9176 -5.4482 -0.0057 0.8755 0.4832 0.0623 0.9102
0.1096 1.9210 -5.4545 -0.0057 0.8755 0.4832 0.0662 0.9110
0.1025 1.9238 -5.4596 -0.0057 0.8755 0.4832 0.0702 0.9110
0.0943 1.9259 -5.4635 -0.0057 0.8755 0.4832 0.0742 0.9102
0.0854 1.9271 -5.4659 0.1944 0.4749 -0.8583 0.2083 0.9685
0.0762 1.9275 -5.4667 -0.0007 0.4832 -0.8755 0.2116 0.9663
0.0669 1.9270 -5.4659 -0.1958 0.4728 -0.8591 0.2144 0.9635
0.0580 1.9257 -5.4635 -0.0057 0.8755 0.4832 0.0862 0.9003
0.0499 1.9235 -5.4597 -0.0057 0.8755 0.4832 0.0878 0.8966
0.0427 1.9206 -5.4546 -0.0057 0.8755 0.4832 0.0885 0.8927
0.0368 1.9171 -5.4483 -0.0057 0.8755 0.4832 0.0885 0.8887
0.0324 1.9132 -5.4412 -0.0057 0.8755 0.4832 0.0878 0.8848
0.0298 1.9089 -5.4334 -0.0057 0.8755 0.4832 0.0862 0.8811
0.0289 1.9044 -5.4253 -0.0057 0.8755 0.4832 0.0840 0.8778
0.0298 1.8999 -5.4172 -0.0057 0.8755 0.4832 0.0812 0.8750
0.0325 1.8957 -5.4095 -0.0057 0.8755 0.4832 0.0779 0.8727
0.0369 1.8917 -5.4023 -0.0057 0.8755 0.4832 0.0742 0.8712
0.0427 1.8883 -5.3960 -0.0057 0.8755 0.4832 0.0702 0.8704
0.0499 1.8855 -5.3908 -0.0057 0.8755 0.4832 0.0662 0.8704
0.0581 1.8834 -5.3870 -0.0057 0.8755 0.4832 0.0623 0.8712
0.0670 1.8822 -5.3846 -0.0057 0.8755 0.4832 0.0586 0.8727
0.0762 1.8818 -5.3838 -0.0057 0.8755 0.4832 0.0553 0.8750
0.0855 1.8823 -5.3846 -0.0057 0.8755 0.4832 0.0525 0.8778
1.2923 1.2997 -5.3021 0.6310 0.6072 0.4829 0.0590 0.8731
1.2858 1.3015 -5.2958 0.6310 0.6072 0.4829 0.0626 0.8715
1.2981 1.2994 -5.3093 0.6310 0.6072 0.4829 0.0557 0.8752
1.3030 1.3005 -5.3171 0.6310 0.6072 0.4829 0.0529 0.8780
1.3068 1.3031 -5.3252 0.6310 0.6072 0.4829 0.0507 0.8813
1.3093 1.3069 -5.3333 0.6310 0.6072 0.4829 0.0492 0.8849
1.3104 1.3119 -5.3411 0.6310 0.6072 0.4829 0.0485 0.8888
1.3101 1.3178 -5.3482 0.6310 0.6072 0.4829 0.0485 0.8927
1.3084 1.3245 -5.3544 0.6310 0.6072 0.4829 0.0492 0.8966
1.3054 1.3317 -5.3594 0.6310 0.6072 0.4829 0.0507 0.9002
1.3012 1.3391 -5.3632 0.6310 0.6072 0.4829 0.0529 0.9035
1.2959 1.3463 -5.3654 0.6310 0.6072 0.4829 0.0557 0.9063
1.2897 1.3533 -5.3661 0.6310 0.6072 0.4829 0.0590 0.9085
1.2830 1.3596 -5.3652 0.6310 0.6072 0.4829 0.0626 0.9100
1.2759 1.3650 -5.3627 0.6310 0.6072 0.4829 0.0665 0.9108
1.2687 1.3693 -5.3588 0.6310 0.6072 0.4829 0.0704 0.9108
1.2617 1.3725 -5.3536 0.6310 0.6072 0.4829 0.0743 0.9100
1.2551 1.3742 -5.3472 0.6310 0.6072 0.4829 0.0779 0.9085
1.2493 1.3745 -5.3400 0.6310 0.6072 0.4829 0.0812 0.9063
1.2444 1.3734 -5.3322 0.6310 0.6072 0.4829 0.0840 0.9035
1.2407 1.3708 -5.3241 0.6310 0.6072 0.4829 0.0862 0.9002
1.2382 1.3670 -5.3160 0.6310 0.6072 0.4829 0.0877 0.8966
1.2371 1.3620 -5.3083 0.6310 0.6072 0.4829 0.0884 0.8927
1.2374 1.3561 -5.3012 0.6310 0.6072 0.4829 0.0884 0.8888
1.2390 1.3494 -5.2949 0.6310 0.6072 0.4829 0.0877 0.8849
1.2421 1.3422 -5.2899 0.6310 0.6072 0.4829 0.0862 0.8813
1.2463 1.3348 -5.2861 0.6310 0.6072 0.4829 0.0840 0.8780
1.2516 1.3276 -5.2839 0.6310 0.6072 0.4829 0.0812 0.8752
1.2577 1.3206 -5.2832 0.6310 0.6072 0.4829 0.0779 0.8730
1.2645 1.3143 -5.2841 0.6310 0.6072 0.4829 0.0743 0.8715
1.2716 1.3089 -5.2866 0.6310 0.6072 0.4829 0.0704 0.8708
1.2788 1.3046 -5.2905 0.6310 0.6072 0.4829 0.0665 0.8708
1.3973 1.1905 -5.3021 0.3920 -0.7872 0.4760 0.1888 0.9320
1.3908 1.1922 -5.2958 0.6309 0.6066 0.4837 0.0621 0.8707
1.4032 1.1902 -5.3093 0.5151 -0.7937 0.3236 0.1854 0.9343
1.4081 1.1913 -5.3171 0.6309 0.6066 0.4837 0.0521 0.8773
1.4118 1.1939 -5.3252 0.6309 0.6066 0.4837 0.0498 0.8807
1.4143 1.1977 -5.3333 0.6309 0.6066 0.4837 0.0483 0.8845
1.4154 1.2027 -5.3410 0.6309 0.6066 0.4837 0.0475 0.8884
1.4152 1.2087 -5.3481 0.6309 0.6066 0.4837 0.0475 0.8925
1.4135 1.2154 -5.3543 0.6309 0.6066 0.4837 0.0483 0.8965
1.4105 1.2225 -5.3594 0.6309 0.6066 0.4837 0.0498 0.9002
1.4062 1.2299 -5.3631 0.6309 0.6066 0.4837 0.0521 0.9036
1.4010 1.2372 -5.3654 0.6309 0.6066 0.4837 0.0550 0.9065
1.3948 1.2441 -5.3661 0.6309 0.6066 0.4837 0.0584 0.9087
1.3881 1.2504 -5.3652 0.6309 0.6066 0.4837 0.0621 0.9103
1.3810 1.2558 -5.3627 0.6309 0.6066 0.4837 0.0661 0.9111
1.3738 1.2602 -5.3588 0.6309 0.6066 0.4837 0.0701 0.9111
1.3668 1.2633 -5.3535 0.6309 0.6066 0.4837 0.0741 0.9103
1.3602 1.2650 -5.3472 0.6309 0.6066 0.4837 0.0779 0.9087
1.3544 1.2653 -5.3400 0.6309 0.6066 0.4837 0.0813 0.9065
1.3495 1.2642 -5.3322 0.6309 0.6066 0.4837 0.0841 0.9036
1.3457 1.2617 -5.3241 0.6309 0.6066 0.4837 0.0864 0.9002
1.3432 1.2578 -5.3160 0.6309 0.6066 0.4837 0.0879 0.8965
1.3421 1.2528 -5.3083 0.6309 0.6066 0.4837 0.0887 0.8925
1.3424 1.2469 -5.3011 0.6309 0.6066 0.4837 0.0887 0.8884
1.3441 1.2402 -5.2949 0.6309 0.6066 0.4837 0.0879 0.8845
1.3471 1.2330 -5.2899 0.6309 0.6066 0.4837 0.0864 0.8807
1.3513 1.2256 -5.2861 0.6309 0.6066 0.4837 0.0841 0.8773
1.3566 1.2183 -5.2839 0.6309 0.6066 0.4837 0.0812 0.8745
1.3627 1.2114 -5.2832 0.6309 0.6066 0.4837 0.0779 0.8722
1.3695 1.2051 -5.2841 0.6309 0.6066 0.4837 0.0741 0.8707
1.3766 1.1997 -5.2866 0.6309 0.6066 0.4837 0.0701 0.8699
1.3838 1.1953 -5.2905 0.6309 0.6066 0.4837 0.0661 0.8699
1.8871 0.0104 -5.3963 0.8755 -0.0002 0.4832 0.0494 0.8848
1.8828 0.0131 -5.3885 0.8755 -0.0002 0.4832 0.0509 0.8812
1.8916 0.0096 -5.4044 0.8755 -0.0002 0.4832 0.0486 0.8886
1.8960 0.0105 -5.4125 0.8755 -0.0002 0.4832 0.0486 0.8924
1.9003 0.0133 -5.4202 0.8755 -0.0002 0.4832 0.0494 0.8962
1.9043 0.0177 -5.4274 0.8755 -0.0002 0.4832 0.0509 0.8998
1.9077 0.0236 -5.4336 0.8755 -0.0002 0.4832 0.0530 0.9031
1.9105 0.0308 -5.4387 0.8755 -0.0002 0.4832 0.0558 0.9058
1.9126 0.0390 -5.4425 0.8755 -0.0002 0.4832 0.0590 0.9080
1.9139 0.0479 -5.4448 0.8755 -0.0002 0.4832 0.0626 0.9094
1.9143 0.0572 -5.4456 0.8755 -0.0002 0.4832 0.0664 0.9102
1.9139 0.0664 -5.4447 0.8755 -0.0002 0.4832 0.0703 0.9102
1.9125 0.0753 -5.4423 0.8755 -0.0002 0.4832 0.0741 0.9094
1.9104 0.0834 -5.4385 0.8755 -0.0002 0.4832 0.0777 0.9080
1.9075 0.0906 -5.4333 0.8755 -0.0002 0.4832 0.0809 0.9058
1.9041 0.0964 -5.4269 0.8755 -0.0002 0.4832 0.0836 0.9031
1.9001 0.1007 -5.4198 0.8755 -0.0002 0.4832 0.0858 0.8998
1.8958 0.1034 -5.4120 0.8755 -0.0002 0.4832 0.0873 0.8962
1.8913 0.1042 -5.4039 0.8755 -0.0002 0.4832 0.0880 0.8924
1.8869 0.1033 -5.3958 0.8755 -0.0002 0.4832 0.0880 0.8886
1.8826 0.1005 -5.3880 -0.1874 0.9216 0.3400 0.2177 0.9446
1.8786 0.0961 -5.3809 -0.2707 0.8281 0.4908 0.2162 0.9410
1.8752 0.0902 -5.3746 0.8755 -0.0002 0.4832 0.0836 0.8779
1.8724 0.0830 -5.3695 0.8755 -0.0002 0.4832 0.0809 0.8752
1.8703 0.0747 -5.3657 0.8755 -0.0002 0.4832 0.0777 0.8730
1.8690 0.0658 -5.3634 0.8755 -0.0002 0.4832 0.0741 0.8716
1.8686 0.0566 -5.3627 0.8755 -0.0002 0.4832 0.0703 0.8708
1.8691 0.0474 -5.3635 0.8755 -0.0002 0.4832 0.0664 0.8708
1.8704 0.0385 -5.3659 0.8755 -0.0002 0.4832 0.0626 0.8716
1.8725 0.0304 -5.3698 0.8755 -0.0002 0.4832 0.0590 0.8730
1.8754 0.0232 -5.3750 0.8755 -0.0002 0.4832 0.0558 0.8752
1.8789 0.0174 -5.3813 0.8755 -0.0002 0.4832 0.0530 0.8779
1.8871 -0.1411 -5.3963 0.8755 -0.0002 0.4832 0.0483 0.8852
1.8828 -0.1384 -5.3885 0.8755 -0.0002 0.4832 0.0499 0.8815
1.8916 -0.1419 -5.4044 0.8755 -0.0002 0.4832 0.0475 0.8892
1.8960 -0.1410 -5.4125 0.8755 -0.0002 0.4832 0.0475 0.8932
1.9003 -0.1382 -5.4202 0.8755 -0.0002 0.4832 0.0483 0.8972
1.9043 -0.1338 -5.4274 0.8755 -0.0002 0.4832 0.0499 0.9009
1.9077 -0.1279 -5.4336 0.8755 -0.0002 0.4832 0.0521 0.9043
1.9105 -0.1207 -5.4387 0.8755 -0.0002 0.4832 0.0550 0.9071
1.9126 -0.1125 -5.4425 0.8755 -0.0002 0.4832 0.0584 0.9094
1.9139 -0.1036 -5.4448 0.8755 -0.0002 0.4832 0.0621 0.9109
1.9143 -0.0943 -5.4456 0.8755 -0.0002 0.4832 0.0661 0.9117
1.9139 -0.0851 -5.4447 0.8755 -0.0002 0.4832 0.0701 0.9117
1.9125 -0.0762 -5.4423 0.8755 -0.0002 0.4832 0.0741 0.9109
1.9104 -0.0681 -5.4385 0.8755 -0.0002 0.4832 0.0778 0.9094
1.9075 -0.0609 -5.4333 0.8755 -0.0002 0.4832 0.0812 0.9071
1.9041 -0.0551 -5.4269 0.8755 -0.0002 0.4832 0.0840 0.9043
1.9001 -0.0508 -5.4198 0.8755 -0.0002 0.4832 0.0863 0.9009
1.8958 -0.0481 -5.4120 0.8755 -0.0002 0.4832 0.0878 0.8972
1.8913 -0.0473 -5.4039 0.8755 -0.0002 0.4832 0.0886 0.8932
1.8869 -0.0482 -5.3958 0.8755 -0.0002 0.4832 0.0886 0.8892
1.8826 -0.0510 -5.3880 0.8755 -0.0002 0.4832 0.0878 0.8852
1.8786 -0.0554 -5.3809 0.8755 -0.0002 0.4832 0.0863 0.8815
1.8752 -0.0613 -5.3747 0.8755 -0.0002 0.4832 0.0840 0.8781
1.8724 -0.0685 -5.3695 0.8755 -0.0002 0.4832 0.0812 0.8752
1.8703 -0.0768 -5.3657 0.8755 -0.0002 0.4832 0.0778 0.8730
1.8690 -0.0857 -5.3634 0.8755 -0.0002 0.4832 0.0741 0.8714
1.8686 -0.0949 -5.3627 0.8755 -0.0002 0.4832 0.0701 0.8707
1.8691 -0.1041 -5.3635 0.8755 -0.0002 0.4832 0.0661 0.8707
1.8704 -0.1130 -5.3659 0.8755 -0.0002 0.4832 0.0621 0.8714
1.8725 -0.1211 -5.3698 0.8755 -0.0002 0.4832 0.0584 0.8730
1.8754 -0.1283 -5.3750 0.8755 -0.0002 0.4832 0.0550 0.8752
1.8789 -0.1341 -5.3813 0.8755 -0.0002 0.4832 0.0521 0.8781
0.1027 1.1208 -4.1086 -0.0000 0.8599 0.5105 0.0494 0.8847
0.0945 1.1186 -4.1048 -0.0000 0.8599 0.5105 0.0509 0.8810
0.1099 1.1238 -4.1136 -0.0000 0.8599 0.5105 0.0486 0.8885
0.1158 1.1275 -4.1198 -0.0000 0.8599 0.5105 0.0486 0.8925
0.1201 1.1317 -4.1269 -0.0000 0.8599 0.5105 0.0494 0.8963
0.1228 1.1362 -4.1345 -0.0000 0.8599 0.5105 0.0509 0.9000
0.1237 1.1409 -4.1424 -0.0000 0.8599 0.5105 0.0531 0.9032
0.1228 1.1456 -4.1504 0.9808 0.0996 -0.1678 0.1863 0.9658
0.1201 1.1502 -4.1580 0.9239 0.1954 -0.3291 0.1896 0.9680
0.1158 1.1544 -4.1650 0.8315 0.2836 -0.4777 0.1932 0.9695
0.1099 1.1580 -4.1712 -0.0000 0.8599 0.5105 0.0666 0.9105
0.1027 1.1610 -4.1763 -0.0000 0.8599 0.5105 0.0706 0.9105
0.0945 1.1633 -4.1800 -0.0000 0.8599 0.5105 0.0744 0.9097
0.0856 1.1646 -4.1824 -0.0000 0.8599 0.5105 0.0781 0.9082
0.0764 1.1651 -4.1831 -0.0000 0.8599 0.5105 0.0813 0.9060
0.0672 1.1646 -4.1824 -0.0000 0.8599 0.5105 0.0841 0.9032
0.0583 1.1633 -4.1800 -0.0000 0.8599 0.5105 0.0863 0.9000
0.0501 1.1610 -4.1763 -0.0000 0.8599 0.5105 0.0878 0.8963
0.0429 1.1580 -4.1712 -0.0000 0.8599 0.5105 0.0886 0.8925
0.0370 1.1544 -4.1650 -0.0000 0.8599 0.5105 0.0886 0.8885
0.0327 1.1502 -4.1580 -0.0000 0.8599 0.5105 0.0878 0.8847
0.0300 1.1456 -4.1504 -0.0000 0.8599 0.5105 0.0863 0.8810
0.0291 1.1409 -4.1424 -0.0000 0.8599 0.5105 0.0841 0.8777
0.0300 1.1362 -4.1345 -0.0000 0.8599 0.5105 0.0814 0.8750
0.0327 1.1317 -4.1269 -0.0000 0.8599 0.5105 0.0781 0.8728
0.0370 1.1275 -4.1198 -0.0000 0.8599 0.5105 0.0744 0.8713
0.0429 1.1238 -4.1136 -0.0000 0.8599 0.5105 0.0706 0.8705
0.0501 1.1208 -4.1086 -0.0000 0.8599 0.5105 0.0666 0.8705
0.0583 1.1186 -4.1048 -0.0000 0.8599 0.5105 0.0628 0.8713
0.0672 1.1172 -4.1025 -0.0000 0.8599 0.5105 0.0591 0.8728
0.0764 1.1168 -4.1017 -0.0000 0.8599 0.5105 0.0559 0.8750
0.0856 1.1172 -4.1025 -0.0000 0.8599 0.5105 0.0531 0.8777
-0.1010 1.8601 -5.3842 0.0057 0.8755 0.4832 0.1750 0.9379
-0.1010 1.8601 -5.3842 0.0057 0.8755 0.4832 0.1750 0.9379
-0.1117 1.8629 -5.3892 0.0057 0.8755 0.4832 0.1730 0.9428
-0.1117 1.8629 -5.3892 0.0057 0.8755 0.4832 0.1730 0.9428
-0.1117 1.8629 -5.3892 0.0057 0.8755 0.4832 0.1730 0.9428
-0.1211 1.8667 -5.3960 0.0057 0.8755 0.4832 0.1720 0.9479
-0.1211 1.8667 -5.3960 0.0057 0.8755 0.4832 0.1720 0.9479
-0.1211 1.8667 -5.3960 0.0057 0.8755 0.4832 0.1720 0.9479
-0.1289 1.8713 -5.4042 0.0057 0.8755 0.4832 0.1720 0.9532
-0.1289 1.8713 -5.4042 0.0057 0.8755 0.4832 0.1720 0.9532
-0.1289 1.8713 -5.4042 0.0057 0.8755 0.4832 0.1720 0.9532
-0.1346 1.8765 -5.4136 0.0057 0.8755 0.4832 0.1730 0.9583
-0.1346 1.8765 -5.4136 0.0057 0.8755 0.4832 0.1730 0.9583
-0.1346 1.8765 -5.4136 0.0057 0.8755 0.4832 0.1730 0.9583
-0.1381 1.8822 -5.4238 0.0057 0.8755 0.4832 0.1750 0.9632
-0.1381 1.8822 -5.4238 0.0057 0.8755 0.4832 0.1750 0.9632
-0.1381 1.8822 -5.4238 0.0057 0.8755 0.4832 0.1750 0.9632
-0.1393 1.8880 -5.4344 0.0057 0.8755 0.4832 0.1780 0.9675
-0.1393 1.8880 -5.4344 0.0057 0.8755 0.4832 0.1780 0.9675
-0.1393 1.8880 -5.4344 0.0057 0.8755 0.4832 0.1780 0.9675
-0.1381 1.8939 -5.4451 0.0057 0.8755 0.4831 0.1817 0.9713
-0.1381 1.8939 -5.4451 0.0057 0.8755 0.4831 0.1817 0.9713
-0.1381 1.8939 -5.4451 0.0057 0.8755 0.4831 0.1817 0.9713
-0.1346 1.8995 -5.4553 0.0057 0.8755 0.4832 0.1860 0.9742
-0.1346 1.8995 -5.4553 0.0057 0.8755 0.4832 0.1860 0.9742
-0.1346 1.8995 -5.4553 0.0057 0.8755 0.4832 0.1860 0.9742
-0.1288 1.9047 -5.4647 0.0057 0.8755 0.4832 0.1909 0.9762
-0.1288 1.9047 -5.4647 0.0057 0.8755 0.4832 0.1909 0.9762
-0.1288 1.9047 -5.4647 0.0057 0.8755 0.4832 0.1909 0.9762
-0.1211 1.9092 -5.4730 0.0057 0.8755 0.4831 0.1960 0.9772
-0.1211 1.9092 -5.4730 0.0057 0.8755 0.4831 0.1960 0.9772
-0.1211 1.9092 -5.4730 0.0057 0.8755 0.4831 0.1960 0.9772
-0.1116 1.9129 -5.4798 0.0057 0.8755 0.4831 0.2013 0.9772
-0.1116 1.9129 -5.4798 0.0057 0.8755 0.4831 0.2013 0.9772
-0.1116 1.9129 -5.4798 0.0057 0.8755 0.4831 0.2013 0.9772
-0.1009 1.9156 -5.4848 0.0057 0.8755 0.4832 0.2064 0.9762
-0.0863 1.9102 -5.4752 0.0057 0.8755 0.4832 0.2083 0.9685
-0.1009 1.9156 -5.4848 0.0057 0.8755 0.4832 0.2064 0.9762
-0.0863 1.9102 -5.4752 0.0057 0.8755 0.4832 0.2083 0.9685
-0.1009 1.9156 -5.4848 0.0057 0.8755 0.4832 0.2064 0.9762
-0.0892 1.9173 -5.4880 0.0057 0.8755 0.4832 0.2113 0.9742
-0.0771 1.9106 -5.4760 0.0057 0.8755 0.4832 0.2116 0.9663
-0.0863 1.9102 -5.4752 0.0057 0.8755 0.4832 0.2083 0.9685
-0.0892 1.9173 -5.4880 0.0057 0.8755 0.4832 0.2113 0.9742
-0.0771 1.9106 -5.4760 0.0057 0.8755 0.4832 0.2116 0.9663
-0.0892 1.9173 -5.4880 0.0057 0.8755 0.4832 0.2113 0.9742
-0.0771 1.9178 -5.4890 0.0057 0.8755 0.4832 0.2157 0.9713
-0.0678 1.9101 -5.4752 0.0057 0.8755 0.4831 0.2144 0.9635
-0.0771 1.9106 -5.4760 0.0057 0.8755 0.4832 0.2116 0.9663
-0.0771 1.9178 -5.4890 0.0057 0.8755 0.4832 0.2157 0.9713
-0.0678 1.9101 -5.4752 0.0057 0.8755 0.4831 0.2144 0.9635
-0.0771 1.9178 -5.4890 0.0057 0.8755 0.4832 0.2157 0.9713
-0.0649 1.9171 -5.4880 0.0057 0.8755 0.4831 0.2194 0.9675
-0.0678 1.9101 -5.4752 0.0057 0.8755 0.4831 0.2144 0.9635
-0.0649 1.9171 -5.4880 0.0057 0.8755 0.4831 0.2194 0.9675
-0.0649 1.9171 -5.4880 0.0057 0.8755 0.4831 0.2194 0.9675
-0.0533 1.9154 -5.4849 0.0057 0.8755 0.4832 0.2223 0.9632
-0.0533 1.9154 -5.4849 0.0057 0.8755 0.4832 0.2223 0.9632
-0.0533 1.9154 -5.4849 0.0057 0.8755 0.4832 0.2223 0.9632
-0.0425 1.9125 -5.4799 0.0057 0.8755 0.4832 0.2243 0.9583
-0.0425 1.9125 -5.4799 0.0057 0.8755 0.4832 0.2243 0.9583
-0.0425 1.9125 -5.4799 0.0057 0.8755 0.4832 0.2243 0.9583
-0.0331 1.9087 -5.4732 0.0057 0.8755 0.4831 0.2253 0.9532
-0.0331 1.9087 -5.4732 0.0057 0.8755 0.4831 0.2253 0.9532
-0.0331 1.9087 -5.4732 0.0057 0.8755 0.4831 0.2253 0.9532
-0.0254 1.9041 -5.4649 0.0057 0.8755 0.4832 0.2253 0.9479
-0.0254 1.9041 -5.4649 0.0057 0.8755 0.4832 0.2253 0.9479
-0.0254 1.9041 -5.4649 0.0057 0.8755 0.4832 0.2253 0.9479
-0.0196 1.8989 -5.4555 0.0057 0.8755 0.4831 0.2243 0.9428
-0.0196 1.8989 -5.4555 0.0057 0.8755 0.4831 0.2243 0.9428
-0.0196 1.8989 -5.4555 0.0057 0.8755 0.4831 0.2243 0.9428
-0.0161 1.8933 -5.4453 0.0057 0.8755 0.4831 0.2223 0.9379
-0.0161 1.8933 -5.4453 0.0057 0.8755 0.4831 0.2223 0.9379
-0.0161 1.8933 -5.4453 0.0057 0.8755 0.4831 0.2223 0.9379
-0.0149 1.8874 -5.4347 0.0057 0.8755 0.4832 0.2194 0.9335
-0.0149 1.8874 -5.4347 0.0057 0.8755 0.4832 0.2194 0.9335
-0.0149 1.8874 -5.4347 0.0057 0.8755 0.4832 0.2194 0.9335
-0.0161 1.8815 -5.4241 0.0057 0.8755 0.4832 0.2157 0.9298
-0.0161 1.8815 -5.4241 0.0057 0.8755 0.4832 0.2157 0.9298
-0.0161 1.8815 -5.4241 0.0057 0.8755 0.4832 0.2157 0.9298
-0.0197 1.8759 -5.4138 0.0057 0.8755 0.4832 0.2113 0.9269
-0.0197 1.8759 -5.4138 0.0057 0.8755 0.4832 0.2113 0.9269
-0.0197 1.8759 -5.4138 0.0057 0.8755 0.4832 0.2113 0.9269
-0.0254 1.8707 -5.4044 0.0057 0.8755 0.4831 0.2064 0.9249
-0.0254 1.8707 -5.4044 0.0057 0.8755 0.4831 0.2064 0.9249
-0.0254 1.8707 -5.4044 0.0057 0.8755 0.4831 0.2064 0.9249
-0.0332 1.8662 -5.3961 0.0057 0.8755 0.4832 0.2013 0.9239
-0.0332 1.8662 -5.3961 0.0057 0.8755 0.4832 0.2013 0.9239
-0.0332 1.8662 -5.3961 0.0057 0.8755 0.4832 0.2013 0.9239
-0.0426 1.8625 -5.3894 0.0057 0.8755 0.4832 0.1960 0.9239
-0.0426 1.8625 -5.3894 0.0057 0.8755 0.4832 0.1960 0.9239
-0.0426 1.8625 -5.3894 0.0057 0.8755 0.4832 0.1960 0.9239
-0.0533 1.8598 -5.3843 0.0057 0.8755 0.4832 0.1909 0.9249
-0.0533 1.8598 -5.3843 0.0057 0.8755 0.4832 0.1909 0.9249
-0.0533 1.8598 -5.3843 0.0057 0.8755 0.4832 0.1909 0.9249
-0.0650 1.8582 -5.3812 0.0057 0.8755 0.4832 0.1860 0.9269
-0.0650 1.8582 -5.3812 0.0057 0.8755 0.4832 0.1860 0.9269
-0.0650 1.8582 -5.3812 0.0057 0.8755 0.4832 0.1860 0.9269
-0.0772 1.8577 -5.3801 0.0057 0.8755 0.4832 0.1817 0.9298
-0.0772 1.8577 -5.3801 0.0057 0.8755 0.4832 0.1817 0.9298
-0.0772 1.8577 -5.3801 0.0057 0.8755 0.4832 0.1817 0.9298
-0.0893 1.8583 -5.3811 0.0057 0.8755 0.4831 0.1780 0.9335
-0.0893 1.8583 -5.3811 0.0057 0.8755 0.4831 0.1780 0.9335
-0.0893 1.8583 -5.3811 0.0057 0.8755 0.4831 0.1780 0.9335
-0.1010 1.8601 -5.3842 0.0057 0.8755 0.4832 0.1750 0.9379
-1.2782 1.2786 -5.2960 -0.6310 0.6072 0.4829 0.1912 0.9253
-1.2782 1.2786 -5.2960 -0.6310 0.6072 0.4829 0.1912 0.9253
-1.2868 1.2763 -5.3044 -0.6310 0.6071 0.4829 0.1864 0.9273
-1.2868 1.2763 -5.3044 -0.6310 0.6071 0.4829 0.1864 0.9273
-1.2868 1.2763 -5.3044 -0.6310 0.6071 0.4829 0.1864 0.9273
-1.2944 1.2759 -5.3139 -0.6310 0.6071 0.4829 0.1821 0.9302
-1.2944 1.2759 -5.3139 -0.6310 0.6071 0.4829 0.1821 0.9302
-1.2944 1.2759 -5.3139 -0.6310 0.6071 0.4829 0.1821 0.9302
-1.3008 1.2774 -5.3241 -0.6310 0.6072 0.4829 0.1785 0.9338
-1.3008 1.2774 -5.3241 -0.6310 0.6072 0.4829 0.1785 0.9338
-1.3008 1.2774 -5.3241 -0.6310 0.6072 0.4829 0.1785 0.9338
-1.3058 1.2807 -5.3348 -0.6310 0.6072 0.4829 0.1756 0.9382
-1.3058 1.2807 -5.3348 -0.6310 0.6072 0.4829 0.1756 0.9382
-1.3058 1.2807 -5.3348 -0.6310 0.6072 0.4829 0.1756 0.9382
-1.3090 1.2857 -5.3454 -0.6310 0.6072 0.4829 0.1736 0.9429
-1.3090 1.2857 -5.3454 -0.6310 0.6072 0.4829 0.1736 0.9429
-1.3090 1.2857 -5.3454 -0.6310 0.6072 0.4829 0.1736 0.9429
-1.3105 1.2923 -5.3555 -0.6310 0.6072 0.4829 0.1726 0.9480
-1.3105 1.2923 -5.3555 -0.6310 0.6072 0.4829 0.1726 0.9480
-1.3105 1.2923 -5.3555 -0.6310 0.6072 0.4829 0.1726 0.9480
-1.3101 1.3001 -5.3649 -0.6310 0.6072 0.4829 0.1726 0.9532
-1.3101 1.3001 -5.3649 -0.6310 0.6072 0.4829 0.1726 0.9532
-1.3101 1.3001 -5.3649 -0.6310 0.6072 0.4829 0.1726 0.9532
-1.3079 1.3089 -5.3730 -0.6310 0.6072 0.4829 0.1736 0.9583
-1.3079 1.3089 -5.3730 -0.6310 0.6072 0.4829 0.1736 0.9583
-1.3079 1.3089 -5.3730 -0.6310 0.6072 0.4829 0.1736 0.9583
-1.3040 1.3183 -5.3797 -0.6310 0.6072 0.4829 0.1756 0.9630
-1.3040 1.3183 -5.3797 -0.6310 0.6072 0.4829 0.1756 0.9630
-1.3040 1.3183 -5.3797 -0.6310 0.6072 0.4829 0.1756 0.9630
-1.2984 1.3280 -5.3846 -0.6310 0.6072 0.4829 0.1785 0.9673
-1.2984 1.3280 -5.3846 -0.6310 0.6072 0.4829 0.1785 0.9673
-1.2984 1.3280 -5.3846 -0.6310 0.6072 0.4829 0.1785 0.9673
-1.2914 1.3376 -5.3876 -0.6310 0.6071 0.4829 0.1821 0.9710
-1.2914 1.3376 -5.3876 -0.6310 0.6071 0.4829 0.1821 0.9710
-1.2914 1.3376 -5.3876 -0.6310 0.6071 0.4829 0.1821 0.9710
-1.2834 1.3467 -5.3885 -0.6310 0.6072 0.4829 0.1864 0.9739
-1.2834 1.3467 -5.3885 -0.6310 0.6072 0.4829 0.1864 0.9739
-1.2834 1.3467 -5.3885 -0.6310 0.6072 0.4829 0.1864 0.9739
-1.2745 1.3549 -5.3873 -0.6310 0.6072 0.4829 0.1912 0.9759
-1.2745 1.3549 -5.3873 -0.6310 0.6072 0.4829 0.1912 0.9759
-1.2745 1.3549 -5.3873 -0.6310 0.6072 0.4829 0.1912 0.9759
-1.2652 1.3621 -5.3840 -0.6310 0.6072 0.4829 0.1963 0.9769
-1.2652 1.3621 -5.3840 -0.6310 0.6072 0.4829 0.1963 0.9769
-1.2652 1.3621 -5.3840 -0.6310 0.6072 0.4829 0.1963 0.9769
-1.2557 1.3678 -5.3789 -0.6310 0.6072 0.4829 0.2015 0.9769
-1.2557 1.3678 -5.3789 -0.6310 0.6072 0.4829 0.2015 0.9769
-1.2557 1.3678 -5.3789 -0.6310 0.6072 0.4829 0.2015 0.9769
-1.2465 1.3719 -5.3720 -0.6310 0.6072 0.4829 0.2065 0.9759
-1.2465 1.3719 -5.3720 -0.6310 0.6072 0.4829 0.2065 0.9759
-1.2465 1.3719 -5.3720 -0.6310 0.6072 0.4829 0.2065 0.9759
-1.2379 1.3742 -5.3636 -0.6310 0.6072 0.4829 0.2113 0.9739
-1.2379 1.3742 -5.3636 -0.6310 0.6072 0.4829 0.2113 0.9739
-1.2379 1.3742 -5.3636 -0.6310 0.6072 0.4829 0.2113 0.9739
-1.2303 1.3746 -5.3541 -0.6310 0.6072 0.4829 0.2156 0.9710
-1.2303 1.3746 -5.3541 -0.6310 0.6072 0.4829 0.2156 0.9710
-1.2303 1.3746 -5.3541 -0.6310 0.6072 0.4829 0.2156 0.9710
-1.2238 1.3731 -5.3439 -0.6310 0.6072 0.4829 0.2193 0.9673
-1.2238 1.3731 -5.3439 -0.6310 0.6072 0.4829 0.2193 0.9673
-1.2238 1.3731 -5.3439 -0.6310 0.6072 0.4829 0.2193 0.9673
-1.2189 1.3697 -5.3332 -0.6310 0.6072 0.4829 0.2221 0.9630
-1.2189 1.3697 -5.3332 -0.6310 0.6072 0.4829 0.2221 0.9630
-1.2189 1.3697 -5.3332 -0.6310 0.6072 0.4829 0.2221 0.9630
-1.2156 1.3647 -5.3226 -0.6310 0.6072 0.4829 0.2241 0.9583
-1.2156 1.3647 -5.3226 -0.6310 0.6072 0.4829 0.2241 0.9583
-1.2156 1.3647 -5.3226 -0.6310 0.6072 0.4829 0.2241 0.9583
-1.2142 1.3581 -5.3125 -0.6310 0.6072 0.4829 0.2251 0.9532
-1.2142 1.3581 -5.3125 -0.6310 0.6072 0.4829 0.2251 0.9532
-1.2142 1.3581 -5.3125 -0.6310 0.6072 0.4829 0.2251 0.9532
-1.2145 1.3503 -5.3031 -0.6310 0.6072 0.4829 0.2251 0.9480
-1.2145 1.3503 -5.3031 -0.6310 0.6072 0.4829 0.2251 0.9480
-1.2145 1.3503 -5.3031 -0.6310 0.6072 0.4829 0.2251 0.9480
-1.2167 1.3415 -5.2949 -0.6310 0.6072 0.4829 0.2241 0.9429
-1.2167 1.3415 -5.2949 -0.6310 0.6072 0.4829 0.2241 0.9429
-1.2167 1.3415 -5.2949 -0.6310 0.6072 0.4829 0.2241 0.9429
-1.2207 1.3321 -5.2883 -0.6310 0.6072 0.4829 0.2221 0.9381
-1.2207 1.3321 -5.2883 -0.6310 0.6072 0.4829 0.2221 0.9381
-1.2207 1.3321 -5.2883 -0.6310 0.6072 0.4829 0.2221 0.9381
-1.2263 1.3224 -5.2834 -0.6310 0.6072 0.4829 0.2193 0.9338
-1.2263 1.3224 -5.2834 -0.6310 0.6072 0.4829 0.2193 0.9338
-1.2263 1.3224 -5.2834 -0.6310 0.6072 0.4829 0.2193 0.9338
-1.2332 1.3129 -5.2804 -0.6310 0.6071 0.4829 0.2156 0.9302
-1.2332 1.3129 -5.2804 -0.6310 0.6071 0.4829 0.2156 0.9302
-1.2332 1.3129 -5.2804 -0.6310 0.6071 0.4829 0.2156 0.9302
-1.2413 1.3038 -5.2795 -0.6310 0.6072 0.4829 0.2113 0.9273
-1.2413 1.3038 -5.2795 -0.6310 0.6072 0.4829 0.2113 0.9273
-1.2413 1.3038 -5.2795 -0.6310 0.6072 0.4829 0.2113 0.9273
-1.2502 1.2955 -5.2807 -0.6310 0.6072 0.4829 0.2065 0.9253
-1.2502 1.2955 -5.2807 -0.6310 0.6072 0.4829 0.2065 0.9253
-1.2502 1.2955 -5.2807 -0.6310 0.6072 0.4829 0.2065 0.9253
-1.2595 1.2884 -5.2840 -0.6310 0.6072 0.4829 0.2015 0.9243
-1.2595 1.2884 -5.2840 -0.6310 0.6072 0.4829 0.2015 0.9243
-1.2595 1.2884 -5.2840 -0.6310 0.6072 0.4829 0.2015 0.9243
-1.2690 1.2826 -5.2891 -0.6310 0.6072 0.4829 0.1963 0.9243
-1.2690 1.2826 -5.2891 -0.6310 0.6072 0.4829 0.1963 0.9243
-1.2690 1.2826 -5.2891 -0.6310 0.6072 0.4829 0.1963 0.9243
-1.2782 1.2786 -5.2960 -0.6310 0.6072 0.4829 0.1912 0.9253
-1.3859 1.1788 -5.3115 -0.6309 0.6066 0.4837 0.1888 0.9320
-1.3832 1.1694 -5.2960 -0.6309 0.6067 0.4837 0.1906 0.9243
-1.3859 1.1788 -5.3115 -0.6309 0.6066 0.4837 0.1888 0.9320
-1.3832 1.1694 -5.2960 -0.6309 0.6067 0.4837 0.1906 0.9243
-1.3918 1.1671 -5.3044 -0.6309 0.6066 0.4837 0.1857 0.9263
-1.3918 1.1785 -5.3187 -0.6309 0.6066 0.4837 0.1854 0.9343
-1.3859 1.1788 -5.3115 -0.6309 0.6066 0.4837 0.1888 0.9320
-1.3918 1.1671 -5.3044 -0.6309 0.6066 0.4837 0.1857 0.9263
-1.3918 1.1785 -5.3187 -0.6309 0.6066 0.4837 0.1854 0.9343
-1.3918 1.1671 -5.3044 -0.6309 0.6066 0.4837 0.1857 0.9263
-1.3994 1.1667 -5.3139 -0.6309 0.6066 0.4837 0.1813 0.9293
-1.3918 1.1785 -5.3187 -0.6309 0.6066 0.4837 0.1854 0.9343
-1.3994 1.1667 -5.3139 -0.6309 0.6066 0.4837 0.1813 0.9293
-1.3994 1.1667 -5.3139 -0.6309 0.6066 0.4837 0.1813 0.9293
-1.4059 1.1682 -5.3241 -0.6309 0.6066 0.4837 0.1775 0.9330
-1.4059 1.1682 -5.3241 -0.6309 0.6066 0.4837 0.1775 0.9330
-1.4059 1.1682 -5.3241 -0.6309 0.6066 0.4837 0.1775 0.9330
-1.4108 1.1715 -5.3348 -0.6309 0.6066 0.4837 0.1745 0.9375
-1.4108 1.1715 -5.3348 -0.6309 0.6066 0.4837 0.1745 0.9375
-1.4108 1.1715 -5.3348 -0.6309 0.6066 0.4837 0.1745 0.9375
-1.4141 1.1765 -5.3454 -0.6309 0.6066 0.4837 0.1725 0.9424
-1.4141 1.1765 -5.3454 -0.6309 0.6066 0.4837 0.1725 0.9424
-1.4141 1.1765 -5.3454 -0.6309 0.6066 0.4837 0.1725 0.9424
-1.4156 1.1831 -5.3555 -0.6309 0.6066 0.4837 0.1714 0.9476
-1.4156 1.1831 -5.3555 -0.6309 0.6066 0.4837 0.1714 0.9476
-1.4156 1.1831 -5.3555 -0.6309 0.6066 0.4837 0.1714 0.9476
-1.4152 1.1909 -5.3649 -0.6309 0.6066 0.4837 0.1714 0.9530
-1.4152 1.1909 -5.3649 -0.6309 0.6066 0.4837 0.1714 0.9530
-1.4152 1.1909 -5.3649 -0.6309 0.6066 0.4837 0.1714 0.9530
-1.4130 1.1997 -5.3730 -0.6309 0.6066 0.4837 0.1725 0.9582
-1.4130 1.1997 -5.3730 -0.6309 0.6066 0.4837 0.1725 0.9582
-1.4130 1.1997 -5.3730 -0.6309 0.6066 0.4837 0.1725 0.9582
-1.4090 1.2092 -5.3797 -0.6309 0.6066 0.4837 0.1745 0.9631
-1.4090 1.2092 -5.3797 -0.6309 0.6066 0.4837 0.1745 0.9631
-1.4090 1.2092 -5.3797 -0.6309 0.6066 0.4837 0.1745 0.9631
-1.4035 1.2188 -5.3846 -0.6309 0.6066 0.4837 0.1775 0.9676
-1.4035 1.2188 -5.3846 -0.6309 0.6066 0.4837 0.1775 0.9676
-1.4035 1.2188 -5.3846 -0.6309 0.6066 0.4837 0.1775 0.9676
-1.3965 1.2284 -5.3875 -0.6309 0.6066 0.4837 0.1813 0.9713
-1.3965 1.2284 -5.3875 -0.6309 0.6066 0.4837 0.1813 0.9713
-1.3965 1.2284 -5.3875 -0.6309 0.6066 0.4837 0.1813 0.9713
-1.3885 1.2375 -5.3884 -0.6309 0.6066 0.4837 0.1857 0.9743
-1.3885 1.2375 -5.3884 -0.6309 0.6066 0.4837 0.1857 0.9743
-1.3885 1.2375 -5.3884 -0.6309 0.6066 0.4837 0.1857 0.9743
-1.3796 1.2458 -5.3872 -0.6309 0.6066 0.4837 0.1906 0.9764
-1.3796 1.2458 -5.3872 -0.6309 0.6066 0.4837 0.1906 0.9764
-1.3796 1.2458 -5.3872 -0.6309 0.6066 0.4837 0.1906 0.9764
-1.3703 1.2529 -5.3840 -0.6309 0.6066 0.4837 0.1959 0.9774
-1.3703 1.2529 -5.3840 -0.6309 0.6066 0.4837 0.1959 0.9774
-1.3703 1.2529 -5.3840 -0.6309 0.6066 0.4837 0.1959 0.9774
-1.3608 1.2586 -5.3788 -0.6309 0.6066 0.4837 0.2012 0.9774
-1.3608 1.2586 -5.3788 -0.6309 0.6066 0.4837 0.2012 0.9774
-1.3608 1.2586 -5.3788 -0.6309 0.6066 0.4837 0.2012 0.9774
-1.3516 1.2627 -5.3720 -0.6309 0.6067 0.4837 0.2064 0.9764
-1.3516 1.2627 -5.3720 -0.6309 0.6067 0.4837 0.2064 0.9764
-1.3516 1.2627 -5.3720 -0.6309 0.6067 0.4837 0.2064 0.9764
-1.3430 1.2650 -5.3636 -0.6309 0.6066 0.4837 0.2114 0.9743
-1.3430 1.2650 -5.3636 -0.6309 0.6066 0.4837 0.2114 0.9743
-1.3430 1.2650 -5.3636 -0.6309 0.6066 0.4837 0.2114 0.9743
-1.3353 1.2654 -5.3541 -0.6309 0.6066 0.4837 0.2158 0.9713
-1.3353 1.2654 -5.3541 -0.6309 0.6066 0.4837 0.2158 0.9713
-1.3353 1.2654 -5.3541 -0.6309 0.6066 0.4837 0.2158 0.9713
-1.3289 1.2639 -5.3439 -0.6309 0.6066 0.4837 0.2196 0.9676
-1.3289 1.2639 -5.3439 -0.6309 0.6066 0.4837 0.2196 0.9676
-1.3289 1.2639 -5.3439 -0.6309 0.6066 0.4837 0.2196 0.9676
-1.3240 1.2606 -5.3332 -0.6309 0.6066 0.4837 0.2225 0.9631
-1.3240 1.2606 -5.3332 -0.6309 0.6066 0.4837 0.2225 0.9631
-1.3240 1.2606 -5.3332 -0.6309 0.6066 0.4837 0.2225 0.9631
-1.3207 1.2555 -5.3226 -0.6309 0.6066 0.4837 0.2246 0.9582
-1.3207 1.2555 -5.3226 -0.6309 0.6066 0.4837 0.2246 0.9582
-1.3207 1.2555 -5.3226 -0.6309 0.6066 0.4837 0.2246 0.9582
-1.3192 1.2490 -5.3125 -0.6309 0.6066 0.4837 0.2256 0.9530
-1.3192 1.2490 -5.3125 -0.6309 0.6066 0.4837 0.2256 0.9530
-1.3192 1.2490 -5.3125 -0.6309 0.6066 0.4837 0.2256 0.9530
-1.3196 1.2411 -5.3031 -0.6309 0.6066 0.4837 0.2256 0.9476
-1.3196 1.2411 -5.3031 -0.6309 0.6066 0.4837 0.2256 0.9476
-1.3196 1.2411 -5.3031 -0.6309 0.6066 0.4837 0.2256 0.9476
-1.3218 1.2323 -5.2950 -0.6309 0.6066 0.4837 0.2246 0.9424
-1.3218 1.2323 -5.2950 -0.6309 0.6066 0.4837 0.2246 0.9424
-1.3218 1.2323 -5.2950 -0.6309 0.6066 0.4837 0.2246 0.9424
-1.3257 1.2229 -5.2883 -0.6309 0.6066 0.4837 0.2225 0.9375
-1.3257 1.2229 -5.2883 -0.6309 0.6066 0.4837 0.2225 0.9375
-1.3257 1.2229 -5.2883 -0.6309 0.6066 0.4837 0.2225 0.9375
-1.3313 1.2132 -5.2834 -0.6309 0.6066 0.4837 0.2196 0.9330
-1.3313 1.2132 -5.2834 -0.6309 0.6066 0.4837 0.2196 0.9330
-1.3313 1.2132 -5.2834 -0.6309 0.6066 0.4837 0.2196 0.9330
-1.3382 1.2037 -5.2805 -0.6309 0.6066 0.4837 0.2158 0.9293
-1.3382 1.2037 -5.2805 -0.6309 0.6066 0.4837 0.2158 0.9293
-1.3382 1.2037 -5.2805 -0.6309 0.6066 0.4837 0.2158 0.9293
-1.3463 1.1946 -5.2796 -0.6309 0.6066 0.4837 0.2114 0.9263
-1.3463 1.1946 -5.2796 -0.6309 0.6066 0.4837 0.2114 0.9263
-1.3463 1.1946 -5.2796 -0.6309 0.6066 0.4837 0.2114 0.9263
-1.3552 1.1863 -5.2808 -0.6309 0.6066 0.4837 0.2064 0.9243
-1.3552 1.1863 -5.2808 -0.6309 0.6066 0.4837 0.2064 0.9243
-1.3552 1.1863 -5.2808 -0.6309 0.6066 0.4837 0.2064 0.9243
-1.3645 1.1791 -5.2840 -0.6309 0.6066 0.4837 0.2012 0.9232
-1.3645 1.1791 -5.2840 -0.6309 0.6066 0.4837 0.2012 0.9232
-1.3645 1.1791 -5.2840 -0.6309 0.6066 0.4837 0.2012 0.9232
-1.3740 1.1734 -5.2892 -0.6309 0.6067 0.4837 0.1959 0.9232
-1.3740 1.1734 -5.2892 -0.6309 0.6067 0.4837 0.1959 0.9232
-1.3740 1.1734 -5.2892 -0.6309 0.6067 0.4837 0.1959 0.9232
-1.3832 1.1694 -5.2960 -0.6309 0.6067 0.4837 0.1906 0.9243
-1.8640 -0.0007 -5.3929 -0.8755 -0.0002 0.4832 0.1758 0.9381
-1.8640 -0.0007 -5.3929 -0.8755 -0.0002 0.4832 0.1758 0.9381
-1.8696 -0.0042 -5.4032 -0.8755 -0.0002 0.4832 0.1739 0.9428
-1.8696 -0.0042 -5.4032 -0.8755 -0.0002 0.4832 0.1739 0.9428
-1.8696 -0.0042 -5.4032 -0.8755 -0.0002 0.4832 0.1739 0.9428
-1.8755 -0.0053 -5.4138 -0.8755 -0.0002 0.4832 0.1729 0.9478
-1.8755 -0.0053 -5.4138 -0.8755 -0.0002 0.4832 0.1729 0.9478
-1.8755 -0.0053 -5.4138 -0.8755 -0.0002 0.4832 0.1729 0.9478
-1.8814 -0.0040 -5.4244 -0.8755 -0.0002 0.4832 0.1729 0.9529
-1.8814 -0.0040 -5.4244 -0.8755 -0.0002 0.4832 0.1729 0.9529
-1.8814 -0.0040 -5.4244 -0.8755 -0.0002 0.4832 0.1729 0.9529
-1.8870 -0.0004 -5.4346 -0.8755 -0.0002 0.4832 0.1739 0.9579
-1.8870 -0.0004 -5.4346 -0.8755 -0.0002 0.4832 0.1739 0.9579
-1.8870 -0.0004 -5.4346 -0.8755 -0.0002 0.4832 0.1739 0.9579
-1.8922 0.0054 -5.4440 -0.8755 -0.0002 0.4832 0.1758 0.9626
-1.8922 0.0054 -5.4440 -0.8755 -0.0002 0.4832 0.1758 0.9626
-1.8922 0.0054 -5.4440 -0.8755 -0.0002 0.4832 0.1758 0.9626
-1.8967 0.0132 -5.4522 -0.8755 -0.0002 0.4832 0.1787 0.9668
-1.8967 0.0132 -5.4522 -0.8755 -0.0002 0.4832 0.1787 0.9668
-1.8967 0.0132 -5.4522 -0.8755 -0.0002 0.4832 0.1787 0.9668
-1.9004 0.0226 -5.4589 -0.8755 -0.0002 0.4832 0.1823 0.9704
-1.9004 0.0226 -5.4589 -0.8755 -0.0002 0.4832 0.1823 0.9704
-1.9004 0.0226 -5.4589 -0.8755 -0.0002 0.4832 0.1823 0.9704
-1.9032 0.0334 -5.4639 -0.8755 -0.0002 0.4832 0.1865 0.9733
-1.9032 0.0334 -5.4639 -0.8755 -0.0002 0.4832 0.1865 0.9733
-1.9032 0.0334 -5.4639 -0.8755 -0.0002 0.4832 0.1865 0.9733
-1.9049 0.0451 -5.4670 -0.8755 -0.0002 0.4832 0.1912 0.9752
-1.9049 0.0451 -5.4670 -0.8755 -0.0002 0.4832 0.1912 0.9752
-1.9049 0.0451 -5.4670 -0.8755 -0.0002 0.4832 0.1912 0.9752
-1.9054 0.0573 -5.4679 -0.8755 -0.0002 0.4832 0.1962 0.9762
-1.9054 0.0573 -5.4679 -0.8755 -0.0002 0.4832 0.1962 0.9762
-1.9054 0.0573 -5.4679 -0.8755 -0.0002 0.4832 0.1962 0.9762
-1.9048 0.0694 -5.4668 -0.8755 -0.0002 0.4832 0.2013 0.9762
-1.9048 0.0694 -5.4668 -0.8755 -0.0002 0.4832 0.2013 0.9762
-1.9048 0.0694 -5.4668 -0.8755 -0.0002 0.4832 0.2013 0.9762
-1.9030 0.0810 -5.4637 -0.8755 -0.0002 0.4832 0.2063 0.9752
-1.9030 0.0810 -5.4637 -0.8755 -0.0002 0.4832 0.2063 0.9752
-1.9030 0.0810 -5.4637 -0.8755 -0.0002 0.4832 0.2063 0.9752
-1.9002 0.0918 -5.4586 -0.8755 -0.0002 0.4832 0.2110 0.9733
-1.9002 0.0918 -5.4586 -0.8755 -0.0002 0.4832 0.2110 0.9733
-1.9002 0.0918 -5.4586 -0.8755 -0.0002 0.4832 0.2110 0.9733
-1.8965 0.1011 -5.4518 -0.8755 -0.0002 0.4832 0.2153 0.9704
-1.8965 0.1011 -5.4518 -0.8755 -0.0002 0.4832 0.2153 0.9704
-1.8965 0.1011 -5.4518 -0.8755 -0.0002 0.4832 0.2153 0.9704
-1.8919 0.1088 -5.4435 -0.8755 -0.0002 0.4832 0.2189 0.9668
-1.8919 0.1088 -5.4435 -0.8755 -0.0002 0.4832 0.2189 0.9668
-1.8919 0.1088 -5.4435 -0.8755 -0.0002 0.4832 0.2189 0.9668
-1.8867 0.1145 -5.4340 -0.8755 -0.0002 0.4832 0.2217 0.9626
-1.8867 0.1145 -5.4340 -0.8755 -0.0002 0.4832 0.2217 0.9626
-1.8867 0.1145 -5.4340 -0.8755 -0.0002 0.4832 0.2217 0.9626
-1.8810 0.1180 -5.4238 -0.8755 -0.0002 0.4832 0.2237 0.9579
-1.8810 0.1180 -5.4238 -0.8755 -0.0002 0.4832 0.2237 0.9579
-1.8810 0.1180 -5.4238 -0.8755 -0.0002 0.4832 0.2237 0.9579
-1.8752 0.1191 -5.4131 -0.8755 -0.0002 0.4832 0.2246 0.9529
-1.8752 0.1191 -5.4131 -0.8755 -0.0002 0.4832 0.2246 0.9529
-1.8752 0.1191 -5.4131 -0.8755 -0.0002 0.4832 0.2246 0.9529
-1.8693 0.1178 -5.4025 -0.8755 -0.0002 0.4832 0.2246 0.9478
-1.8665 0.1005 -5.3974 -0.8755 -0.0002 0.4832 0.2177 0.9446
-1.8693 0.1178 -5.4025 -0.8755 -0.0002 0.4832 0.2246 0.9478
-1.8665 0.1005 -5.3974 -0.8755 -0.0002 0.4832 0.2177 0.9446
-1.8693 0.1178 -5.4025 -0.8755 -0.0002 0.4832 0.2246 0.9478
-1.8637 0.1142 -5.3923 -0.8755 -0.0002 0.4832 0.2237 0.9428
-1.8625 0.0961 -5.3902 -0.8755 -0.0002 0.4832 0.2162 0.9410
-1.8665 0.1005 -5.3974 -0.8755 -0.0002 0.4832 0.2177 0.9446
-1.8637 0.1142 -5.3923 -0.8755 -0.0002 0.4832 0.2237 0.9428
-1.8625 0.0961 -5.3902 -0.8755 -0.0002 0.4832 0.2162 0.9410
-1.8637 0.1142 -5.3923 -0.8755 -0.0002 0.4832 0.2237 0.9428
-1.8585 0.1084 -5.3829 -0.8755 -0.0002 0.4832 0.2217 0.9381
-1.8625 0.0961 -5.3902 -0.8755 -0.0002 0.4832 0.2162 0.9410
-1.8585 0.1084 -5.3829 -0.8755 -0.0002 0.4832 0.2217 0.9381
-1.8585 0.1084 -5.3829 -0.8755 -0.0002 0.4832 0.2217 0.9381
-1.8540 0.1006 -5.3747 -0.8755 -0.0002 0.4832 0.2189 0.9338
-1.8540 0.1006 -5.3747 -0.8755 -0.0002 0.4832 0.2189 0.9338
-1.8540 0.1006 -5.3747 -0.8755 -0.0002 0.4832 0.2189 0.9338
-1.8503 0.0911 -5.3680 -0.8755 -0.0002 0.4832 0.2153 0.9302
-1.8503 0.0911 -5.3680 -0.8755 -0.0002 0.4832 0.2153 0.9302
-1.8503 0.0911 -5.3680 -0.8755 -0.0002 0.4832 0.2153 0.9302
-1.8475 0.0804 -5.3630 -0.8755 -0.0002 0.4832 0.2110 0.9274
-1.8475 0.0804 -5.3630 -0.8755 -0.0002 0.4832 0.2110 0.9274
-1.8475 0.0804 -5.3630 -0.8755 -0.0002 0.4832 0.2110 0.9274
-1.8458 0.0687 -5.3600 -0.8755 -0.0002 0.4832 0.2063 0.9254
-1.8458 0.0687 -5.3600 -0.8755 -0.0002 0.4832 0.2063 0.9254
-1.8458 0.0687 -5.3600 -0.8755 -0.0002 0.4832 0.2063 0.9254
-1.8453 0.0565 -5.3590 -0.8755 -0.0002 0.4832 0.2013 0.9244
-1.8453 0.0565 -5.3590 -0.8755 -0.0002 0.4832 0.2013 0.9244
-1.8453 0.0565 -5.3590 -0.8755 -0.0002 0.4832 0.2013 0.9244
-1.8459 0.0444 -5.3601 -0.8755 -0.0002 0.4832 0.1962 0.9244
-1.8459 0.0444 -5.3601 -0.8755 -0.0002 0.4832 0.1962 0.9244
-1.8459 0.0444 -5.3601 -0.8755 -0.0002 0.4832 0.1962 0.9244
-1.8476 0.0327 -5.3633 -0.8755 -0.0002 0.4832 0.1912 0.9254
-1.8476 0.0327 -5.3633 -0.8755 -0.0002 0.4832 0.1912 0.9254
-1.8476 0.0327 -5.3633 -0.8755 -0.0002 0.4832 0.1912 0.9254
-1.8504 0.0220 -5.3684 -0.8755 -0.0002 0.4832 0.1865 0.9274
-1.8504 0.0220 -5.3684 -0.8755 -0.0002 0.4832 0.1865 0.9274
-1.8504 0.0220 -5.3684 -0.8755 -0.0002 0.4832 0.1865 0.9274
-1.8542 0.0126 -5.3752 -0.8755 -0.0002 0.4832 0.1823 0.9302
-1.8542 0.0126 -5.3752 -0.8755 -0.0002 0.4832 0.1823 0.9302
-1.8542 0.0126 -5.3752 -0.8755 -0.0002 0.4832 0.1823 0.9302
-1.8588 0.0050 -5.3835 -0.8755 -0.0002 0.4832 0.1787 0.9338
-1.8588 0.0050 -5.3835 -0.8755 -0.0002 0.4832 0.1787 0.9338
-1.8588 0.0050 -5.3835 -0.8755 -0.0002 0.4832 0.1787 0.9338
-1.8640 -0.0007 -5.3929 -0.8755 -0.0002 0.4832 0.1758 0.9381
-1.8640 -0.1522 -5.3929 -0.8755 -0.0002 0.4832 0.1746 0.9382
-1.8640 -0.1522 -5.3929 -0.8755 -0.0002 0.4832 0.1746 0.9382
-1.8696 -0.1557 -5.4032 -0.8755 -0.0002 0.4832 0.1726 0.9431
-1.8696 -0.1557 -5.4032 -0.8755 -0.0002 0.4832 0.1726 0.9431
-1.8696 -0.1557 -5.4032 -0.8755 -0.0002 0.4832 0.1726 0.9431
-1.8755 -0.1568 -5.4138 -0.8755 -0.0002 0.4832 0.1715 0.9484
-1.8755 -0.1568 -5.4138 -0.8755 -0.0002 0.4832 0.1715 0.9484
-1.8755 -0.1568 -5.4138 -0.8755 -0.0002 0.4832 0.1715 0.9484
-1.8814 -0.1555 -5.4244 -0.8755 -0.0002 0.4832 0.1715 0.9537
-1.8814 -0.1555 -5.4244 -0.8755 -0.0002 0.4832 0.1715 0.9537
-1.8814 -0.1555 -5.4244 -0.8755 -0.0002 0.4832 0.1715 0.9537
-1.8870 -0.1519 -5.4346 -0.8755 -0.0002 0.4832 0.1726 0.9589
-1.8870 -0.1519 -5.4346 -0.8755 -0.0002 0.4832 0.1726 0.9589
-1.8870 -0.1519 -5.4346 -0.8755 -0.0002 0.4832 0.1726 0.9589
-1.8922 -0.1461 -5.4440 -0.8755 -0.0002 0.4832 0.1746 0.9638
-1.8922 -0.1461 -5.4440 -0.8755 -0.0002 0.4832 0.1746 0.9638
-1.8922 -0.1461 -5.4440 -0.8755 -0.0002 0.4832 0.1746 0.9638
-1.8967 -0.1383 -5.4522 -0.8755 -0.0002 0.4832 0.1775 0.9682
-1.8967 -0.1383 -5.4522 -0.8755 -0.0002 0.4832 0.1775 0.9682
-1.8967 -0.1383 -5.4522 -0.8755 -0.0002 0.4832 0.1775 0.9682
-1.9004 -0.1289 -5.4589 -0.8755 -0.0002 0.4832 0.1813 0.9720
-1.9004 -0.1289 -5.4589 -0.8755 -0.0002 0.4832 0.1813 0.9720
-1.9004 -0.1289 -5.4589 -0.8755 -0.0002 0.4832 0.1813 0.9720
-1.9032 -0.1181 -5.4639 -0.8755 -0.0002 0.4832 0.1857 0.9749
-1.9032 -0.1181 -5.4639 -0.8755 -0.0002 0.4832 0.1857 0.9749
-1.9032 -0.1181 -5.4639 -0.8755 -0.0002 0.4832 0.1857 0.9749
-1.9049 -0.1064 -5.4670 -0.8755 -0.0002 0.4832 0.1906 0.9770
-1.9049 -0.1064 -5.4670 -0.8755 -0.0002 0.4832 0.1906 0.9770
-1.9049 -0.1064 -5.4670 -0.8755 -0.0002 0.4832 0.1906 0.9770
-1.9054 -0.0942 -5.4679 -0.8755 -0.0002 0.4832 0.1958 0.9780
-1.9054 -0.0942 -5.4679 -0.8755 -0.0002 0.4832 0.1958 0.9780
-1.9054 -0.0942 -5.4679 -0.8755 -0.0002 0.4832 0.1958 0.9780
-1.9048 -0.0821 -5.4668 -0.8755 -0.0002 0.4832 0.2012 0.9780
-1.9048 -0.0821 -5.4668 -0.8755 -0.0002 0.4832 0.2012 0.9780
-1.9048 -0.0821 -5.4668 -0.8755 -0.0002 0.4832 0.2012 0.9780
-1.9030 -0.0705 -5.4637 -0.8755 -0.0002 0.4832 0.2064 0.9770
-1.9030 -0.0705 -5.4637 -0.8755 -0.0002 0.4832 0.2064 0.9770
-1.9030 -0.0705 -5.4637 -0.8755 -0.0002 0.4832 0.2064 0.9770
-1.9002 -0.0597 -5.4586 -0.8755 -0.0002 0.4832 0.2113 0.9749
-1.9002 -0.0597 -5.4586 -0.8755 -0.0002 0.4832 0.2113 0.9749
-1.9002 -0.0597 -5.4586 -0.8755 -0.0002 0.4832 0.2113 0.9749
-1.8965 -0.0504 -5.4518 -0.8755 -0.0002 0.4832 0.2157 0.9720
-1.8965 -0.0504 -5.4518 -0.8755 -0.0002 0.4832 0.2157 0.9720
-1.8965 -0.0504 -5.4518 -0.8755 -0.0002 0.4832 0.2157 0.9720
-1.8919 -0.0427 -5.4435 -0.8755 -0.0002 0.4832 0.2195 0.9682
-1.8919 -0.0427 -5.4435 -0.8755 -0.0002 0.4832 0.2195 0.9682
-1.8919 -0.0427 -5.4435 -0.8755 -0.0002 0.4832 0.2195 0.9682
-1.8867 -0.0370 -5.4340 -0.8755 -0.0002 0.4832 0.2224 0.9638
-1.8867 -0.0370 -5.4340 -0.8755 -0.0002 0.4832 0.2224 0.9638
-1.8867 -0.0370 -5.4340 -0.8755 -0.0002 0.4832 0.2224 0.9638
-1.8810 -0.0335 -5.4238 -0.8755 -0.0002 0.4832 0.2244 0.9589
-1.8810 -0.0335 -5.4238 -0.8755 -0.0002 0.4832 0.2244 0.9589
-1.8810 -0.0335 -5.4238 -0.8755 -0.0002 0.4832 0.2244 0.9589
-1.8752 -0.0324 -5.4131 -0.8755 -0.0002 0.4832 0.2255 0.9537
-1.8752 -0.0324 -5.4131 -0.8755 -0.0002 0.4832 0.2255 0.9537
-1.8752 -0.0324 -5.4131 -0.8755 -0.0002 0.4832 0.2255 0.9537
-1.8693 -0.0337 -5.4025 -0.8755 -0.0002 0.4832 0.2255 0.9484
-1.8693 -0.0337 -5.4025 -0.8755 -0.0002 0.4832 0.2255 0.9484
-1.8693 -0.0337 -5.4025 -0.8755 -0.0002 0.4832 0.2255 0.9484
-1.8637 -0.0373 -5.3923 -0.8755 -0.0002 0.4832 0.2244 0.9431
-1.8637 -0.0373 -5.3923 -0.8755 -0.0002 0.4832 0.2244 0.9431
-1.8637 -0.0373 -5.3923 -0.8755 -0.0002 0.4832 0.2244 0.9431
-1.8585 -0.0431 -5.3829 -0.8755 -0.0002 0.4832 0.2224 0.9382
-1.8585 -0.0431 -5.3829 -0.8755 -0.0002 0.4832 0.2224 0.9382
-1.8585 -0.0431 -5.3829 -0.8755 -0.0002 0.4832 0.2224 0.9382
-1.8540 -0.0509 -5.3747 -0.8755 -0.0002 0.4832 0.2195 0.9338
-1.8540 -0.0509 -5.3747 -0.8755 -0.0002 0.4832 0.2195 0.9338
-1.8540 -0.0509 -5.3747 -0.8755 -0.0002 0.4832 0.2195 0.9338
-1.8503 -0.0604 -5.3680 -0.8755 -0.0002 0.4832 0.2157 0.9301
-1.8503 -0.0604 -5.3680 -0.8755 -0.0002 0.4832 0.2157 0.9301
-1.8503 -0.0604 -5.3680 -0.8755 -0.0002 0.4832 0.2157 0.9301
-1.8475 -0.0711 -5.3630 -0.8755 -0.0002 0.4832 0.2113 0.9271
-1.8475 -0.0711 -5.3630 -0.8755 -0.0002 0.4832 0.2113 0.9271
-1.8475 -0.0711 -5.3630 -0.8755 -0.0002 0.4832 0.2113 0.9271
-1.8458 -0.0828 -5.3600 -0.8755 -0.0002 0.4832 0.2064 0.9251
-1.8458 -0.0828 -5.3600 -0.8755 -0.0002 0.4832 0.2064 0.9251
-1.8458 -0.0828 -5.3600 -0.8755 -0.0002 0.4832 0.2064 0.9251
-1.8453 -0.0950 -5.3590 -0.8755 -0.0002 0.4832 0.2012 0.9240
-1.8453 -0.0950 -5.3590 -0.8755 -0.0002 0.4832 0.2012 0.9240
-1.8453 -0.0950 -5.3590 -0.8755 -0.0002 0.4832 0.2012 0.9240
-1.8459 -0.1071 -5.3601 -0.8755 -0.0002 0.4832 0.1958 0.9240
-1.8459 -0.1071 -5.3601 -0.8755 -0.0002 0.4832 0.1958 0.9240
-1.8459 -0.1071 -5.3601 -0.8755 -0.0002 0.4832 0.1958 0.9240
-1.8476 -0.1188 -5.3633 -0.8755 -0.0002 0.4832 0.1906 0.9251
-1.8476 -0.1188 -5.3633 -0.8755 -0.0002 0.4832 0.1906 0.9251
-1.8476 -0.1188 -5.3633 -0.8755 -0.0002 0.4832 0.1906 0.9251
-1.8504 -0.1295 -5.3684 -0.8755 -0.0002 0.4832 0.1857 0.9271
-1.8504 -0.1295 -5.3684 -0.8755 -0.0002 0.4832 0.1857 0.9271
-1.8504 -0.1295 -5.3684 -0.8755 -0.0002 0.4832 0.1857 0.9271
-1.8542 -0.1389 -5.3752 -0.8755 -0.0002 0.4832 0.1813 0.9301
-1.8542 -0.1389 -5.3752 -0.8755 -0.0002 0.4832 0.1813 0.9301
-1.8542 -0.1389 -5.3752 -0.8755 -0.0002 0.4832 0.1813 0.9301
-1.8588 -0.1465 -5.3835 -0.8755 -0.0002 0.4832 0.1775 0.9338
-1.8588 -0.1465 -5.3835 -0.8755 -0.0002 0.4832 0.1775 0.9338
-1.8588 -0.1465 -5.3835 -0.8755 -0.0002 0.4832 0.1775 0.9338
-1.8640 -0.1522 -5.3929 -0.8755 -0.0002 0.4832 0.1746 0.9382
-0.1010 1.0950 -4.1029 0.0000 0.8599 0.5105 0.1757 0.9379
-0.1010 1.0950 -4.1029 0.0000 0.8599 0.5105 0.1757 0.9379
-0.1118 1.0979 -4.1078 0.0000 0.8599 0.5105 0.1738 0.9427
-0.1118 1.0979 -4.1078 0.0000 0.8599 0.5105 0.1738 0.9427
-0.1118 1.0979 -4.1078 0.0000 0.8599 0.5105 0.1738 0.9427
-0.1212 1.1019 -4.1145 -0.0000 0.8599 0.5104 0.1728 0.9477
-0.1212 1.1019 -4.1145 -0.0000 0.8599 0.5104 0.1728 0.9477
-0.1212 1.1019 -4.1145 -0.0000 0.8599 0.5104 0.1728 0.9477
-0.1289 1.1067 -4.1226 0.0000 0.8599 0.5105 0.1728 0.9529
-0.1289 1.1067 -4.1226 0.0000 0.8599 0.5105 0.1728 0.9529
-0.1289 1.1067 -4.1226 0.0000 0.8599 0.5105 0.1728 0.9529
-0.1347 1.1122 -4.1318 0.0000 0.8599 0.5105 0.1738 0.9580
-0.1347 1.1122 -4.1318 0.0000 0.8599 0.5105 0.1738 0.9580
-0.1347 1.1122 -4.1318 0.0000 0.8599 0.5105 0.1738 0.9580
-0.1382 1.1181 -4.1419 0.0000 0.8599 0.5105 0.1757 0.9628
-0.1382 1.1181 -4.1419 0.0000 0.8599 0.5105 0.1757 0.9628
-0.1382 1.1181 -4.1419 0.0000 0.8599 0.5105 0.1757 0.9628
-0.1394 1.1243 -4.1523 -0.0000 0.8599 0.5105 0.1786 0.9671
-0.1236 1.1290 -4.1602 -0.0000 0.8599 0.5105 0.1863 0.9658
-0.1394 1.1243 -4.1523 -0.0000 0.8599 0.5105 0.1786 0.9671
-0.1236 1.1290 -4.1602 -0.0000 0.8599 0.5105 0.1863 0.9658
-0.1394 1.1243 -4.1523 -0.0000 0.8599 0.5105 0.1786 0.9671
-0.1382 1.1305 -4.1627 -0.0000 0.8599 0.5105 0.1823 0.9707
-0.1209 1.1336 -4.1679 -0.0000 0.8599 0.5105 0.1896 0.9680
-0.1236 1.1290 -4.1602 -0.0000 0.8599 0.5105 0.1863 0.9658
-0.1382 1.1305 -4.1627 -0.0000 0.8599 0.5105 0.1823 0.9707
-0.1209 1.1336 -4.1679 -0.0000 0.8599 0.5105 0.1896 0.9680
-0.1382 1.1305 -4.1627 -0.0000 0.8599 0.5105 0.1823 0.9707
-0.1347 1.1365 -4.1728 -0.0000 0.8599 0.5105 0.1866 0.9736
-0.1166 1.1377 -4.1749 -0.0000 0.8599 0.5105 0.1932 0.9695
-0.1209 1.1336 -4.1679 -0.0000 0.8599 0.5105 0.1896 0.9680
-0.1347 1.1365 -4.1728 -0.0000 0.8599 0.5105 0.1866 0.9736
-0.1166 1.1377 -4.1749 -0.0000 0.8599 0.5105 0.1932 0.9695
-0.1347 1.1365 -4.1728 -0.0000 0.8599 0.5105 0.1866 0.9736
-0.1289 1.1419 -4.1820 -0.0000 0.8599 0.5105 0.1914 0.9756
-0.1166 1.1377 -4.1749 -0.0000 0.8599 0.5105 0.1932 0.9695
-0.1289 1.1419 -4.1820 -0.0000 0.8599 0.5105 0.1914 0.9756
-0.1289 1.1419 -4.1820 -0.0000 0.8599 0.5105 0.1914 0.9756
-0.1212 1.1468 -4.1901 -0.0000 0.8599 0.5105 0.1964 0.9766
-0.1212 1.1468 -4.1901 -0.0000 0.8599 0.5105 0.1964 0.9766
-0.1212 1.1468 -4.1901 -0.0000 0.8599 0.5105 0.1964 0.9766
-0.1118 1.1507 -4.1968 -0.0000 0.8599 0.5105 0.2016 0.9766
-0.1118 1.1507 -4.1968 -0.0000 0.8599 0.5105 0.2016 0.9766
-0.1118 1.1507 -4.1968 -0.0000 0.8599 0.5105 0.2016 0.9766
-0.1010 1.1536 -4.2017 -0.0000 0.8599 0.5105 0.2067 0.9756
-0.1010 1.1536 -4.2017 -0.0000 0.8599 0.5105 0.2067 0.9756
-0.1010 1.1536 -4.2017 -0.0000 0.8599 0.5105 0.2067 0.9756
-0.0893 1.1554 -4.2048 0.0000 0.8599 0.5105 0.2115 0.9736
-0.0893 1.1554 -4.2048 0.0000 0.8599 0.5105 0.2115 0.9736
-0.0893 1.1554 -4.2048 0.0000 0.8599 0.5105 0.2115 0.9736
-0.0772 1.1561 -4.2058 0.0000 0.8599 0.5105 0.2158 0.9707
-0.0772 1.1561 -4.2058 0.0000 0.8599 0.5105 0.2158 0.9707
-0.0772 1.1561 -4.2058 0.0000 0.8599 0.5105 0.2158 0.9707
-0.0651 1.1554 -4.2048 -0.0000 0.8599 0.5105 0.2194 0.9671
-0.0651 1.1554 -4.2048 -0.0000 0.8599 0.5105 0.2194 0.9671
-0.0651 1.1554 -4.2048 -0.0000 0.8599 0.5105 0.2194 0.9671
-0.0534 1.1536 -4.2017 0.0000 0.8599 0.5105 0.2223 0.9628
-0.0534 1.1536 -4.2017 0.0000 0.8599 0.5105 0.2223 0.9628
-0.0534 1.1536 -4.2017 0.0000 0.8599 0.5105 0.2223 0.9628
-0.0426 1.1507 -4.1968 -0.0000 0.8599 0.5105 0.2243 0.9580
-0.0426 1.1507 -4.1968 -0.0000 0.8599 0.5105 0.2243 0.9580
-0.0426 1.1507 -4.1968 -0.0000 0.8599 0.5105 0.2243 0.9580
-0.0332 1.1468 -4.1901 -0.0000 0.8599 0.5105 0.2253 0.9529
-0.0332 1.1468 -4.1901 -0.0000 0.8599 0.5105 0.2253 0.9529
-0.0332 1.1468 -4.1901 -0.0000 0.8599 0.5105 0.2253 0.9529
-0.0255 1.1419 -4.1820 0.0000 0.8599 0.5105 0.2253 0.9477
-0.0255 1.1419 -4.1820 0.0000 0.8599 0.5105 0.2253 0.9477
-0.0255 1.1419 -4.1820 0.0000 0.8599 0.5105 0.2253 0.9477
-0.0197 1.1365 -4.1728 -0.0000 0.8599 0.5105 0.2243 0.9427
-0.0197 1.1365 -4.1728 -0.0000 0.8599 0.5105 0.2243 0.9427
-0.0197 1.1365 -4.1728 -0.0000 0.8599 0.5105 0.2243 0.9427
-0.0162 1.1305 -4.1627 0.0000 0.8599 0.5105 0.2223 0.9379
-0.0162 1.1305 -4.1627 0.0000 0.8599 0.5105 0.2223 0.9379
-0.0162 1.1305 -4.1627 0.0000 0.8599 0.5105 0.2223 0.9379
-0.0150 1.1243 -4.1523 0.0000 0.8599 0.5105 0.2194 0.9336
-0.0150 1.1243 -4.1523 0.0000 0.8599 0.5105 0.2194 0.9336
-0.0150 1.1243 -4.1523 0.0000 0.8599 0.5105 0.2194 0.9336
-0.0162 1.1181 -4.1419 0.0000 0.8599 0.5104 0.2158 0.9299
-0.0162 1.1181 -4.1419 0.0000 0.8599 0.5104 0.2158 0.9299
-0.0162 1.1181 -4.1419 0.0000 0.8599 0.5104 0.2158 0.9299
-0.0197 1.1122 -4.1318 0.0000 0.8599 0.5105 0.2115 0.9270
-0.0197 1.1122 -4.1318 0.0000 0.8599 0.5105 0.2115 0.9270
-0.0197 1.1122 -4.1318 0.0000 0.8599 0.5105 0.2115 0.9270
-0.0255 1.1067 -4.1226 0.0000 0.8599 0.5105 0.2067 0.9251
-0.0255 1.1067 -4.1226 0.0000 0.8599 0.5105 0.2067 0.9251
-0.0255 1.1067 -4.1226 0.0000 0.8599 0.5105 0.2067 0.9251
-0.0332 1.1019 -4.1145 0.0000 0.8599 0.5105 0.2016 0.9240
-0.0332 1.1019 -4.1145 0.0000 0.8599 0.5105 0.2016 0.9240
-0.0332 1.1019 -4.1145 0.0000 0.8599 0.5105 0.2016 0.9240
-0.0426 1.0979 -4.1078 0.0000 0.8599 0.5105 0.1964 0.9240
-0.0426 1.0979 -4.1078 0.0000 0.8599 0.5105 0.1964 0.9240
-0.0426 1.0979 -4.1078 0.0000 0.8599 0.5105 0.1964 0.9240
-0.0534 1.0950 -4.1029 0.0000 0.8599 0.5105 0.1914 0.9251
-0.0534 1.0950 -4.1029 0.0000 0.8599 0.5105 0.1914 0.9251
-0.0534 1.0950 -4.1029 0.0000 0.8599 0.5105 0.1914 0.9251
-0.0651 1.0932 -4.0998 -0.0000 0.8599 0.5105 0.1866 0.9270
-0.0651 1.0932 -4.0998 -0.0000 0.8599 0.5105 0.1866 0.9270
-0.0651 1.0932 -4.0998 -0.0000 0.8599 0.5105 0.1866 0.9270
-0.0772 1.0925 -4.0988 0.0000 0.8599 0.5105 0.1823 0.9299
-0.0772 1.0925 -4.0988 0.0000 0.8599 0.5105 0.1823 0.9299
-0.0772 1.0925 -4.0988 0.0000 0.8599 0.5105 0.1823 0.9299
-0.0893 1.0932 -4.0998 0.0000 0.8599 0.5105 0.1786 0.9336
-0.0893 1.0932 -4.0998 0.0000 0.8599 0.5105 0.1786 0.9336
-0.0893 1.0932 -4.0998 0.0000 0.8599 0.5105 0.1786 0.9336
-0.1010 1.0950 -4.1029 0.0000 0.8599 0.5105 0.1757 0.9379
-0.0862 1.9271 -5.4659 0.0057 0.8755 0.4832 0.0779 0.9087
-0.0770 1.9275 -5.4667 0.0057 0.8755 0.4832 0.0812 0.9065
-0.0770 1.9275 -5.4667 0.0057 0.8755 0.4832 0.0812 0.9065
-0.0677 1.9270 -5.4659 0.0057 0.8755 0.4832 0.0840 0.9036
-0.0770 1.9275 -5.4667 0.0057 0.8755 0.4832 0.0812 0.9065
-1.3981 1.1905 -5.3021 -0.6309 0.6066 0.4837 0.0583 0.8722
-1.4040 1.1902 -5.3093 -0.6309 0.6066 0.4837 0.0550 0.8745
-1.4040 1.1902 -5.3093 -0.6309 0.6066 0.4837 0.0550 0.8745
-1.4040 1.1902 -5.3093 -0.6309 0.6066 0.4837 0.0550 0.8745
-1.8834 0.1005 -5.3880 -0.8755 -0.0002 0.4832 0.0873 0.8848
-1.8834 0.1005 -5.3880 -0.8755 -0.0002 0.4832 0.0873 0.8848
-1.8795 0.0961 -5.3809 -0.8755 -0.0002 0.4832 0.0858 0.8812
-1.8834 0.1005 -5.3880 -0.8755 -0.0002 0.4832 0.0873 0.8848
-1.8834 0.1005 -5.3880 -0.8755 -0.0002 0.4832 0.0873 0.8848
-1.8834 0.1005 -5.3880 -0.8755 -0.0002 0.4832 0.0873 0.8848
-0.1236 1.1456 -4.1504 -0.0000 0.8599 0.5105 0.0559 0.9060
-0.1209 1.1502 -4.1580 -0.0000 0.8599 0.5105 0.0591 0.9082
-0.1209 1.1502 -4.1580 -0.0000 0.8599 0.5105 0.0591 0.9082
-0.1166 1.1544 -4.1650 -0.0000 0.8599 0.5105 0.0628 0.9097
-0.1209 1.1502 -4.1580 -0.0000 0.8599 0.5105 0.0591 0.9082
-0.1209 1.1502 -4.1580 -0.0000 0.8599 0.5105 0.0591 0.9082
-0.1209 1.1502 -4.1580 -0.0000 0.8599 0.5105 0.0591 0.9082
-0.1209 1.1502 -4.1580 -0.0000 0.8599 0.5105 0.0591 0.9082
-0.1209 1.1502 -4.1580 -0.0000 0.8599 0.5105 0.0591 0.9082
-1.8591 0.0902 -5.3840 0.3436 0.7028 0.6229 0.2141 0.9378
-1.8760 0.0902 -5.3746 0.3436 0.7028 0.6229 0.2141 0.9378
-1.8760 0.0902 -5.3746 0.3436 0.7028 0.6229 0.2141 0.9378
-1.3967 1.1796 -5.3265 -0.6184 -0.7697 0.1587 0.1825 0.9372
-1.4089 1.1913 -5.3171 -0.6184 -0.7697 0.1587 0.1825 0.9372
-1.4089 1.1913 -5.3171 -0.6184 -0.7697 0.1587 0.1825 0.9372
-0.1107 1.1414 -4.1811 -0.7071 0.3610 -0.6080 0.1971 0.9703
-0.1107 1.1580 -4.1712 -0.7071 0.3610 -0.6080 0.1971 0.9703
-0.1107 1.1580 -4.1712 -0.7071 0.3610 -0.6080 0.1971 0.9703
-0.0590 1.9087 -5.4729 0.3833 0.4443 -0.8097 0.2167 0.9602
-0.0589 1.9257 -5.4635 0.3833 0.4443 -0.8097 0.2167 0.9602
-0.0589 1.9257 -5.4635 0.3833 0.4443 -0.8097 0.2167 0.9602
-1.8591 0.0902 -5.3840 0.3436 0.7028 0.6229 0.2141 0.9378
-1.8563 0.0830 -5.3789 0.4032 0.5506 0.7309 0.2113 0.9350
-1.8732 0.0830 -5.3695 0.4032 0.5506 0.7309 0.2113 0.9350
-1.8591 0.0902 -5.3840 0.3436 0.7028 0.6229 0.2141 0.9378
-1.8732 0.0830 -5.3695 0.4032 0.5506 0.7309 0.2113 0.9350
-1.8760 0.0902 -5.3746 0.3436 0.7028 0.6229 0.2141 0.9378
-1.3967 1.1796 -5.3265 -0.6184 -0.7697 0.1587 0.1825 0.9372
-1.4004 1.1821 -5.3346 -0.6980 -0.7160 -0.0123 0.1803 0.9405
-1.4126 1.1939 -5.3252 -0.6980 -0.7160 -0.0123 0.1803 0.9405
-1.3967 1.1796 -5.3265 -0.6184 -0.7697 0.1587 0.1825 0.9372
-1.4126 1.1939 -5.3252 -0.6980 -0.7160 -0.0123 0.1803 0.9405
-1.4089 1.1913 -5.3171 -0.6184 -0.7697 0.1587 0.1825 0.9372
-0.1107 1.1414 -4.1811 -0.7071 0.3610 -0.6080 0.1971 0.9703
-0.1035 1.1444 -4.1861 -0.5556 0.4244 -0.7150 0.2010 0.9703
-0.1035 1.1610 -4.1763 -0.5556 0.4244 -0.7150 0.2010 0.9703
-0.1107 1.1414 -4.1811 -0.7071 0.3610 -0.6080 0.1971 0.9703
-0.1035 1.1610 -4.1763 -0.5556 0.4244 -0.7150 0.2010 0.9703
-0.1107 1.1580 -4.1712 -0.7071 0.3610 -0.6080 0.1971 0.9703
-0.0590 1.9087 -5.4729 0.3833 0.4443 -0.8097 0.2167 0.9602
-0.0508 1.9066 -5.4691 0.5561 0.3988 -0.7291 0.2182 0.9565
-0.0507 1.9235 -5.4597 0.5561 0.3988 -0.7291 0.2182 0.9565
-0.0590 1.9087 -5.4729 0.3833 0.4443 -0.8097 0.2167 0.9602
-0.0507 1.9235 -5.4597 0.5561 0.3988 -0.7291 0.2182 0.9565
-0.0589 1.9257 -5.4635 0.3833 0.4443 -0.8097 0.2167 0.9602
-1.8563 0.0830 -5.3789 0.4032 0.5506 0.7309 0.2113 0.9350
-1.8542 0.0747 -5.3751 0.4474 0.3771 0.8109 0.2081 0.9329
-1.8711 0.0747 -5.3657 0.4474 0.3771 0.8109 0.2081 0.9329
-1.8563 0.0830 -5.3789 0.4032 0.5506 0.7309 0.2113 0.9350
-1.8711 0.0747 -5.3657 0.4474 0.3771 0.8109 0.2081 0.9329
-1.8732 0.0830 -5.3695 0.4032 0.5506 0.7309 0.2113 0.9350
-1.4004 1.1821 -5.3346 -0.6980 -0.7160 -0.0123 0.1803 0.9405
-1.4029 1.1860 -5.3426 -0.7507 -0.6349 -0.1828 0.1787 0.9443
-1.4151 1.1977 -5.3333 -0.7507 -0.6349 -0.1828 0.1787 0.9443
-1.4004 1.1821 -5.3346 -0.6980 -0.7160 -0.0123 0.1803 0.9405
-1.4151 1.1977 -5.3333 -0.7507 -0.6349 -0.1828 0.1787 0.9443
-1.4126 1.1939 -5.3252 -0.6980 -0.7160 -0.0123 0.1803 0.9405
-0.1035 1.1444 -4.1861 -0.5556 0.4244 -0.7150 0.2010 0.9703
-0.0953 1.1466 -4.1899 -0.3827 0.4716 -0.7944 0.2049 0.9695
-0.0953 1.1633 -4.1800 -0.3827 0.4716 -0.7944 0.2049 0.9695
-0.1035 1.1444 -4.1861 -0.5556 0.4244 -0.7150 0.2010 0.9703
-0.0953 1.1633 -4.1800 -0.3827 0.4716 -0.7944 0.2049 0.9695
-0.1035 1.1610 -4.1763 -0.5556 0.4244 -0.7150 0.2010 0.9703
-0.0508 1.9066 -5.4691 0.5561 0.3988 -0.7291 0.2182 0.9565
-0.0436 1.9037 -5.4639 0.7076 0.3379 -0.6206 0.2190 0.9525
-0.0435 1.9206 -5.4546 0.7076 0.3379 -0.6206 0.2190 0.9525
-0.0508 1.9066 -5.4691 0.5561 0.3988 -0.7291 0.2182 0.9565
-0.0435 1.9206 -5.4546 0.7076 0.3379 -0.6206 0.2190 0.9525
-0.0507 1.9235 -5.4597 0.5561 0.3988 -0.7291 0.2182 0.9565
-1.8542 0.0747 -5.3751 0.4474 0.3771 0.8109 0.2081 0.9329
-1.8529 0.0659 -5.3728 0.4744 0.1892 0.8597 0.2045 0.9314
-1.8698 0.0658 -5.3634 0.4744 0.1892 0.8597 0.2045 0.9314
-1.8542 0.0747 -5.3751 0.4474 0.3771 0.8109 0.2081 0.9329
-1.8698 0.0658 -5.3634 0.4744 0.1892 0.8597 0.2045 0.9314
-1.8711 0.0747 -5.3657 0.4474 0.3771 0.8109 0.2081 0.9329
-1.4029 1.1860 -5.3426 -0.7507 -0.6349 -0.1828 0.1787 0.9443
-1.4041 1.1910 -5.3504 -0.7745 -0.5294 -0.3462 0.1779 0.9483
-1.4163 1.2027 -5.3410 -0.7745 -0.5294 -0.3462 0.1779 0.9483
-1.4029 1.1860 -5.3426 -0.7507 -0.6349 -0.1828 0.1787 0.9443
-1.4163 1.2027 -5.3410 -0.7745 -0.5294 -0.3462 0.1779 0.9483
-1.4151 1.1977 -5.3333 -0.7507 -0.6349 -0.1828 0.1787 0.9443
-0.0953 1.1466 -4.1899 -0.3827 0.4716 -0.7944 0.2049 0.9695
-0.0864 1.1480 -4.1922 -0.1951 0.5007 -0.8434 0.2085 0.9680
-0.0864 1.1646 -4.1824 -0.1951 0.5007 -0.8434 0.2085 0.9680
-0.0953 1.1466 -4.1899 -0.3827 0.4716 -0.7944 0.2049 0.9695
-0.0864 1.1646 -4.1824 -0.1951 0.5007 -0.8434 0.2085 0.9680
-0.0953 1.1633 -4.1800 -0.3827 0.4716 -0.7944 0.2049 0.9695
-0.0436 1.9037 -5.4639 0.7076 0.3379 -0.6206 0.2190 0.9525
-0.0377 1.9002 -5.4577 0.8319 0.2640 -0.4882 0.2190 0.9485
-0.0376 1.9171 -5.4483 0.8319 0.2640 -0.4882 0.2190 0.9485
-0.0436 1.9037 -5.4639 0.7076 0.3379 -0.6206 0.2190 0.9525
-0.0376 1.9171 -5.4483 0.8319 0.2640 -0.4882 0.2190 0.9485
-0.0435 1.9206 -5.4546 0.7076 0.3379 -0.6206 0.2190 0.9525
-1.8529 0.0659 -5.3728 0.4744 0.1892 0.8597 0.2045 0.9314
-1.8525 0.0566 -5.3720 0.4832 -0.0060 0.8755 0.2007 0.9306
-1.8694 0.0566 -5.3627 0.4832 -0.0060 0.8755 0.2007 0.9306
-1.8529 0.0659 -5.3728 0.4744 0.1892 0.8597 0.2045 0.9314
-1.8694 0.0566 -5.3627 0.4832 -0.0060 0.8755 0.2007 0.9306
-1.8698 0.0658 -5.3634 0.4744 0.1892 0.8597 0.2045 0.9314
-1.4041 1.1910 -5.3504 -0.7745 -0.5294 -0.3462 0.1779 0.9483
-1.4038 1.1969 -5.3575 -0.7686 -0.4035 -0.4964 0.1779 0.9523
-1.4160 1.2087 -5.3481 -0.7686 -0.4035 -0.4964 0.1779 0.9523
-1.4041 1.1910 -5.3504 -0.7745 -0.5294 -0.3462 0.1779 0.9483
-1.4160 1.2087 -5.3481 -0.7686 -0.4035 -0.4964 0.1779 0.9523
-1.4163 1.2027 -5.3410 -0.7745 -0.5294 -0.3462 0.1779 0.9483
-0.0864 1.1480 -4.1922 -0.1951 0.5007 -0.8434 0.2085 0.9680
-0.0772 1.1485 -4.1930 0.0000 0.5105 -0.8599 0.2118 0.9658
-0.0772 1.1651 -4.1831 0.0000 0.5105 -0.8599 0.2118 0.9658
-0.0864 1.1480 -4.1922 -0.1951 0.5007 -0.8434 0.2085 0.9680
-0.0772 1.1651 -4.1831 0.0000 0.5105 -0.8599 0.2118 0.9658
-0.0864 1.1646 -4.1824 -0.1951 0.5007 -0.8434 0.2085 0.9680
-0.0377 1.9002 -5.4577 0.8319 0.2640 -0.4882 0.2190 0.9485
-0.0334 1.8962 -5.4505 0.9241 0.1800 -0.3370 0.2182 0.9446
-0.0333 1.9132 -5.4412 0.9241 0.1800 -0.3370 0.2182 0.9446
-0.0377 1.9002 -5.4577 0.8319 0.2640 -0.4882 0.2190 0.9485
-0.0333 1.9132 -5.4412 0.9241 0.1800 -0.3370 0.2182 0.9446
-0.0376 1.9171 -5.4483 0.8319 0.2640 -0.4882 0.2190 0.9485
-1.8525 0.0566 -5.3720 0.4832 -0.0060 0.8755 0.2007 0.9306
-1.8529 0.0474 -5.3729 0.4733 -0.2010 0.8576 0.1968 0.9306
-1.8699 0.0474 -5.3635 0.4733 -0.2010 0.8576 0.1968 0.9306
-1.8525 0.0566 -5.3720 0.4832 -0.0060 0.8755 0.2007 0.9306
-1.8699 0.0474 -5.3635 0.4733 -0.2010 0.8576 0.1968 0.9306
-1.8694 0.0566 -5.3627 0.4832 -0.0060 0.8755 0.2007 0.9306
-1.4038 1.1969 -5.3575 -0.7686 -0.4035 -0.4964 0.1779 0.9523
-1.4021 1.2036 -5.3637 -0.7332 -0.2621 -0.6275 0.1787 0.9563
-1.4143 1.2154 -5.3543 -0.7332 -0.2621 -0.6275 0.1787 0.9563
-1.4038 1.1969 -5.3575 -0.7686 -0.4035 -0.4964 0.1779 0.9523
-1.4143 1.2154 -5.3543 -0.7332 -0.2621 -0.6275 0.1787 0.9563
-1.4160 1.2087 -5.3481 -0.7686 -0.4035 -0.4964 0.1779 0.9523
-0.0772 1.1485 -4.1930 0.0000 0.5105 -0.8599 0.2118 0.9658
-0.0680 1.1480 -4.1922 0.1951 0.5007 -0.8434 0.2146 0.9631
-0.0680 1.1646 -4.1824 0.1951 0.5007 -0.8434 0.2146 0.9631
-0.0772 1.1485 -4.1930 0.0000 0.5105 -0.8599 0.2118 0.9658
-0.0680 1.1646 -4.1824 0.1951 0.5007 -0.8434 0.2146 0.9631
-0.0772 1.1651 -4.1831 0.0000 0.5105 -0.8599 0.2118 0.9658
-0.0334 1.8962 -5.4505 0.9241 0.1800 -0.3370 0.2182 0.9446
-0.0307 1.8919 -5.4428 0.9809 0.0891 -0.1729 0.2167 0.9409
-0.0306 1.9089 -5.4334 0.9809 0.0891 -0.1729 0.2167 0.9409
-0.0334 1.8962 -5.4505 0.9241 0.1800 -0.3370 0.2182 0.9446
-0.0306 1.9089 -5.4334 0.9809 0.0891 -0.1729 0.2167 0.9409
-0.0333 1.9132 -5.4412 0.9241 0.1800 -0.3370 0.2182 0.9446
-1.8529 0.0474 -5.3729 0.4733 -0.2010 0.8576 0.1968 0.9306
-1.8543 0.0385 -5.3753 0.4453 -0.3882 0.8068 0.1930 0.9314
-1.8712 0.0385 -5.3659 0.4453 -0.3882 0.8068 0.1930 0.9314
-1.8529 0.0474 -5.3729 0.4733 -0.2010 0.8576 0.1968 0.9306
-1.8712 0.0385 -5.3659 0.4453 -0.3882 0.8068 0.1930 0.9314
-1.8699 0.0474 -5.3635 0.4733 -0.2010 0.8576 0.1968 0.9306
-1.4021 1.2036 -5.3637 -0.7332 -0.2621 -0.6275 0.1787 0.9563
-1.3991 1.2108 -5.3688 -0.6696 -0.1107 -0.7345 0.1803 0.9601
-1.4113 1.2225 -5.3594 -0.6696 -0.1107 -0.7345 0.1803 0.9601
-1.4021 1.2036 -5.3637 -0.7332 -0.2621 -0.6275 0.1787 0.9563
-1.4113 1.2225 -5.3594 -0.6696 -0.1107 -0.7345 0.1803 0.9601
-1.4143 1.2154 -5.3543 -0.7332 -0.2621 -0.6275 0.1787 0.9563
-0.0680 1.1480 -4.1922 0.1951 0.5007 -0.8434 0.2146 0.9631
-0.0591 1.1466 -4.1899 0.3827 0.4716 -0.7944 0.2167 0.9598
-0.0591 1.1633 -4.1800 0.3827 0.4716 -0.7944 0.2167 0.9598
-0.0680 1.1480 -4.1922 0.1951 0.5007 -0.8434 0.2146 0.9631
-0.0591 1.1633 -4.1800 0.3827 0.4716 -0.7944 0.2167 0.9598
-0.0680 1.1646 -4.1824 0.1951 0.5007 -0.8434 0.2146 0.9631
-0.0307 1.8919 -5.4428 0.9809 0.0891 -0.1729 0.2167 0.9409
-0.0298 1.8875 -5.4347 1.0000 -0.0053 -0.0021 0.2144 0.9376
-0.0297 1.9044 -5.4253 1.0000 -0.0053 -0.0021 0.2144 0.9376
-0.0307 1.8919 -5.4428 0.9809 0.0891 -0.1729 0.2167 0.9409
-0.0297 1.9044 -5.4253 1.0000 -0.0053 -0.0021 0.2144 0.9376
-0.0306 1.9089 -5.4334 0.9809 0.0891 -0.1729 0.2167 0.9409
-1.8543 0.0385 -5.3753 0.4453 -0.3882 0.8068 0.1930 0.9314
-1.8564 0.0304 -5.3792 0.4002 -0.5605 0.7250 0.1894 0.9329
-1.8733 0.0304 -5.3698 0.4002 -0.5605 0.7250 0.1894 0.9329
-1.8543 0.0385 -5.3753 0.4453 -0.3882 0.8068 0.1930 0.9314
-1.8733 0.0304 -5.3698 0.4002 -0.5605 0.7250 0.1894 0.9329
-1.8712 0.0385 -5.3659 0.4453 -0.3882 0.8068 0.1930 0.9314
-1.3991 1.2108 -5.3688 -0.6696 -0.1107 -0.7345 0.1803 0.9601
-1.3949 1.2182 -5.3725 -0.5802 0.0450 -0.8132 0.1825 0.9634
-1.4071 1.2299 -5.3631 -0.5802 0.0450 -0.8132 0.1825 0.9634
-1.3991 1.2108 -5.3688 -0.6696 -0.1107 -0.7345 0.1803 0.9601
-1.4071 1.2299 -5.3631 -0.5802 0.0450 -0.8132 0.1825 0.9634
-1.4113 1.2225 -5.3594 -0.6696 -0.1107 -0.7345 0.1803 0.9601
-0.0591 1.1466 -4.1899 0.3827 0.4716 -0.7944 0.2167 0.9598
-0.0509 1.1444 -4.1861 0.5556 0.4244 -0.7150 0.2183 0.9561
-0.0509 1.1610 -4.1763 0.5556 0.4244 -0.7150 0.2183 0.9561
-0.0591 1.1466 -4.1899 0.3827 0.4716 -0.7944 0.2167 0.9598
-0.0509 1.1610 -4.1763 0.5556 0.4244 -0.7150 0.2183 0.9561
-0.0591 1.1633 -4.1800 0.3827 0.4716 -0.7944 0.2167 0.9598
-0.0298 1.8875 -5.4347 1.0000 -0.0053 -0.0021 0.2144 0.9376
-0.0307 1.8830 -5.4266 0.9806 -0.0995 0.1687 0.2116 0.9348
-0.0306 1.8999 -5.4172 0.9806 -0.0995 0.1688 0.2116 0.9348
-0.0298 1.8875 -5.4347 1.0000 -0.0053 -0.0021 0.2144 0.9376
-0.0306 1.8999 -5.4172 0.9806 -0.0995 0.1688 0.2116 0.9348
-0.0297 1.9044 -5.4253 1.0000 -0.0053 -0.0021 0.2144 0.9376
-1.8564 0.0304 -5.3792 0.4002 -0.5605 0.7250 0.1894 0.9329
-1.8593 0.0232 -5.3844 0.3397 -0.7113 0.6153 0.1862 0.9350
-1.8762 0.0232 -5.3750 0.3397 -0.7113 0.6153 0.1862 0.9350
-1.8564 0.0304 -5.3792 0.4002 -0.5605 0.7250 0.1894 0.9329
-1.8762 0.0232 -5.3750 0.3397 -0.7113 0.6153 0.1862 0.9350
-1.8733 0.0304 -5.3698 0.4002 -0.5605 0.7250 0.1894 0.9329
-1.3949 1.2182 -5.3725 -0.5802 0.0450 -0.8132 0.1825 0.9634
-1.3896 1.2255 -5.3747 -0.4686 0.1990 -0.8607 0.1854 0.9663
-1.4018 1.2372 -5.3654 -0.4686 0.1990 -0.8607 0.1854 0.9663
-1.3949 1.2182 -5.3725 -0.5802 0.0450 -0.8132 0.1825 0.9634
-1.4018 1.2372 -5.3654 -0.4686 0.1990 -0.8607 0.1854 0.9663
-1.4071 1.2299 -5.3631 -0.5802 0.0450 -0.8132 0.1825 0.9634
-0.0509 1.1444 -4.1861 0.5556 0.4244 -0.7150 0.2183 0.9561
-0.0437 1.1414 -4.1811 0.7071 0.3609 -0.6080 0.2190 0.9523
-0.0437 1.1580 -4.1712 0.7071 0.3609 -0.6080 0.2190 0.9523
-0.0509 1.1444 -4.1861 0.5556 0.4244 -0.7150 0.2183 0.9561
-0.0437 1.1580 -4.1712 0.7071 0.3609 -0.6080 0.2190 0.9523
-0.0509 1.1610 -4.1763 0.5556 0.4244 -0.7150 0.2183 0.9561
-0.0307 1.8830 -5.4266 0.9806 -0.0995 0.1687 0.2116 0.9348
-0.0334 1.8787 -5.4188 0.9236 -0.1898 0.3331 0.2083 0.9326
-0.0333 1.8957 -5.4095 0.9236 -0.1898 0.3331 0.2083 0.9326
-0.0307 1.8830 -5.4266 0.9806 -0.0995 0.1687 0.2116 0.9348
-0.0333 1.8957 -5.4095 0.9236 -0.1898 0.3331 0.2083 0.9326
-0.0306 1.8999 -5.4172 0.9806 -0.0995 0.1688 0.2116 0.9348
-1.8593 0.0232 -5.3844 0.3397 -0.7113 0.6153 0.1862 0.9350
-1.8627 0.0174 -5.3907 0.2662 -0.8348 0.4820 0.1835 0.9378
-1.8797 0.0174 -5.3813 0.2662 -0.8348 0.4820 0.1835 0.9378
-1.8593 0.0232 -5.3844 0.3397 -0.7113 0.6153 0.1862 0.9350
-1.8797 0.0174 -5.3813 0.2662 -0.8348 0.4820 0.1835 0.9378
-1.8762 0.0232 -5.3750 0.3397 -0.7113 0.6153 0.1862 0.9350
-1.3896 1.2255 -5.3747 -0.4686 0.1990 -0.8607 0.1854 0.9663
-1.3834 1.2324 -5.3754 -0.3389 0.3454 -0.8751 0.1888 0.9686
-1.3956 1.2441 -5.3661 -0.3389 0.3454 -0.8751 0.1888 0.9686
-1.3896 1.2255 -5.3747 -0.4686 0.1990 -0.8607 0.1854 0.9663
-1.3956 1.2441 -5.3661 -0.3389 0.3454 -0.8751 0.1888 0.9686
-1.4018 1.2372 -5.3654 -0.4686 0.1990 -0.8607 0.1854 0.9663
-0.0437 1.1414 -4.1811 0.7071 0.3609 -0.6080 0.2190 0.9523
-0.0378 1.1377 -4.1749 0.8315 0.2836 -0.4777 0.2190 0.9483
-0.0378 1.1544 -4.1650 0.8315 0.2836 -0.4777 0.2190 0.9483
-0.0437 1.1414 -4.1811 0.7071 0.3609 -0.6080 0.2190 0.9523
-0.0378 1.1544 -4.1650 0.8315 0.2836 -0.4777 0.2190 0.9483
-0.0437 1.1580 -4.1712 0.7071 0.3609 -0.6080 0.2190 0.9523
-0.0334 1.8787 -5.4188 0.9236 -0.1898 0.3331 0.2083 0.9326
-0.0378 1.8748 -5.4116 0.8311 -0.2728 0.4847 0.2046 0.9310
-0.0377 1.8917 -5.4023 0.8311 -0.2728 0.4847 0.2046 0.9310
-0.0334 1.8787 -5.4188 0.9236 -0.1898 0.3331 0.2083 0.9326
-0.0377 1.8917 -5.4023 0.8311 -0.2728 0.4847 0.2046 0.9310
-0.0333 1.8957 -5.4095 0.9236 -0.1898 0.3331 0.2083 0.9326
-1.8627 0.0174 -5.3907 0.2662 -0.8348 0.4820 0.1835 0.9378
-1.8667 0.0131 -5.3979 0.1824 -0.9262 0.3301 0.1813 0.9410
-1.8836 0.0131 -5.3885 0.1824 -0.9262 0.3301 0.1813 0.9410
-1.8627 0.0174 -5.3907 0.2662 -0.8348 0.4820 0.1835 0.9378
-1.8836 0.0131 -5.3885 0.1824 -0.9262 0.3301 0.1813 0.9410
-1.8797 0.0174 -5.3813 0.2662 -0.8348 0.4820 0.1835 0.9378
-1.3834 1.2324 -5.3754 -0.3389 0.3454 -0.8751 0.1888 0.9686
-1.3767 1.2387 -5.3745 -0.1963 0.4784 -0.8559 0.1925 0.9701
-1.3889 1.2504 -5.3652 -0.1963 0.4784 -0.8559 0.1925 0.9701
-1.3834 1.2324 -5.3754 -0.3389 0.3454 -0.8751 0.1888 0.9686
-1.3889 1.2504 -5.3652 -0.1963 0.4784 -0.8559 0.1925 0.9701
-1.3956 1.2441 -5.3661 -0.3389 0.3454 -0.8751 0.1888 0.9686
-0.0378 1.1377 -4.1749 0.8315 0.2836 -0.4777 0.2190 0.9483
-0.0335 1.1336 -4.1679 0.9239 0.1953 -0.3291 0.2183 0.9445
-0.0335 1.1502 -4.1580 0.9239 0.1953 -0.3291 0.2183 0.9445
-0.0378 1.1377 -4.1749 0.8315 0.2836 -0.4777 0.2190 0.9483
-0.0335 1.1502 -4.1580 0.9239 0.1953 -0.3291 0.2183 0.9445
-0.0378 1.1544 -4.1650 0.8315 0.2836 -0.4777 0.2190 0.9483
-0.0378 1.8748 -5.4116 0.8311 -0.2728 0.4847 0.2046 0.9310
-0.0437 1.8714 -5.4053 0.7066 -0.3454 0.6176 0.2007 0.9302
-0.0436 1.8883 -5.3960 0.7066 -0.3454 0.6176 0.2007 0.9302
-0.0378 1.8748 -5.4116 0.8311 -0.2728 0.4847 0.2046 0.9310
-0.0436 1.8883 -5.3960 0.7066 -0.3454 0.6176 0.2007 0.9302
-0.0377 1.8917 -5.4023 0.8311 -0.2728 0.4847 0.2046 0.9310
-1.8667 -0.1384 -5.3979 0.1824 -0.9262 0.3301 0.1803 0.9413
-1.8710 -0.1411 -5.4056 0.0916 -0.9819 0.1656 0.1788 0.9450
-1.8879 -0.1411 -5.3963 0.0916 -0.9819 0.1656 0.1788 0.9450
-1.8667 -0.1384 -5.3979 0.1824 -0.9262 0.3301 0.1803 0.9413
-1.8879 -0.1411 -5.3963 0.0916 -0.9819 0.1656 0.1788 0.9450
-1.8836 -0.1384 -5.3885 0.1824 -0.9262 0.3301 0.1803 0.9413
-1.3767 1.2387 -5.3745 -0.1963 0.4784 -0.8559 0.1925 0.9701
-1.3696 1.2441 -5.3720 -0.0460 0.5931 -0.8038 0.1965 0.9709
-1.3818 1.2558 -5.3627 -0.0460 0.5931 -0.8038 0.1965 0.9709
-1.3767 1.2387 -5.3745 -0.1963 0.4784 -0.8559 0.1925 0.9701
-1.3818 1.2558 -5.3627 -0.0460 0.5931 -0.8038 0.1965 0.9709
-1.3889 1.2504 -5.3652 -0.1963 0.4784 -0.8559 0.1925 0.9701
-0.0335 1.1336 -4.1679 0.9239 0.1953 -0.3291 0.2183 0.9445
-0.0308 1.1290 -4.1602 0.9808 0.0996 -0.1677 0.2167 0.9408
-0.0308 1.1456 -4.1504 0.9808 0.0996 -0.1677 0.2167 0.9408
-0.0335 1.1336 -4.1679 0.9239 0.1953 -0.3291 0.2183 0.9445
-0.0308 1.1456 -4.1504 0.9808 0.0996 -0.1677 0.2167 0.9408
-0.0335 1.1502 -4.1580 0.9239 0.1953 -0.3291 0.2183 0.9445
-0.0437 1.8714 -5.4053 0.7066 -0.3454 0.6176 0.2007 0.9302
-0.0508 1.8686 -5.4002 0.5550 -0.4047 0.7268 0.1967 0.9302
-0.0507 1.8855 -5.3908 0.5550 -0.4047 0.7268 0.1967 0.9302
-0.0437 1.8714 -5.4053 0.7066 -0.3454 0.6176 0.2007 0.9302
-0.0507 1.8855 -5.3908 0.5550 -0.4047 0.7268 0.1967 0.9302
-0.0436 1.8883 -5.3960 0.7066 -0.3454 0.6176 0.2007 0.9302
-1.8710 -0.1411 -5.4056 0.0916 -0.9819 0.1656 0.1788 0.9450
-1.8755 -0.1419 -5.4137 -0.0027 -1.0000 -0.0053 0.1780 0.9490
-1.8924 -0.1419 -5.4044 -0.0027 -1.0000 -0.0053 0.1780 0.9490
-1.8710 -0.1411 -5.4056 0.0916 -0.9819 0.1656 0.1788 0.9450
-1.8924 -0.1419 -5.4044 -0.0027 -1.0000 -0.0053 0.1780 0.9490
-1.8879 -0.1411 -5.3963 0.0916 -0.9819 0.1656 0.1788 0.9450
-1.3696 1.2441 -5.3720 -0.0460 0.5931 -0.8038 0.1965 0.9709
-1.3624 1.2485 -5.3681 0.1060 0.6850 -0.7208 0.2006 0.9709
-1.3746 1.2602 -5.3588 0.1060 0.6850 -0.7208 0.2006 0.9709
-1.3696 1.2441 -5.3720 -0.0460 0.5931 -0.8038 0.1965 0.9709
-1.3746 1.2602 -5.3588 0.1060 0.6850 -0.7208 0.2006 0.9709
-1.3818 1.2558 -5.3627 -0.0460 0.5931 -0.8038 0.1965 0.9709
-0.0308 1.1290 -4.1602 0.9808 0.0996 -0.1677 0.2167 0.9408
-0.0299 1.1243 -4.1523 1.0000 0.0000 0.0000 0.2146 0.9376
-0.0299 1.1409 -4.1424 1.0000 -0.0000 0.0000 0.2146 0.9376
-0.0308 1.1290 -4.1602 0.9808 0.0996 -0.1677 0.2167 0.9408
-0.0299 1.1409 -4.1424 1.0000 -0.0000 0.0000 0.2146 0.9376
-0.0308 1.1456 -4.1504 0.9808 0.0996 -0.1677 0.2167 0.9408
-0.0508 1.8686 -5.4002 0.5550 -0.4047 0.7268 0.1967 0.9302
-0.0590 1.8665 -5.3963 0.3820 -0.4484 0.8081 0.1928 0.9310
-0.0589 1.8834 -5.3870 0.3820 -0.4484 0.8081 0.1928 0.9310
-0.0508 1.8686 -5.4002 0.5550 -0.4047 0.7268 0.1967 0.9302
-0.0589 1.8834 -5.3870 0.3820 -0.4484 0.8081 0.1928 0.9310
-0.0507 1.8855 -5.3908 0.5550 -0.4047 0.7268 0.1967 0.9302
-1.8755 -0.1419 -5.4137 -0.0027 -1.0000 -0.0053 0.1780 0.9490
-1.8799 -0.1410 -5.4218 -0.0969 -0.9796 -0.1760 0.1780 0.9530
-1.8969 -0.1410 -5.4125 -0.0969 -0.9796 -0.1760 0.1780 0.9530
-1.8755 -0.1419 -5.4137 -0.0027 -1.0000 -0.0053 0.1780 0.9490
-1.8969 -0.1410 -5.4125 -0.0969 -0.9796 -0.1760 0.1780 0.9530
-1.8924 -0.1419 -5.4044 -0.0027 -1.0000 -0.0053 0.1780 0.9490
-1.3624 1.2485 -5.3681 0.1060 0.6850 -0.7208 0.2006 0.9709
-1.3554 1.2516 -5.3629 0.2539 0.7505 -0.6101 0.2045 0.9701
-1.3676 1.2633 -5.3535 0.2539 0.7505 -0.6101 0.2045 0.9701
-1.3624 1.2485 -5.3681 0.1060 0.6850 -0.7208 0.2006 0.9709
-1.3676 1.2633 -5.3535 0.2539 0.7505 -0.6101 0.2045 0.9701
-1.3746 1.2602 -5.3588 0.1060 0.6850 -0.7208 0.2006 0.9709
-0.0299 1.1243 -4.1523 1.0000 0.0000 0.0000 0.2146 0.9376
-0.0308 1.1196 -4.1444 0.9808 -0.0996 0.1678 0.2118 0.9348
-0.0308 1.1362 -4.1345 0.9808 -0.0996 0.1678 0.2118 0.9348
-0.0299 1.1243 -4.1523 1.0000 0.0000 0.0000 0.2146 0.9376
-0.0308 1.1362 -4.1345 0.9808 -0.0996 0.1678 0.2118 0.9348
-0.0299 1.1409 -4.1424 1.0000 -0.0000 0.0000 0.2146 0.9376
-0.0590 1.8665 -5.3963 0.3820 -0.4484 0.8081 0.1928 0.9310
-0.0679 1.8652 -5.3939 0.1944 -0.4749 0.8583 0.1891 0.9326
-0.0678 1.8822 -5.3846 0.1944 -0.4749 0.8583 0.1891 0.9326
-0.0590 1.8665 -5.3963 0.3820 -0.4484 0.8081 0.1928 0.9310
-0.0678 1.8822 -5.3846 0.1944 -0.4749 0.8583 0.1891 0.9326
-0.0589 1.8834 -5.3870 0.3820 -0.4484 0.8081 0.1928 0.9310
-1.8799 -0.1410 -5.4218 -0.0969 -0.9796 -0.1760 0.1780 0.9530
-1.8842 -0.1382 -5.4296 -0.1874 -0.9216 -0.3400 0.1788 0.9570
-1.9011 -0.1382 -5.4202 -0.1874 -0.9216 -0.3400 0.1788 0.9570
-1.8799 -0.1410 -5.4218 -0.0969 -0.9796 -0.1760 0.1780 0.9530
-1.9011 -0.1382 -5.4202 -0.1874 -0.9216 -0.3400 0.1788 0.9570
-1.8969 -0.1410 -5.4125 -0.0969 -0.9796 -0.1760 0.1780 0.9530
-1.3554 1.2516 -5.3629 0.2539 0.7505 -0.6101 0.2045 0.9701
-1.3488 1.2533 -5.3565 0.3920 0.7872 -0.4760 0.2083 0.9686
-1.3610 1.2650 -5.3472 0.3920 0.7872 -0.4760 0.2083 0.9686
-1.3554 1.2516 -5.3629 0.2539 0.7505 -0.6101 0.2045 0.9701
-1.3610 1.2650 -5.3472 0.3920 0.7872 -0.4760 0.2083 0.9686
-1.3676 1.2633 -5.3535 0.2539 0.7505 -0.6101 0.2045 0.9701
-0.0308 1.1196 -4.1444 0.9808 -0.0996 0.1678 0.2118 0.9348
-0.0335 1.1151 -4.1367 0.9239 -0.1953 0.3291 0.2085 0.9326
-0.0335 1.1317 -4.1269 0.9239 -0.1953 0.3291 0.2085 0.9326
-0.0308 1.1196 -4.1444 0.9808 -0.0996 0.1678 0.2118 0.9348
-0.0335 1.1317 -4.1269 0.9239 -0.1953 0.3291 0.2085 0.9326
-0.0308 1.1362 -4.1345 0.9808 -0.0996 0.1678 0.2118 0.9348
-0.0679 1.8652 -5.3939 0.1944 -0.4749 0.8583 0.1891 0.9326
-0.0771 1.8648 -5.3931 -0.0007 -0.4832 0.8755 0.1857 0.9348
-0.0770 1.8818 -5.3838 -0.0007 -0.4832 0.8755 0.1857 0.9348
-0.0679 1.8652 -5.3939 0.1944 -0.4749 0.8583 0.1891 0.9326
-0.0770 1.8818 -5.3838 -0.0007 -0.4832 0.8755 0.1857 0.9348
-0.0678 1.8822 -5.3846 0.1944 -0.4749 0.8583 0.1891 0.9326
-1.8842 -0.1382 -5.4296 -0.1874 -0.9216 -0.3400 0.1788 0.9570
-1.8882 -0.1338 -5.4367 -0.2707 -0.8281 -0.4908 0.1803 0.9607
-1.9051 -0.1338 -5.4274 -0.2707 -0.8281 -0.4908 0.1803 0.9607
-1.8842 -0.1382 -5.4296 -0.1874 -0.9216 -0.3400 0.1788 0.9570
-1.9051 -0.1338 -5.4274 -0.2707 -0.8281 -0.4908 0.1803 0.9607
-1.9011 -0.1382 -5.4202 -0.1874 -0.9216 -0.3400 0.1788 0.9570
-1.3488 1.2533 -5.3565 0.3920 0.7872 -0.4760 0.2083 0.9686
-1.3430 1.2536 -5.3493 0.5151 0.7937 -0.3236 0.2117 0.9663
-1.3552 1.2653 -5.3400 0.5151 0.7937 -0.3236 0.2117 0.9663
-1.3488 1.2533 -5.3565 0.3920 0.7872 -0.4760 0.2083 0.9686
-1.3552 1.2653 -5.3400 0.5151 0.7937 -0.3236 0.2117 0.9663
-1.3610 1.2650 -5.3472 0.3920 0.7872 -0.4760 0.2083 0.9686
-0.0335 1.1151 -4.1367 0.9239 -0.1953 0.3291 0.2085 0.9326
-0.0378 1.1109 -4.1297 0.8315 -0.2836 0.4777 0.2049 0.9311
-0.0378 1.1275 -4.1198 0.8315 -0.2836 0.4777 0.2049 0.9311
-0.0335 1.1151 -4.1367 0.9239 -0.1953 0.3291 0.2085 0.9326
-0.0378 1.1275 -4.1198 0.8315 -0.2836 0.4777 0.2049 0.9311
-0.0335 1.1317 -4.1269 0.9239 -0.1953 0.3291 0.2085 0.9326
-0.0771 1.8648 -5.3931 -0.0007 -0.4832 0.8755 0.1857 0.9348
-0.0864 1.8653 -5.3939 -0.1958 -0.4728 0.8591 0.1829 0.9376
-0.0863 1.8823 -5.3846 -0.1958 -0.4728 0.8591 0.1829 0.9376
-0.0771 1.8648 -5.3931 -0.0007 -0.4832 0.8755 0.1857 0.9348
-0.0863 1.8823 -5.3846 -0.1958 -0.4728 0.8591 0.1829 0.9376
-0.0770 1.8818 -5.3838 -0.0007 -0.4832 0.8755 0.1857 0.9348
-1.8882 -0.1338 -5.4367 -0.2707 -0.8281 -0.4908 0.1803 0.9607
-1.8916 -0.1279 -5.4430 -0.3436 -0.7029 -0.6228 0.1826 0.9641
-1.9085 -0.1279 -5.4336 -0.3436 -0.7029 -0.6228 0.1826 0.9641
-1.8882 -0.1338 -5.4367 -0.2707 -0.8281 -0.4908 0.1803 0.9607
-1.9085 -0.1279 -5.4336 -0.3436 -0.7029 -0.6228 0.1826 0.9641
-1.9051 -0.1338 -5.4274 -0.2707 -0.8281 -0.4908 0.1803 0.9607
-1.3430 1.2536 -5.3493 0.5151 0.7937 -0.3236 0.2117 0.9663
-1.3381 1.2525 -5.3415 0.6184 0.7697 -0.1587 0.2145 0.9634
-1.3503 1.2642 -5.3322 0.6184 0.7697 -0.1587 0.2145 0.9634
-1.3430 1.2536 -5.3493 0.5151 0.7937 -0.3236 0.2117 0.9663
-1.3503 1.2642 -5.3322 0.6184 0.7697 -0.1587 0.2145 0.9634
-1.3552 1.2653 -5.3400 0.5151 0.7937 -0.3236 0.2117 0.9663
-0.0378 1.1109 -4.1297 0.8315 -0.2836 0.4777 0.2049 0.9311
-0.0437 1.1072 -4.1235 0.7071 -0.3609 0.6080 0.2010 0.9303
-0.0437 1.1238 -4.1136 0.7071 -0.3609 0.6080 0.2010 0.9303
-0.0378 1.1109 -4.1297 0.8315 -0.2836 0.4777 0.2049 0.9311
-0.0437 1.1238 -4.1136 0.7071 -0.3609 0.6080 0.2010 0.9303
-0.0378 1.1275 -4.1198 0.8315 -0.2836 0.4777 0.2049 0.9311
-0.0864 1.8653 -5.3939 -0.1958 -0.4728 0.8591 0.1829 0.9376
-0.0953 1.8667 -5.3962 -0.3833 -0.4443 0.8097 0.1807 0.9409
-0.0951 1.8836 -5.3869 -0.3833 -0.4443 0.8097 0.1807 0.9409
-0.0864 1.8653 -5.3939 -0.1958 -0.4728 0.8591 0.1829 0.9376
-0.0951 1.8836 -5.3869 -0.3833 -0.4443 0.8097 0.1807 0.9409
-0.0863 1.8823 -5.3846 -0.1958 -0.4728 0.8591 0.1829 0.9376
-1.8916 -0.1279 -5.4430 -0.3436 -0.7029 -0.6228 0.1826 0.9641
-1.8944 -0.1207 -5.4481 -0.4032 -0.5506 -0.7309 0.1854 0.9670
-1.9114 -0.1207 -5.4387 -0.4032 -0.5506 -0.7309 0.1854 0.9670
-1.8916 -0.1279 -5.4430 -0.3436 -0.7029 -0.6228 0.1826 0.9641
-1.9114 -0.1207 -5.4387 -0.4032 -0.5506 -0.7309 0.1854 0.9670
-1.9085 -0.1279 -5.4336 -0.3436 -0.7029 -0.6228 0.1826 0.9641
-1.3381 1.2525 -5.3415 0.6184 0.7697 -0.1587 0.2145 0.9634
-1.3344 1.2499 -5.3334 0.6980 0.7160 0.0123 0.2168 0.9601
-1.3466 1.2617 -5.3241 0.6980 0.7160 0.0123 0.2168 0.9601
-1.3381 1.2525 -5.3415 0.6184 0.7697 -0.1587 0.2145 0.9634
-1.3466 1.2617 -5.3241 0.6980 0.7160 0.0123 0.2168 0.9601
-1.3503 1.2642 -5.3322 0.6184 0.7697 -0.1587 0.2145 0.9634
-0.0437 1.1072 -4.1235 0.7071 -0.3609 0.6080 0.2010 0.9303
-0.0509 1.1042 -4.1185 0.5556 -0.4244 0.7150 0.1971 0.9303
-0.0509 1.1208 -4.1086 0.5556 -0.4244 0.7150 0.1971 0.9303
-0.0437 1.1072 -4.1235 0.7071 -0.3609 0.6080 0.2010 0.9303
-0.0509 1.1208 -4.1086 0.5556 -0.4244 0.7150 0.1971 0.9303
-0.0437 1.1238 -4.1136 0.7071 -0.3609 0.6080 0.2010 0.9303
-1.2744 1.2897 -5.3051 -0.2544 -0.7500 0.6105 0.1930 0.9314
-1.2809 1.2880 -5.3114 -0.3925 -0.7868 0.4764 0.1894 0.9329
-1.2931 1.2997 -5.3021 -0.3925 -0.7868 0.4764 0.1894 0.9329
-1.2744 1.2897 -5.3051 -0.2544 -0.7500 0.6105 0.1930 0.9314
-1.2931 1.2997 -5.3021 -0.3925 -0.7868 0.4764 0.1894 0.9329
-1.2866 1.3015 -5.2958 -0.2544 -0.7500 0.6105 0.1930 0.9314
-1.8944 -0.1207 -5.4481 -0.4032 -0.5506 -0.7309 0.1854 0.9670
-1.8965 -0.1125 -5.4519 -0.4474 -0.3771 -0.8109 0.1888 0.9692
-1.9135 -0.1125 -5.4425 -0.4474 -0.3771 -0.8109 0.1888 0.9692
-1.8944 -0.1207 -5.4481 -0.4032 -0.5506 -0.7309 0.1854 0.9670
-1.9135 -0.1125 -5.4425 -0.4474 -0.3771 -0.8109 0.1888 0.9692
-1.9114 -0.1207 -5.4387 -0.4032 -0.5506 -0.7309 0.1854 0.9670
-1.3344 1.2499 -5.3334 0.6980 0.7160 0.0123 0.2168 0.9601
-1.3319 1.2461 -5.3253 0.7507 0.6349 0.1828 0.2183 0.9563
-1.3441 1.2578 -5.3160 0.7507 0.6349 0.1828 0.2184 0.9563
-1.3344 1.2499 -5.3334 0.6980 0.7160 0.0123 0.2168 0.9601
-1.3441 1.2578 -5.3160 0.7507 0.6349 0.1828 0.2184 0.9563
-1.3466 1.2617 -5.3241 0.6980 0.7160 0.0123 0.2168 0.9601
-0.0509 1.1042 -4.1185 0.5556 -0.4244 0.7150 0.1971 0.9303
-0.0591 1.1020 -4.1147 0.3827 -0.4716 0.7944 0.1932 0.9311
-0.0591 1.1186 -4.1048 0.3827 -0.4716 0.7944 0.1932 0.9311
-0.0509 1.1042 -4.1185 0.5556 -0.4244 0.7150 0.1971 0.9303
-0.0591 1.1186 -4.1048 0.3827 -0.4716 0.7944 0.1932 0.9311
-0.0509 1.1208 -4.1086 0.5556 -0.4244 0.7150 0.1971 0.9303
-1.2809 1.2880 -5.3114 -0.3925 -0.7868 0.4764 0.1894 0.9329
-1.2867 1.2877 -5.3187 -0.5155 -0.7933 0.3239 0.1861 0.9351
-1.2989 1.2994 -5.3093 -0.5155 -0.7933 0.3239 0.1861 0.9351
-1.2809 1.2880 -5.3114 -0.3925 -0.7868 0.4764 0.1894 0.9329
-1.2989 1.2994 -5.3093 -0.5155 -0.7933 0.3239 0.1861 0.9351
-1.2931 1.2997 -5.3021 -0.3925 -0.7868 0.4764 0.1894 0.9329
-1.8965 -0.1125 -5.4519 -0.4474 -0.3771 -0.8109 0.1888 0.9692
-1.8978 -0.1036 -5.4542 -0.4744 -0.1892 -0.8597 0.1925 0.9708
-1.9147 -0.1036 -5.4448 -0.4744 -0.1892 -0.8597 0.1925 0.9708
-1.8965 -0.1125 -5.4519 -0.4474 -0.3771 -0.8109 0.1888 0.9692
-1.9147 -0.1036 -5.4448 -0.4744 -0.1892 -0.8597 0.1925 0.9708
-1.9135 -0.1125 -5.4425 -0.4474 -0.3771 -0.8109 0.1888 0.9692
-1.3319 1.2461 -5.3253 0.7507 0.6349 0.1828 0.2183 0.9563
-1.3307 1.2411 -5.3176 0.7745 0.5294 0.3462 0.2191 0.9523
-1.3429 1.2528 -5.3083 0.7745 0.5294 0.3462 0.2191 0.9523
-1.3319 1.2461 -5.3253 0.7507 0.6349 0.1828 0.2183 0.9563
-1.3429 1.2528 -5.3083 0.7745 0.5294 0.3462 0.2191 0.9523
-1.3441 1.2578 -5.3160 0.7507 0.6349 0.1828 0.2184 0.9563
-0.0591 1.1020 -4.1147 0.3827 -0.4716 0.7944 0.1932 0.9311
-0.0680 1.1006 -4.1124 0.1951 -0.5007 0.8434 0.1896 0.9326
-0.0680 1.1172 -4.1025 0.1951 -0.5007 0.8434 0.1896 0.9326
-0.0591 1.1020 -4.1147 0.3827 -0.4716 0.7944 0.1932 0.9311
-0.0680 1.1172 -4.1025 0.1951 -0.5007 0.8434 0.1896 0.9326
-0.0591 1.1186 -4.1048 0.3827 -0.4716 0.7944 0.1932 0.9311
-1.2867 1.2877 -5.3187 -0.5155 -0.7933 0.3239 0.1861 0.9351
-1.2916 1.2888 -5.3265 -0.6187 -0.7694 0.1589 0.1833 0.9379
-1.3038 1.3005 -5.3171 -0.6187 -0.7694 0.1589 0.1833 0.9379
-1.2867 1.2877 -5.3187 -0.5155 -0.7933 0.3239 0.1861 0.9351
-1.3038 1.3005 -5.3171 -0.6187 -0.7694 0.1589 0.1833 0.9379
-1.2989 1.2994 -5.3093 -0.5155 -0.7933 0.3239 0.1861 0.9351
-1.8978 -0.1036 -5.4542 -0.4744 -0.1892 -0.8597 0.1925 0.9708
-1.8982 -0.0943 -5.4549 -0.4832 0.0060 -0.8755 0.1965 0.9716
-1.9151 -0.0943 -5.4456 -0.4832 0.0060 -0.8755 0.1965 0.9716
-1.8978 -0.1036 -5.4542 -0.4744 -0.1892 -0.8597 0.1925 0.9708
-1.9151 -0.0943 -5.4456 -0.4832 0.0060 -0.8755 0.1965 0.9716
-1.9147 -0.1036 -5.4448 -0.4744 -0.1892 -0.8597 0.1925 0.9708
-1.3307 1.2411 -5.3176 0.7745 0.5294 0.3462 0.2191 0.9523
-1.3310 1.2351 -5.3105 0.7686 0.4035 0.4964 0.2191 0.9483
-1.3432 1.2469 -5.3011 0.7686 0.4035 0.4964 0.2191 0.9483
-1.3307 1.2411 -5.3176 0.7745 0.5294 0.3462 0.2191 0.9523
-1.3432 1.2469 -5.3011 0.7686 0.4035 0.4964 0.2191 0.9483
-1.3429 1.2528 -5.3083 0.7745 0.5294 0.3462 0.2191 0.9523
-0.0680 1.1006 -4.1124 0.1951 -0.5007 0.8434 0.1896 0.9326
-0.0772 1.1001 -4.1116 0.0000 -0.5105 0.8599 0.1863 0.9348
-0.0772 1.1168 -4.1017 0.0000 -0.5105 0.8599 0.1863 0.9348
-0.0680 1.1006 -4.1124 0.1951 -0.5007 0.8434 0.1896 0.9326
-0.0772 1.1168 -4.1017 0.0000 -0.5105 0.8599 0.1863 0.9348
-0.0680 1.1172 -4.1025 0.1951 -0.5007 0.8434 0.1896 0.9326
-1.2916 1.2888 -5.3265 -0.6187 -0.7694 0.1589 0.1833 0.9379
-1.2954 1.2913 -5.3346 -0.6981 -0.7159 -0.0122 0.1811 0.9411
-1.3076 1.3031 -5.3252 -0.6981 -0.7159 -0.0122 0.1811 0.9411
-1.2916 1.2888 -5.3265 -0.6187 -0.7694 0.1589 0.1833 0.9379
-1.3076 1.3031 -5.3252 -0.6981 -0.7159 -0.0122 0.1811 0.9411
-1.3038 1.3005 -5.3171 -0.6187 -0.7694 0.1589 0.1833 0.9379
-1.8982 -0.0943 -5.4549 -0.4832 0.0060 -0.8755 0.1965 0.9716
-1.8977 -0.0851 -5.4541 -0.4734 0.2010 -0.8576 0.2005 0.9716
-1.9147 -0.0851 -5.4447 -0.4734 0.2010 -0.8576 0.2005 0.9716
-1.8982 -0.0943 -5.4549 -0.4832 0.0060 -0.8755 0.1965 0.9716
-1.9147 -0.0851 -5.4447 -0.4734 0.2010 -0.8576 0.2005 0.9716
-1.9151 -0.0943 -5.4456 -0.4832 0.0060 -0.8755 0.1965 0.9716
-1.3310 1.2351 -5.3105 0.7686 0.4035 0.4964 0.2191 0.9483
-1.3327 1.2284 -5.3043 0.7332 0.2621 0.6275 0.2183 0.9443
-1.3449 1.2402 -5.2949 0.7332 0.2621 0.6275 0.2184 0.9443
-1.3310 1.2351 -5.3105 0.7686 0.4035 0.4964 0.2191 0.9483
-1.3449 1.2402 -5.2949 0.7332 0.2621 0.6275 0.2184 0.9443
-1.3432 1.2469 -5.3011 0.7686 0.4035 0.4964 0.2191 0.9483
-0.0772 1.1001 -4.1116 0.0000 -0.5105 0.8599 0.1863 0.9348
-0.0864 1.1006 -4.1124 -0.1951 -0.5007 0.8434 0.1835 0.9376
-0.0864 1.1172 -4.1025 -0.1951 -0.5007 0.8434 0.1835 0.9376
-0.0772 1.1001 -4.1116 0.0000 -0.5105 0.8599 0.1863 0.9348
-0.0864 1.1172 -4.1025 -0.1951 -0.5007 0.8434 0.1835 0.9376
-0.0772 1.1168 -4.1017 0.0000 -0.5105 0.8599 0.1863 0.9348
-1.2954 1.2913 -5.3346 -0.6981 -0.7159 -0.0122 0.1811 0.9411
-1.2979 1.2952 -5.3426 -0.7507 -0.6349 -0.1827 0.1796 0.9448
-1.3101 1.3069 -5.3333 -0.7507 -0.6349 -0.1827 0.1796 0.9448
-1.2954 1.2913 -5.3346 -0.6981 -0.7159 -0.0122 0.1811 0.9411
-1.3101 1.3069 -5.3333 -0.7507 -0.6349 -0.1827 0.1796 0.9448
-1.3076 1.3031 -5.3252 -0.6981 -0.7159 -0.0122 0.1811 0.9411
-1.8977 -0.0851 -5.4541 -0.4734 0.2010 -0.8576 0.2005 0.9716
-1.8964 -0.0762 -5.4517 -0.4453 0.3882 -0.8068 0.2045 0.9708
-1.9134 -0.0762 -5.4423 -0.4453 0.3882 -0.8068 0.2045 0.9708
-1.8977 -0.0851 -5.4541 -0.4734 0.2010 -0.8576 0.2005 0.9716
-1.9134 -0.0762 -5.4423 -0.4453 0.3882 -0.8068 0.2045 0.9708
-1.9147 -0.0851 -5.4447 -0.4734 0.2010 -0.8576 0.2005 0.9716
-1.3327 1.2284 -5.3043 0.7332 0.2621 0.6275 0.2183 0.9443
-1.3357 1.2213 -5.2992 0.6696 0.1107 0.7345 0.2168 0.9405
-1.3479 1.2330 -5.2899 0.6696 0.1107 0.7345 0.2168 0.9405
-1.3327 1.2284 -5.3043 0.7332 0.2621 0.6275 0.2183 0.9443
-1.3479 1.2330 -5.2899 0.6696 0.1107 0.7345 0.2168 0.9405
-1.3449 1.2402 -5.2949 0.7332 0.2621 0.6275 0.2184 0.9443
-0.0864 1.1006 -4.1124 -0.1951 -0.5007 0.8434 0.1835 0.9376
-0.0953 1.1020 -4.1147 -0.3827 -0.4716 0.7944 0.1813 0.9408
-0.0953 1.1186 -4.1048 -0.3827 -0.4716 0.7944 0.1813 0.9408
-0.0864 1.1006 -4.1124 -0.1951 -0.5007 0.8434 0.1835 0.9376
-0.0953 1.1186 -4.1048 -0.3827 -0.4716 0.7944 0.1813 0.9408
-0.0864 1.1172 -4.1025 -0.1951 -0.5007 0.8434 0.1835 0.9376
-1.2979 1.2952 -5.3426 -0.7507 -0.6349 -0.1827 0.1796 0.9448
-1.2990 1.3001 -5.3504 -0.7744 -0.5294 -0.3463 0.1789 0.9486
-1.3112 1.3119 -5.3411 -0.7744 -0.5294 -0.3463 0.1789 0.9486
-1.2979 1.2952 -5.3426 -0.7507 -0.6349 -0.1827 0.1796 0.9448
-1.3112 1.3119 -5.3411 -0.7744 -0.5294 -0.3463 0.1789 0.9486
-1.3101 1.3069 -5.3333 -0.7507 -0.6349 -0.1827 0.1796 0.9448
-1.8964 -0.0762 -5.4517 -0.4453 0.3882 -0.8068 0.2045 0.9708
-1.8943 -0.0681 -5.4478 -0.4002 0.5605 -0.7250 0.2082 0.9692
-1.9112 -0.0681 -5.4385 -0.4002 0.5605 -0.7250 0.2082 0.9692
-1.8964 -0.0762 -5.4517 -0.4453 0.3882 -0.8068 0.2045 0.9708
-1.9112 -0.0681 -5.4385 -0.4002 0.5605 -0.7250 0.2082 0.9692
-1.9134 -0.0762 -5.4423 -0.4453 0.3882 -0.8068 0.2045 0.9708
-1.3357 1.2213 -5.2992 0.6696 0.1107 0.7345 0.2168 0.9405
-1.3399 1.2139 -5.2955 0.5802 -0.0450 0.8132 0.2145 0.9372
-1.3521 1.2256 -5.2861 0.5802 -0.0450 0.8132 0.2145 0.9372
-1.3357 1.2213 -5.2992 0.6696 0.1107 0.7345 0.2168 0.9405
-1.3521 1.2256 -5.2861 0.5802 -0.0450 0.8132 0.2145 0.9372
-1.3479 1.2330 -5.2899 0.6696 0.1107 0.7345 0.2168 0.9405
-1.2990 1.3001 -5.3504 -0.7744 -0.5294 -0.3463 0.1789 0.9486
-1.2987 1.3061 -5.3575 -0.7684 -0.4037 -0.4966 0.1789 0.9526
-1.3109 1.3178 -5.3482 -0.7684 -0.4037 -0.4966 0.1789 0.9526
-1.2990 1.3001 -5.3504 -0.7744 -0.5294 -0.3463 0.1789 0.9486
-1.3109 1.3178 -5.3482 -0.7684 -0.4037 -0.4966 0.1789 0.9526
-1.3112 1.3119 -5.3411 -0.7744 -0.5294 -0.3463 0.1789 0.9486
-1.8943 -0.0681 -5.4478 -0.4002 0.5605 -0.7250 0.2082 0.9692
-1.8914 -0.0609 -5.4426 -0.3397 0.7113 -0.6153 0.2116 0.9670
-1.9084 -0.0609 -5.4333 -0.3397 0.7113 -0.6153 0.2116 0.9670
-1.8943 -0.0681 -5.4478 -0.4002 0.5605 -0.7250 0.2082 0.9692
-1.9084 -0.0609 -5.4333 -0.3397 0.7113 -0.6153 0.2116 0.9670
-1.9112 -0.0681 -5.4385 -0.4002 0.5605 -0.7250 0.2082 0.9692
-1.3399 1.2139 -5.2955 0.5802 -0.0450 0.8132 0.2145 0.9372
-1.3452 1.2066 -5.2933 0.4686 -0.1990 0.8607 0.2117 0.9343
-1.3574 1.2183 -5.2839 0.4686 -0.1990 0.8607 0.2117 0.9343
-1.3399 1.2139 -5.2955 0.5802 -0.0450 0.8132 0.2145 0.9372
-1.3574 1.2183 -5.2839 0.4686 -0.1990 0.8607 0.2117 0.9343
-1.3521 1.2256 -5.2861 0.5802 -0.0450 0.8132 0.2145 0.9372
-1.2987 1.3061 -5.3575 -0.7684 -0.4037 -0.4966 0.1789 0.9526
-1.2970 1.3128 -5.3637 -0.7329 -0.2624 -0.6277 0.1796 0.9564
-1.3092 1.3245 -5.3544 -0.7329 -0.2624 -0.6277 0.1796 0.9564
-1.2987 1.3061 -5.3575 -0.7684 -0.4037 -0.4966 0.1789 0.9526
-1.3092 1.3245 -5.3544 -0.7329 -0.2624 -0.6277 0.1796 0.9564
-1.3109 1.3178 -5.3482 -0.7684 -0.4037 -0.4966 0.1789 0.9526
-1.8914 -0.0609 -5.4426 -0.3397 0.7113 -0.6153 0.2116 0.9670
-1.8879 -0.0551 -5.4363 -0.2662 0.8348 -0.4820 0.2145 0.9641
-1.9049 -0.0551 -5.4269 -0.2662 0.8348 -0.4820 0.2145 0.9641
-1.8914 -0.0609 -5.4426 -0.3397 0.7113 -0.6153 0.2116 0.9670
-1.9049 -0.0551 -5.4269 -0.2662 0.8348 -0.4820 0.2145 0.9641
-1.9084 -0.0609 -5.4333 -0.3397 0.7113 -0.6153 0.2116 0.9670
-1.3452 1.2066 -5.2933 0.4686 -0.1990 0.8607 0.2117 0.9343
-1.3513 1.1997 -5.2926 0.3389 -0.3454 0.8751 0.2083 0.9320
-1.3635 1.2114 -5.2832 0.3389 -0.3454 0.8751 0.2083 0.9320
-1.3452 1.2066 -5.2933 0.4686 -0.1990 0.8607 0.2117 0.9343
-1.3635 1.2114 -5.2832 0.3389 -0.3454 0.8751 0.2083 0.9320
-1.3574 1.2183 -5.2839 0.4686 -0.1990 0.8607 0.2117 0.9343
-1.2970 1.3128 -5.3637 -0.7329 -0.2624 -0.6277 0.1796 0.9564
-1.2940 1.3200 -5.3688 -0.6692 -0.1111 -0.7348 0.1811 0.9601
-1.3062 1.3317 -5.3594 -0.6692 -0.1111 -0.7348 0.1811 0.9601
-1.2970 1.3128 -5.3637 -0.7329 -0.2624 -0.6277 0.1796 0.9564
-1.3062 1.3317 -5.3594 -0.6692 -0.1111 -0.7348 0.1811 0.9601
-1.3092 1.3245 -5.3544 -0.7329 -0.2624 -0.6277 0.1796 0.9564
-1.8879 -0.0551 -5.4363 -0.2662 0.8348 -0.4820 0.2145 0.9641
-1.8840 -0.0508 -5.4291 -0.1824 0.9262 -0.3301 0.2167 0.9607
-1.9009 -0.0508 -5.4198 -0.1824 0.9262 -0.3301 0.2167 0.9607
-1.8879 -0.0551 -5.4363 -0.2662 0.8348 -0.4820 0.2145 0.9641
-1.9009 -0.0508 -5.4198 -0.1824 0.9262 -0.3301 0.2167 0.9607
-1.9049 -0.0551 -5.4269 -0.2662 0.8348 -0.4820 0.2145 0.9641
-1.3513 1.1997 -5.2926 0.3389 -0.3454 0.8751 0.2083 0.9320
-1.3581 1.1934 -5.2935 0.1962 -0.4784 0.8559 0.2045 0.9305
-1.3703 1.2051 -5.2841 0.1962 -0.4784 0.8559 0.2045 0.9305
-1.3513 1.1997 -5.2926 0.3389 -0.3454 0.8751 0.2083 0.9320
-1.3703 1.2051 -5.2841 0.1962 -0.4784 0.8559 0.2045 0.9305
-1.3635 1.2114 -5.2832 0.3389 -0.3454 0.8751 0.2083 0.9320
-1.2940 1.3200 -5.3688 -0.6692 -0.1111 -0.7348 0.1811 0.9601
-1.2898 1.3273 -5.3725 -0.5797 0.0446 -0.8136 0.1833 0.9633
-1.3020 1.3391 -5.3632 -0.5797 0.0446 -0.8136 0.1833 0.9633
-1.2940 1.3200 -5.3688 -0.6692 -0.1111 -0.7348 0.1811 0.9601
-1.3020 1.3391 -5.3632 -0.5797 0.0446 -0.8136 0.1833 0.9633
-1.3062 1.3317 -5.3594 -0.6692 -0.1111 -0.7348 0.1811 0.9601
-1.8840 -0.0508 -5.4291 -0.1824 0.9262 -0.3301 0.2167 0.9607
-1.8797 -0.0481 -5.4213 -0.0916 0.9819 -0.1656 0.2182 0.9570
-1.8966 -0.0481 -5.4120 -0.0916 0.9819 -0.1656 0.2182 0.9570
-1.8840 -0.0508 -5.4291 -0.1824 0.9262 -0.3301 0.2167 0.9607
-1.8966 -0.0481 -5.4120 -0.0916 0.9819 -0.1656 0.2182 0.9570
-1.9009 -0.0508 -5.4198 -0.1824 0.9262 -0.3301 0.2167 0.9607
-1.3581 1.1934 -5.2935 0.1962 -0.4784 0.8559 0.2045 0.9305
-1.3652 1.1880 -5.2959 0.0460 -0.5931 0.8038 0.2006 0.9297
-1.3774 1.1997 -5.2866 0.0460 -0.5931 0.8038 0.2006 0.9297
-1.3581 1.1934 -5.2935 0.1962 -0.4784 0.8559 0.2045 0.9305
-1.3774 1.1997 -5.2866 0.0460 -0.5931 0.8038 0.2006 0.9297
-1.3703 1.2051 -5.2841 0.1962 -0.4784 0.8559 0.2045 0.9305
-1.2898 1.3273 -5.3725 -0.5797 0.0446 -0.8136 0.1833 0.9633
-1.2845 1.3346 -5.3748 -0.4680 0.1985 -0.8611 0.1861 0.9661
-1.2967 1.3463 -5.3654 -0.4680 0.1985 -0.8611 0.1861 0.9661
-1.2898 1.3273 -5.3725 -0.5797 0.0446 -0.8136 0.1833 0.9633
-1.2967 1.3463 -5.3654 -0.4680 0.1985 -0.8611 0.1861 0.9661
-1.3020 1.3391 -5.3632 -0.5797 0.0446 -0.8136 0.1833 0.9633
-1.8797 -0.0481 -5.4213 -0.0916 0.9819 -0.1656 0.2182 0.9570
-1.8752 -0.0473 -5.4132 0.0027 1.0000 0.0053 0.2190 0.9530
-1.8921 -0.0473 -5.4039 0.0027 1.0000 0.0053 0.2190 0.9530
-1.8797 -0.0481 -5.4213 -0.0916 0.9819 -0.1656 0.2182 0.9570
-1.8921 -0.0473 -5.4039 0.0027 1.0000 0.0053 0.2190 0.9530
-1.8966 -0.0481 -5.4120 -0.0916 0.9819 -0.1656 0.2182 0.9570
-1.3652 1.1880 -5.2959 0.0460 -0.5931 0.8038 0.2006 0.9297
-1.3724 1.1836 -5.2999 -0.1060 -0.6850 0.7208 0.1965 0.9297
-1.3846 1.1953 -5.2905 -0.1060 -0.6850 0.7208 0.1965 0.9297
-1.3652 1.1880 -5.2959 0.0460 -0.5931 0.8038 0.2006 0.9297
-1.3846 1.1953 -5.2905 -0.1060 -0.6850 0.7208 0.1965 0.9297
-1.3774 1.1997 -5.2866 0.0460 -0.5931 0.8038 0.2006 0.9297
-1.2845 1.3346 -5.3748 -0.4680 0.1985 -0.8611 0.1861 0.9661
-1.2783 1.3415 -5.3754 -0.3383 0.3448 -0.8756 0.1894 0.9683
-1.2906 1.3533 -5.3661 -0.3383 0.3448 -0.8756 0.1894 0.9683
-1.2845 1.3346 -5.3748 -0.4680 0.1985 -0.8611 0.1861 0.9661
-1.2906 1.3533 -5.3661 -0.3383 0.3448 -0.8756 0.1894 0.9683
-1.2967 1.3463 -5.3654 -0.4680 0.1985 -0.8611 0.1861 0.9661
-1.8752 -0.0473 -5.4132 0.0027 1.0000 0.0053 0.2190 0.9530
-1.8708 -0.0482 -5.4051 0.0969 0.9796 0.1760 0.2190 0.9490
-1.8877 -0.0482 -5.3958 0.0969 0.9796 0.1760 0.2190 0.9490
-1.8752 -0.0473 -5.4132 0.0027 1.0000 0.0053 0.2190 0.9530
-1.8877 -0.0482 -5.3958 0.0969 0.9796 0.1760 0.2190 0.9490
-1.8921 -0.0473 -5.4039 0.0027 1.0000 0.0053 0.2190 0.9530
-1.3724 1.1836 -5.2999 -0.1060 -0.6850 0.7208 0.1965 0.9297
-1.3794 1.1805 -5.3051 -0.2539 -0.7505 0.6101 0.1925 0.9305
-1.3916 1.1922 -5.2958 -0.2539 -0.7505 0.6101 0.1925 0.9305
-1.3724 1.1836 -5.2999 -0.1060 -0.6850 0.7208 0.1965 0.9297
-1.3916 1.1922 -5.2958 -0.2539 -0.7505 0.6101 0.1925 0.9305
-1.3846 1.1953 -5.2905 -0.1060 -0.6850 0.7208 0.1965 0.9297
-1.2783 1.3415 -5.3754 -0.3383 0.3448 -0.8756 0.1894 0.9683
-1.2716 1.3478 -5.3745 -0.1956 0.4778 -0.8564 0.1930 0.9698
-1.2838 1.3596 -5.3652 -0.1956 0.4778 -0.8564 0.1930 0.9698
-1.2783 1.3415 -5.3754 -0.3383 0.3448 -0.8756 0.1894 0.9683
-1.2838 1.3596 -5.3652 -0.1956 0.4778 -0.8564 0.1930 0.9698
-1.2906 1.3533 -5.3661 -0.3383 0.3448 -0.8756 0.1894 0.9683
-1.8708 -0.0482 -5.4051 0.0969 0.9796 0.1760 0.2190 0.9490
-1.8665 -0.0510 -5.3974 0.1874 0.9216 0.3400 0.2182 0.9450
-1.8834 -0.0510 -5.3880 0.1874 0.9216 0.3400 0.2182 0.9450
-1.8708 -0.0482 -5.4051 0.0969 0.9796 0.1760 0.2190 0.9490
-1.8834 -0.0510 -5.3880 0.1874 0.9216 0.3400 0.2182 0.9450
-1.8877 -0.0482 -5.3958 0.0969 0.9796 0.1760 0.2190 0.9490
-1.8667 0.0131 -5.3979 0.1824 -0.9262 0.3301 0.1813 0.9410
-1.8710 0.0104 -5.4056 0.0916 -0.9819 0.1656 0.1798 0.9446
-1.8879 0.0104 -5.3963 0.0916 -0.9819 0.1656 0.1798 0.9446
-1.8667 0.0131 -5.3979 0.1824 -0.9262 0.3301 0.1813 0.9410
-1.8879 0.0104 -5.3963 0.0916 -0.9819 0.1656 0.1798 0.9446
-1.8836 0.0131 -5.3885 0.1824 -0.9262 0.3301 0.1813 0.9410
-1.2716 1.3478 -5.3745 -0.1956 0.4778 -0.8564 0.1930 0.9698
-1.2645 1.3533 -5.3721 -0.0454 0.5925 -0.8043 0.1969 0.9706
-1.2767 1.3650 -5.3627 -0.0454 0.5925 -0.8043 0.1969 0.9706
-1.2716 1.3478 -5.3745 -0.1956 0.4778 -0.8564 0.1930 0.9698
-1.2767 1.3650 -5.3627 -0.0454 0.5925 -0.8043 0.1969 0.9706
-1.2838 1.3596 -5.3652 -0.1956 0.4778 -0.8564 0.1930 0.9698
-1.8665 -0.0510 -5.3974 0.1874 0.9216 0.3400 0.2182 0.9450
-1.8625 -0.0554 -5.3902 0.2707 0.8281 0.4908 0.2167 0.9413
-1.8795 -0.0554 -5.3809 0.2707 0.8281 0.4908 0.2167 0.9413
-1.8665 -0.0510 -5.3974 0.1874 0.9216 0.3400 0.2182 0.9450
-1.8795 -0.0554 -5.3809 0.2707 0.8281 0.4908 0.2167 0.9413
-1.8834 -0.0510 -5.3880 0.1874 0.9216 0.3400 0.2182 0.9450
-1.8710 0.0104 -5.4056 0.0916 -0.9819 0.1656 0.1798 0.9446
-1.8755 0.0096 -5.4137 -0.0027 -1.0000 -0.0053 0.1791 0.9484
-1.8924 0.0096 -5.4044 -0.0027 -1.0000 -0.0053 0.1791 0.9484
-1.8710 0.0104 -5.4056 0.0916 -0.9819 0.1656 0.1798 0.9446
-1.8924 0.0096 -5.4044 -0.0027 -1.0000 -0.0053 0.1791 0.9484
-1.8879 0.0104 -5.3963 0.0916 -0.9819 0.1656 0.1798 0.9446
-1.2645 1.3533 -5.3721 -0.0454 0.5925 -0.8043 0.1969 0.9706
-1.2573 1.3576 -5.3681 0.1066 0.6844 -0.7213 0.2008 0.9706
-1.2695 1.3693 -5.3588 0.1066 0.6844 -0.7213 0.2008 0.9706
-1.2645 1.3533 -5.3721 -0.0454 0.5925 -0.8043 0.1969 0.9706
-1.2695 1.3693 -5.3588 0.1066 0.6844 -0.7213 0.2008 0.9706
-1.2767 1.3650 -5.3627 -0.0454 0.5925 -0.8043 0.1969 0.9706
-1.8625 -0.0554 -5.3902 0.2707 0.8281 0.4908 0.2167 0.9413
-1.8591 -0.0613 -5.3840 0.3436 0.7028 0.6229 0.2145 0.9379
-1.8760 -0.0613 -5.3747 0.3436 0.7028 0.6229 0.2145 0.9379
-1.8625 -0.0554 -5.3902 0.2707 0.8281 0.4908 0.2167 0.9413
-1.8760 -0.0613 -5.3747 0.3436 0.7028 0.6229 0.2145 0.9379
-1.8795 -0.0554 -5.3809 0.2707 0.8281 0.4908 0.2167 0.9413
-1.8755 0.0096 -5.4137 -0.0027 -1.0000 -0.0053 0.1791 0.9484
-1.8799 0.0105 -5.4218 -0.0969 -0.9796 -0.1760 0.1791 0.9523
-1.8969 0.0105 -5.4125 -0.0969 -0.9796 -0.1760 0.1791 0.9523
-1.8755 0.0096 -5.4137 -0.0027 -1.0000 -0.0053 0.1791 0.9484
-1.8969 0.0105 -5.4125 -0.0969 -0.9796 -0.1760 0.1791 0.9523
-1.8924 0.0096 -5.4044 -0.0027 -1.0000 -0.0053 0.1791 0.9484
-1.2573 1.3576 -5.3681 0.1066 0.6844 -0.7213 0.2008 0.9706
-1.2503 1.3607 -5.3629 0.2544 0.7500 -0.6105 0.2047 0.9698
-1.2625 1.3725 -5.3536 0.2544 0.7500 -0.6105 0.2047 0.9698
-1.2573 1.3576 -5.3681 0.1066 0.6844 -0.7213 0.2008 0.9706
-1.2625 1.3725 -5.3536 0.2544 0.7500 -0.6105 0.2047 0.9698
-1.2695 1.3693 -5.3588 0.1066 0.6844 -0.7213 0.2008 0.9706
-1.8591 -0.0613 -5.3840 0.3436 0.7028 0.6229 0.2145 0.9379
-1.8563 -0.0685 -5.3789 0.4033 0.5506 0.7309 0.2116 0.9351
-1.8732 -0.0685 -5.3695 0.4033 0.5506 0.7309 0.2116 0.9351
-1.8591 -0.0613 -5.3840 0.3436 0.7028 0.6229 0.2145 0.9379
-1.8732 -0.0685 -5.3695 0.4033 0.5506 0.7309 0.2116 0.9351
-1.8760 -0.0613 -5.3747 0.3436 0.7028 0.6229 0.2145 0.9379
-1.8799 0.0105 -5.4218 -0.0969 -0.9796 -0.1760 0.1791 0.9523
-1.8842 0.0133 -5.4296 -0.1874 -0.9216 -0.3400 0.1798 0.9561
-1.9011 0.0133 -5.4202 -0.1874 -0.9216 -0.3400 0.1798 0.9561
-1.8799 0.0105 -5.4218 -0.0969 -0.9796 -0.1760 0.1791 0.9523
-1.9011 0.0133 -5.4202 -0.1874 -0.9216 -0.3400 0.1798 0.9561
-1.8969 0.0105 -5.4125 -0.0969 -0.9796 -0.1760 0.1791 0.9523
-1.2503 1.3607 -5.3629 0.2544 0.7500 -0.6105 0.2047 0.9698
-1.2438 1.3625 -5.3565 0.3925 0.7868 -0.4764 0.2083 0.9683
-1.2560 1.3742 -5.3472 0.3925 0.7868 -0.4764 0.2083 0.9683
-1.2503 1.3607 -5.3629 0.2544 0.7500 -0.6105 0.2047 0.9698
-1.2560 1.3742 -5.3472 0.3925 0.7868 -0.4764 0.2083 0.9683
-1.2625 1.3725 -5.3536 0.2544 0.7500 -0.6105 0.2047 0.9698
-1.8563 -0.0685 -5.3789 0.4033 0.5506 0.7309 0.2116 0.9351
-1.8542 -0.0768 -5.3751 0.4474 0.3771 0.8109 0.2082 0.9328
-1.8711 -0.0768 -5.3657 0.4474 0.3771 0.8109 0.2082 0.9328
-1.8563 -0.0685 -5.3789 0.4033 0.5506 0.7309 0.2116 0.9351
-1.8711 -0.0768 -5.3657 0.4474 0.3771 0.8109 0.2082 0.9328
-1.8732 -0.0685 -5.3695 0.4033 0.5506 0.7309 0.2116 0.9351
-1.8842 0.0133 -5.4296 -0.1874 -0.9216 -0.3400 0.1798 0.9561
-1.8882 0.0177 -5.4367 -0.2707 -0.8281 -0.4909 0.1813 0.9597
-1.9051 0.0177 -5.4274 -0.2707 -0.8281 -0.4909 0.1813 0.9597
-1.8842 0.0133 -5.4296 -0.1874 -0.9216 -0.3400 0.1798 0.9561
-1.9051 0.0177 -5.4274 -0.2707 -0.8281 -0.4909 0.1813 0.9597
-1.9011 0.0133 -5.4202 -0.1874 -0.9216 -0.3400 0.1798 0.9561
-1.2438 1.3625 -5.3565 0.3925 0.7868 -0.4764 0.2083 0.9683
-1.2379 1.3628 -5.3493 0.5155 0.7933 -0.3239 0.2116 0.9661
-1.2501 1.3745 -5.3400 0.5155 0.7933 -0.3239 0.2116 0.9661
-1.2438 1.3625 -5.3565 0.3925 0.7868 -0.4764 0.2083 0.9683
-1.2501 1.3745 -5.3400 0.5155 0.7933 -0.3239 0.2116 0.9661
-1.2560 1.3742 -5.3472 0.3925 0.7868 -0.4764 0.2083 0.9683
-1.8542 -0.0768 -5.3751 0.4474 0.3771 0.8109 0.2082 0.9328
-1.8529 -0.0856 -5.3728 0.4744 0.1892 0.8597 0.2045 0.9313
-1.8698 -0.0857 -5.3634 0.4744 0.1892 0.8597 0.2045 0.9313
-1.8542 -0.0768 -5.3751 0.4474 0.3771 0.8109 0.2082 0.9328
-1.8698 -0.0857 -5.3634 0.4744 0.1892 0.8597 0.2045 0.9313
-1.8711 -0.0768 -5.3657 0.4474 0.3771 0.8109 0.2082 0.9328
-1.8882 0.0177 -5.4367 -0.2707 -0.8281 -0.4909 0.1813 0.9597
-1.8916 0.0236 -5.4430 -0.3436 -0.7029 -0.6228 0.1835 0.9629
-1.9085 0.0236 -5.4336 -0.3436 -0.7029 -0.6228 0.1835 0.9629
-1.8882 0.0177 -5.4367 -0.2707 -0.8281 -0.4909 0.1813 0.9597
-1.9085 0.0236 -5.4336 -0.3436 -0.7029 -0.6228 0.1835 0.9629
-1.9051 0.0177 -5.4274 -0.2707 -0.8281 -0.4909 0.1813 0.9597
-1.2379 1.3628 -5.3493 0.5155 0.7933 -0.3239 0.2116 0.9661
-1.2330 1.3616 -5.3415 0.6187 0.7694 -0.1589 0.2144 0.9633
-1.2453 1.3734 -5.3322 0.6187 0.7694 -0.1589 0.2144 0.9633
-1.2379 1.3628 -5.3493 0.5155 0.7933 -0.3239 0.2116 0.9661
-1.2453 1.3734 -5.3322 0.6187 0.7694 -0.1589 0.2144 0.9633
-1.2501 1.3745 -5.3400 0.5155 0.7933 -0.3239 0.2116 0.9661
-1.8529 -0.0856 -5.3728 0.4744 0.1892 0.8597 0.2045 0.9313
-1.8525 -0.0949 -5.3720 0.4832 -0.0060 0.8755 0.2005 0.9305
-1.8694 -0.0949 -5.3627 0.4832 -0.0060 0.8755 0.2005 0.9305
-1.8529 -0.0856 -5.3728 0.4744 0.1892 0.8597 0.2045 0.9313
-1.8694 -0.0949 -5.3627 0.4832 -0.0060 0.8755 0.2005 0.9305
-1.8698 -0.0857 -5.3634 0.4744 0.1892 0.8597 0.2045 0.9313
-1.8916 0.0236 -5.4430 -0.3436 -0.7029 -0.6228 0.1835 0.9629
-1.8944 0.0308 -5.4481 -0.4032 -0.5506 -0.7309 0.1862 0.9656
-1.9114 0.0308 -5.4387 -0.4032 -0.5506 -0.7309 0.1862 0.9656
-1.8916 0.0236 -5.4430 -0.3436 -0.7029 -0.6228 0.1835 0.9629
-1.9114 0.0308 -5.4387 -0.4032 -0.5506 -0.7309 0.1862 0.9656
-1.9085 0.0236 -5.4336 -0.3436 -0.7029 -0.6228 0.1835 0.9629
-1.2330 1.3616 -5.3415 0.6187 0.7694 -0.1589 0.2144 0.9633
-1.2293 1.3591 -5.3334 0.6981 0.7159 0.0122 0.2166 0.9601
-1.2415 1.3708 -5.3241 0.6981 0.7159 0.0122 0.2166 0.9601
-1.2330 1.3616 -5.3415 0.6187 0.7694 -0.1589 0.2144 0.9633
-1.2415 1.3708 -5.3241 0.6981 0.7159 0.0122 0.2166 0.9601
-1.2453 1.3734 -5.3322 0.6187 0.7694 -0.1589 0.2144 0.9633
-1.8525 -0.0949 -5.3720 0.4832 -0.0060 0.8755 0.2005 0.9305
-1.8529 -0.1041 -5.3729 0.4733 -0.2010 0.8576 0.1965 0.9305
-1.8699 -0.1041 -5.3635 0.4733 -0.2010 0.8576 0.1965 0.9305
-1.8525 -0.0949 -5.3720 0.4832 -0.0060 0.8755 0.2005 0.9305
-1.8699 -0.1041 -5.3635 0.4733 -0.2010 0.8576 0.1965 0.9305
-1.8694 -0.0949 -5.3627 0.4832 -0.0060 0.8755 0.2005 0.9305
-0.0953 1.8667 -5.3962 -0.3833 -0.4443 0.8097 0.1807 0.9409
-0.1034 1.8688 -5.4001 -0.5562 -0.3988 0.7291 0.1792 0.9446
-0.1033 1.8858 -5.3907 -0.5562 -0.3988 0.7291 0.1792 0.9446
-0.0953 1.8667 -5.3962 -0.3833 -0.4443 0.8097 0.1807 0.9409
-0.1033 1.8858 -5.3907 -0.5562 -0.3988 0.7291 0.1792 0.9446
-0.0951 1.8836 -5.3869 -0.3833 -0.4443 0.8097 0.1807 0.9409
-1.8944 0.0308 -5.4481 -0.4032 -0.5506 -0.7309 0.1862 0.9656
-1.8965 0.0390 -5.4519 -0.4474 -0.3771 -0.8109 0.1894 0.9678
-1.9135 0.0390 -5.4425 -0.4474 -0.3771 -0.8109 0.1894 0.9678
-1.8944 0.0308 -5.4481 -0.4032 -0.5506 -0.7309 0.1862 0.9656
-1.9135 0.0390 -5.4425 -0.4474 -0.3771 -0.8109 0.1894 0.9678
-1.9114 0.0308 -5.4387 -0.4032 -0.5506 -0.7309 0.1862 0.9656
-1.2293 1.3591 -5.3334 0.6981 0.7159 0.0122 0.2166 0.9601
-1.2268 1.3553 -5.3253 0.7507 0.6349 0.1827 0.2181 0.9564
-1.2390 1.3670 -5.3160 0.7507 0.6349 0.1827 0.2181 0.9564
-1.2293 1.3591 -5.3334 0.6981 0.7159 0.0122 0.2166 0.9601
-1.2390 1.3670 -5.3160 0.7507 0.6349 0.1827 0.2181 0.9564
-1.2415 1.3708 -5.3241 0.6981 0.7159 0.0122 0.2166 0.9601
-1.8529 -0.1041 -5.3729 0.4733 -0.2010 0.8576 0.1965 0.9305
-1.8543 -0.1130 -5.3753 0.4453 -0.3882 0.8068 0.1925 0.9313
-1.8712 -0.1130 -5.3659 0.4453 -0.3882 0.8068 0.1925 0.9313
-1.8529 -0.1041 -5.3729 0.4733 -0.2010 0.8576 0.1965 0.9305
-1.8712 -0.1130 -5.3659 0.4453 -0.3882 0.8068 0.1925 0.9313
-1.8699 -0.1041 -5.3635 0.4733 -0.2010 0.8576 0.1965 0.9305
-0.1034 1.8688 -5.4001 -0.5562 -0.3988 0.7291 0.1792 0.9446
-0.1106 1.8717 -5.4052 -0.7076 -0.3379 0.6206 0.1784 0.9485
-0.1105 1.8887 -5.3958 -0.7076 -0.3379 0.6206 0.1784 0.9485
-0.1034 1.8688 -5.4001 -0.5562 -0.3988 0.7291 0.1792 0.9446
-0.1105 1.8887 -5.3958 -0.7076 -0.3379 0.6206 0.1784 0.9485
-0.1033 1.8858 -5.3907 -0.5562 -0.3988 0.7291 0.1792 0.9446
-1.8965 0.0390 -5.4519 -0.4474 -0.3771 -0.8109 0.1894 0.9678
-1.8978 0.0479 -5.4542 -0.4744 -0.1892 -0.8597 0.1930 0.9693
-1.9147 0.0479 -5.4448 -0.4744 -0.1892 -0.8597 0.1930 0.9693
-1.8965 0.0390 -5.4519 -0.4474 -0.3771 -0.8109 0.1894 0.9678
-1.9147 0.0479 -5.4448 -0.4744 -0.1892 -0.8597 0.1930 0.9693
-1.9135 0.0390 -5.4425 -0.4474 -0.3771 -0.8109 0.1894 0.9678
-1.2268 1.3553 -5.3253 0.7507 0.6349 0.1827 0.2181 0.9564
-1.2257 1.3503 -5.3176 0.7744 0.5294 0.3463 0.2189 0.9526
-1.2379 1.3620 -5.3083 0.7744 0.5294 0.3463 0.2189 0.9526
-1.2268 1.3553 -5.3253 0.7507 0.6349 0.1827 0.2181 0.9564
-1.2379 1.3620 -5.3083 0.7744 0.5294 0.3463 0.2189 0.9526
-1.2390 1.3670 -5.3160 0.7507 0.6349 0.1827 0.2181 0.9564
-1.8543 -0.1130 -5.3753 0.4453 -0.3882 0.8068 0.1925 0.9313
-1.8564 -0.1211 -5.3792 0.4002 -0.5605 0.7250 0.1888 0.9328
-1.8733 -0.1211 -5.3698 0.4002 -0.5605 0.7250 0.1888 0.9328
-1.8543 -0.1130 -5.3753 0.4453 -0.3882 0.8068 0.1925 0.9313
-1.8733 -0.1211 -5.3698 0.4002 -0.5605 0.7250 0.1888 0.9328
-1.8712 -0.1130 -5.3659 0.4453 -0.3882 0.8068 0.1925 0.9313
-0.1106 1.8717 -5.4052 -0.7076 -0.3379 0.6206 0.1784 0.9485
-0.1165 1.8752 -5.4115 -0.8319 -0.2640 0.4882 0.1784 0.9525
-0.1164 1.8921 -5.4021 -0.8319 -0.2640 0.4882 0.1784 0.9525
-0.1106 1.8717 -5.4052 -0.7076 -0.3379 0.6206 0.1784 0.9485
-0.1164 1.8921 -5.4021 -0.8319 -0.2640 0.4882 0.1784 0.9525
-0.1105 1.8887 -5.3958 -0.7076 -0.3379 0.6206 0.1784 0.9485
-1.8978 0.0479 -5.4542 -0.4744 -0.1892 -0.8597 0.1930 0.9693
-1.8982 0.0572 -5.4549 -0.4832 0.0060 -0.8755 0.1968 0.9700
-1.9151 0.0572 -5.4456 -0.4832 0.0060 -0.8755 0.1968 0.9700
-1.8978 0.0479 -5.4542 -0.4744 -0.1892 -0.8597 0.1930 0.9693
-1.9151 0.0572 -5.4456 -0.4832 0.0060 -0.8755 0.1968 0.9700
-1.9147 0.0479 -5.4448 -0.4744 -0.1892 -0.8597 0.1930 0.9693
-1.2257 1.3503 -5.3176 0.7744 0.5294 0.3463 0.2189 0.9526
-1.2260 1.3443 -5.3105 0.7684 0.4037 0.4966 0.2189 0.9486
-1.2382 1.3561 -5.3012 0.7684 0.4037 0.4966 0.2189 0.9486
-1.2257 1.3503 -5.3176 0.7744 0.5294 0.3463 0.2189 0.9526
-1.2382 1.3561 -5.3012 0.7684 0.4037 0.4966 0.2189 0.9486
-1.2379 1.3620 -5.3083 0.7744 0.5294 0.3463 0.2189 0.9526
-1.8564 -0.1211 -5.3792 0.4002 -0.5605 0.7250 0.1888 0.9328
-1.8593 -0.1283 -5.3844 0.3397 -0.7113 0.6153 0.1854 0.9351
-1.8762 -0.1283 -5.3750 0.3397 -0.7113 0.6153 0.1854 0.9351
-1.8564 -0.1211 -5.3792 0.4002 -0.5605 0.7250 0.1888 0.9328
-1.8762 -0.1283 -5.3750 0.3397 -0.7113 0.6153 0.1854 0.9351
-1.8733 -0.1211 -5.3698 0.4002 -0.5605 0.7250 0.1888 0.9328
-0.1165 1.8752 -5.4115 -0.8319 -0.2640 0.4882 0.1784 0.9525
-0.1209 1.8792 -5.4186 -0.9241 -0.1800 0.3370 0.1792 0.9565
-0.1207 1.8961 -5.4093 -0.9241 -0.1800 0.3370 0.1792 0.9565
-0.1165 1.8752 -5.4115 -0.8319 -0.2640 0.4882 0.1784 0.9525
-0.1207 1.8961 -5.4093 -0.9241 -0.1800 0.3370 0.1792 0.9565
-0.1164 1.8921 -5.4021 -0.8319 -0.2640 0.4882 0.1784 0.9525
-1.8982 0.0572 -5.4549 -0.4832 0.0060 -0.8755 0.1968 0.9700
-1.8977 0.0664 -5.4541 -0.4733 0.2010 -0.8577 0.2007 0.9700
-1.9147 0.0664 -5.4447 -0.4733 0.2010 -0.8577 0.2007 0.9700
-1.8982 0.0572 -5.4549 -0.4832 0.0060 -0.8755 0.1968 0.9700
-1.9147 0.0664 -5.4447 -0.4733 0.2010 -0.8577 0.2007 0.9700
-1.9151 0.0572 -5.4456 -0.4832 0.0060 -0.8755 0.1968 0.9700
-1.2260 1.3443 -5.3105 0.7684 0.4037 0.4966 0.2189 0.9486
-1.2276 1.3376 -5.3043 0.7329 0.2624 0.6277 0.2181 0.9448
-1.2398 1.3494 -5.2949 0.7329 0.2624 0.6277 0.2181 0.9448
-1.2260 1.3443 -5.3105 0.7684 0.4037 0.4966 0.2189 0.9486
-1.2398 1.3494 -5.2949 0.7329 0.2624 0.6277 0.2181 0.9448
-1.2382 1.3561 -5.3012 0.7684 0.4037 0.4966 0.2189 0.9486
-1.8593 -0.1283 -5.3844 0.3397 -0.7113 0.6153 0.1854 0.9351
-1.8627 -0.1341 -5.3907 0.2662 -0.8348 0.4820 0.1826 0.9379
-1.8797 -0.1341 -5.3813 0.2662 -0.8348 0.4820 0.1826 0.9379
-1.8593 -0.1283 -5.3844 0.3397 -0.7113 0.6153 0.1854 0.9351
-1.8797 -0.1341 -5.3813 0.2662 -0.8348 0.4820 0.1826 0.9379
-1.8762 -0.1283 -5.3750 0.3397 -0.7113 0.6153 0.1854 0.9351
-0.1209 1.8792 -5.4186 -0.9241 -0.1800 0.3370 0.1792 0.9565
-0.1235 1.8835 -5.4264 -0.9809 -0.0891 0.1729 0.1807 0.9602
-0.1234 1.9004 -5.4170 -0.9809 -0.0891 0.1729 0.1807 0.9602
-0.1209 1.8792 -5.4186 -0.9241 -0.1800 0.3370 0.1792 0.9565
-0.1234 1.9004 -5.4170 -0.9809 -0.0891 0.1729 0.1807 0.9602
-0.1207 1.8961 -5.4093 -0.9241 -0.1800 0.3370 0.1792 0.9565
-1.8977 0.0664 -5.4541 -0.4733 0.2010 -0.8577 0.2007 0.9700
-1.8964 0.0753 -5.4517 -0.4453 0.3882 -0.8068 0.2045 0.9693
-1.9134 0.0753 -5.4423 -0.4453 0.3882 -0.8068 0.2045 0.9693
-1.8977 0.0664 -5.4541 -0.4733 0.2010 -0.8577 0.2007 0.9700
-1.9134 0.0753 -5.4423 -0.4453 0.3882 -0.8068 0.2045 0.9693
-1.9147 0.0664 -5.4447 -0.4733 0.2010 -0.8577 0.2007 0.9700
-1.2276 1.3376 -5.3043 0.7329 0.2624 0.6277 0.2181 0.9448
-1.2307 1.3305 -5.2992 0.6692 0.1111 0.7348 0.2166 0.9411
-1.2429 1.3422 -5.2899 0.6692 0.1111 0.7348 0.2166 0.9411
-1.2276 1.3376 -5.3043 0.7329 0.2624 0.6277 0.2181 0.9448
-1.2429 1.3422 -5.2899 0.6692 0.1111 0.7348 0.2166 0.9411
-1.2398 1.3494 -5.2949 0.7329 0.2624 0.6277 0.2181 0.9448
-1.8627 -0.1341 -5.3907 0.2662 -0.8348 0.4820 0.1826 0.9379
-1.8667 -0.1384 -5.3979 0.1824 -0.9262 0.3301 0.1803 0.9413
-1.8836 -0.1384 -5.3885 0.1824 -0.9262 0.3301 0.1803 0.9413
-1.8627 -0.1341 -5.3907 0.2662 -0.8348 0.4820 0.1826 0.9379
-1.8836 -0.1384 -5.3885 0.1824 -0.9262 0.3301 0.1803 0.9413
-1.8797 -0.1341 -5.3813 0.2662 -0.8348 0.4820 0.1826 0.9379
-0.1235 1.8835 -5.4264 -0.9809 -0.0891 0.1729 0.1807 0.9602
-0.1244 1.8880 -5.4345 -1.0000 0.0053 0.0021 0.1829 0.9635
-0.1243 1.9049 -5.4251 -1.0000 0.0053 0.0021 0.1829 0.9635
-0.1235 1.8835 -5.4264 -0.9809 -0.0891 0.1729 0.1807 0.9602
-0.1243 1.9049 -5.4251 -1.0000 0.0053 0.0021 0.1829 0.9635
-0.1234 1.9004 -5.4170 -0.9809 -0.0891 0.1729 0.1807 0.9602
-1.8964 0.0753 -5.4517 -0.4453 0.3882 -0.8068 0.2045 0.9693
-1.8943 0.0834 -5.4478 -0.4002 0.5605 -0.7250 0.2081 0.9678
-1.9112 0.0834 -5.4385 -0.4002 0.5605 -0.7250 0.2081 0.9678
-1.8964 0.0753 -5.4517 -0.4453 0.3882 -0.8068 0.2045 0.9693
-1.9112 0.0834 -5.4385 -0.4002 0.5605 -0.7250 0.2081 0.9678
-1.9134 0.0753 -5.4423 -0.4453 0.3882 -0.8068 0.2045 0.9693
-1.2307 1.3305 -5.2992 0.6692 0.1111 0.7348 0.2166 0.9411
-1.2349 1.3231 -5.2955 0.5797 -0.0446 0.8136 0.2144 0.9378
-1.2471 1.3348 -5.2861 0.5797 -0.0446 0.8136 0.2144 0.9379
-1.2307 1.3305 -5.2992 0.6692 0.1111 0.7348 0.2166 0.9411
-1.2471 1.3348 -5.2861 0.5797 -0.0446 0.8136 0.2144 0.9379
-1.2429 1.3422 -5.2899 0.6692 0.1111 0.7348 0.2166 0.9411
-0.0953 1.1020 -4.1147 -0.3827 -0.4716 0.7944 0.1813 0.9408
-0.1035 1.1042 -4.1185 -0.5556 -0.4244 0.7150 0.1798 0.9445
-0.1035 1.1208 -4.1086 -0.5556 -0.4244 0.7150 0.1798 0.9445
-0.0953 1.1020 -4.1147 -0.3827 -0.4716 0.7944 0.1813 0.9408
-0.1035 1.1208 -4.1086 -0.5556 -0.4244 0.7150 0.1798 0.9445
-0.0953 1.1186 -4.1048 -0.3827 -0.4716 0.7944 0.1813 0.9408
-0.1244 1.8880 -5.4345 -1.0000 0.0053 0.0021 0.1829 0.9635
-0.1235 1.8924 -5.4426 -0.9806 0.0995 -0.1687 0.1857 0.9663
-0.1234 1.9094 -5.4332 -0.9806 0.0995 -0.1687 0.1857 0.9663
-0.1244 1.8880 -5.4345 -1.0000 0.0053 0.0021 0.1829 0.9635
-0.1234 1.9094 -5.4332 -0.9806 0.0995 -0.1687 0.1857 0.9663
-0.1243 1.9049 -5.4251 -1.0000 0.0053 0.0021 0.1829 0.9635
-1.8943 0.0834 -5.4478 -0.4002 0.5605 -0.7250 0.2081 0.9678
-1.8914 0.0906 -5.4426 -0.3397 0.7113 -0.6153 0.2113 0.9656
-1.9084 0.0906 -5.4333 -0.3397 0.7113 -0.6153 0.2113 0.9656
-1.8943 0.0834 -5.4478 -0.4002 0.5605 -0.7250 0.2081 0.9678
-1.9084 0.0906 -5.4333 -0.3397 0.7113 -0.6153 0.2113 0.9656
-1.9112 0.0834 -5.4385 -0.4002 0.5605 -0.7250 0.2081 0.9678
-1.2349 1.3231 -5.2955 0.5797 -0.0446 0.8136 0.2144 0.9378
-1.2402 1.3158 -5.2932 0.4680 -0.1985 0.8611 0.2116 0.9351
-1.2524 1.3276 -5.2839 0.4680 -0.1985 0.8611 0.2116 0.9351
-1.2349 1.3231 -5.2955 0.5797 -0.0446 0.8136 0.2144 0.9378
-1.2524 1.3276 -5.2839 0.4680 -0.1985 0.8611 0.2116 0.9351
-1.2471 1.3348 -5.2861 0.5797 -0.0446 0.8136 0.2144 0.9379
-0.1035 1.1042 -4.1185 -0.5556 -0.4244 0.7150 0.1798 0.9445
-0.1107 1.1072 -4.1235 -0.7071 -0.3610 0.6080 0.1790 0.9483
-0.1107 1.1238 -4.1136 -0.7071 -0.3610 0.6080 0.1790 0.9483
-0.1035 1.1042 -4.1185 -0.5556 -0.4244 0.7150 0.1798 0.9445
-0.1107 1.1238 -4.1136 -0.7071 -0.3610 0.6080 0.1790 0.9483
-0.1035 1.1208 -4.1086 -0.5556 -0.4244 0.7150 0.1798 0.9445
-0.1235 1.8924 -5.4426 -0.9806 0.0995 -0.1687 0.1857 0.9663
-0.1208 1.8967 -5.4503 -0.9236 0.1898 -0.3331 0.1891 0.9685
-0.1207 1.9136 -5.4410 -0.9236 0.1898 -0.3331 0.1891 0.9685
-0.1235 1.8924 -5.4426 -0.9806 0.0995 -0.1687 0.1857 0.9663
-0.1207 1.9136 -5.4410 -0.9236 0.1898 -0.3331 0.1891 0.9685
-0.1234 1.9094 -5.4332 -0.9806 0.0995 -0.1687 0.1857 0.9663
-1.8914 0.0906 -5.4426 -0.3397 0.7113 -0.6153 0.2113 0.9656
-1.8879 0.0964 -5.4363 -0.2662 0.8348 -0.4820 0.2141 0.9629
-1.9049 0.0964 -5.4269 -0.2662 0.8348 -0.4820 0.2141 0.9629
-1.8914 0.0906 -5.4426 -0.3397 0.7113 -0.6153 0.2113 0.9656
-1.9049 0.0964 -5.4269 -0.2662 0.8348 -0.4820 0.2141 0.9629
-1.9084 0.0906 -5.4333 -0.3397 0.7113 -0.6153 0.2113 0.9656
-1.2402 1.3158 -5.2932 0.4680 -0.1985 0.8611 0.2116 0.9351
-1.2463 1.3089 -5.2926 0.3383 -0.3448 0.8756 0.2083 0.9329
-1.2585 1.3206 -5.2832 0.3383 -0.3448 0.8756 0.2083 0.9329
-1.2402 1.3158 -5.2932 0.4680 -0.1985 0.8611 0.2116 0.9351
-1.2585 1.3206 -5.2832 0.3383 -0.3448 0.8756 0.2083 0.9329
-1.2524 1.3276 -5.2839 0.4680 -0.1985 0.8611 0.2116 0.9351
-0.1107 1.1072 -4.1235 -0.7071 -0.3610 0.6080 0.1790 0.9483
-0.1166 1.1109 -4.1297 -0.8315 -0.2836 0.4777 0.1790 0.9523
-0.1166 1.1275 -4.1198 -0.8315 -0.2836 0.4777 0.1790 0.9523
-0.1107 1.1072 -4.1235 -0.7071 -0.3610 0.6080 0.1790 0.9483
-0.1166 1.1275 -4.1198 -0.8315 -0.2836 0.4777 0.1790 0.9523
-0.1107 1.1238 -4.1136 -0.7071 -0.3610 0.6080 0.1790 0.9483
-0.1208 1.8967 -5.4503 -0.9236 0.1898 -0.3331 0.1891 0.9685
-0.1165 1.9006 -5.4575 -0.8311 0.2728 -0.4847 0.1928 0.9701
-0.1163 1.9176 -5.4482 -0.8311 0.2728 -0.4847 0.1928 0.9701
-0.1208 1.8967 -5.4503 -0.9236 0.1898 -0.3331 0.1891 0.9685
-0.1163 1.9176 -5.4482 -0.8311 0.2728 -0.4847 0.1928 0.9701
-0.1207 1.9136 -5.4410 -0.9236 0.1898 -0.3331 0.1891 0.9685
-1.8879 0.0964 -5.4363 -0.2662 0.8348 -0.4820 0.2141 0.9629
-1.8840 0.1007 -5.4291 -0.1824 0.9262 -0.3301 0.2162 0.9597
-1.9009 0.1007 -5.4198 -0.1824 0.9262 -0.3301 0.2162 0.9597
-1.8879 0.0964 -5.4363 -0.2662 0.8348 -0.4820 0.2141 0.9629
-1.9009 0.1007 -5.4198 -0.1824 0.9262 -0.3301 0.2162 0.9597
-1.9049 0.0964 -5.4269 -0.2662 0.8348 -0.4820 0.2141 0.9629
-1.2463 1.3089 -5.2926 0.3383 -0.3448 0.8756 0.2083 0.9329
-1.2531 1.3026 -5.2935 0.1956 -0.4778 0.8564 0.2047 0.9314
-1.2653 1.3143 -5.2841 0.1956 -0.4778 0.8564 0.2047 0.9314
-1.2463 1.3089 -5.2926 0.3383 -0.3448 0.8756 0.2083 0.9329
-1.2653 1.3143 -5.2841 0.1956 -0.4778 0.8564 0.2047 0.9314
-1.2585 1.3206 -5.2832 0.3383 -0.3448 0.8756 0.2083 0.9329
-0.1166 1.1109 -4.1297 -0.8315 -0.2836 0.4777 0.1790 0.9523
-0.1209 1.1151 -4.1367 -0.9239 -0.1953 0.3291 0.1798 0.9561
-0.1209 1.1317 -4.1269 -0.9239 -0.1953 0.3291 0.1798 0.9561
-0.1166 1.1109 -4.1297 -0.8315 -0.2836 0.4777 0.1790 0.9523
-0.1209 1.1317 -4.1269 -0.9239 -0.1953 0.3291 0.1798 0.9561
-0.1166 1.1275 -4.1198 -0.8315 -0.2836 0.4777 0.1790 0.9523
-0.1165 1.9006 -5.4575 -0.8311 0.2728 -0.4847 0.1928 0.9701
-0.1106 1.9041 -5.4638 -0.7066 0.3454 -0.6176 0.1967 0.9708
-0.1105 1.9210 -5.4545 -0.7066 0.3454 -0.6176 0.1967 0.9708
-0.1165 1.9006 -5.4575 -0.8311 0.2728 -0.4847 0.1928 0.9701
-0.1105 1.9210 -5.4545 -0.7066 0.3454 -0.6176 0.1967 0.9708
-0.1163 1.9176 -5.4482 -0.8311 0.2728 -0.4847 0.1928 0.9701
-1.8840 0.1007 -5.4291 -0.1824 0.9262 -0.3301 0.2162 0.9597
-1.8797 0.1034 -5.4213 -0.0916 0.9819 -0.1656 0.2177 0.9561
-1.8966 0.1034 -5.4120 -0.0916 0.9819 -0.1656 0.2177 0.9561
-1.8840 0.1007 -5.4291 -0.1824 0.9262 -0.3301 0.2162 0.9597
-1.8966 0.1034 -5.4120 -0.0916 0.9819 -0.1656 0.2177 0.9561
-1.9009 0.1007 -5.4198 -0.1824 0.9262 -0.3301 0.2162 0.9597
-1.2531 1.3026 -5.2935 0.1956 -0.4778 0.8564 0.2047 0.9314
-1.2602 1.2972 -5.2959 0.0454 -0.5925 0.8043 0.2008 0.9306
-1.2724 1.3089 -5.2866 0.0454 -0.5925 0.8043 0.2008 0.9306
-1.2531 1.3026 -5.2935 0.1956 -0.4778 0.8564 0.2047 0.9314
-1.2724 1.3089 -5.2866 0.0454 -0.5925 0.8043 0.2008 0.9306
-1.2653 1.3143 -5.2841 0.1956 -0.4778 0.8564 0.2047 0.9314
-0.1209 1.1151 -4.1367 -0.9239 -0.1953 0.3291 0.1798 0.9561
-0.1236 1.1196 -4.1444 -0.9808 -0.0996 0.1678 0.1813 0.9598
-0.1236 1.1362 -4.1345 -0.9808 -0.0996 0.1678 0.1813 0.9598
-0.1209 1.1151 -4.1367 -0.9239 -0.1953 0.3291 0.1798 0.9561
-0.1236 1.1362 -4.1345 -0.9808 -0.0996 0.1678 0.1813 0.9598
-0.1209 1.1317 -4.1269 -0.9239 -0.1953 0.3291 0.1798 0.9561
-0.1106 1.9041 -5.4638 -0.7066 0.3454 -0.6176 0.1967 0.9708
-0.1034 1.9069 -5.4690 -0.5550 0.4047 -0.7268 0.2007 0.9708
-0.1033 1.9238 -5.4596 -0.5550 0.4047 -0.7268 0.2007 0.9708
-0.1106 1.9041 -5.4638 -0.7066 0.3454 -0.6176 0.1967 0.9708
-0.1033 1.9238 -5.4596 -0.5550 0.4047 -0.7268 0.2007 0.9708
-0.1105 1.9210 -5.4545 -0.7066 0.3454 -0.6176 0.1967 0.9708
-1.8797 0.1034 -5.4213 -0.0916 0.9819 -0.1656 0.2177 0.9561
-1.8752 0.1042 -5.4132 0.0027 1.0000 0.0053 0.2185 0.9523
-1.8921 0.1042 -5.4039 0.0027 1.0000 0.0053 0.2185 0.9523
-1.8797 0.1034 -5.4213 -0.0916 0.9819 -0.1656 0.2177 0.9561
-1.8921 0.1042 -5.4039 0.0027 1.0000 0.0053 0.2185 0.9523
-1.8966 0.1034 -5.4120 -0.0916 0.9819 -0.1656 0.2177 0.9561
-1.2602 1.2972 -5.2959 0.0454 -0.5925 0.8043 0.2008 0.9306
-1.2674 1.2928 -5.2999 -0.1066 -0.6844 0.7213 0.1969 0.9306
-1.2796 1.3046 -5.2905 -0.1066 -0.6844 0.7213 0.1969 0.9306
-1.2602 1.2972 -5.2959 0.0454 -0.5925 0.8043 0.2008 0.9306
-1.2796 1.3046 -5.2905 -0.1066 -0.6844 0.7213 0.1969 0.9306
-1.2724 1.3089 -5.2866 0.0454 -0.5925 0.8043 0.2008 0.9306
-0.1236 1.1196 -4.1444 -0.9808 -0.0996 0.1678 0.1813 0.9598
-0.1245 1.1243 -4.1523 -1.0000 0.0000 -0.0000 0.1835 0.9631
-0.1245 1.1409 -4.1424 -1.0000 0.0000 -0.0000 0.1835 0.9631
-0.1236 1.1196 -4.1444 -0.9808 -0.0996 0.1678 0.1813 0.9598
-0.1245 1.1409 -4.1424 -1.0000 0.0000 -0.0000 0.1835 0.9631
-0.1236 1.1362 -4.1345 -0.9808 -0.0996 0.1678 0.1813 0.9598
-0.1034 1.9069 -5.4690 -0.5550 0.4047 -0.7268 0.2007 0.9708
-0.0952 1.9089 -5.4728 -0.3820 0.4484 -0.8081 0.2046 0.9701
-0.0951 1.9259 -5.4635 -0.3820 0.4484 -0.8081 0.2046 0.9701
-0.1034 1.9069 -5.4690 -0.5550 0.4047 -0.7268 0.2007 0.9708
-0.0951 1.9259 -5.4635 -0.3820 0.4484 -0.8081 0.2046 0.9701
-0.1033 1.9238 -5.4596 -0.5550 0.4047 -0.7268 0.2007 0.9708
-1.8752 0.1042 -5.4132 0.0027 1.0000 0.0053 0.2185 0.9523
-1.8708 0.1033 -5.4051 0.0969 0.9796 0.1760 0.2185 0.9484
-1.8877 0.1033 -5.3958 0.0969 0.9796 0.1760 0.2185 0.9484
-1.8752 0.1042 -5.4132 0.0027 1.0000 0.0053 0.2185 0.9523
-1.8877 0.1033 -5.3958 0.0969 0.9796 0.1760 0.2185 0.9484
-1.8921 0.1042 -5.4039 0.0027 1.0000 0.0053 0.2185 0.9523
-1.2674 1.2928 -5.2999 -0.1066 -0.6844 0.7213 0.1969 0.9306
-1.2744 1.2897 -5.3051 -0.2544 -0.7500 0.6105 0.1930 0.9314
-1.2866 1.3015 -5.2958 -0.2544 -0.7500 0.6105 0.1930 0.9314
-1.2674 1.2928 -5.2999 -0.1066 -0.6844 0.7213 0.1969 0.9306
-1.2866 1.3015 -5.2958 -0.2544 -0.7500 0.6105 0.1930 0.9314
-1.2796 1.3046 -5.2905 -0.1066 -0.6844 0.7213 0.1969 0.9306
-0.1245 1.1243 -4.1523 -1.0000 0.0000 -0.0000 0.1835 0.9631
-0.1245 1.1243 -4.1523 -1.0000 0.0000 -0.0000 0.1835 0.9631
-0.1245 1.1409 -4.1424 -1.0000 0.0000 -0.0000 0.1835 0.9631
-0.0952 1.9089 -5.4728 -0.3820 0.4484 -0.8081 0.2046 0.9701
-0.0952 1.9089 -5.4728 -0.3820 0.4484 -0.8081 0.2046 0.9701
-0.0951 1.9259 -5.4635 -0.3820 0.4484 -0.8081 0.2046 0.9701
-1.8708 0.1033 -5.4051 0.0969 0.9796 0.1760 0.2185 0.9484
-1.8708 0.1033 -5.4051 0.0969 0.9796 0.1760 0.2185 0.9484
-1.8877 0.1033 -5.3958 0.0969 0.9796 0.1760 0.2185 0.9484
-1.3794 1.1805 -5.3051 -0.2539 -0.7505 0.6101 0.1925 0.9305
-1.3794 1.1805 -5.3051 -0.2539 -0.7505 0.6101 0.1925 0.9305
-1.3916 1.1922 -5.2958 -0.2539 -0.7505 0.6101 0.1925 0.9305
0.1109 1.8629 -5.3892 -0.0057 0.8755 0.4832 0.1730 0.9428
0.1001 1.8601 -5.3842 -0.0057 0.8755 0.4832 0.1750 0.9379
0.1001 1.8601 -5.3842 -0.0057 0.8755 0.4832 0.1750 0.9379
0.1203 1.8667 -5.3960 -0.0057 0.8755 0.4832 0.1720 0.9479
0.1109 1.8629 -5.3892 -0.0057 0.8755 0.4832 0.1730 0.9428
0.1109 1.8629 -5.3892 -0.0057 0.8755 0.4832 0.1730 0.9428
0.1280 1.8713 -5.4042 -0.0057 0.8755 0.4832 0.1720 0.9532
0.1203 1.8667 -5.3960 -0.0057 0.8755 0.4832 0.1720 0.9479
0.1203 1.8667 -5.3960 -0.0057 0.8755 0.4832 0.1720 0.9479
0.1338 1.8765 -5.4136 -0.0057 0.8755 0.4831 0.1730 0.9583
0.1280 1.8713 -5.4042 -0.0057 0.8755 0.4832 0.1720 0.9532
0.1280 1.8713 -5.4042 -0.0057 0.8755 0.4832 0.1720 0.9532
0.1373 1.8822 -5.4238 -0.0057 0.8755 0.4831 0.1750 0.9632
0.1338 1.8765 -5.4136 -0.0057 0.8755 0.4831 0.1730 0.9583
0.1338 1.8765 -5.4136 -0.0057 0.8755 0.4831 0.1730 0.9583
0.1385 1.8880 -5.4344 -0.0057 0.8755 0.4831 0.1780 0.9675
0.1373 1.8822 -5.4238 -0.0057 0.8755 0.4831 0.1750 0.9632
0.1373 1.8822 -5.4238 -0.0057 0.8755 0.4831 0.1750 0.9632
0.1373 1.8939 -5.4451 -0.0057 0.8755 0.4831 0.1817 0.9713
0.1385 1.8880 -5.4344 -0.0057 0.8755 0.4831 0.1780 0.9675
0.1385 1.8880 -5.4344 -0.0057 0.8755 0.4831 0.1780 0.9675
0.1338 1.8995 -5.4553 -0.0057 0.8755 0.4832 0.1860 0.9742
0.1373 1.8939 -5.4451 -0.0057 0.8755 0.4831 0.1817 0.9713
0.1373 1.8939 -5.4451 -0.0057 0.8755 0.4831 0.1817 0.9713
0.1280 1.9047 -5.4647 -0.0057 0.8755 0.4832 0.1909 0.9762
0.1338 1.8995 -5.4553 -0.0057 0.8755 0.4832 0.1860 0.9742
0.1338 1.8995 -5.4553 -0.0057 0.8755 0.4832 0.1860 0.9742
0.1203 1.9092 -5.4730 -0.0057 0.8755 0.4832 0.1960 0.9772
0.1280 1.9047 -5.4647 -0.0057 0.8755 0.4832 0.1909 0.9762
0.1280 1.9047 -5.4647 -0.0057 0.8755 0.4832 0.1909 0.9762
0.1108 1.9129 -5.4798 -0.0057 0.8755 0.4831 0.2013 0.9772
0.1203 1.9092 -5.4730 -0.0057 0.8755 0.4832 0.1960 0.9772
0.1203 1.9092 -5.4730 -0.0057 0.8755 0.4832 0.1960 0.9772
0.1001 1.9156 -5.4848 -0.0057 0.8755 0.4832 0.2064 0.9762
0.1108 1.9129 -5.4798 -0.0057 0.8755 0.4831 0.2013 0.9772
0.1108 1.9129 -5.4798 -0.0057 0.8755 0.4831 0.2013 0.9772
0.0855 1.9102 -5.4752 -0.0057 0.8755 0.4832 0.2083 0.9685
0.0884 1.9173 -5.4880 -0.0057 0.8755 0.4832 0.2113 0.9742
0.1001 1.9156 -5.4848 -0.0057 0.8755 0.4832 0.2064 0.9762
0.0855 1.9102 -5.4752 -0.0057 0.8755 0.4832 0.2083 0.9685
0.1001 1.9156 -5.4848 -0.0057 0.8755 0.4832 0.2064 0.9762
0.0763 1.9106 -5.4760 -0.0057 0.8755 0.4832 0.2116 0.9663
0.0763 1.9178 -5.4890 -0.0057 0.8755 0.4832 0.2157 0.9713
0.0884 1.9173 -5.4880 -0.0057 0.8755 0.4832 0.2113 0.9742
0.0763 1.9106 -5.4760 -0.0057 0.8755 0.4832 0.2116 0.9663
0.0884 1.9173 -5.4880 -0.0057 0.8755 0.4832 0.2113 0.9742
0.0855 1.9102 -5.4752 -0.0057 0.8755 0.4832 0.2083 0.9685
0.0670 1.9101 -5.4752 -0.0057 0.8755 0.4831 0.2144 0.9635
0.0641 1.9171 -5.4880 -0.0057 0.8755 0.4831 0.2194 0.9675
0.0763 1.9178 -5.4890 -0.0057 0.8755 0.4832 0.2157 0.9713
0.0670 1.9101 -5.4752 -0.0057 0.8755 0.4831 0.2144 0.9635
0.0763 1.9178 -5.4890 -0.0057 0.8755 0.4832 0.2157 0.9713
0.0763 1.9106 -5.4760 -0.0057 0.8755 0.4832 0.2116 0.9663
0.0525 1.9154 -5.4849 -0.0057 0.8755 0.4832 0.2223 0.9632
0.0641 1.9171 -5.4880 -0.0057 0.8755 0.4831 0.2194 0.9675
0.0641 1.9171 -5.4880 -0.0057 0.8755 0.4831 0.2194 0.9675
0.0670 1.9101 -5.4752 -0.0057 0.8755 0.4831 0.2144 0.9635
0.0417 1.9125 -5.4799 -0.0057 0.8755 0.4832 0.2243 0.9583
0.0525 1.9154 -5.4849 -0.0057 0.8755 0.4832 0.2223 0.9632
0.0525 1.9154 -5.4849 -0.0057 0.8755 0.4832 0.2223 0.9632
0.0323 1.9087 -5.4732 -0.0057 0.8755 0.4831 0.2253 0.9532
0.0417 1.9125 -5.4799 -0.0057 0.8755 0.4832 0.2243 0.9583
0.0417 1.9125 -5.4799 -0.0057 0.8755 0.4832 0.2243 0.9583
0.0246 1.9041 -5.4649 -0.0057 0.8755 0.4832 0.2253 0.9479
0.0323 1.9087 -5.4732 -0.0057 0.8755 0.4831 0.2253 0.9532
0.0323 1.9087 -5.4732 -0.0057 0.8755 0.4831 0.2253 0.9532
0.0188 1.8989 -5.4555 -0.0057 0.8755 0.4831 0.2243 0.9428
0.0246 1.9041 -5.4649 -0.0057 0.8755 0.4832 0.2253 0.9479
0.0246 1.9041 -5.4649 -0.0057 0.8755 0.4832 0.2253 0.9479
0.0153 1.8933 -5.4453 -0.0057 0.8755 0.4831 0.2223 0.9379
0.0188 1.8989 -5.4555 -0.0057 0.8755 0.4831 0.2243 0.9428
0.0188 1.8989 -5.4555 -0.0057 0.8755 0.4831 0.2243 0.9428
0.0141 1.8874 -5.4347 -0.0057 0.8755 0.4832 0.2194 0.9335
0.0153 1.8933 -5.4453 -0.0057 0.8755 0.4831 0.2223 0.9379
0.0153 1.8933 -5.4453 -0.0057 0.8755 0.4831 0.2223 0.9379
0.0153 1.8815 -5.4241 -0.0057 0.8755 0.4832 0.2157 0.9298
0.0141 1.8874 -5.4347 -0.0057 0.8755 0.4832 0.2194 0.9335
0.0141 1.8874 -5.4347 -0.0057 0.8755 0.4832 0.2194 0.9335
0.0188 1.8759 -5.4138 -0.0057 0.8755 0.4832 0.2113 0.9269
0.0153 1.8815 -5.4241 -0.0057 0.8755 0.4832 0.2157 0.9298
0.0153 1.8815 -5.4241 -0.0057 0.8755 0.4832 0.2157 0.9298
0.0246 1.8707 -5.4044 -0.0057 0.8755 0.4832 0.2064 0.9249
0.0188 1.8759 -5.4138 -0.0057 0.8755 0.4832 0.2113 0.9269
0.0188 1.8759 -5.4138 -0.0057 0.8755 0.4832 0.2113 0.9269
0.0323 1.8662 -5.3961 -0.0057 0.8755 0.4832 0.2013 0.9239
0.0246 1.8707 -5.4044 -0.0057 0.8755 0.4832 0.2064 0.9249
0.0246 1.8707 -5.4044 -0.0057 0.8755 0.4832 0.2064 0.9249
0.0418 1.8625 -5.3894 -0.0057 0.8755 0.4832 0.1960 0.9239
0.0323 1.8662 -5.3961 -0.0057 0.8755 0.4832 0.2013 0.9239
0.0323 1.8662 -5.3961 -0.0057 0.8755 0.4832 0.2013 0.9239
0.0525 1.8598 -5.3843 -0.0057 0.8755 0.4832 0.1909 0.9249
0.0418 1.8625 -5.3894 -0.0057 0.8755 0.4832 0.1960 0.9239
0.0418 1.8625 -5.3894 -0.0057 0.8755 0.4832 0.1960 0.9239
0.0642 1.8582 -5.3812 -0.0057 0.8755 0.4832 0.1860 0.9269
0.0525 1.8598 -5.3843 -0.0057 0.8755 0.4832 0.1909 0.9249
0.0525 1.8598 -5.3843 -0.0057 0.8755 0.4832 0.1909 0.9249
0.0763 1.8577 -5.3801 -0.0057 0.8755 0.4831 0.1817 0.9298
0.0642 1.8582 -5.3812 -0.0057 0.8755 0.4832 0.1860 0.9269
0.0642 1.8582 -5.3812 -0.0057 0.8755 0.4832 0.1860 0.9269
0.0885 1.8583 -5.3811 -0.0057 0.8755 0.4831 0.1780 0.9335
0.0763 1.8577 -5.3801 -0.0057 0.8755 0.4831 0.1817 0.9298
0.0763 1.8577 -5.3801 -0.0057 0.8755 0.4831 0.1817 0.9298
0.1001 1.8601 -5.3842 -0.0057 0.8755 0.4832 0.1750 0.9379
0.0885 1.8583 -5.3811 -0.0057 0.8755 0.4831 0.1780 0.9335
0.0885 1.8583 -5.3811 -0.0057 0.8755 0.4831 0.1780 0.9335
1.2859 1.2763 -5.3044 0.6310 0.6071 0.4829 0.1864 0.9273
1.2773 1.2786 -5.2960 0.6310 0.6072 0.4829 0.1912 0.9253
1.2773 1.2786 -5.2960 0.6310 0.6072 0.4829 0.1912 0.9253
1.2936 1.2759 -5.3139 0.6310 0.6071 0.4829 0.1821 0.9302
1.2859 1.2763 -5.3044 0.6310 0.6071 0.4829 0.1864 0.9273
1.2859 1.2763 -5.3044 0.6310 0.6071 0.4829 0.1864 0.9273
1.3000 1.2774 -5.3241 0.6310 0.6071 0.4829 0.1785 0.9338
1.2936 1.2759 -5.3139 0.6310 0.6071 0.4829 0.1821 0.9302
1.2936 1.2759 -5.3139 0.6310 0.6071 0.4829 0.1821 0.9302
1.3049 1.2807 -5.3348 0.6310 0.6072 0.4829 0.1756 0.9382
1.3000 1.2774 -5.3241 0.6310 0.6071 0.4829 0.1785 0.9338
1.3000 1.2774 -5.3241 0.6310 0.6071 0.4829 0.1785 0.9338
1.3082 1.2857 -5.3454 0.6310 0.6072 0.4829 0.1736 0.9429
1.3049 1.2807 -5.3348 0.6310 0.6072 0.4829 0.1756 0.9382
1.3049 1.2807 -5.3348 0.6310 0.6072 0.4829 0.1756 0.9382
1.3097 1.2923 -5.3555 0.6310 0.6072 0.4829 0.1726 0.9480
1.3082 1.2857 -5.3454 0.6310 0.6072 0.4829 0.1736 0.9429
1.3082 1.2857 -5.3454 0.6310 0.6072 0.4829 0.1736 0.9429
1.3093 1.3001 -5.3649 0.6310 0.6072 0.4829 0.1726 0.9532
1.3097 1.2923 -5.3555 0.6310 0.6072 0.4829 0.1726 0.9480
1.3097 1.2923 -5.3555 0.6310 0.6072 0.4829 0.1726 0.9480
1.3071 1.3089 -5.3730 0.6310 0.6072 0.4829 0.1736 0.9583
1.3093 1.3001 -5.3649 0.6310 0.6072 0.4829 0.1726 0.9532
1.3093 1.3001 -5.3649 0.6310 0.6072 0.4829 0.1726 0.9532
1.3031 1.3183 -5.3797 0.6310 0.6072 0.4829 0.1756 0.9630
1.3071 1.3089 -5.3730 0.6310 0.6072 0.4829 0.1736 0.9583
1.3071 1.3089 -5.3730 0.6310 0.6072 0.4829 0.1736 0.9583
1.2976 1.3280 -5.3846 0.6310 0.6072 0.4829 0.1785 0.9673
1.3031 1.3183 -5.3797 0.6310 0.6072 0.4829 0.1756 0.9630
1.3031 1.3183 -5.3797 0.6310 0.6072 0.4829 0.1756 0.9630
1.2906 1.3376 -5.3876 0.6310 0.6072 0.4829 0.1821 0.9710
1.2976 1.3280 -5.3846 0.6310 0.6072 0.4829 0.1785 0.9673
1.2976 1.3280 -5.3846 0.6310 0.6072 0.4829 0.1785 0.9673
1.2826 1.3467 -5.3885 0.6310 0.6072 0.4829 0.1864 0.9739
1.2906 1.3376 -5.3876 0.6310 0.6072 0.4829 0.1821 0.9710
1.2906 1.3376 -5.3876 0.6310 0.6072 0.4829 0.1821 0.9710
1.2737 1.3549 -5.3873 0.6310 0.6072 0.4829 0.1912 0.9759
1.2826 1.3467 -5.3885 0.6310 0.6072 0.4829 0.1864 0.9739
1.2826 1.3467 -5.3885 0.6310 0.6072 0.4829 0.1864 0.9739
1.2643 1.3621 -5.3840 0.6310 0.6072 0.4829 0.1963 0.9769
1.2737 1.3549 -5.3873 0.6310 0.6072 0.4829 0.1912 0.9759
1.2737 1.3549 -5.3873 0.6310 0.6072 0.4829 0.1912 0.9759
1.2549 1.3678 -5.3789 0.6310 0.6072 0.4829 0.2015 0.9769
1.2643 1.3621 -5.3840 0.6310 0.6072 0.4829 0.1963 0.9769
1.2643 1.3621 -5.3840 0.6310 0.6072 0.4829 0.1963 0.9769
1.2457 1.3719 -5.3720 0.6310 0.6072 0.4829 0.2065 0.9759
1.2549 1.3678 -5.3789 0.6310 0.6072 0.4829 0.2015 0.9769
1.2549 1.3678 -5.3789 0.6310 0.6072 0.4829 0.2015 0.9769
1.2371 1.3742 -5.3636 0.6310 0.6072 0.4829 0.2113 0.9739
1.2457 1.3719 -5.3720 0.6310 0.6072 0.4829 0.2065 0.9759
1.2457 1.3719 -5.3720 0.6310 0.6072 0.4829 0.2065 0.9759
1.2295 1.3746 -5.3541 0.6310 0.6072 0.4829 0.2156 0.9710
1.2371 1.3742 -5.3636 0.6310 0.6072 0.4829 0.2113 0.9739
1.2371 1.3742 -5.3636 0.6310 0.6072 0.4829 0.2113 0.9739
1.2230 1.3731 -5.3439 0.6310 0.6072 0.4829 0.2193 0.9673
1.2295 1.3746 -5.3541 0.6310 0.6072 0.4829 0.2156 0.9710
1.2295 1.3746 -5.3541 0.6310 0.6072 0.4829 0.2156 0.9710
1.2181 1.3697 -5.3332 0.6310 0.6072 0.4829 0.2221 0.9630
1.2230 1.3731 -5.3439 0.6310 0.6072 0.4829 0.2193 0.9673
1.2230 1.3731 -5.3439 0.6310 0.6072 0.4829 0.2193 0.9673
1.2148 1.3647 -5.3226 0.6310 0.6072 0.4829 0.2241 0.9583
1.2181 1.3697 -5.3332 0.6310 0.6072 0.4829 0.2221 0.9630
1.2181 1.3697 -5.3332 0.6310 0.6072 0.4829 0.2221 0.9630
1.2133 1.3581 -5.3125 0.6310 0.6072 0.4829 0.2251 0.9532
1.2148 1.3647 -5.3226 0.6310 0.6072 0.4829 0.2241 0.9583
1.2148 1.3647 -5.3226 0.6310 0.6072 0.4829 0.2241 0.9583
1.2137 1.3503 -5.3031 0.6310 0.6072 0.4829 0.2251 0.9480
1.2133 1.3581 -5.3125 0.6310 0.6072 0.4829 0.2251 0.9532
1.2133 1.3581 -5.3125 0.6310 0.6072 0.4829 0.2251 0.9532
1.2159 1.3415 -5.2949 0.6310 0.6072 0.4829 0.2241 0.9429
1.2137 1.3503 -5.3031 0.6310 0.6072 0.4829 0.2251 0.9480
1.2137 1.3503 -5.3031 0.6310 0.6072 0.4829 0.2251 0.9480
1.2199 1.3321 -5.2883 0.6310 0.6072 0.4829 0.2221 0.9381
1.2159 1.3415 -5.2949 0.6310 0.6072 0.4829 0.2241 0.9429
1.2159 1.3415 -5.2949 0.6310 0.6072 0.4829 0.2241 0.9429
1.2255 1.3224 -5.2834 0.6310 0.6072 0.4829 0.2193 0.9338
1.2199 1.3321 -5.2883 0.6310 0.6072 0.4829 0.2221 0.9381
1.2199 1.3321 -5.2883 0.6310 0.6072 0.4829 0.2221 0.9381
1.2324 1.3129 -5.2804 0.6310 0.6071 0.4829 0.2156 0.9302
1.2255 1.3224 -5.2834 0.6310 0.6072 0.4829 0.2193 0.9338
1.2255 1.3224 -5.2834 0.6310 0.6072 0.4829 0.2193 0.9338
1.2405 1.3038 -5.2795 0.6310 0.6072 0.4829 0.2113 0.9273
1.2324 1.3129 -5.2804 0.6310 0.6071 0.4829 0.2156 0.9302
1.2324 1.3129 -5.2804 0.6310 0.6071 0.4829 0.2156 0.9302
1.2494 1.2955 -5.2807 0.6310 0.6072 0.4829 0.2065 0.9253
1.2405 1.3038 -5.2795 0.6310 0.6072 0.4829 0.2113 0.9273
1.2405 1.3038 -5.2795 0.6310 0.6072 0.4829 0.2113 0.9273
1.2587 1.2884 -5.2840 0.6310 0.6071 0.4829 0.2015 0.9243
1.2494 1.2955 -5.2807 0.6310 0.6072 0.4829 0.2065 0.9253
1.2494 1.2955 -5.2807 0.6310 0.6072 0.4829 0.2065 0.9253
1.2682 1.2826 -5.2891 0.6310 0.6072 0.4829 0.1963 0.9243
1.2587 1.2884 -5.2840 0.6310 0.6071 0.4829 0.2015 0.9243
1.2587 1.2884 -5.2840 0.6310 0.6071 0.4829 0.2015 0.9243
1.2773 1.2786 -5.2960 0.6310 0.6072 0.4829 0.1912 0.9253
1.2682 1.2826 -5.2891 0.6310 0.6072 0.4829 0.1963 0.9243
1.2682 1.2826 -5.2891 0.6310 0.6072 0.4829 0.1963 0.9243
1.3851 1.1788 -5.3115 0.6309 0.6066 0.4837 0.1888 0.9320
1.3910 1.1671 -5.3044 0.6309 0.6066 0.4837 0.1857 0.9263
1.3824 1.1694 -5.2960 0.6309 0.6067 0.4837 0.1906 0.9243
1.3851 1.1788 -5.3115 0.6309 0.6066 0.4837 0.1888 0.9320
1.3824 1.1694 -5.2960 0.6309 0.6067 0.4837 0.1906 0.9243
1.3910 1.1785 -5.3187 0.6309 0.6066 0.4837 0.1854 0.9343
1.3986 1.1667 -5.3139 0.6309 0.6066 0.4837 0.1813 0.9293
1.3910 1.1671 -5.3044 0.6309 0.6066 0.4837 0.1857 0.9263
1.3910 1.1785 -5.3187 0.6309 0.6066 0.4837 0.1854 0.9343
1.3910 1.1671 -5.3044 0.6309 0.6066 0.4837 0.1857 0.9263
1.3851 1.1788 -5.3115 0.6309 0.6066 0.4837 0.1888 0.9320
1.4050 1.1682 -5.3241 0.6309 0.6066 0.4837 0.1775 0.9330
1.3986 1.1667 -5.3139 0.6309 0.6066 0.4837 0.1813 0.9293
1.3986 1.1667 -5.3139 0.6309 0.6066 0.4837 0.1813 0.9293
1.3910 1.1785 -5.3187 0.6309 0.6066 0.4837 0.1854 0.9343
1.4100 1.1715 -5.3348 0.6309 0.6066 0.4837 0.1745 0.9375
1.4050 1.1682 -5.3241 0.6309 0.6066 0.4837 0.1775 0.9330
1.4050 1.1682 -5.3241 0.6309 0.6066 0.4837 0.1775 0.9330
1.4133 1.1765 -5.3454 0.6309 0.6066 0.4837 0.1725 0.9424
1.4100 1.1715 -5.3348 0.6309 0.6066 0.4837 0.1745 0.9375
1.4100 1.1715 -5.3348 0.6309 0.6066 0.4837 0.1745 0.9375
1.4148 1.1831 -5.3555 0.6309 0.6066 0.4837 0.1714 0.9476
1.4133 1.1765 -5.3454 0.6309 0.6066 0.4837 0.1725 0.9424
1.4133 1.1765 -5.3454 0.6309 0.6066 0.4837 0.1725 0.9424
1.4144 1.1909 -5.3649 0.6309 0.6066 0.4837 0.1714 0.9530
1.4148 1.1831 -5.3555 0.6309 0.6066 0.4837 0.1714 0.9476
1.4148 1.1831 -5.3555 0.6309 0.6066 0.4837 0.1714 0.9476
1.4122 1.1997 -5.3730 0.6309 0.6066 0.4837 0.1725 0.9582
1.4144 1.1909 -5.3649 0.6309 0.6066 0.4837 0.1714 0.9530
1.4144 1.1909 -5.3649 0.6309 0.6066 0.4837 0.1714 0.9530
1.4082 1.2092 -5.3797 0.6309 0.6066 0.4837 0.1745 0.9631
1.4122 1.1997 -5.3730 0.6309 0.6066 0.4837 0.1725 0.9582
1.4122 1.1997 -5.3730 0.6309 0.6066 0.4837 0.1725 0.9582
1.4027 1.2188 -5.3846 0.6309 0.6066 0.4837 0.1775 0.9676
1.4082 1.2092 -5.3797 0.6309 0.6066 0.4837 0.1745 0.9631
1.4082 1.2092 -5.3797 0.6309 0.6066 0.4837 0.1745 0.9631
1.3957 1.2284 -5.3875 0.6309 0.6066 0.4837 0.1813 0.9713
1.4027 1.2188 -5.3846 0.6309 0.6066 0.4837 0.1775 0.9676
1.4027 1.2188 -5.3846 0.6309 0.6066 0.4837 0.1775 0.9676
1.3877 1.2375 -5.3884 0.6309 0.6066 0.4837 0.1857 0.9743
1.3957 1.2284 -5.3875 0.6309 0.6066 0.4837 0.1813 0.9713
1.3957 1.2284 -5.3875 0.6309 0.6066 0.4837 0.1813 0.9713
1.3788 1.2458 -5.3872 0.6309 0.6066 0.4837 0.1906 0.9764
1.3877 1.2375 -5.3884 0.6309 0.6066 0.4837 0.1857 0.9743
1.3877 1.2375 -5.3884 0.6309 0.6066 0.4837 0.1857 0.9743
1.3694 1.2529 -5.3840 0.6309 0.6067 0.4837 0.1959 0.9774
1.3788 1.2458 -5.3872 0.6309 0.6066 0.4837 0.1906 0.9764
1.3788 1.2458 -5.3872 0.6309 0.6066 0.4837 0.1906 0.9764
1.3600 1.2586 -5.3788 0.6309 0.6066 0.4837 0.2012 0.9774
1.3694 1.2529 -5.3840 0.6309 0.6067 0.4837 0.1959 0.9774
1.3694 1.2529 -5.3840 0.6309 0.6067 0.4837 0.1959 0.9774
1.3508 1.2627 -5.3720 0.6309 0.6067 0.4837 0.2064 0.9764
1.3600 1.2586 -5.3788 0.6309 0.6066 0.4837 0.2012 0.9774
1.3600 1.2586 -5.3788 0.6309 0.6066 0.4837 0.2012 0.9774
1.3422 1.2650 -5.3636 0.6309 0.6067 0.4837 0.2114 0.9743
1.3508 1.2627 -5.3720 0.6309 0.6067 0.4837 0.2064 0.9764
1.3508 1.2627 -5.3720 0.6309 0.6067 0.4837 0.2064 0.9764
1.3345 1.2654 -5.3541 0.6309 0.6066 0.4837 0.2158 0.9713
1.3422 1.2650 -5.3636 0.6309 0.6067 0.4837 0.2114 0.9743
1.3422 1.2650 -5.3636 0.6309 0.6067 0.4837 0.2114 0.9743
1.3281 1.2639 -5.3439 0.6309 0.6066 0.4837 0.2196 0.9676
1.3345 1.2654 -5.3541 0.6309 0.6066 0.4837 0.2158 0.9713
1.3345 1.2654 -5.3541 0.6309 0.6066 0.4837 0.2158 0.9713
1.3232 1.2606 -5.3332 0.6309 0.6066 0.4837 0.2225 0.9631
1.3281 1.2639 -5.3439 0.6309 0.6066 0.4837 0.2196 0.9676
1.3281 1.2639 -5.3439 0.6309 0.6066 0.4837 0.2196 0.9676
1.3199 1.2555 -5.3226 0.6309 0.6066 0.4837 0.2246 0.9582
1.3232 1.2606 -5.3332 0.6309 0.6066 0.4837 0.2225 0.9631
1.3232 1.2606 -5.3332 0.6309 0.6066 0.4837 0.2225 0.9631
1.3184 1.2490 -5.3125 0.6309 0.6066 0.4837 0.2256 0.9530
1.3199 1.2555 -5.3226 0.6309 0.6066 0.4837 0.2246 0.9582
1.3199 1.2555 -5.3226 0.6309 0.6066 0.4837 0.2246 0.9582
1.3188 1.2411 -5.3031 0.6309 0.6066 0.4837 0.2256 0.9476
1.3184 1.2490 -5.3125 0.6309 0.6066 0.4837 0.2256 0.9530
1.3184 1.2490 -5.3125 0.6309 0.6066 0.4837 0.2256 0.9530
1.3210 1.2323 -5.2950 0.6309 0.6066 0.4837 0.2246 0.9424
1.3188 1.2411 -5.3031 0.6309 0.6066 0.4837 0.2256 0.9476
1.3188 1.2411 -5.3031 0.6309 0.6066 0.4837 0.2256 0.9476
1.3249 1.2229 -5.2883 0.6309 0.6066 0.4837 0.2225 0.9375
1.3210 1.2323 -5.2950 0.6309 0.6066 0.4837 0.2246 0.9424
1.3210 1.2323 -5.2950 0.6309 0.6066 0.4837 0.2246 0.9424
1.3305 1.2132 -5.2834 0.6309 0.6066 0.4837 0.2196 0.9330
1.3249 1.2229 -5.2883 0.6309 0.6066 0.4837 0.2225 0.9375
1.3249 1.2229 -5.2883 0.6309 0.6066 0.4837 0.2225 0.9375
1.3374 1.2037 -5.2805 0.6309 0.6066 0.4837 0.2158 0.9293
1.3305 1.2132 -5.2834 0.6309 0.6066 0.4837 0.2196 0.9330
1.3305 1.2132 -5.2834 0.6309 0.6066 0.4837 0.2196 0.9330
1.3455 1.1946 -5.2796 0.6309 0.6066 0.4837 0.2114 0.9263
1.3374 1.2037 -5.2805 0.6309 0.6066 0.4837 0.2158 0.9293
1.3374 1.2037 -5.2805 0.6309 0.6066 0.4837 0.2158 0.9293
1.3544 1.1863 -5.2808 0.6309 0.6066 0.4837 0.2064 0.9243
1.3455 1.1946 -5.2796 0.6309 0.6066 0.4837 0.2114 0.9263
1.3455 1.1946 -5.2796 0.6309 0.6066 0.4837 0.2114 0.9263
1.3637 1.1791 -5.2840 0.6309 0.6066 0.4837 0.2012 0.9232
1.3544 1.1863 -5.2808 0.6309 0.6066 0.4837 0.2064 0.9243
1.3544 1.1863 -5.2808 0.6309 0.6066 0.4837 0.2064 0.9243
1.3732 1.1734 -5.2892 0.6309 0.6066 0.4837 0.1959 0.9232
1.3637 1.1791 -5.2840 0.6309 0.6066 0.4837 0.2012 0.9232
1.3637 1.1791 -5.2840 0.6309 0.6066 0.4837 0.2012 0.9232
1.3824 1.1694 -5.2960 0.6309 0.6067 0.4837 0.1906 0.9243
1.3732 1.1734 -5.2892 0.6309 0.6066 0.4837 0.1959 0.9232
1.3732 1.1734 -5.2892 0.6309 0.6066 0.4837 0.1959 0.9232
1.8688 -0.0042 -5.4032 0.8755 -0.0002 0.4832 0.1739 0.9428
1.8632 -0.0007 -5.3929 0.8755 -0.0002 0.4832 0.1758 0.9381
1.8632 -0.0007 -5.3929 0.8755 -0.0002 0.4832 0.1758 0.9381
1.8747 -0.0053 -5.4138 0.8755 -0.0002 0.4832 0.1729 0.9478
1.8688 -0.0042 -5.4032 0.8755 -0.0002 0.4832 0.1739 0.9428
1.8688 -0.0042 -5.4032 0.8755 -0.0002 0.4832 0.1739 0.9428
1.8806 -0.0040 -5.4244 0.8755 -0.0002 0.4832 0.1729 0.9529
1.8747 -0.0053 -5.4138 0.8755 -0.0002 0.4832 0.1729 0.9478
1.8747 -0.0053 -5.4138 0.8755 -0.0002 0.4832 0.1729 0.9478
1.8862 -0.0004 -5.4346 0.8755 -0.0002 0.4832 0.1739 0.9579
1.8806 -0.0040 -5.4244 0.8755 -0.0002 0.4832 0.1729 0.9529
1.8806 -0.0040 -5.4244 0.8755 -0.0002 0.4832 0.1729 0.9529
1.8914 0.0054 -5.4440 0.8755 -0.0002 0.4832 0.1758 0.9626
1.8862 -0.0004 -5.4346 0.8755 -0.0002 0.4832 0.1739 0.9579
1.8862 -0.0004 -5.4346 0.8755 -0.0002 0.4832 0.1739 0.9579
1.8959 0.0132 -5.4522 0.8755 -0.0002 0.4832 0.1787 0.9668
1.8914 0.0054 -5.4440 0.8755 -0.0002 0.4832 0.1758 0.9626
1.8914 0.0054 -5.4440 0.8755 -0.0002 0.4832 0.1758 0.9626
1.8996 0.0226 -5.4589 0.8755 -0.0002 0.4832 0.1823 0.9704
1.8959 0.0132 -5.4522 0.8755 -0.0002 0.4832 0.1787 0.9668
1.8959 0.0132 -5.4522 0.8755 -0.0002 0.4832 0.1787 0.9668
1.9024 0.0334 -5.4639 0.8755 -0.0002 0.4832 0.1865 0.9733
1.8996 0.0226 -5.4589 0.8755 -0.0002 0.4832 0.1823 0.9704
1.8996 0.0226 -5.4589 0.8755 -0.0002 0.4832 0.1823 0.9704
1.9040 0.0451 -5.4670 0.8755 -0.0002 0.4832 0.1912 0.9752
1.9024 0.0334 -5.4639 0.8755 -0.0002 0.4832 0.1865 0.9733
1.9024 0.0334 -5.4639 0.8755 -0.0002 0.4832 0.1865 0.9733
1.9046 0.0573 -5.4679 0.8755 -0.0002 0.4832 0.1962 0.9762
1.9040 0.0451 -5.4670 0.8755 -0.0002 0.4832 0.1912 0.9752
1.9040 0.0451 -5.4670 0.8755 -0.0002 0.4832 0.1912 0.9752
1.9040 0.0694 -5.4668 0.8755 -0.0002 0.4832 0.2013 0.9762
1.9046 0.0573 -5.4679 0.8755 -0.0002 0.4832 0.1962 0.9762
1.9046 0.0573 -5.4679 0.8755 -0.0002 0.4832 0.1962 0.9762
1.9022 0.0810 -5.4637 0.8755 -0.0002 0.4832 0.2063 0.9752
1.9040 0.0694 -5.4668 0.8755 -0.0002 0.4832 0.2013 0.9762
1.9040 0.0694 -5.4668 0.8755 -0.0002 0.4832 0.2013 0.9762
1.8994 0.0918 -5.4586 0.8755 -0.0002 0.4832 0.2110 0.9733
1.9022 0.0810 -5.4637 0.8755 -0.0002 0.4832 0.2063 0.9752
1.9022 0.0810 -5.4637 0.8755 -0.0002 0.4832 0.2063 0.9752
1.8957 0.1011 -5.4518 0.8755 -0.0002 0.4832 0.2153 0.9704
1.8994 0.0918 -5.4586 0.8755 -0.0002 0.4832 0.2110 0.9733
1.8994 0.0918 -5.4586 0.8755 -0.0002 0.4832 0.2110 0.9733
1.8911 0.1088 -5.4435 0.8755 -0.0002 0.4832 0.2189 0.9668
1.8957 0.1011 -5.4518 0.8755 -0.0002 0.4832 0.2153 0.9704
1.8957 0.1011 -5.4518 0.8755 -0.0002 0.4832 0.2153 0.9704
1.8859 0.1145 -5.4340 0.8755 -0.0002 0.4832 0.2217 0.9626
1.8911 0.1088 -5.4435 0.8755 -0.0002 0.4832 0.2189 0.9668
1.8911 0.1088 -5.4435 0.8755 -0.0002 0.4832 0.2189 0.9668
1.8802 0.1180 -5.4238 0.8755 -0.0002 0.4832 0.2237 0.9579
1.8859 0.1145 -5.4340 0.8755 -0.0002 0.4832 0.2217 0.9626
1.8859 0.1145 -5.4340 0.8755 -0.0002 0.4832 0.2217 0.9626
1.8744 0.1191 -5.4131 0.8755 -0.0002 0.4832 0.2246 0.9529
1.8802 0.1180 -5.4238 0.8755 -0.0002 0.4832 0.2237 0.9579
1.8802 0.1180 -5.4238 0.8755 -0.0002 0.4832 0.2237 0.9579
1.8685 0.1178 -5.4025 0.8755 -0.0002 0.4832 0.2246 0.9478
1.8744 0.1191 -5.4131 0.8755 -0.0002 0.4832 0.2246 0.9529
1.8744 0.1191 -5.4131 0.8755 -0.0002 0.4832 0.2246 0.9529
1.8657 0.1005 -5.3974 0.8755 -0.0002 0.4832 0.2177 0.9446
1.8629 0.1142 -5.3923 0.8755 -0.0002 0.4832 0.2237 0.9428
1.8685 0.1178 -5.4025 0.8755 -0.0002 0.4832 0.2246 0.9478
1.8657 0.1005 -5.3974 0.8755 -0.0002 0.4832 0.2177 0.9446
1.8685 0.1178 -5.4025 0.8755 -0.0002 0.4832 0.2246 0.9478
1.8617 0.0961 -5.3902 0.8755 -0.0002 0.4832 0.2162 0.9410
1.8577 0.1084 -5.3829 0.8755 -0.0002 0.4832 0.2217 0.9381
1.8629 0.1142 -5.3923 0.8755 -0.0002 0.4832 0.2237 0.9428
1.8617 0.0961 -5.3902 0.8755 -0.0002 0.4832 0.2162 0.9410
1.8629 0.1142 -5.3923 0.8755 -0.0002 0.4832 0.2237 0.9428
1.8657 0.1005 -5.3974 0.8755 -0.0002 0.4832 0.2177 0.9446
1.8532 0.1006 -5.3747 0.8755 -0.0002 0.4832 0.2189 0.9338
1.8577 0.1084 -5.3829 0.8755 -0.0002 0.4832 0.2217 0.9381
1.8577 0.1084 -5.3829 0.8755 -0.0002 0.4832 0.2217 0.9381
1.8617 0.0961 -5.3902 0.8755 -0.0002 0.4832 0.2162 0.9410
1.8494 0.0911 -5.3680 0.8755 -0.0002 0.4832 0.2153 0.9302
1.8532 0.1006 -5.3747 0.8755 -0.0002 0.4832 0.2189 0.9338
1.8532 0.1006 -5.3747 0.8755 -0.0002 0.4832 0.2189 0.9338
1.8467 0.0804 -5.3630 0.8755 -0.0002 0.4832 0.2110 0.9274
1.8494 0.0911 -5.3680 0.8755 -0.0002 0.4832 0.2153 0.9302
1.8494 0.0911 -5.3680 0.8755 -0.0002 0.4832 0.2153 0.9302
1.8450 0.0687 -5.3600 0.8755 -0.0002 0.4832 0.2063 0.9254
1.8467 0.0804 -5.3630 0.8755 -0.0002 0.4832 0.2110 0.9274
1.8467 0.0804 -5.3630 0.8755 -0.0002 0.4832 0.2110 0.9274
1.8445 0.0565 -5.3590 0.8755 -0.0002 0.4832 0.2013 0.9244
1.8450 0.0687 -5.3600 0.8755 -0.0002 0.4832 0.2063 0.9254
1.8450 0.0687 -5.3600 0.8755 -0.0002 0.4832 0.2063 0.9254
1.8451 0.0444 -5.3601 0.8755 -0.0002 0.4832 0.1962 0.9244
1.8445 0.0565 -5.3590 0.8755 -0.0002 0.4832 0.2013 0.9244
1.8445 0.0565 -5.3590 0.8755 -0.0002 0.4832 0.2013 0.9244
1.8468 0.0327 -5.3633 0.8755 -0.0002 0.4832 0.1912 0.9254
1.8451 0.0444 -5.3601 0.8755 -0.0002 0.4832 0.1962 0.9244
1.8451 0.0444 -5.3601 0.8755 -0.0002 0.4832 0.1962 0.9244
1.8496 0.0220 -5.3684 0.8755 -0.0002 0.4832 0.1865 0.9274
1.8468 0.0327 -5.3633 0.8755 -0.0002 0.4832 0.1912 0.9254
1.8468 0.0327 -5.3633 0.8755 -0.0002 0.4832 0.1912 0.9254
1.8534 0.0126 -5.3752 0.8755 -0.0002 0.4832 0.1823 0.9302
1.8496 0.0220 -5.3684 0.8755 -0.0002 0.4832 0.1865 0.9274
1.8496 0.0220 -5.3684 0.8755 -0.0002 0.4832 0.1865 0.9274
1.8580 0.0050 -5.3835 0.8755 -0.0002 0.4832 0.1787 0.9338
1.8534 0.0126 -5.3752 0.8755 -0.0002 0.4832 0.1823 0.9302
1.8534 0.0126 -5.3752 0.8755 -0.0002 0.4832 0.1823 0.9302
1.8632 -0.0007 -5.3929 0.8755 -0.0002 0.4832 0.1758 0.9381
1.8580 0.0050 -5.3835 0.8755 -0.0002 0.4832 0.1787 0.9338
1.8580 0.0050 -5.3835 0.8755 -0.0002 0.4832 0.1787 0.9338
1.8688 -0.1557 -5.4032 0.8755 -0.0002 0.4832 0.1726 0.9431
1.8632 -0.1522 -5.3929 0.8755 -0.0002 0.4832 0.1746 0.9382
1.8632 -0.1522 -5.3929 0.8755 -0.0002 0.4832 0.1746 0.9382
1.8747 -0.1568 -5.4138 0.8755 -0.0002 0.4832 0.1715 0.9484
1.8688 -0.1557 -5.4032 0.8755 -0.0002 0.4832 0.1726 0.9431
1.8688 -0.1557 -5.4032 0.8755 -0.0002 0.4832 0.1726 0.9431
1.8806 -0.1555 -5.4244 0.8755 -0.0002 0.4832 0.1715 0.9537
1.8747 -0.1568 -5.4138 0.8755 -0.0002 0.4832 0.1715 0.9484
1.8747 -0.1568 -5.4138 0.8755 -0.0002 0.4832 0.1715 0.9484
1.8862 -0.1519 -5.4346 0.8755 -0.0002 0.4832 0.1726 0.9589
1.8806 -0.1555 -5.4244 0.8755 -0.0002 0.4832 0.1715 0.9537
1.8806 -0.1555 -5.4244 0.8755 -0.0002 0.4832 0.1715 0.9537
1.8914 -0.1461 -5.4440 0.8755 -0.0002 0.4832 0.1746 0.9638
1.8862 -0.1519 -5.4346 0.8755 -0.0002 0.4832 0.1726 0.9589
1.8862 -0.1519 -5.4346 0.8755 -0.0002 0.4832 0.1726 0.9589
1.8959 -0.1383 -5.4522 0.8755 -0.0002 0.4832 0.1775 0.9682
1.8914 -0.1461 -5.4440 0.8755 -0.0002 0.4832 0.1746 0.9638
1.8914 -0.1461 -5.4440 0.8755 -0.0002 0.4832 0.1746 0.9638
1.8996 -0.1289 -5.4589 0.8755 -0.0002 0.4832 0.1813 0.9720
1.8959 -0.1383 -5.4522 0.8755 -0.0002 0.4832 0.1775 0.9682
1.8959 -0.1383 -5.4522 0.8755 -0.0002 0.4832 0.1775 0.9682
1.9024 -0.1181 -5.4639 0.8755 -0.0002 0.4832 0.1857 0.9749
1.8996 -0.1289 -5.4589 0.8755 -0.0002 0.4832 0.1813 0.9720
1.8996 -0.1289 -5.4589 0.8755 -0.0002 0.4832 0.1813 0.9720
1.9040 -0.1064 -5.4670 0.8755 -0.0002 0.4832 0.1906 0.9770
1.9024 -0.1181 -5.4639 0.8755 -0.0002 0.4832 0.1857 0.9749
1.9024 -0.1181 -5.4639 0.8755 -0.0002 0.4832 0.1857 0.9749
1.9046 -0.0942 -5.4679 0.8755 -0.0002 0.4832 0.1958 0.9780
1.9040 -0.1064 -5.4670 0.8755 -0.0002 0.4832 0.1906 0.9770
1.9040 -0.1064 -5.4670 0.8755 -0.0002 0.4832 0.1906 0.9770
1.9040 -0.0821 -5.4668 0.8755 -0.0002 0.4832 0.2012 0.9780
1.9046 -0.0942 -5.4679 0.8755 -0.0002 0.4832 0.1958 0.9780
1.9046 -0.0942 -5.4679 0.8755 -0.0002 0.4832 0.1958 0.9780
1.9022 -0.0705 -5.4637 0.8755 -0.0002 0.4832 0.2064 0.9770
1.9040 -0.0821 -5.4668 0.8755 -0.0002 0.4832 0.2012 0.9780
1.9040 -0.0821 -5.4668 0.8755 -0.0002 0.4832 0.2012 0.9780
1.8994 -0.0597 -5.4586 0.8755 -0.0002 0.4832 0.2113 0.9749
1.9022 -0.0705 -5.4637 0.8755 -0.0002 0.4832 0.2064 0.9770
1.9022 -0.0705 -5.4637 0.8755 -0.0002 0.4832 0.2064 0.9770
1.8957 -0.0504 -5.4518 0.8755 -0.0002 0.4832 0.2157 0.9720
1.8994 -0.0597 -5.4586 0.8755 -0.0002 0.4832 0.2113 0.9749
1.8994 -0.0597 -5.4586 0.8755 -0.0002 0.4832 0.2113 0.9749
1.8911 -0.0427 -5.4435 0.8755 -0.0002 0.4832 0.2195 0.9682
1.8957 -0.0504 -5.4518 0.8755 -0.0002 0.4832 0.2157 0.9720
1.8957 -0.0504 -5.4518 0.8755 -0.0002 0.4832 0.2157 0.9720
1.8859 -0.0370 -5.4340 0.8755 -0.0002 0.4832 0.2224 0.9638
1.8911 -0.0427 -5.4435 0.8755 -0.0002 0.4832 0.2195 0.9682
1.8911 -0.0427 -5.4435 0.8755 -0.0002 0.4832 0.2195 0.9682
1.8802 -0.0335 -5.4238 0.8755 -0.0002 0.4832 0.2244 0.9589
1.8859 -0.0370 -5.4340 0.8755 -0.0002 0.4832 0.2224 0.9638
1.8859 -0.0370 -5.4340 0.8755 -0.0002 0.4832 0.2224 0.9638
1.8744 -0.0324 -5.4131 0.8755 -0.0002 0.4832 0.2255 0.9537
1.8802 -0.0335 -5.4238 0.8755 -0.0002 0.4832 0.2244 0.9589
1.8802 -0.0335 -5.4238 0.8755 -0.0002 0.4832 0.2244 0.9589
1.8685 -0.0337 -5.4025 0.8755 -0.0002 0.4832 0.2255 0.9484
1.8744 -0.0324 -5.4131 0.8755 -0.0002 0.4832 0.2255 0.9537
1.8744 -0.0324 -5.4131 0.8755 -0.0002 0.4832 0.2255 0.9537
1.8629 -0.0373 -5.3923 0.8755 -0.0002 0.4832 0.2244 0.9431
1.8685 -0.0337 -5.4025 0.8755 -0.0002 0.4832 0.2255 0.9484
1.8685 -0.0337 -5.4025 0.8755 -0.0002 0.4832 0.2255 0.9484
1.8577 -0.0431 -5.3829 0.8755 -0.0002 0.4832 0.2224 0.9382
1.8629 -0.0373 -5.3923 0.8755 -0.0002 0.4832 0.2244 0.9431
1.8629 -0.0373 -5.3923 0.8755 -0.0002 0.4832 0.2244 0.9431
1.8532 -0.0509 -5.3747 0.8755 -0.0002 0.4832 0.2195 0.9338
1.8577 -0.0431 -5.3829 0.8755 -0.0002 0.4832 0.2224 0.9382
1.8577 -0.0431 -5.3829 0.8755 -0.0002 0.4832 0.2224 0.9382
1.8494 -0.0604 -5.3680 0.8755 -0.0002 0.4832 0.2157 0.9301
1.8532 -0.0509 -5.3747 0.8755 -0.0002 0.4832 0.2195 0.9338
1.8532 -0.0509 -5.3747 0.8755 -0.0002 0.4832 0.2195 0.9338
1.8467 -0.0711 -5.3630 0.8755 -0.0002 0.4832 0.2113 0.9271
1.8494 -0.0604 -5.3680 0.8755 -0.0002 0.4832 0.2157 0.9301
1.8494 -0.0604 -5.3680 0.8755 -0.0002 0.4832 0.2157 0.9301
1.8450 -0.0828 -5.3600 0.8755 -0.0002 0.4832 0.2064 0.9251
1.8467 -0.0711 -5.3630 0.8755 -0.0002 0.4832 0.2113 0.9271
1.8467 -0.0711 -5.3630 0.8755 -0.0002 0.4832 0.2113 0.9271
1.8445 -0.0950 -5.3590 0.8755 -0.0002 0.4832 0.2012 0.9240
1.8450 -0.0828 -5.3600 0.8755 -0.0002 0.4832 0.2064 0.9251
1.8450 -0.0828 -5.3600 0.8755 -0.0002 0.4832 0.2064 0.9251
1.8451 -0.1071 -5.3601 0.8755 -0.0002 0.4832 0.1958 0.9240
1.8445 -0.0950 -5.3590 0.8755 -0.0002 0.4832 0.2012 0.9240
1.8445 -0.0950 -5.3590 0.8755 -0.0002 0.4832 0.2012 0.9240
1.8468 -0.1188 -5.3633 0.8755 -0.0002 0.4832 0.1906 0.9251
1.8451 -0.1071 -5.3601 0.8755 -0.0002 0.4832 0.1958 0.9240
1.8451 -0.1071 -5.3601 0.8755 -0.0002 0.4832 0.1958 0.9240
1.8496 -0.1295 -5.3684 0.8755 -0.0002 0.4832 0.1857 0.9271
1.8468 -0.1188 -5.3633 0.8755 -0.0002 0.4832 0.1906 0.9251
1.8468 -0.1188 -5.3633 0.8755 -0.0002 0.4832 0.1906 0.9251
1.8534 -0.1389 -5.3752 0.8755 -0.0002 0.4832 0.1813 0.9301
1.8496 -0.1295 -5.3684 0.8755 -0.0002 0.4832 0.1857 0.9271
1.8496 -0.1295 -5.3684 0.8755 -0.0002 0.4832 0.1857 0.9271
1.8580 -0.1465 -5.3835 0.8755 -0.0002 0.4832 0.1775 0.9338
1.8534 -0.1389 -5.3752 0.8755 -0.0002 0.4832 0.1813 0.9301
1.8534 -0.1389 -5.3752 0.8755 -0.0002 0.4832 0.1813 0.9301
1.8632 -0.1522 -5.3929 0.8755 -0.0002 0.4832 0.1746 0.9382
1.8580 -0.1465 -5.3835 0.8755 -0.0002 0.4832 0.1775 0.9338
1.8580 -0.1465 -5.3835 0.8755 -0.0002 0.4832 0.1775 0.9338
0.1110 1.0979 -4.1078 -0.0000 0.8599 0.5105 0.1738 0.9427
0.1002 1.0950 -4.1029 -0.0000 0.8599 0.5105 0.1757 0.9379
0.1002 1.0950 -4.1029 -0.0000 0.8599 0.5105 0.1757 0.9379
0.1204 1.1019 -4.1145 0.0000 0.8599 0.5104 0.1728 0.9477
0.1110 1.0979 -4.1078 -0.0000 0.8599 0.5105 0.1738 0.9427
0.1110 1.0979 -4.1078 -0.0000 0.8599 0.5105 0.1738 0.9427
0.1281 1.1067 -4.1226 -0.0000 0.8599 0.5105 0.1728 0.9529
0.1204 1.1019 -4.1145 0.0000 0.8599 0.5104 0.1728 0.9477
0.1204 1.1019 -4.1145 0.0000 0.8599 0.5104 0.1728 0.9477
0.1339 1.1122 -4.1318 -0.0000 0.8599 0.5105 0.1738 0.9580
0.1281 1.1067 -4.1226 -0.0000 0.8599 0.5105 0.1728 0.9529
0.1281 1.1067 -4.1226 -0.0000 0.8599 0.5105 0.1728 0.9529
0.1374 1.1181 -4.1419 -0.0000 0.8599 0.5105 0.1757 0.9628
0.1339 1.1122 -4.1318 -0.0000 0.8599 0.5105 0.1738 0.9580
0.1339 1.1122 -4.1318 -0.0000 0.8599 0.5105 0.1738 0.9580
0.1386 1.1243 -4.1523 0.0000 0.8599 0.5105 0.1786 0.9671
0.1374 1.1181 -4.1419 -0.0000 0.8599 0.5105 0.1757 0.9628
0.1374 1.1181 -4.1419 -0.0000 0.8599 0.5105 0.1757 0.9628
0.1228 1.1290 -4.1602 0.0000 0.8599 0.5105 0.1863 0.9658
0.1374 1.1305 -4.1627 0.0000 0.8599 0.5105 0.1823 0.9707
0.1386 1.1243 -4.1523 0.0000 0.8599 0.5105 0.1786 0.9671
0.1228 1.1290 -4.1602 0.0000 0.8599 0.5105 0.1863 0.9658
0.1386 1.1243 -4.1523 0.0000 0.8599 0.5105 0.1786 0.9671
0.1201 1.1336 -4.1679 0.0000 0.8599 0.5105 0.1896 0.9680
0.1339 1.1365 -4.1728 0.0000 0.8599 0.5105 0.1866 0.9736
0.1374 1.1305 -4.1627 0.0000 0.8599 0.5105 0.1823 0.9707
0.1201 1.1336 -4.1679 0.0000 0.8599 0.5105 0.1896 0.9680
0.1374 1.1305 -4.1627 0.0000 0.8599 0.5105 0.1823 0.9707
0.1228 1.1290 -4.1602 0.0000 0.8599 0.5105 0.1863 0.9658
0.1158 1.1377 -4.1749 0.0000 0.8599 0.5105 0.1932 0.9695
0.1281 1.1419 -4.1820 0.0000 0.8599 0.5105 0.1914 0.9756
0.1339 1.1365 -4.1728 0.0000 0.8599 0.5105 0.1866 0.9736
0.1158 1.1377 -4.1749 0.0000 0.8599 0.5105 0.1932 0.9695
0.1339 1.1365 -4.1728 0.0000 0.8599 0.5105 0.1866 0.9736
0.1201 1.1336 -4.1679 0.0000 0.8599 0.5105 0.1896 0.9680
0.1204 1.1468 -4.1901 0.0000 0.8599 0.5105 0.1964 0.9766
0.1281 1.1419 -4.1820 0.0000 0.8599 0.5105 0.1914 0.9756
0.1281 1.1419 -4.1820 0.0000 0.8599 0.5105 0.1914 0.9756
0.1158 1.1377 -4.1749 0.0000 0.8599 0.5105 0.1932 0.9695
0.1110 1.1507 -4.1968 0.0000 0.8599 0.5105 0.2016 0.9766
0.1204 1.1468 -4.1901 0.0000 0.8599 0.5105 0.1964 0.9766
0.1204 1.1468 -4.1901 0.0000 0.8599 0.5105 0.1964 0.9766
0.1002 1.1536 -4.2017 0.0000 0.8599 0.5105 0.2067 0.9756
0.1110 1.1507 -4.1968 0.0000 0.8599 0.5105 0.2016 0.9766
0.1110 1.1507 -4.1968 0.0000 0.8599 0.5105 0.2016 0.9766
0.0885 1.1554 -4.2048 -0.0000 0.8599 0.5105 0.2115 0.9736
0.1002 1.1536 -4.2017 0.0000 0.8599 0.5105 0.2067 0.9756
0.1002 1.1536 -4.2017 0.0000 0.8599 0.5105 0.2067 0.9756
0.0764 1.1561 -4.2058 0.0000 0.8599 0.5105 0.2158 0.9707
0.0885 1.1554 -4.2048 -0.0000 0.8599 0.5105 0.2115 0.9736
0.0885 1.1554 -4.2048 -0.0000 0.8599 0.5105 0.2115 0.9736
0.0643 1.1554 -4.2048 0.0000 0.8599 0.5105 0.2194 0.9671
0.0764 1.1561 -4.2058 0.0000 0.8599 0.5105 0.2158 0.9707
0.0764 1.1561 -4.2058 0.0000 0.8599 0.5105 0.2158 0.9707
0.0526 1.1536 -4.2017 -0.0000 0.8599 0.5105 0.2223 0.9628
0.0643 1.1554 -4.2048 0.0000 0.8599 0.5105 0.2194 0.9671
0.0643 1.1554 -4.2048 0.0000 0.8599 0.5105 0.2194 0.9671
0.0418 1.1507 -4.1968 0.0000 0.8599 0.5105 0.2243 0.9580
0.0526 1.1536 -4.2017 -0.0000 0.8599 0.5105 0.2223 0.9628
0.0526 1.1536 -4.2017 -0.0000 0.8599 0.5105 0.2223 0.9628
0.0324 1.1468 -4.1901 0.0000 0.8599 0.5105 0.2253 0.9529
0.0418 1.1507 -4.1968 0.0000 0.8599 0.5105 0.2243 0.9580
0.0418 1.1507 -4.1968 0.0000 0.8599 0.5105 0.2243 0.9580
0.0247 1.1419 -4.1820 0.0000 0.8599 0.5105 0.2253 0.9477
0.0324 1.1468 -4.1901 0.0000 0.8599 0.5105 0.2253 0.9529
0.0324 1.1468 -4.1901 0.0000 0.8599 0.5105 0.2253 0.9529
0.0189 1.1365 -4.1728 -0.0000 0.8599 0.5105 0.2243 0.9427
0.0247 1.1419 -4.1820 0.0000 0.8599 0.5105 0.2253 0.9477
0.0247 1.1419 -4.1820 0.0000 0.8599 0.5105 0.2253 0.9477
0.0154 1.1305 -4.1627 -0.0000 0.8599 0.5105 0.2223 0.9379
0.0189 1.1365 -4.1728 -0.0000 0.8599 0.5105 0.2243 0.9427
0.0189 1.1365 -4.1728 -0.0000 0.8599 0.5105 0.2243 0.9427
0.0142 1.1243 -4.1523 -0.0000 0.8599 0.5105 0.2194 0.9336
0.0154 1.1305 -4.1627 -0.0000 0.8599 0.5105 0.2223 0.9379
0.0154 1.1305 -4.1627 -0.0000 0.8599 0.5105 0.2223 0.9379
0.0154 1.1181 -4.1419 -0.0000 0.8599 0.5104 0.2158 0.9299
0.0142 1.1243 -4.1523 -0.0000 0.8599 0.5105 0.2194 0.9336
0.0142 1.1243 -4.1523 -0.0000 0.8599 0.5105 0.2194 0.9336
0.0189 1.1122 -4.1318 -0.0000 0.8599 0.5105 0.2115 0.9270
0.0154 1.1181 -4.1419 -0.0000 0.8599 0.5104 0.2158 0.9299
0.0154 1.1181 -4.1419 -0.0000 0.8599 0.5104 0.2158 0.9299
0.0247 1.1067 -4.1226 -0.0000 0.8599 0.5105 0.2067 0.9251
0.0189 1.1122 -4.1318 -0.0000 0.8599 0.5105 0.2115 0.9270
0.0189 1.1122 -4.1318 -0.0000 0.8599 0.5105 0.2115 0.9270
0.0324 1.1019 -4.1145 -0.0000 0.8599 0.5105 0.2016 0.9240
0.0247 1.1067 -4.1226 -0.0000 0.8599 0.5105 0.2067 0.9251
0.0247 1.1067 -4.1226 -0.0000 0.8599 0.5105 0.2067 0.9251
0.0418 1.0979 -4.1078 -0.0000 0.8599 0.5105 0.1964 0.9240
0.0324 1.1019 -4.1145 -0.0000 0.8599 0.5105 0.2016 0.9240
0.0324 1.1019 -4.1145 -0.0000 0.8599 0.5105 0.2016 0.9240
0.0526 1.0950 -4.1029 -0.0000 0.8599 0.5105 0.1914 0.9251
0.0418 1.0979 -4.1078 -0.0000 0.8599 0.5105 0.1964 0.9240
0.0418 1.0979 -4.1078 -0.0000 0.8599 0.5105 0.1964 0.9240
0.0643 1.0932 -4.0998 0.0000 0.8599 0.5104 0.1866 0.9270
0.0526 1.0950 -4.1029 -0.0000 0.8599 0.5105 0.1914 0.9251
0.0526 1.0950 -4.1029 -0.0000 0.8599 0.5105 0.1914 0.9251
0.0764 1.0925 -4.0988 -0.0000 0.8599 0.5105 0.1823 0.9299
0.0643 1.0932 -4.0998 0.0000 0.8599 0.5104 0.1866 0.9270
0.0643 1.0932 -4.0998 0.0000 0.8599 0.5104 0.1866 0.9270
0.0885 1.0932 -4.0998 -0.0000 0.8599 0.5105 0.1786 0.9336
0.0764 1.0925 -4.0988 -0.0000 0.8599 0.5105 0.1823 0.9299
0.0764 1.0925 -4.0988 -0.0000 0.8599 0.5105 0.1823 0.9299
0.1002 1.0950 -4.1029 -0.0000 0.8599 0.5105 0.1757 0.9379
0.0885 1.0932 -4.0998 -0.0000 0.8599 0.5105 0.1786 0.9336
0.0885 1.0932 -4.0998 -0.0000 0.8599 0.5105 0.1786 0.9336
0.0669 1.9270 -5.4659 -0.0057 0.8755 0.4832 0.0840 0.9036
0.0762 1.9275 -5.4667 -0.0057 0.8755 0.4832 0.0812 0.9065
0.0762 1.9275 -5.4667 -0.0057 0.8755 0.4832 0.0812 0.9065
0.0854 1.9271 -5.4659 -0.0057 0.8755 0.4832 0.0779 0.9087
0.0762 1.9275 -5.4667 -0.0057 0.8755 0.4832 0.0812 0.9065
0.0762 1.9275 -5.4667 -0.0057 0.8755 0.4832 0.0812 0.9065
0.0762 1.9275 -5.4667 -0.0057 0.8755 0.4832 0.0812 0.9065
1.4032 1.1902 -5.3093 0.6309 0.6066 0.4837 0.0550 0.8745
1.3973 1.1905 -5.3021 0.6309 0.6066 0.4837 0.0583 0.8722
1.4032 1.1902 -5.3093 0.6309 0.6066 0.4837 0.0550 0.8745
1.4032 1.1902 -5.3093 0.6309 0.6066 0.4837 0.0550 0.8745
1.4032 1.1902 -5.3093 0.6309 0.6066 0.4837 0.0550 0.8745
1.4032 1.1902 -5.3093 0.6309 0.6066 0.4837 0.0550 0.8745
1.4032 1.1902 -5.3093 0.6309 0.6066 0.4837 0.0550 0.8745
1.4032 1.1902 -5.3093 0.6309 0.6066 0.4837 0.0550 0.8745
1.4032 1.1902 -5.3093 0.6309 0.6066 0.4837 0.0550 0.8745
1.8786 0.0961 -5.3809 0.8755 -0.0002 0.4832 0.0858 0.8812
1.8826 0.1005 -5.3880 0.8755 -0.0002 0.4832 0.0873 0.8848
1.8826 0.1005 -5.3880 0.8755 -0.0002 0.4832 0.0873 0.8848
1.8826 0.1005 -5.3880 0.8755 -0.0002 0.4832 0.0873 0.8848
0.1158 1.1544 -4.1650 -0.0000 0.8599 0.5105 0.0628 0.9097
0.1201 1.1502 -4.1580 -0.0000 0.8599 0.5105 0.0591 0.9082
0.1201 1.1502 -4.1580 -0.0000 0.8599 0.5105 0.0591 0.9082
0.1228 1.1456 -4.1504 -0.0000 0.8599 0.5105 0.0559 0.9060
0.1201 1.1502 -4.1580 -0.0000 0.8599 0.5105 0.0591 0.9082
1.8752 0.0902 -5.3746 -0.3436 0.7028 0.6229 0.2141 0.9378
1.8752 0.0902 -5.3746 -0.3436 0.7028 0.6229 0.2141 0.9378
1.8583 0.0902 -5.3840 -0.3436 0.7028 0.6229 0.2141 0.9378
1.4081 1.1913 -5.3171 0.6184 -0.7697 0.1587 0.1825 0.9372
1.4081 1.1913 -5.3171 0.6184 -0.7697 0.1587 0.1825 0.9372
1.3959 1.1796 -5.3265 0.6184 -0.7697 0.1587 0.1825 0.9372
0.1099 1.1580 -4.1712 0.7071 0.3610 -0.6080 0.1971 0.9703
0.1099 1.1580 -4.1712 0.7071 0.3610 -0.6080 0.1971 0.9703
0.1099 1.1414 -4.1811 0.7071 0.3610 -0.6080 0.1971 0.9703
0.0580 1.9257 -5.4635 -0.3833 0.4443 -0.8097 0.2167 0.9602
0.0580 1.9257 -5.4635 -0.3833 0.4443 -0.8097 0.2167 0.9602
0.0582 1.9087 -5.4729 -0.3833 0.4443 -0.8097 0.2167 0.9602
1.8583 0.0902 -5.3840 -0.3436 0.7028 0.6229 0.2141 0.9378
1.8752 0.0902 -5.3746 -0.3436 0.7028 0.6229 0.2141 0.9378
1.8724 0.0830 -5.3695 -0.4032 0.5506 0.7309 0.2113 0.9350
1.8583 0.0902 -5.3840 -0.3436 0.7028 0.6229 0.2141 0.9378
1.8724 0.0830 -5.3695 -0.4032 0.5506 0.7309 0.2113 0.9350
1.8554 0.0830 -5.3789 -0.4032 0.5506 0.7309 0.2113 0.9350
1.3959 1.1796 -5.3265 0.6184 -0.7697 0.1587 0.1825 0.9372
1.4081 1.1913 -5.3171 0.6184 -0.7697 0.1587 0.1825 0.9372
1.4118 1.1939 -5.3252 0.6980 -0.7160 -0.0123 0.1803 0.9405
1.3959 1.1796 -5.3265 0.6184 -0.7697 0.1587 0.1825 0.9372
1.4118 1.1939 -5.3252 0.6980 -0.7160 -0.0123 0.1803 0.9405
1.3996 1.1821 -5.3346 0.6980 -0.7160 -0.0123 0.1803 0.9405
0.1099 1.1414 -4.1811 0.7071 0.3610 -0.6080 0.1971 0.9703
0.1099 1.1580 -4.1712 0.7071 0.3610 -0.6080 0.1971 0.9703
0.1027 1.1610 -4.1763 0.5556 0.4244 -0.7150 0.2010 0.9703
0.1099 1.1414 -4.1811 0.7071 0.3610 -0.6080 0.1971 0.9703
0.1027 1.1610 -4.1763 0.5556 0.4244 -0.7150 0.2010 0.9703
0.1027 1.1444 -4.1861 0.5556 0.4244 -0.7150 0.2010 0.9703
0.0582 1.9087 -5.4729 -0.3833 0.4443 -0.8097 0.2167 0.9602
0.0580 1.9257 -5.4635 -0.3833 0.4443 -0.8097 0.2167 0.9602
0.0499 1.9235 -5.4597 -0.5561 0.3988 -0.7291 0.2182 0.9565
0.0582 1.9087 -5.4729 -0.3833 0.4443 -0.8097 0.2167 0.9602
0.0499 1.9235 -5.4597 -0.5561 0.3988 -0.7291 0.2182 0.9565
0.0500 1.9066 -5.4691 -0.5561 0.3988 -0.7291 0.2182 0.9565
1.8554 0.0830 -5.3789 -0.4032 0.5506 0.7309 0.2113 0.9350
1.8724 0.0830 -5.3695 -0.4032 0.5506 0.7309 0.2113 0.9350
1.8703 0.0747 -5.3657 -0.4474 0.3771 0.8109 0.2081 0.9329
1.8554 0.0830 -5.3789 -0.4032 0.5506 0.7309 0.2113 0.9350
1.8703 0.0747 -5.3657 -0.4474 0.3771 0.8109 0.2081 0.9329
1.8533 0.0747 -5.3751 -0.4474 0.3771 0.8109 0.2081 0.9329
1.3996 1.1821 -5.3346 0.6980 -0.7160 -0.0123 0.1803 0.9405
1.4118 1.1939 -5.3252 0.6980 -0.7160 -0.0123 0.1803 0.9405
1.4143 1.1977 -5.3333 0.7507 -0.6349 -0.1828 0.1787 0.9443
1.3996 1.1821 -5.3346 0.6980 -0.7160 -0.0123 0.1803 0.9405
1.4143 1.1977 -5.3333 0.7507 -0.6349 -0.1828 0.1787 0.9443
1.4021 1.1860 -5.3426 0.7507 -0.6349 -0.1828 0.1787 0.9443
0.1027 1.1444 -4.1861 0.5556 0.4244 -0.7150 0.2010 0.9703
0.1027 1.1610 -4.1763 0.5556 0.4244 -0.7150 0.2010 0.9703
0.0945 1.1633 -4.1800 0.3827 0.4716 -0.7944 0.2049 0.9695
0.1027 1.1444 -4.1861 0.5556 0.4244 -0.7150 0.2010 0.9703
0.0945 1.1633 -4.1800 0.3827 0.4716 -0.7944 0.2049 0.9695
0.0945 1.1466 -4.1899 0.3827 0.4716 -0.7944 0.2049 0.9695
0.0500 1.9066 -5.4691 -0.5561 0.3988 -0.7291 0.2182 0.9565
0.0499 1.9235 -5.4597 -0.5561 0.3988 -0.7291 0.2182 0.9565
0.0427 1.9206 -5.4546 -0.7076 0.3379 -0.6206 0.2190 0.9525
0.0500 1.9066 -5.4691 -0.5561 0.3988 -0.7291 0.2182 0.9565
0.0427 1.9206 -5.4546 -0.7076 0.3379 -0.6206 0.2190 0.9525
0.0428 1.9037 -5.4639 -0.7076 0.3379 -0.6206 0.2190 0.9525
1.8533 0.0747 -5.3751 -0.4474 0.3771 0.8109 0.2081 0.9329
1.8703 0.0747 -5.3657 -0.4474 0.3771 0.8109 0.2081 0.9329
1.8690 0.0658 -5.3634 -0.4744 0.1892 0.8597 0.2045 0.9314
1.8533 0.0747 -5.3751 -0.4474 0.3771 0.8109 0.2081 0.9329
1.8690 0.0658 -5.3634 -0.4744 0.1892 0.8597 0.2045 0.9314
1.8521 0.0659 -5.3728 -0.4744 0.1892 0.8597 0.2045 0.9314
1.4021 1.1860 -5.3426 0.7507 -0.6349 -0.1828 0.1787 0.9443
1.4143 1.1977 -5.3333 0.7507 -0.6349 -0.1828 0.1787 0.9443
1.4154 1.2027 -5.3410 0.7745 -0.5294 -0.3462 0.1779 0.9483
1.4021 1.1860 -5.3426 0.7507 -0.6349 -0.1828 0.1787 0.9443
1.4154 1.2027 -5.3410 0.7745 -0.5294 -0.3462 0.1779 0.9483
1.4032 1.1910 -5.3504 0.7745 -0.5294 -0.3462 0.1779 0.9483
0.0945 1.1466 -4.1899 0.3827 0.4716 -0.7944 0.2049 0.9695
0.0945 1.1633 -4.1800 0.3827 0.4716 -0.7944 0.2049 0.9695
0.0856 1.1646 -4.1824 0.1951 0.5007 -0.8434 0.2085 0.9680
0.0945 1.1466 -4.1899 0.3827 0.4716 -0.7944 0.2049 0.9695
0.0856 1.1646 -4.1824 0.1951 0.5007 -0.8434 0.2085 0.9680
0.0856 1.1480 -4.1922 0.1951 0.5007 -0.8434 0.2085 0.9680
0.0428 1.9037 -5.4639 -0.7076 0.3379 -0.6206 0.2190 0.9525
0.0427 1.9206 -5.4546 -0.7076 0.3379 -0.6206 0.2190 0.9525
0.0368 1.9171 -5.4483 -0.8319 0.2640 -0.4882 0.2190 0.9485
0.0428 1.9037 -5.4639 -0.7076 0.3379 -0.6206 0.2190 0.9525
0.0368 1.9171 -5.4483 -0.8319 0.2640 -0.4882 0.2190 0.9485
0.0369 1.9002 -5.4577 -0.8319 0.2640 -0.4882 0.2190 0.9485
1.8521 0.0659 -5.3728 -0.4744 0.1892 0.8597 0.2045 0.9314
1.8690 0.0658 -5.3634 -0.4744 0.1892 0.8597 0.2045 0.9314
1.8686 0.0566 -5.3627 -0.4832 -0.0059 0.8755 0.2007 0.9306
1.8521 0.0659 -5.3728 -0.4744 0.1892 0.8597 0.2045 0.9314
1.8686 0.0566 -5.3627 -0.4832 -0.0059 0.8755 0.2007 0.9306
1.8517 0.0566 -5.3720 -0.4832 -0.0059 0.8755 0.2007 0.9306
1.4032 1.1910 -5.3504 0.7745 -0.5294 -0.3462 0.1779 0.9483
1.4154 1.2027 -5.3410 0.7745 -0.5294 -0.3462 0.1779 0.9483
1.4152 1.2087 -5.3481 0.7686 -0.4035 -0.4964 0.1779 0.9523
1.4032 1.1910 -5.3504 0.7745 -0.5294 -0.3462 0.1779 0.9483
1.4152 1.2087 -5.3481 0.7686 -0.4035 -0.4964 0.1779 0.9523
1.4030 1.1969 -5.3575 0.7686 -0.4035 -0.4964 0.1779 0.9523
0.0856 1.1480 -4.1922 0.1951 0.5007 -0.8434 0.2085 0.9680
0.0856 1.1646 -4.1824 0.1951 0.5007 -0.8434 0.2085 0.9680
0.0764 1.1651 -4.1831 -0.0000 0.5105 -0.8599 0.2118 0.9658
0.0856 1.1480 -4.1922 0.1951 0.5007 -0.8434 0.2085 0.9680
0.0764 1.1651 -4.1831 -0.0000 0.5105 -0.8599 0.2118 0.9658
0.0764 1.1485 -4.1930 -0.0000 0.5105 -0.8599 0.2118 0.9658
0.0369 1.9002 -5.4577 -0.8319 0.2640 -0.4882 0.2190 0.9485
0.0368 1.9171 -5.4483 -0.8319 0.2640 -0.4882 0.2190 0.9485
0.0324 1.9132 -5.4412 -0.9241 0.1800 -0.3370 0.2182 0.9446
0.0369 1.9002 -5.4577 -0.8319 0.2640 -0.4882 0.2190 0.9485
0.0324 1.9132 -5.4412 -0.9241 0.1800 -0.3370 0.2182 0.9446
0.0326 1.8962 -5.4505 -0.9241 0.1800 -0.3370 0.2182 0.9446
1.8517 0.0566 -5.3720 -0.4832 -0.0059 0.8755 0.2007 0.9306
1.8686 0.0566 -5.3627 -0.4832 -0.0059 0.8755 0.2007 0.9306
1.8691 0.0474 -5.3635 -0.4733 -0.2010 0.8576 0.1968 0.9306
1.8517 0.0566 -5.3720 -0.4832 -0.0059 0.8755 0.2007 0.9306
1.8691 0.0474 -5.3635 -0.4733 -0.2010 0.8576 0.1968 0.9306
1.8521 0.0474 -5.3729 -0.4733 -0.2010 0.8576 0.1968 0.9306
1.4030 1.1969 -5.3575 0.7686 -0.4035 -0.4964 0.1779 0.9523
1.4152 1.2087 -5.3481 0.7686 -0.4035 -0.4964 0.1779 0.9523
1.4135 1.2154 -5.3543 0.7332 -0.2621 -0.6275 0.1787 0.9563
1.4030 1.1969 -5.3575 0.7686 -0.4035 -0.4964 0.1779 0.9523
1.4135 1.2154 -5.3543 0.7332 -0.2621 -0.6275 0.1787 0.9563
1.4013 1.2036 -5.3637 0.7332 -0.2621 -0.6275 0.1787 0.9563
0.0764 1.1485 -4.1930 -0.0000 0.5105 -0.8599 0.2118 0.9658
0.0764 1.1651 -4.1831 -0.0000 0.5105 -0.8599 0.2118 0.9658
0.0672 1.1646 -4.1824 -0.1951 0.5007 -0.8434 0.2146 0.9631
0.0764 1.1485 -4.1930 -0.0000 0.5105 -0.8599 0.2118 0.9658
0.0672 1.1646 -4.1824 -0.1951 0.5007 -0.8434 0.2146 0.9631
0.0672 1.1480 -4.1922 -0.1951 0.5007 -0.8434 0.2146 0.9631
0.0326 1.8962 -5.4505 -0.9241 0.1800 -0.3370 0.2182 0.9446
0.0324 1.9132 -5.4412 -0.9241 0.1800 -0.3370 0.2182 0.9446
0.0298 1.9089 -5.4334 -0.9809 0.0891 -0.1729 0.2167 0.9409
0.0326 1.8962 -5.4505 -0.9241 0.1800 -0.3370 0.2182 0.9446
0.0298 1.9089 -5.4334 -0.9809 0.0891 -0.1729 0.2167 0.9409
0.0299 1.8919 -5.4428 -0.9809 0.0891 -0.1729 0.2167 0.9409
1.8521 0.0474 -5.3729 -0.4733 -0.2010 0.8576 0.1968 0.9306
1.8691 0.0474 -5.3635 -0.4733 -0.2010 0.8576 0.1968 0.9306
1.8704 0.0385 -5.3659 -0.4453 -0.3882 0.8068 0.1930 0.9314
1.8521 0.0474 -5.3729 -0.4733 -0.2010 0.8576 0.1968 0.9306
1.8704 0.0385 -5.3659 -0.4453 -0.3882 0.8068 0.1930 0.9314
1.8534 0.0385 -5.3753 -0.4453 -0.3882 0.8068 0.1930 0.9314
1.4013 1.2036 -5.3637 0.7332 -0.2621 -0.6275 0.1787 0.9563
1.4135 1.2154 -5.3543 0.7332 -0.2621 -0.6275 0.1787 0.9563
1.4105 1.2225 -5.3594 0.6696 -0.1107 -0.7345 0.1803 0.9601
1.4013 1.2036 -5.3637 0.7332 -0.2621 -0.6275 0.1787 0.9563
1.4105 1.2225 -5.3594 0.6696 -0.1107 -0.7345 0.1803 0.9601
1.3983 1.2108 -5.3688 0.6696 -0.1107 -0.7345 0.1803 0.9601
0.0672 1.1480 -4.1922 -0.1951 0.5007 -0.8434 0.2146 0.9631
0.0672 1.1646 -4.1824 -0.1951 0.5007 -0.8434 0.2146 0.9631
0.0583 1.1633 -4.1800 -0.3827 0.4716 -0.7944 0.2167 0.9598
0.0672 1.1480 -4.1922 -0.1951 0.5007 -0.8434 0.2146 0.9631
0.0583 1.1633 -4.1800 -0.3827 0.4716 -0.7944 0.2167 0.9598
0.0583 1.1466 -4.1899 -0.3827 0.4716 -0.7944 0.2167 0.9598
0.0299 1.8919 -5.4428 -0.9809 0.0891 -0.1729 0.2167 0.9409
0.0298 1.9089 -5.4334 -0.9809 0.0891 -0.1729 0.2167 0.9409
0.0289 1.9044 -5.4253 -1.0000 -0.0053 -0.0021 0.2144 0.9376
0.0299 1.8919 -5.4428 -0.9809 0.0891 -0.1729 0.2167 0.9409
0.0289 1.9044 -5.4253 -1.0000 -0.0053 -0.0021 0.2144 0.9376
0.0290 1.8875 -5.4347 -1.0000 -0.0053 -0.0021 0.2144 0.9376
1.8534 0.0385 -5.3753 -0.4453 -0.3882 0.8068 0.1930 0.9314
1.8704 0.0385 -5.3659 -0.4453 -0.3882 0.8068 0.1930 0.9314
1.8725 0.0304 -5.3698 -0.4002 -0.5605 0.7250 0.1894 0.9329
1.8534 0.0385 -5.3753 -0.4453 -0.3882 0.8068 0.1930 0.9314
1.8725 0.0304 -5.3698 -0.4002 -0.5605 0.7250 0.1894 0.9329
1.8556 0.0304 -5.3792 -0.4002 -0.5605 0.7250 0.1894 0.9329
1.3983 1.2108 -5.3688 0.6696 -0.1107 -0.7345 0.1803 0.9601
1.4105 1.2225 -5.3594 0.6696 -0.1107 -0.7345 0.1803 0.9601
1.4062 1.2299 -5.3631 0.5802 0.0451 -0.8132 0.1825 0.9634
1.3983 1.2108 -5.3688 0.6696 -0.1107 -0.7345 0.1803 0.9601
1.4062 1.2299 -5.3631 0.5802 0.0451 -0.8132 0.1825 0.9634
1.3940 1.2182 -5.3725 0.5802 0.0451 -0.8132 0.1825 0.9634
0.0583 1.1466 -4.1899 -0.3827 0.4716 -0.7944 0.2167 0.9598
0.0583 1.1633 -4.1800 -0.3827 0.4716 -0.7944 0.2167 0.9598
0.0501 1.1610 -4.1763 -0.5556 0.4244 -0.7150 0.2183 0.9561
0.0583 1.1466 -4.1899 -0.3827 0.4716 -0.7944 0.2167 0.9598
0.0501 1.1610 -4.1763 -0.5556 0.4244 -0.7150 0.2183 0.9561
0.0501 1.1444 -4.1861 -0.5556 0.4244 -0.7150 0.2183 0.9561
0.0290 1.8875 -5.4347 -1.0000 -0.0053 -0.0021 0.2144 0.9376
0.0289 1.9044 -5.4253 -1.0000 -0.0053 -0.0021 0.2144 0.9376
0.0298 1.8999 -5.4172 -0.9806 -0.0995 0.1687 0.2116 0.9348
0.0290 1.8875 -5.4347 -1.0000 -0.0053 -0.0021 0.2144 0.9376
0.0298 1.8999 -5.4172 -0.9806 -0.0995 0.1687 0.2116 0.9348
0.0299 1.8830 -5.4266 -0.9806 -0.0995 0.1687 0.2116 0.9348
1.8556 0.0304 -5.3792 -0.4002 -0.5605 0.7250 0.1894 0.9329
1.8725 0.0304 -5.3698 -0.4002 -0.5605 0.7250 0.1894 0.9329
1.8754 0.0232 -5.3750 -0.3397 -0.7113 0.6153 0.1862 0.9350
1.8556 0.0304 -5.3792 -0.4002 -0.5605 0.7250 0.1894 0.9329
1.8754 0.0232 -5.3750 -0.3397 -0.7113 0.6153 0.1862 0.9350
1.8584 0.0232 -5.3844 -0.3397 -0.7113 0.6153 0.1862 0.9350
1.3940 1.2182 -5.3725 0.5802 0.0451 -0.8132 0.1825 0.9634
1.4062 1.2299 -5.3631 0.5802 0.0451 -0.8132 0.1825 0.9634
1.4010 1.2372 -5.3654 0.4686 0.1990 -0.8607 0.1854 0.9663
1.3940 1.2182 -5.3725 0.5802 0.0451 -0.8132 0.1825 0.9634
1.4010 1.2372 -5.3654 0.4686 0.1990 -0.8607 0.1854 0.9663
1.3888 1.2255 -5.3747 0.4686 0.1990 -0.8607 0.1854 0.9663
0.0501 1.1444 -4.1861 -0.5556 0.4244 -0.7150 0.2183 0.9561
0.0501 1.1610 -4.1763 -0.5556 0.4244 -0.7150 0.2183 0.9561
0.0429 1.1580 -4.1712 -0.7071 0.3609 -0.6080 0.2190 0.9523
0.0501 1.1444 -4.1861 -0.5556 0.4244 -0.7150 0.2183 0.9561
0.0429 1.1580 -4.1712 -0.7071 0.3609 -0.6080 0.2190 0.9523
0.0429 1.1414 -4.1811 -0.7071 0.3609 -0.6080 0.2190 0.9523
0.0299 1.8830 -5.4266 -0.9806 -0.0995 0.1687 0.2116 0.9348
0.0298 1.8999 -5.4172 -0.9806 -0.0995 0.1687 0.2116 0.9348
0.0325 1.8957 -5.4095 -0.9236 -0.1898 0.3331 0.2083 0.9326
0.0299 1.8830 -5.4266 -0.9806 -0.0995 0.1687 0.2116 0.9348
0.0325 1.8957 -5.4095 -0.9236 -0.1898 0.3331 0.2083 0.9326
0.0326 1.8787 -5.4188 -0.9236 -0.1898 0.3331 0.2083 0.9326
1.8584 0.0232 -5.3844 -0.3397 -0.7113 0.6153 0.1862 0.9350
1.8754 0.0232 -5.3750 -0.3397 -0.7113 0.6153 0.1862 0.9350
1.8789 0.0174 -5.3813 -0.2662 -0.8348 0.4820 0.1835 0.9378
1.8584 0.0232 -5.3844 -0.3397 -0.7113 0.6153 0.1862 0.9350
1.8789 0.0174 -5.3813 -0.2662 -0.8348 0.4820 0.1835 0.9378
1.8619 0.0174 -5.3907 -0.2662 -0.8348 0.4820 0.1835 0.9378
1.3888 1.2255 -5.3747 0.4686 0.1990 -0.8607 0.1854 0.9663
1.4010 1.2372 -5.3654 0.4686 0.1990 -0.8607 0.1854 0.9663
1.3948 1.2441 -5.3661 0.3389 0.3454 -0.8751 0.1888 0.9686
1.3888 1.2255 -5.3747 0.4686 0.1990 -0.8607 0.1854 0.9663
1.3948 1.2441 -5.3661 0.3389 0.3454 -0.8751 0.1888 0.9686
1.3826 1.2324 -5.3754 0.3389 0.3454 -0.8751 0.1888 0.9686
0.0429 1.1414 -4.1811 -0.7071 0.3609 -0.6080 0.2190 0.9523
0.0429 1.1580 -4.1712 -0.7071 0.3609 -0.6080 0.2190 0.9523
0.0370 1.1544 -4.1650 -0.8315 0.2836 -0.4777 0.2190 0.9483
0.0429 1.1414 -4.1811 -0.7071 0.3609 -0.6080 0.2190 0.9523
0.0370 1.1544 -4.1650 -0.8315 0.2836 -0.4777 0.2190 0.9483
0.0370 1.1377 -4.1749 -0.8315 0.2836 -0.4777 0.2190 0.9483
0.0326 1.8787 -5.4188 -0.9236 -0.1898 0.3331 0.2083 0.9326
0.0325 1.8957 -5.4095 -0.9236 -0.1898 0.3331 0.2083 0.9326
0.0369 1.8917 -5.4023 -0.8311 -0.2728 0.4847 0.2046 0.9310
0.0326 1.8787 -5.4188 -0.9236 -0.1898 0.3331 0.2083 0.9326
0.0369 1.8917 -5.4023 -0.8311 -0.2728 0.4847 0.2046 0.9310
0.0370 1.8748 -5.4116 -0.8311 -0.2728 0.4847 0.2046 0.9310
1.8619 0.0174 -5.3907 -0.2662 -0.8348 0.4820 0.1835 0.9378
1.8789 0.0174 -5.3813 -0.2662 -0.8348 0.4820 0.1835 0.9378
1.8828 0.0131 -5.3885 -0.1824 -0.9261 0.3301 0.1813 0.9410
1.8619 0.0174 -5.3907 -0.2662 -0.8348 0.4820 0.1835 0.9378
1.8828 0.0131 -5.3885 -0.1824 -0.9261 0.3301 0.1813 0.9410
1.8659 0.0131 -5.3979 -0.1824 -0.9261 0.3301 0.1813 0.9410
1.3826 1.2324 -5.3754 0.3389 0.3454 -0.8751 0.1888 0.9686
1.3948 1.2441 -5.3661 0.3389 0.3454 -0.8751 0.1888 0.9686
1.3881 1.2504 -5.3652 0.1962 0.4784 -0.8559 0.1925 0.9701
1.3826 1.2324 -5.3754 0.3389 0.3454 -0.8751 0.1888 0.9686
1.3881 1.2504 -5.3652 0.1962 0.4784 -0.8559 0.1925 0.9701
1.3759 1.2387 -5.3745 0.1962 0.4784 -0.8559 0.1925 0.9701
0.0370 1.1377 -4.1749 -0.8315 0.2836 -0.4777 0.2190 0.9483
0.0370 1.1544 -4.1650 -0.8315 0.2836 -0.4777 0.2190 0.9483
0.0327 1.1502 -4.1580 -0.9239 0.1953 -0.3291 0.2183 0.9445
0.0370 1.1377 -4.1749 -0.8315 0.2836 -0.4777 0.2190 0.9483
0.0327 1.1502 -4.1580 -0.9239 0.1953 -0.3291 0.2183 0.9445
0.0327 1.1336 -4.1679 -0.9239 0.1953 -0.3291 0.2183 0.9445
0.0370 1.8748 -5.4116 -0.8311 -0.2728 0.4847 0.2046 0.9310
0.0369 1.8917 -5.4023 -0.8311 -0.2728 0.4847 0.2046 0.9310
0.0427 1.8883 -5.3960 -0.7066 -0.3454 0.6176 0.2007 0.9302
0.0370 1.8748 -5.4116 -0.8311 -0.2728 0.4847 0.2046 0.9310
0.0427 1.8883 -5.3960 -0.7066 -0.3454 0.6176 0.2007 0.9302
0.0429 1.8714 -5.4053 -0.7066 -0.3454 0.6176 0.2007 0.9302
1.8659 -0.1384 -5.3979 -0.1824 -0.9262 0.3301 0.1803 0.9413
1.8828 -0.1384 -5.3885 -0.1824 -0.9262 0.3301 0.1803 0.9413
1.8871 -0.1411 -5.3963 -0.0916 -0.9819 0.1656 0.1788 0.9450
1.8659 -0.1384 -5.3979 -0.1824 -0.9262 0.3301 0.1803 0.9413
1.8871 -0.1411 -5.3963 -0.0916 -0.9819 0.1656 0.1788 0.9450
1.8702 -0.1411 -5.4056 -0.0916 -0.9819 0.1656 0.1788 0.9450
1.3759 1.2387 -5.3745 0.1962 0.4784 -0.8559 0.1925 0.9701
1.3881 1.2504 -5.3652 0.1962 0.4784 -0.8559 0.1925 0.9701
1.3810 1.2558 -5.3627 0.0460 0.5931 -0.8038 0.1965 0.9709
1.3759 1.2387 -5.3745 0.1962 0.4784 -0.8559 0.1925 0.9701
1.3810 1.2558 -5.3627 0.0460 0.5931 -0.8038 0.1965 0.9709
1.3688 1.2441 -5.3720 0.0460 0.5931 -0.8038 0.1965 0.9709
0.0327 1.1336 -4.1679 -0.9239 0.1953 -0.3291 0.2183 0.9445
0.0327 1.1502 -4.1580 -0.9239 0.1953 -0.3291 0.2183 0.9445
0.0300 1.1456 -4.1504 -0.9808 0.0996 -0.1677 0.2167 0.9408
0.0327 1.1336 -4.1679 -0.9239 0.1953 -0.3291 0.2183 0.9445
0.0300 1.1456 -4.1504 -0.9808 0.0996 -0.1677 0.2167 0.9408
0.0300 1.1290 -4.1602 -0.9808 0.0996 -0.1677 0.2167 0.9408
0.0429 1.8714 -5.4053 -0.7066 -0.3454 0.6176 0.2007 0.9302
0.0427 1.8883 -5.3960 -0.7066 -0.3454 0.6176 0.2007 0.9302
0.0499 1.8855 -5.3908 -0.5550 -0.4047 0.7268 0.1967 0.9302
0.0429 1.8714 -5.4053 -0.7066 -0.3454 0.6176 0.2007 0.9302
0.0499 1.8855 -5.3908 -0.5550 -0.4047 0.7268 0.1967 0.9302
0.0500 1.8686 -5.4002 -0.5550 -0.4047 0.7268 0.1967 0.9302
1.8702 -0.1411 -5.4056 -0.0916 -0.9819 0.1656 0.1788 0.9450
1.8871 -0.1411 -5.3963 -0.0916 -0.9819 0.1656 0.1788 0.9450
1.8916 -0.1419 -5.4044 0.0027 -1.0000 -0.0053 0.1780 0.9490
1.8702 -0.1411 -5.4056 -0.0916 -0.9819 0.1656 0.1788 0.9450
1.8916 -0.1419 -5.4044 0.0027 -1.0000 -0.0053 0.1780 0.9490
1.8747 -0.1419 -5.4137 0.0027 -1.0000 -0.0053 0.1780 0.9490
1.3688 1.2441 -5.3720 0.0460 0.5931 -0.8038 0.1965 0.9709
1.3810 1.2558 -5.3627 0.0460 0.5931 -0.8038 0.1965 0.9709
1.3738 1.2602 -5.3588 -0.1060 0.6850 -0.7208 0.2006 0.9709
1.3688 1.2441 -5.3720 0.0460 0.5931 -0.8038 0.1965 0.9709
1.3738 1.2602 -5.3588 -0.1060 0.6850 -0.7208 0.2006 0.9709
1.3616 1.2485 -5.3681 -0.1060 0.6850 -0.7208 0.2006 0.9709
0.0300 1.1290 -4.1602 -0.9808 0.0996 -0.1677 0.2167 0.9408
0.0300 1.1456 -4.1504 -0.9808 0.0996 -0.1677 0.2167 0.9408
0.0291 1.1409 -4.1424 -1.0000 -0.0000 0.0000 0.2146 0.9376
0.0300 1.1290 -4.1602 -0.9808 0.0996 -0.1677 0.2167 0.9408
0.0291 1.1409 -4.1424 -1.0000 -0.0000 0.0000 0.2146 0.9376
0.0291 1.1243 -4.1523 -1.0000 0.0000 0.0000 0.2146 0.9376
0.0500 1.8686 -5.4002 -0.5550 -0.4047 0.7268 0.1967 0.9302
0.0499 1.8855 -5.3908 -0.5550 -0.4047 0.7268 0.1967 0.9302
0.0581 1.8834 -5.3870 -0.3820 -0.4484 0.8081 0.1928 0.9310
0.0500 1.8686 -5.4002 -0.5550 -0.4047 0.7268 0.1967 0.9302
0.0581 1.8834 -5.3870 -0.3820 -0.4484 0.8081 0.1928 0.9310
0.0582 1.8665 -5.3963 -0.3820 -0.4484 0.8081 0.1928 0.9310
1.8747 -0.1419 -5.4137 0.0027 -1.0000 -0.0053 0.1780 0.9490
1.8916 -0.1419 -5.4044 0.0027 -1.0000 -0.0053 0.1780 0.9490
1.8960 -0.1410 -5.4125 0.0969 -0.9796 -0.1760 0.1780 0.9530
1.8747 -0.1419 -5.4137 0.0027 -1.0000 -0.0053 0.1780 0.9490
1.8960 -0.1410 -5.4125 0.0969 -0.9796 -0.1760 0.1780 0.9530
1.8791 -0.1410 -5.4218 0.0969 -0.9796 -0.1760 0.1780 0.9530
1.3616 1.2485 -5.3681 -0.1060 0.6850 -0.7208 0.2006 0.9709
1.3738 1.2602 -5.3588 -0.1060 0.6850 -0.7208 0.2006 0.9709
1.3668 1.2633 -5.3535 -0.2539 0.7505 -0.6101 0.2045 0.9701
1.3616 1.2485 -5.3681 -0.1060 0.6850 -0.7208 0.2006 0.9709
1.3668 1.2633 -5.3535 -0.2539 0.7505 -0.6101 0.2045 0.9701
1.3546 1.2516 -5.3629 -0.2539 0.7505 -0.6101 0.2045 0.9701
0.0291 1.1243 -4.1523 -1.0000 0.0000 0.0000 0.2146 0.9376
0.0291 1.1409 -4.1424 -1.0000 -0.0000 0.0000 0.2146 0.9376
0.0300 1.1362 -4.1345 -0.9808 -0.0996 0.1678 0.2118 0.9348
0.0291 1.1243 -4.1523 -1.0000 0.0000 0.0000 0.2146 0.9376
0.0300 1.1362 -4.1345 -0.9808 -0.0996 0.1678 0.2118 0.9348
0.0300 1.1196 -4.1444 -0.9808 -0.0996 0.1678 0.2118 0.9348
0.0582 1.8665 -5.3963 -0.3820 -0.4484 0.8081 0.1928 0.9310
0.0581 1.8834 -5.3870 -0.3820 -0.4484 0.8081 0.1928 0.9310
0.0670 1.8822 -5.3846 -0.1944 -0.4749 0.8583 0.1891 0.9326
0.0582 1.8665 -5.3963 -0.3820 -0.4484 0.8081 0.1928 0.9310
0.0670 1.8822 -5.3846 -0.1944 -0.4749 0.8583 0.1891 0.9326
0.0671 1.8652 -5.3939 -0.1944 -0.4749 0.8583 0.1891 0.9326
1.8791 -0.1410 -5.4218 0.0969 -0.9796 -0.1760 0.1780 0.9530
1.8960 -0.1410 -5.4125 0.0969 -0.9796 -0.1760 0.1780 0.9530
1.9003 -0.1382 -5.4202 0.1874 -0.9216 -0.3400 0.1788 0.9570
1.8791 -0.1410 -5.4218 0.0969 -0.9796 -0.1760 0.1780 0.9530
1.9003 -0.1382 -5.4202 0.1874 -0.9216 -0.3400 0.1788 0.9570
1.8834 -0.1382 -5.4296 0.1874 -0.9216 -0.3400 0.1788 0.9570
1.3546 1.2516 -5.3629 -0.2539 0.7505 -0.6101 0.2045 0.9701
1.3668 1.2633 -5.3535 -0.2539 0.7505 -0.6101 0.2045 0.9701
1.3602 1.2650 -5.3472 -0.3920 0.7872 -0.4760 0.2083 0.9686
1.3546 1.2516 -5.3629 -0.2539 0.7505 -0.6101 0.2045 0.9701
1.3602 1.2650 -5.3472 -0.3920 0.7872 -0.4760 0.2083 0.9686
1.3480 1.2533 -5.3565 -0.3920 0.7872 -0.4760 0.2083 0.9686
0.0300 1.1196 -4.1444 -0.9808 -0.0996 0.1678 0.2118 0.9348
0.0300 1.1362 -4.1345 -0.9808 -0.0996 0.1678 0.2118 0.9348
0.0327 1.1317 -4.1269 -0.9239 -0.1953 0.3291 0.2085 0.9326
0.0300 1.1196 -4.1444 -0.9808 -0.0996 0.1678 0.2118 0.9348
0.0327 1.1317 -4.1269 -0.9239 -0.1953 0.3291 0.2085 0.9326
0.0327 1.1151 -4.1367 -0.9239 -0.1953 0.3291 0.2085 0.9326
0.0671 1.8652 -5.3939 -0.1944 -0.4749 0.8583 0.1891 0.9326
0.0670 1.8822 -5.3846 -0.1944 -0.4749 0.8583 0.1891 0.9326
0.0762 1.8818 -5.3838 0.0007 -0.4831 0.8755 0.1857 0.9348
0.0671 1.8652 -5.3939 -0.1944 -0.4749 0.8583 0.1891 0.9326
0.0762 1.8818 -5.3838 0.0007 -0.4831 0.8755 0.1857 0.9348
0.0763 1.8648 -5.3931 0.0007 -0.4831 0.8755 0.1857 0.9348
1.8834 -0.1382 -5.4296 0.1874 -0.9216 -0.3400 0.1788 0.9570
1.9003 -0.1382 -5.4202 0.1874 -0.9216 -0.3400 0.1788 0.9570
1.9043 -0.1338 -5.4274 0.2707 -0.8281 -0.4908 0.1803 0.9607
1.8834 -0.1382 -5.4296 0.1874 -0.9216 -0.3400 0.1788 0.9570
1.9043 -0.1338 -5.4274 0.2707 -0.8281 -0.4908 0.1803 0.9607
1.8873 -0.1338 -5.4367 0.2707 -0.8281 -0.4908 0.1803 0.9607
1.3480 1.2533 -5.3565 -0.3920 0.7872 -0.4760 0.2083 0.9686
1.3602 1.2650 -5.3472 -0.3920 0.7872 -0.4760 0.2083 0.9686
1.3544 1.2653 -5.3400 -0.5151 0.7937 -0.3236 0.2117 0.9663
1.3480 1.2533 -5.3565 -0.3920 0.7872 -0.4760 0.2083 0.9686
1.3544 1.2653 -5.3400 -0.5151 0.7937 -0.3236 0.2117 0.9663
1.3422 1.2536 -5.3493 -0.5151 0.7937 -0.3236 0.2117 0.9663
0.0327 1.1151 -4.1367 -0.9239 -0.1953 0.3291 0.2085 0.9326
0.0327 1.1317 -4.1269 -0.9239 -0.1953 0.3291 0.2085 0.9326
0.0370 1.1275 -4.1198 -0.8315 -0.2836 0.4777 0.2049 0.9311
0.0327 1.1151 -4.1367 -0.9239 -0.1953 0.3291 0.2085 0.9326
0.0370 1.1275 -4.1198 -0.8315 -0.2836 0.4777 0.2049 0.9311
0.0370 1.1109 -4.1297 -0.8315 -0.2836 0.4777 0.2049 0.9311
0.0763 1.8648 -5.3931 0.0007 -0.4831 0.8755 0.1857 0.9348
0.0762 1.8818 -5.3838 0.0007 -0.4831 0.8755 0.1857 0.9348
0.0855 1.8823 -5.3846 0.1958 -0.4728 0.8591 0.1829 0.9376
0.0763 1.8648 -5.3931 0.0007 -0.4831 0.8755 0.1857 0.9348
0.0855 1.8823 -5.3846 0.1958 -0.4728 0.8591 0.1829 0.9376
0.0856 1.8653 -5.3939 0.1958 -0.4728 0.8591 0.1829 0.9376
1.8873 -0.1338 -5.4367 0.2707 -0.8281 -0.4908 0.1803 0.9607
1.9043 -0.1338 -5.4274 0.2707 -0.8281 -0.4908 0.1803 0.9607
1.9077 -0.1279 -5.4336 0.3436 -0.7029 -0.6228 0.1826 0.9641
1.8873 -0.1338 -5.4367 0.2707 -0.8281 -0.4908 0.1803 0.9607
1.9077 -0.1279 -5.4336 0.3436 -0.7029 -0.6228 0.1826 0.9641
1.8908 -0.1279 -5.4430 0.3436 -0.7029 -0.6228 0.1826 0.9641
1.3422 1.2536 -5.3493 -0.5151 0.7937 -0.3236 0.2117 0.9663
1.3544 1.2653 -5.3400 -0.5151 0.7937 -0.3236 0.2117 0.9663
1.3495 1.2642 -5.3322 -0.6184 0.7696 -0.1587 0.2145 0.9634
1.3422 1.2536 -5.3493 -0.5151 0.7937 -0.3236 0.2117 0.9663
1.3495 1.2642 -5.3322 -0.6184 0.7696 -0.1587 0.2145 0.9634
1.3373 1.2525 -5.3415 -0.6184 0.7696 -0.1587 0.2145 0.9634
0.0370 1.1109 -4.1297 -0.8315 -0.2836 0.4777 0.2049 0.9311
0.0370 1.1275 -4.1198 -0.8315 -0.2836 0.4777 0.2049 0.9311
0.0429 1.1238 -4.1136 -0.7071 -0.3609 0.6080 0.2010 0.9303
0.0370 1.1109 -4.1297 -0.8315 -0.2836 0.4777 0.2049 0.9311
0.0429 1.1238 -4.1136 -0.7071 -0.3609 0.6080 0.2010 0.9303
0.0429 1.1072 -4.1235 -0.7071 -0.3609 0.6080 0.2010 0.9303
0.0856 1.8653 -5.3939 0.1958 -0.4728 0.8591 0.1829 0.9376
0.0855 1.8823 -5.3846 0.1958 -0.4728 0.8591 0.1829 0.9376
0.0943 1.8836 -5.3869 0.3833 -0.4443 0.8097 0.1807 0.9409
0.0856 1.8653 -5.3939 0.1958 -0.4728 0.8591 0.1829 0.9376
0.0943 1.8836 -5.3869 0.3833 -0.4443 0.8097 0.1807 0.9409
0.0944 1.8667 -5.3962 0.3833 -0.4443 0.8097 0.1807 0.9409
1.8908 -0.1279 -5.4430 0.3436 -0.7029 -0.6228 0.1826 0.9641
1.9077 -0.1279 -5.4336 0.3436 -0.7029 -0.6228 0.1826 0.9641
1.9105 -0.1207 -5.4387 0.4032 -0.5506 -0.7309 0.1854 0.9670
1.8908 -0.1279 -5.4430 0.3436 -0.7029 -0.6228 0.1826 0.9641
1.9105 -0.1207 -5.4387 0.4032 -0.5506 -0.7309 0.1854 0.9670
1.8936 -0.1207 -5.4481 0.4032 -0.5506 -0.7309 0.1854 0.9670
1.3373 1.2525 -5.3415 -0.6184 0.7696 -0.1587 0.2145 0.9634
1.3495 1.2642 -5.3322 -0.6184 0.7696 -0.1587 0.2145 0.9634
1.3457 1.2617 -5.3241 -0.6980 0.7160 0.0123 0.2168 0.9601
1.3373 1.2525 -5.3415 -0.6184 0.7696 -0.1587 0.2145 0.9634
1.3457 1.2617 -5.3241 -0.6980 0.7160 0.0123 0.2168 0.9601
1.3335 1.2499 -5.3334 -0.6980 0.7160 0.0123 0.2168 0.9601
0.0429 1.1072 -4.1235 -0.7071 -0.3609 0.6080 0.2010 0.9303
0.0429 1.1238 -4.1136 -0.7071 -0.3609 0.6080 0.2010 0.9303
0.0501 1.1208 -4.1086 -0.5556 -0.4245 0.7150 0.1971 0.9303
0.0429 1.1072 -4.1235 -0.7071 -0.3609 0.6080 0.2010 0.9303
0.0501 1.1208 -4.1086 -0.5556 -0.4245 0.7150 0.1971 0.9303
0.0501 1.1042 -4.1185 -0.5556 -0.4244 0.7150 0.1971 0.9303
1.2736 1.2897 -5.3051 0.2544 -0.7500 0.6106 0.1930 0.9314
1.2858 1.3015 -5.2958 0.2544 -0.7500 0.6106 0.1930 0.9314
1.2923 1.2997 -5.3021 0.3925 -0.7868 0.4764 0.1894 0.9329
1.2736 1.2897 -5.3051 0.2544 -0.7500 0.6106 0.1930 0.9314
1.2923 1.2997 -5.3021 0.3925 -0.7868 0.4764 0.1894 0.9329
1.2801 1.2880 -5.3114 0.3925 -0.7868 0.4764 0.1894 0.9329
1.8936 -0.1207 -5.4481 0.4032 -0.5506 -0.7309 0.1854 0.9670
1.9105 -0.1207 -5.4387 0.4032 -0.5506 -0.7309 0.1854 0.9670
1.9126 -0.1125 -5.4425 0.4474 -0.3771 -0.8109 0.1888 0.9692
1.8936 -0.1207 -5.4481 0.4032 -0.5506 -0.7309 0.1854 0.9670
1.9126 -0.1125 -5.4425 0.4474 -0.3771 -0.8109 0.1888 0.9692
1.8957 -0.1125 -5.4519 0.4474 -0.3771 -0.8109 0.1888 0.9692
1.3335 1.2499 -5.3334 -0.6980 0.7160 0.0123 0.2168 0.9601
1.3457 1.2617 -5.3241 -0.6980 0.7160 0.0123 0.2168 0.9601
1.3432 1.2578 -5.3160 -0.7507 0.6349 0.1828 0.2184 0.9563
1.3335 1.2499 -5.3334 -0.6980 0.7160 0.0123 0.2168 0.9601
1.3432 1.2578 -5.3160 -0.7507 0.6349 0.1828 0.2184 0.9563
1.3310 1.2461 -5.3253 -0.7507 0.6349 0.1828 0.2183 0.9563
0.0501 1.1042 -4.1185 -0.5556 -0.4244 0.7150 0.1971 0.9303
0.0501 1.1208 -4.1086 -0.5556 -0.4245 0.7150 0.1971 0.9303
0.0583 1.1186 -4.1048 -0.3827 -0.4716 0.7944 0.1932 0.9311
0.0501 1.1042 -4.1185 -0.5556 -0.4244 0.7150 0.1971 0.9303
0.0583 1.1186 -4.1048 -0.3827 -0.4716 0.7944 0.1932 0.9311
0.0583 1.1020 -4.1147 -0.3827 -0.4716 0.7944 0.1932 0.9311
1.2801 1.2880 -5.3114 0.3925 -0.7868 0.4764 0.1894 0.9329
1.2923 1.2997 -5.3021 0.3925 -0.7868 0.4764 0.1894 0.9329
1.2981 1.2994 -5.3093 0.5155 -0.7933 0.3239 0.1861 0.9351
1.2801 1.2880 -5.3114 0.3925 -0.7868 0.4764 0.1894 0.9329
1.2981 1.2994 -5.3093 0.5155 -0.7933 0.3239 0.1861 0.9351
1.2859 1.2877 -5.3187 0.5155 -0.7933 0.3239 0.1861 0.9351
1.8957 -0.1125 -5.4519 0.4474 -0.3771 -0.8109 0.1888 0.9692
1.9126 -0.1125 -5.4425 0.4474 -0.3771 -0.8109 0.1888 0.9692
1.9139 -0.1036 -5.4448 0.4744 -0.1892 -0.8597 0.1925 0.9708
1.8957 -0.1125 -5.4519 0.4474 -0.3771 -0.8109 0.1888 0.9692
1.9139 -0.1036 -5.4448 0.4744 -0.1892 -0.8597 0.1925 0.9708
1.8970 -0.1036 -5.4542 0.4744 -0.1892 -0.8597 0.1925 0.9708
1.3310 1.2461 -5.3253 -0.7507 0.6349 0.1828 0.2183 0.9563
1.3432 1.2578 -5.3160 -0.7507 0.6349 0.1828 0.2184 0.9563
1.3421 1.2528 -5.3083 -0.7745 0.5294 0.3462 0.2191 0.9523
1.3310 1.2461 -5.3253 -0.7507 0.6349 0.1828 0.2183 0.9563
1.3421 1.2528 -5.3083 -0.7745 0.5294 0.3462 0.2191 0.9523
1.3299 1.2411 -5.3176 -0.7745 0.5294 0.3462 0.2191 0.9523
0.0583 1.1020 -4.1147 -0.3827 -0.4716 0.7944 0.1932 0.9311
0.0583 1.1186 -4.1048 -0.3827 -0.4716 0.7944 0.1932 0.9311
0.0672 1.1172 -4.1025 -0.1951 -0.5007 0.8434 0.1896 0.9326
0.0583 1.1020 -4.1147 -0.3827 -0.4716 0.7944 0.1932 0.9311
0.0672 1.1172 -4.1025 -0.1951 -0.5007 0.8434 0.1896 0.9326
0.0672 1.1006 -4.1124 -0.1951 -0.5007 0.8434 0.1896 0.9326
1.2859 1.2877 -5.3187 0.5155 -0.7933 0.3239 0.1861 0.9351
1.2981 1.2994 -5.3093 0.5155 -0.7933 0.3239 0.1861 0.9351
1.3030 1.3005 -5.3171 0.6187 -0.7694 0.1589 0.1833 0.9379
1.2859 1.2877 -5.3187 0.5155 -0.7933 0.3239 0.1861 0.9351
1.3030 1.3005 -5.3171 0.6187 -0.7694 0.1589 0.1833 0.9379
1.2908 1.2888 -5.3265 0.6187 -0.7694 0.1589 0.1833 0.9379
1.8970 -0.1036 -5.4542 0.4744 -0.1892 -0.8597 0.1925 0.9708
1.9139 -0.1036 -5.4448 0.4744 -0.1892 -0.8597 0.1925 0.9708
1.9143 -0.0943 -5.4456 0.4832 0.0060 -0.8755 0.1965 0.9716
1.8970 -0.1036 -5.4542 0.4744 -0.1892 -0.8597 0.1925 0.9708
1.9143 -0.0943 -5.4456 0.4832 0.0060 -0.8755 0.1965 0.9716
1.8974 -0.0943 -5.4549 0.4832 0.0060 -0.8755 0.1965 0.9716
1.3299 1.2411 -5.3176 -0.7745 0.5294 0.3462 0.2191 0.9523
1.3421 1.2528 -5.3083 -0.7745 0.5294 0.3462 0.2191 0.9523
1.3424 1.2469 -5.3011 -0.7686 0.4035 0.4964 0.2191 0.9483
1.3299 1.2411 -5.3176 -0.7745 0.5294 0.3462 0.2191 0.9523
1.3424 1.2469 -5.3011 -0.7686 0.4035 0.4964 0.2191 0.9483
1.3302 1.2351 -5.3105 -0.7686 0.4035 0.4964 0.2191 0.9483
0.0672 1.1006 -4.1124 -0.1951 -0.5007 0.8434 0.1896 0.9326
0.0672 1.1172 -4.1025 -0.1951 -0.5007 0.8434 0.1896 0.9326
0.0764 1.1168 -4.1017 -0.0000 -0.5105 0.8599 0.1863 0.9348
0.0672 1.1006 -4.1124 -0.1951 -0.5007 0.8434 0.1896 0.9326
0.0764 1.1168 -4.1017 -0.0000 -0.5105 0.8599 0.1863 0.9348
0.0764 1.1001 -4.1116 -0.0000 -0.5105 0.8599 0.1863 0.9348
1.2908 1.2888 -5.3265 0.6187 -0.7694 0.1589 0.1833 0.9379
1.3030 1.3005 -5.3171 0.6187 -0.7694 0.1589 0.1833 0.9379
1.3068 1.3031 -5.3252 0.6981 -0.7159 -0.0122 0.1811 0.9411
1.2908 1.2888 -5.3265 0.6187 -0.7694 0.1589 0.1833 0.9379
1.3068 1.3031 -5.3252 0.6981 -0.7159 -0.0122 0.1811 0.9411
1.2946 1.2913 -5.3346 0.6981 -0.7159 -0.0122 0.1811 0.9411
1.8974 -0.0943 -5.4549 0.4832 0.0060 -0.8755 0.1965 0.9716
1.9143 -0.0943 -5.4456 0.4832 0.0060 -0.8755 0.1965 0.9716
1.9139 -0.0851 -5.4447 0.4734 0.2010 -0.8576 0.2005 0.9716
1.8974 -0.0943 -5.4549 0.4832 0.0060 -0.8755 0.1965 0.9716
1.9139 -0.0851 -5.4447 0.4734 0.2010 -0.8576 0.2005 0.9716
1.8969 -0.0851 -5.4541 0.4734 0.2010 -0.8576 0.2005 0.9716
1.3302 1.2351 -5.3105 -0.7686 0.4035 0.4964 0.2191 0.9483
1.3424 1.2469 -5.3011 -0.7686 0.4035 0.4964 0.2191 0.9483
1.3441 1.2402 -5.2949 -0.7332 0.2621 0.6275 0.2184 0.9443
1.3302 1.2351 -5.3105 -0.7686 0.4035 0.4964 0.2191 0.9483
1.3441 1.2402 -5.2949 -0.7332 0.2621 0.6275 0.2184 0.9443
1.3319 1.2284 -5.3043 -0.7332 0.2621 0.6275 0.2183 0.9443
0.0764 1.1001 -4.1116 -0.0000 -0.5105 0.8599 0.1863 0.9348
0.0764 1.1168 -4.1017 -0.0000 -0.5105 0.8599 0.1863 0.9348
0.0856 1.1172 -4.1025 0.1951 -0.5007 0.8434 0.1835 0.9376
0.0764 1.1001 -4.1116 -0.0000 -0.5105 0.8599 0.1863 0.9348
0.0856 1.1172 -4.1025 0.1951 -0.5007 0.8434 0.1835 0.9376
0.0856 1.1006 -4.1124 0.1951 -0.5007 0.8434 0.1835 0.9376
1.2946 1.2913 -5.3346 0.6981 -0.7159 -0.0122 0.1811 0.9411
1.3068 1.3031 -5.3252 0.6981 -0.7159 -0.0122 0.1811 0.9411
1.3093 1.3069 -5.3333 0.7507 -0.6349 -0.1827 0.1796 0.9448
1.2946 1.2913 -5.3346 0.6981 -0.7159 -0.0122 0.1811 0.9411
1.3093 1.3069 -5.3333 0.7507 -0.6349 -0.1827 0.1796 0.9448
1.2971 1.2952 -5.3426 0.7507 -0.6349 -0.1827 0.1796 0.9448
1.8969 -0.0851 -5.4541 0.4734 0.2010 -0.8576 0.2005 0.9716
1.9139 -0.0851 -5.4447 0.4734 0.2010 -0.8576 0.2005 0.9716
1.9125 -0.0762 -5.4423 0.4453 0.3882 -0.8068 0.2045 0.9708
1.8969 -0.0851 -5.4541 0.4734 0.2010 -0.8576 0.2005 0.9716
1.9125 -0.0762 -5.4423 0.4453 0.3882 -0.8068 0.2045 0.9708
1.8956 -0.0762 -5.4517 0.4453 0.3882 -0.8068 0.2045 0.9708
1.3319 1.2284 -5.3043 -0.7332 0.2621 0.6275 0.2183 0.9443
1.3441 1.2402 -5.2949 -0.7332 0.2621 0.6275 0.2184 0.9443
1.3471 1.2330 -5.2899 -0.6696 0.1107 0.7345 0.2168 0.9405
1.3319 1.2284 -5.3043 -0.7332 0.2621 0.6275 0.2183 0.9443
1.3471 1.2330 -5.2899 -0.6696 0.1107 0.7345 0.2168 0.9405
1.3349 1.2213 -5.2992 -0.6696 0.1107 0.7345 0.2168 0.9405
0.0856 1.1006 -4.1124 0.1951 -0.5007 0.8434 0.1835 0.9376
0.0856 1.1172 -4.1025 0.1951 -0.5007 0.8434 0.1835 0.9376
0.0945 1.1186 -4.1048 0.3827 -0.4716 0.7944 0.1813 0.9408
0.0856 1.1006 -4.1124 0.1951 -0.5007 0.8434 0.1835 0.9376
0.0945 1.1186 -4.1048 0.3827 -0.4716 0.7944 0.1813 0.9408
0.0945 1.1020 -4.1147 0.3827 -0.4716 0.7944 0.1813 0.9408
1.2971 1.2952 -5.3426 0.7507 -0.6349 -0.1827 0.1796 0.9448
1.3093 1.3069 -5.3333 0.7507 -0.6349 -0.1827 0.1796 0.9448
1.3104 1.3119 -5.3411 0.7744 -0.5294 -0.3463 0.1789 0.9486
1.2971 1.2952 -5.3426 0.7507 -0.6349 -0.1827 0.1796 0.9448
1.3104 1.3119 -5.3411 0.7744 -0.5294 -0.3463 0.1789 0.9486
1.2982 1.3001 -5.3504 0.7744 -0.5294 -0.3463 0.1789 0.9486
1.8956 -0.0762 -5.4517 0.4453 0.3882 -0.8068 0.2045 0.9708
1.9125 -0.0762 -5.4423 0.4453 0.3882 -0.8068 0.2045 0.9708
1.9104 -0.0681 -5.4385 0.4002 0.5605 -0.7250 0.2082 0.9692
1.8956 -0.0762 -5.4517 0.4453 0.3882 -0.8068 0.2045 0.9708
1.9104 -0.0681 -5.4385 0.4002 0.5605 -0.7250 0.2082 0.9692
1.8935 -0.0681 -5.4478 0.4002 0.5605 -0.7250 0.2082 0.9692
1.3349 1.2213 -5.2992 -0.6696 0.1107 0.7345 0.2168 0.9405
1.3471 1.2330 -5.2899 -0.6696 0.1107 0.7345 0.2168 0.9405
1.3513 1.2256 -5.2861 -0.5802 -0.0450 0.8132 0.2145 0.9372
1.3349 1.2213 -5.2992 -0.6696 0.1107 0.7345 0.2168 0.9405
1.3513 1.2256 -5.2861 -0.5802 -0.0450 0.8132 0.2145 0.9372
1.3391 1.2139 -5.2955 -0.5802 -0.0450 0.8132 0.2145 0.9372
1.2982 1.3001 -5.3504 0.7744 -0.5294 -0.3463 0.1789 0.9486
1.3104 1.3119 -5.3411 0.7744 -0.5294 -0.3463 0.1789 0.9486
1.3101 1.3178 -5.3482 0.7684 -0.4037 -0.4966 0.1789 0.9526
1.2982 1.3001 -5.3504 0.7744 -0.5294 -0.3463 0.1789 0.9486
1.3101 1.3178 -5.3482 0.7684 -0.4037 -0.4966 0.1789 0.9526
1.2979 1.3061 -5.3575 0.7684 -0.4037 -0.4966 0.1789 0.9526
1.8935 -0.0681 -5.4478 0.4002 0.5605 -0.7250 0.2082 0.9692
1.9104 -0.0681 -5.4385 0.4002 0.5605 -0.7250 0.2082 0.9692
1.9075 -0.0609 -5.4333 0.3397 0.7113 -0.6153 0.2116 0.9670
1.8935 -0.0681 -5.4478 0.4002 0.5605 -0.7250 0.2082 0.9692
1.9075 -0.0609 -5.4333 0.3397 0.7113 -0.6153 0.2116 0.9670
1.8906 -0.0609 -5.4426 0.3397 0.7113 -0.6153 0.2116 0.9670
1.3391 1.2139 -5.2955 -0.5802 -0.0450 0.8132 0.2145 0.9372
1.3513 1.2256 -5.2861 -0.5802 -0.0450 0.8132 0.2145 0.9372
1.3566 1.2183 -5.2839 -0.4686 -0.1990 0.8607 0.2117 0.9343
1.3391 1.2139 -5.2955 -0.5802 -0.0450 0.8132 0.2145 0.9372
1.3566 1.2183 -5.2839 -0.4686 -0.1990 0.8607 0.2117 0.9343
1.3444 1.2066 -5.2933 -0.4686 -0.1990 0.8607 0.2117 0.9343
1.2979 1.3061 -5.3575 0.7684 -0.4037 -0.4966 0.1789 0.9526
1.3101 1.3178 -5.3482 0.7684 -0.4037 -0.4966 0.1789 0.9526
1.3084 1.3245 -5.3544 0.7329 -0.2624 -0.6277 0.1796 0.9564
1.2979 1.3061 -5.3575 0.7684 -0.4037 -0.4966 0.1789 0.9526
1.3084 1.3245 -5.3544 0.7329 -0.2624 -0.6277 0.1796 0.9564
1.2962 1.3128 -5.3637 0.7329 -0.2624 -0.6277 0.1796 0.9564
1.8906 -0.0609 -5.4426 0.3397 0.7113 -0.6153 0.2116 0.9670
1.9075 -0.0609 -5.4333 0.3397 0.7113 -0.6153 0.2116 0.9670
1.9041 -0.0551 -5.4269 0.2662 0.8348 -0.4820 0.2145 0.9641
1.8906 -0.0609 -5.4426 0.3397 0.7113 -0.6153 0.2116 0.9670
1.9041 -0.0551 -5.4269 0.2662 0.8348 -0.4820 0.2145 0.9641
1.8871 -0.0551 -5.4363 0.2662 0.8348 -0.4820 0.2145 0.9641
1.3444 1.2066 -5.2933 -0.4686 -0.1990 0.8607 0.2117 0.9343
1.3566 1.2183 -5.2839 -0.4686 -0.1990 0.8607 0.2117 0.9343
1.3627 1.2114 -5.2832 -0.3389 -0.3454 0.8751 0.2083 0.9320
1.3444 1.2066 -5.2933 -0.4686 -0.1990 0.8607 0.2117 0.9343
1.3627 1.2114 -5.2832 -0.3389 -0.3454 0.8751 0.2083 0.9320
1.3505 1.1997 -5.2926 -0.3389 -0.3454 0.8751 0.2083 0.9320
1.2962 1.3128 -5.3637 0.7329 -0.2624 -0.6277 0.1796 0.9564
1.3084 1.3245 -5.3544 0.7329 -0.2624 -0.6277 0.1796 0.9564
1.3054 1.3317 -5.3594 0.6692 -0.1111 -0.7348 0.1811 0.9601
1.2962 1.3128 -5.3637 0.7329 -0.2624 -0.6277 0.1796 0.9564
1.3054 1.3317 -5.3594 0.6692 -0.1111 -0.7348 0.1811 0.9601
1.2932 1.3200 -5.3688 0.6692 -0.1111 -0.7348 0.1811 0.9601
1.8871 -0.0551 -5.4363 0.2662 0.8348 -0.4820 0.2145 0.9641
1.9041 -0.0551 -5.4269 0.2662 0.8348 -0.4820 0.2145 0.9641
1.9001 -0.0508 -5.4198 0.1824 0.9262 -0.3301 0.2167 0.9607
1.8871 -0.0551 -5.4363 0.2662 0.8348 -0.4820 0.2145 0.9641
1.9001 -0.0508 -5.4198 0.1824 0.9262 -0.3301 0.2167 0.9607
1.8832 -0.0508 -5.4291 0.1824 0.9262 -0.3301 0.2167 0.9607
1.3505 1.1997 -5.2926 -0.3389 -0.3454 0.8751 0.2083 0.9320
1.3627 1.2114 -5.2832 -0.3389 -0.3454 0.8751 0.2083 0.9320
1.3695 1.2051 -5.2841 -0.1962 -0.4784 0.8559 0.2045 0.9305
1.3505 1.1997 -5.2926 -0.3389 -0.3454 0.8751 0.2083 0.9320
1.3695 1.2051 -5.2841 -0.1962 -0.4784 0.8559 0.2045 0.9305
1.3573 1.1934 -5.2935 -0.1962 -0.4784 0.8559 0.2045 0.9305
1.2932 1.3200 -5.3688 0.6692 -0.1111 -0.7348 0.1811 0.9601
1.3054 1.3317 -5.3594 0.6692 -0.1111 -0.7348 0.1811 0.9601
1.3012 1.3391 -5.3632 0.5797 0.0446 -0.8136 0.1833 0.9633
1.2932 1.3200 -5.3688 0.6692 -0.1111 -0.7348 0.1811 0.9601
1.3012 1.3391 -5.3632 0.5797 0.0446 -0.8136 0.1833 0.9633
1.2890 1.3273 -5.3725 0.5797 0.0446 -0.8136 0.1833 0.9633
1.8832 -0.0508 -5.4291 0.1824 0.9262 -0.3301 0.2167 0.9607
1.9001 -0.0508 -5.4198 0.1824 0.9262 -0.3301 0.2167 0.9607
1.8958 -0.0481 -5.4120 0.0916 0.9819 -0.1656 0.2182 0.9570
1.8832 -0.0508 -5.4291 0.1824 0.9262 -0.3301 0.2167 0.9607
1.8958 -0.0481 -5.4120 0.0916 0.9819 -0.1656 0.2182 0.9570
1.8789 -0.0481 -5.4213 0.0916 0.9819 -0.1656 0.2182 0.9570
1.3573 1.1934 -5.2935 -0.1962 -0.4784 0.8559 0.2045 0.9305
1.3695 1.2051 -5.2841 -0.1962 -0.4784 0.8559 0.2045 0.9305
1.3766 1.1997 -5.2866 -0.0460 -0.5931 0.8038 0.2006 0.9297
1.3573 1.1934 -5.2935 -0.1962 -0.4784 0.8559 0.2045 0.9305
1.3766 1.1997 -5.2866 -0.0460 -0.5931 0.8038 0.2006 0.9297
1.3644 1.1880 -5.2959 -0.0460 -0.5931 0.8038 0.2006 0.9297
1.2890 1.3273 -5.3725 0.5797 0.0446 -0.8136 0.1833 0.9633
1.3012 1.3391 -5.3632 0.5797 0.0446 -0.8136 0.1833 0.9633
1.2959 1.3463 -5.3654 0.4680 0.1985 -0.8611 0.1861 0.9661
1.2890 1.3273 -5.3725 0.5797 0.0446 -0.8136 0.1833 0.9633
1.2959 1.3463 -5.3654 0.4680 0.1985 -0.8611 0.1861 0.9661
1.2837 1.3346 -5.3748 0.4680 0.1985 -0.8611 0.1861 0.9661
1.8789 -0.0481 -5.4213 0.0916 0.9819 -0.1656 0.2182 0.9570
1.8958 -0.0481 -5.4120 0.0916 0.9819 -0.1656 0.2182 0.9570
1.8913 -0.0473 -5.4039 -0.0027 1.0000 0.0053 0.2190 0.9530
1.8789 -0.0481 -5.4213 0.0916 0.9819 -0.1656 0.2182 0.9570
1.8913 -0.0473 -5.4039 -0.0027 1.0000 0.0053 0.2190 0.9530
1.8744 -0.0473 -5.4132 -0.0027 1.0000 0.0053 0.2190 0.9530
1.3644 1.1880 -5.2959 -0.0460 -0.5931 0.8038 0.2006 0.9297
1.3766 1.1997 -5.2866 -0.0460 -0.5931 0.8038 0.2006 0.9297
1.3838 1.1953 -5.2905 0.1060 -0.6850 0.7208 0.1965 0.9297
1.3644 1.1880 -5.2959 -0.0460 -0.5931 0.8038 0.2006 0.9297
1.3838 1.1953 -5.2905 0.1060 -0.6850 0.7208 0.1965 0.9297
1.3716 1.1836 -5.2999 0.1060 -0.6850 0.7208 0.1965 0.9297
1.2837 1.3346 -5.3748 0.4680 0.1985 -0.8611 0.1861 0.9661
1.2959 1.3463 -5.3654 0.4680 0.1985 -0.8611 0.1861 0.9661
1.2897 1.3533 -5.3661 0.3383 0.3448 -0.8756 0.1894 0.9683
1.2837 1.3346 -5.3748 0.4680 0.1985 -0.8611 0.1861 0.9661
1.2897 1.3533 -5.3661 0.3383 0.3448 -0.8756 0.1894 0.9683
1.2775 1.3415 -5.3754 0.3383 0.3448 -0.8756 0.1894 0.9683
1.8744 -0.0473 -5.4132 -0.0027 1.0000 0.0053 0.2190 0.9530
1.8913 -0.0473 -5.4039 -0.0027 1.0000 0.0053 0.2190 0.9530
1.8869 -0.0482 -5.3958 -0.0969 0.9796 0.1760 0.2190 0.9490
1.8744 -0.0473 -5.4132 -0.0027 1.0000 0.0053 0.2190 0.9530
1.8869 -0.0482 -5.3958 -0.0969 0.9796 0.1760 0.2190 0.9490
1.8699 -0.0482 -5.4051 -0.0969 0.9796 0.1760 0.2190 0.9490
1.3716 1.1836 -5.2999 0.1060 -0.6850 0.7208 0.1965 0.9297
1.3838 1.1953 -5.2905 0.1060 -0.6850 0.7208 0.1965 0.9297
1.3908 1.1922 -5.2958 0.2539 -0.7505 0.6101 0.1925 0.9305
1.3716 1.1836 -5.2999 0.1060 -0.6850 0.7208 0.1965 0.9297
1.3908 1.1922 -5.2958 0.2539 -0.7505 0.6101 0.1925 0.9305
1.3786 1.1805 -5.3051 0.2539 -0.7505 0.6101 0.1925 0.9305
1.2775 1.3415 -5.3754 0.3383 0.3448 -0.8756 0.1894 0.9683
1.2897 1.3533 -5.3661 0.3383 0.3448 -0.8756 0.1894 0.9683
1.2830 1.3596 -5.3652 0.1956 0.4778 -0.8564 0.1930 0.9698
1.2775 1.3415 -5.3754 0.3383 0.3448 -0.8756 0.1894 0.9683
1.2830 1.3596 -5.3652 0.1956 0.4778 -0.8564 0.1930 0.9698
1.2708 1.3478 -5.3745 0.1956 0.4778 -0.8564 0.1930 0.9698
1.8699 -0.0482 -5.4051 -0.0969 0.9796 0.1760 0.2190 0.9490
1.8869 -0.0482 -5.3958 -0.0969 0.9796 0.1760 0.2190 0.9490
1.8826 -0.0510 -5.3880 -0.1874 0.9216 0.3400 0.2182 0.9450
1.8699 -0.0482 -5.4051 -0.0969 0.9796 0.1760 0.2190 0.9490
1.8826 -0.0510 -5.3880 -0.1874 0.9216 0.3400 0.2182 0.9450
1.8657 -0.0510 -5.3974 -0.1874 0.9216 0.3400 0.2182 0.9450
1.8659 0.0131 -5.3979 -0.1824 -0.9261 0.3301 0.1813 0.9410
1.8828 0.0131 -5.3885 -0.1824 -0.9261 0.3301 0.1813 0.9410
1.8871 0.0104 -5.3963 -0.0916 -0.9819 0.1656 0.1798 0.9446
1.8659 0.0131 -5.3979 -0.1824 -0.9261 0.3301 0.1813 0.9410
1.8871 0.0104 -5.3963 -0.0916 -0.9819 0.1656 0.1798 0.9446
1.8702 0.0104 -5.4056 -0.0916 -0.9819 0.1656 0.1798 0.9446
1.2708 1.3478 -5.3745 0.1956 0.4778 -0.8564 0.1930 0.9698
1.2830 1.3596 -5.3652 0.1956 0.4778 -0.8564 0.1930 0.9698
1.2759 1.3650 -5.3627 0.0454 0.5925 -0.8043 0.1969 0.9706
1.2708 1.3478 -5.3745 0.1956 0.4778 -0.8564 0.1930 0.9698
1.2759 1.3650 -5.3627 0.0454 0.5925 -0.8043 0.1969 0.9706
1.2637 1.3533 -5.3721 0.0454 0.5925 -0.8043 0.1969 0.9706
1.8657 -0.0510 -5.3974 -0.1874 0.9216 0.3400 0.2182 0.9450
1.8826 -0.0510 -5.3880 -0.1874 0.9216 0.3400 0.2182 0.9450
1.8786 -0.0554 -5.3809 -0.2707 0.8281 0.4908 0.2167 0.9413
1.8657 -0.0510 -5.3974 -0.1874 0.9216 0.3400 0.2182 0.9450
1.8786 -0.0554 -5.3809 -0.2707 0.8281 0.4908 0.2167 0.9413
1.8617 -0.0554 -5.3902 -0.2707 0.8281 0.4908 0.2167 0.9413
1.8702 0.0104 -5.4056 -0.0916 -0.9819 0.1656 0.1798 0.9446
1.8871 0.0104 -5.3963 -0.0916 -0.9819 0.1656 0.1798 0.9446
1.8916 0.0096 -5.4044 0.0027 -1.0000 -0.0053 0.1791 0.9484
1.8702 0.0104 -5.4056 -0.0916 -0.9819 0.1656 0.1798 0.9446
1.8916 0.0096 -5.4044 0.0027 -1.0000 -0.0053 0.1791 0.9484
1.8747 0.0096 -5.4137 0.0027 -1.0000 -0.0053 0.1791 0.9484
1.2637 1.3533 -5.3721 0.0454 0.5925 -0.8043 0.1969 0.9706
1.2759 1.3650 -5.3627 0.0454 0.5925 -0.8043 0.1969 0.9706
1.2687 1.3693 -5.3588 -0.1066 0.6844 -0.7213 0.2008 0.9706
1.2637 1.3533 -5.3721 0.0454 0.5925 -0.8043 0.1969 0.9706
1.2687 1.3693 -5.3588 -0.1066 0.6844 -0.7213 0.2008 0.9706
1.2565 1.3576 -5.3681 -0.1066 0.6844 -0.7213 0.2008 0.9706
1.8617 -0.0554 -5.3902 -0.2707 0.8281 0.4908 0.2167 0.9413
1.8786 -0.0554 -5.3809 -0.2707 0.8281 0.4908 0.2167 0.9413
1.8752 -0.0613 -5.3747 -0.3436 0.7028 0.6229 0.2145 0.9379
1.8617 -0.0554 -5.3902 -0.2707 0.8281 0.4908 0.2167 0.9413
1.8752 -0.0613 -5.3747 -0.3436 0.7028 0.6229 0.2145 0.9379
1.8583 -0.0613 -5.3840 -0.3436 0.7028 0.6229 0.2145 0.9379
1.8747 0.0096 -5.4137 0.0027 -1.0000 -0.0053 0.1791 0.9484
1.8916 0.0096 -5.4044 0.0027 -1.0000 -0.0053 0.1791 0.9484
1.8960 0.0105 -5.4125 0.0969 -0.9796 -0.1760 0.1791 0.9523
1.8747 0.0096 -5.4137 0.0027 -1.0000 -0.0053 0.1791 0.9484
1.8960 0.0105 -5.4125 0.0969 -0.9796 -0.1760 0.1791 0.9523
1.8791 0.0105 -5.4218 0.0969 -0.9796 -0.1760 0.1791 0.9523
1.2565 1.3576 -5.3681 -0.1066 0.6844 -0.7213 0.2008 0.9706
1.2687 1.3693 -5.3588 -0.1066 0.6844 -0.7213 0.2008 0.9706
1.2617 1.3725 -5.3536 -0.2544 0.7500 -0.6105 0.2047 0.9698
1.2565 1.3576 -5.3681 -0.1066 0.6844 -0.7213 0.2008 0.9706
1.2617 1.3725 -5.3536 -0.2544 0.7500 -0.6105 0.2047 0.9698
1.2495 1.3607 -5.3629 -0.2544 0.7500 -0.6105 0.2047 0.9698
1.8583 -0.0613 -5.3840 -0.3436 0.7028 0.6229 0.2145 0.9379
1.8752 -0.0613 -5.3747 -0.3436 0.7028 0.6229 0.2145 0.9379
1.8724 -0.0685 -5.3695 -0.4033 0.5506 0.7309 0.2116 0.9351
1.8583 -0.0613 -5.3840 -0.3436 0.7028 0.6229 0.2145 0.9379
1.8724 -0.0685 -5.3695 -0.4033 0.5506 0.7309 0.2116 0.9351
1.8554 -0.0685 -5.3789 -0.4033 0.5506 0.7309 0.2116 0.9351
1.8791 0.0105 -5.4218 0.0969 -0.9796 -0.1760 0.1791 0.9523
1.8960 0.0105 -5.4125 0.0969 -0.9796 -0.1760 0.1791 0.9523
1.9003 0.0133 -5.4202 0.1874 -0.9216 -0.3400 0.1798 0.9561
1.8791 0.0105 -5.4218 0.0969 -0.9796 -0.1760 0.1791 0.9523
1.9003 0.0133 -5.4202 0.1874 -0.9216 -0.3400 0.1798 0.9561
1.8834 0.0133 -5.4296 0.1874 -0.9216 -0.3400 0.1798 0.9561
1.2495 1.3607 -5.3629 -0.2544 0.7500 -0.6105 0.2047 0.9698
1.2617 1.3725 -5.3536 -0.2544 0.7500 -0.6105 0.2047 0.9698
1.2551 1.3742 -5.3472 -0.3925 0.7868 -0.4764 0.2083 0.9683
1.2495 1.3607 -5.3629 -0.2544 0.7500 -0.6105 0.2047 0.9698
1.2551 1.3742 -5.3472 -0.3925 0.7868 -0.4764 0.2083 0.9683
1.2429 1.3625 -5.3565 -0.3925 0.7868 -0.4764 0.2083 0.9683
1.8554 -0.0685 -5.3789 -0.4033 0.5506 0.7309 0.2116 0.9351
1.8724 -0.0685 -5.3695 -0.4033 0.5506 0.7309 0.2116 0.9351
1.8703 -0.0768 -5.3657 -0.4474 0.3771 0.8109 0.2082 0.9328
1.8554 -0.0685 -5.3789 -0.4033 0.5506 0.7309 0.2116 0.9351
1.8703 -0.0768 -5.3657 -0.4474 0.3771 0.8109 0.2082 0.9328
1.8533 -0.0768 -5.3751 -0.4474 0.3771 0.8109 0.2082 0.9328
1.8834 0.0133 -5.4296 0.1874 -0.9216 -0.3400 0.1798 0.9561
1.9003 0.0133 -5.4202 0.1874 -0.9216 -0.3400 0.1798 0.9561
1.9043 0.0177 -5.4274 0.2707 -0.8281 -0.4909 0.1813 0.9597
1.8834 0.0133 -5.4296 0.1874 -0.9216 -0.3400 0.1798 0.9561
1.9043 0.0177 -5.4274 0.2707 -0.8281 -0.4909 0.1813 0.9597
1.8873 0.0177 -5.4367 0.2707 -0.8281 -0.4909 0.1813 0.9597
1.2429 1.3625 -5.3565 -0.3925 0.7868 -0.4764 0.2083 0.9683
1.2551 1.3742 -5.3472 -0.3925 0.7868 -0.4764 0.2083 0.9683
1.2493 1.3745 -5.3400 -0.5155 0.7933 -0.3239 0.2116 0.9661
1.2429 1.3625 -5.3565 -0.3925 0.7868 -0.4764 0.2083 0.9683
1.2493 1.3745 -5.3400 -0.5155 0.7933 -0.3239 0.2116 0.9661
1.2371 1.3628 -5.3493 -0.5155 0.7933 -0.3239 0.2116 0.9661
1.8533 -0.0768 -5.3751 -0.4474 0.3771 0.8109 0.2082 0.9328
1.8703 -0.0768 -5.3657 -0.4474 0.3771 0.8109 0.2082 0.9328
1.8690 -0.0857 -5.3634 -0.4744 0.1892 0.8597 0.2045 0.9313
1.8533 -0.0768 -5.3751 -0.4474 0.3771 0.8109 0.2082 0.9328
1.8690 -0.0857 -5.3634 -0.4744 0.1892 0.8597 0.2045 0.9313
1.8521 -0.0856 -5.3728 -0.4744 0.1892 0.8597 0.2045 0.9313
1.8873 0.0177 -5.4367 0.2707 -0.8281 -0.4909 0.1813 0.9597
1.9043 0.0177 -5.4274 0.2707 -0.8281 -0.4909 0.1813 0.9597
1.9077 0.0236 -5.4336 0.3436 -0.7029 -0.6228 0.1835 0.9629
1.8873 0.0177 -5.4367 0.2707 -0.8281 -0.4909 0.1813 0.9597
1.9077 0.0236 -5.4336 0.3436 -0.7029 -0.6228 0.1835 0.9629
1.8908 0.0236 -5.4430 0.3436 -0.7029 -0.6228 0.1835 0.9629
1.2371 1.3628 -5.3493 -0.5155 0.7933 -0.3239 0.2116 0.9661
1.2493 1.3745 -5.3400 -0.5155 0.7933 -0.3239 0.2116 0.9661
1.2444 1.3734 -5.3322 -0.6187 0.7694 -0.1589 0.2144 0.9633
1.2371 1.3628 -5.3493 -0.5155 0.7933 -0.3239 0.2116 0.9661
1.2444 1.3734 -5.3322 -0.6187 0.7694 -0.1589 0.2144 0.9633
1.2322 1.3616 -5.3415 -0.6187 0.7694 -0.1589 0.2144 0.9633
1.8521 -0.0856 -5.3728 -0.4744 0.1892 0.8597 0.2045 0.9313
1.8690 -0.0857 -5.3634 -0.4744 0.1892 0.8597 0.2045 0.9313
1.8686 -0.0949 -5.3627 -0.4832 -0.0060 0.8755 0.2005 0.9305
1.8521 -0.0856 -5.3728 -0.4744 0.1892 0.8597 0.2045 0.9313
1.8686 -0.0949 -5.3627 -0.4832 -0.0060 0.8755 0.2005 0.9305
1.8517 -0.0949 -5.3720 -0.4832 -0.0060 0.8755 0.2005 0.9305
1.8908 0.0236 -5.4430 0.3436 -0.7029 -0.6228 0.1835 0.9629
1.9077 0.0236 -5.4336 0.3436 -0.7029 -0.6228 0.1835 0.9629
1.9105 0.0308 -5.4387 0.4032 -0.5506 -0.7309 0.1862 0.9656
1.8908 0.0236 -5.4430 0.3436 -0.7029 -0.6228 0.1835 0.9629
1.9105 0.0308 -5.4387 0.4032 -0.5506 -0.7309 0.1862 0.9656
1.8936 0.0308 -5.4481 0.4032 -0.5506 -0.7309 0.1862 0.9656
1.2322 1.3616 -5.3415 -0.6187 0.7694 -0.1589 0.2144 0.9633
1.2444 1.3734 -5.3322 -0.6187 0.7694 -0.1589 0.2144 0.9633
1.2407 1.3708 -5.3241 -0.6981 0.7159 0.0122 0.2166 0.9601
1.2322 1.3616 -5.3415 -0.6187 0.7694 -0.1589 0.2144 0.9633
1.2407 1.3708 -5.3241 -0.6981 0.7159 0.0122 0.2166 0.9601
1.2285 1.3591 -5.3334 -0.6981 0.7159 0.0122 0.2166 0.9601
1.8517 -0.0949 -5.3720 -0.4832 -0.0060 0.8755 0.2005 0.9305
1.8686 -0.0949 -5.3627 -0.4832 -0.0060 0.8755 0.2005 0.9305
1.8691 -0.1041 -5.3635 -0.4733 -0.2010 0.8576 0.1965 0.9305
1.8517 -0.0949 -5.3720 -0.4832 -0.0060 0.8755 0.2005 0.9305
1.8691 -0.1041 -5.3635 -0.4733 -0.2010 0.8576 0.1965 0.9305
1.8521 -0.1041 -5.3729 -0.4733 -0.2010 0.8576 0.1965 0.9305
0.0944 1.8667 -5.3962 0.3833 -0.4443 0.8097 0.1807 0.9409
0.0943 1.8836 -5.3869 0.3833 -0.4443 0.8097 0.1807 0.9409
0.1025 1.8858 -5.3907 0.5562 -0.3988 0.7291 0.1792 0.9446
0.0944 1.8667 -5.3962 0.3833 -0.4443 0.8097 0.1807 0.9409
0.1025 1.8858 -5.3907 0.5562 -0.3988 0.7291 0.1792 0.9446
0.1026 1.8688 -5.4001 0.5562 -0.3988 0.7291 0.1792 0.9446
1.8936 0.0308 -5.4481 0.4032 -0.5506 -0.7309 0.1862 0.9656
1.9105 0.0308 -5.4387 0.4032 -0.5506 -0.7309 0.1862 0.9656
1.9126 0.0390 -5.4425 0.4474 -0.3771 -0.8109 0.1894 0.9678
1.8936 0.0308 -5.4481 0.4032 -0.5506 -0.7309 0.1862 0.9656
1.9126 0.0390 -5.4425 0.4474 -0.3771 -0.8109 0.1894 0.9678
1.8957 0.0390 -5.4519 0.4474 -0.3771 -0.8109 0.1894 0.9678
1.2285 1.3591 -5.3334 -0.6981 0.7159 0.0122 0.2166 0.9601
1.2407 1.3708 -5.3241 -0.6981 0.7159 0.0122 0.2166 0.9601
1.2382 1.3670 -5.3160 -0.7507 0.6349 0.1827 0.2181 0.9564
1.2285 1.3591 -5.3334 -0.6981 0.7159 0.0122 0.2166 0.9601
1.2382 1.3670 -5.3160 -0.7507 0.6349 0.1827 0.2181 0.9564
1.2260 1.3553 -5.3253 -0.7507 0.6349 0.1827 0.2181 0.9564
1.8521 -0.1041 -5.3729 -0.4733 -0.2010 0.8576 0.1965 0.9305
1.8691 -0.1041 -5.3635 -0.4733 -0.2010 0.8576 0.1965 0.9305
1.8704 -0.1130 -5.3659 -0.4453 -0.3882 0.8068 0.1925 0.9313
1.8521 -0.1041 -5.3729 -0.4733 -0.2010 0.8576 0.1965 0.9305
1.8704 -0.1130 -5.3659 -0.4453 -0.3882 0.8068 0.1925 0.9313
1.8534 -0.1130 -5.3753 -0.4453 -0.3882 0.8068 0.1925 0.9313
0.1026 1.8688 -5.4001 0.5562 -0.3988 0.7291 0.1792 0.9446
0.1025 1.8858 -5.3907 0.5562 -0.3988 0.7291 0.1792 0.9446
0.1097 1.8887 -5.3958 0.7076 -0.3379 0.6206 0.1784 0.9485
0.1026 1.8688 -5.4001 0.5562 -0.3988 0.7291 0.1792 0.9446
0.1097 1.8887 -5.3958 0.7076 -0.3379 0.6206 0.1784 0.9485
0.1098 1.8717 -5.4052 0.7076 -0.3379 0.6206 0.1784 0.9485
1.8957 0.0390 -5.4519 0.4474 -0.3771 -0.8109 0.1894 0.9678
1.9126 0.0390 -5.4425 0.4474 -0.3771 -0.8109 0.1894 0.9678
1.9139 0.0479 -5.4448 0.4744 -0.1892 -0.8597 0.1930 0.9693
1.8957 0.0390 -5.4519 0.4474 -0.3771 -0.8109 0.1894 0.9678
1.9139 0.0479 -5.4448 0.4744 -0.1892 -0.8597 0.1930 0.9693
1.8970 0.0479 -5.4542 0.4744 -0.1892 -0.8597 0.1930 0.9693
1.2260 1.3553 -5.3253 -0.7507 0.6349 0.1827 0.2181 0.9564
1.2382 1.3670 -5.3160 -0.7507 0.6349 0.1827 0.2181 0.9564
1.2371 1.3620 -5.3083 -0.7744 0.5294 0.3463 0.2189 0.9526
1.2260 1.3553 -5.3253 -0.7507 0.6349 0.1827 0.2181 0.9564
1.2371 1.3620 -5.3083 -0.7744 0.5294 0.3463 0.2189 0.9526
1.2249 1.3503 -5.3176 -0.7744 0.5294 0.3463 0.2189 0.9526
1.8534 -0.1130 -5.3753 -0.4453 -0.3882 0.8068 0.1925 0.9313
1.8704 -0.1130 -5.3659 -0.4453 -0.3882 0.8068 0.1925 0.9313
1.8725 -0.1211 -5.3698 -0.4002 -0.5605 0.7250 0.1888 0.9328
1.8534 -0.1130 -5.3753 -0.4453 -0.3882 0.8068 0.1925 0.9313
1.8725 -0.1211 -5.3698 -0.4002 -0.5605 0.7250 0.1888 0.9328
1.8556 -0.1211 -5.3792 -0.4002 -0.5605 0.7250 0.1888 0.9328
0.1098 1.8717 -5.4052 0.7076 -0.3379 0.6206 0.1784 0.9485
0.1097 1.8887 -5.3958 0.7076 -0.3379 0.6206 0.1784 0.9485
0.1156 1.8921 -5.4021 0.8319 -0.2640 0.4882 0.1784 0.9525
0.1098 1.8717 -5.4052 0.7076 -0.3379 0.6206 0.1784 0.9485
0.1156 1.8921 -5.4021 0.8319 -0.2640 0.4882 0.1784 0.9525
0.1157 1.8752 -5.4115 0.8319 -0.2640 0.4882 0.1784 0.9525
1.8970 0.0479 -5.4542 0.4744 -0.1892 -0.8597 0.1930 0.9693
1.9139 0.0479 -5.4448 0.4744 -0.1892 -0.8597 0.1930 0.9693
1.9143 0.0572 -5.4456 0.4832 0.0060 -0.8755 0.1968 0.9700
1.8970 0.0479 -5.4542 0.4744 -0.1892 -0.8597 0.1930 0.9693
1.9143 0.0572 -5.4456 0.4832 0.0060 -0.8755 0.1968 0.9700
1.8974 0.0572 -5.4549 0.4832 0.0060 -0.8755 0.1968 0.9700
1.2249 1.3503 -5.3176 -0.7744 0.5294 0.3463 0.2189 0.9526
1.2371 1.3620 -5.3083 -0.7744 0.5294 0.3463 0.2189 0.9526
1.2374 1.3561 -5.3012 -0.7684 0.4037 0.4966 0.2189 0.9486
1.2249 1.3503 -5.3176 -0.7744 0.5294 0.3463 0.2189 0.9526
1.2374 1.3561 -5.3012 -0.7684 0.4037 0.4966 0.2189 0.9486
1.2251 1.3443 -5.3105 -0.7684 0.4037 0.4966 0.2189 0.9486
1.8556 -0.1211 -5.3792 -0.4002 -0.5605 0.7250 0.1888 0.9328
1.8725 -0.1211 -5.3698 -0.4002 -0.5605 0.7250 0.1888 0.9328
1.8754 -0.1283 -5.3750 -0.3397 -0.7113 0.6153 0.1854 0.9351
1.8556 -0.1211 -5.3792 -0.4002 -0.5605 0.7250 0.1888 0.9328
1.8754 -0.1283 -5.3750 -0.3397 -0.7113 0.6153 0.1854 0.9351
1.8584 -0.1283 -5.3844 -0.3397 -0.7113 0.6153 0.1854 0.9351
0.1157 1.8752 -5.4115 0.8319 -0.2640 0.4882 0.1784 0.9525
0.1156 1.8921 -5.4021 0.8319 -0.2640 0.4882 0.1784 0.9525
0.1199 1.8961 -5.4093 0.9241 -0.1800 0.3370 0.1792 0.9565
0.1157 1.8752 -5.4115 0.8319 -0.2640 0.4882 0.1784 0.9525
0.1199 1.8961 -5.4093 0.9241 -0.1800 0.3370 0.1792 0.9565
0.1200 1.8792 -5.4186 0.9241 -0.1800 0.3370 0.1792 0.9565
1.8974 0.0572 -5.4549 0.4832 0.0060 -0.8755 0.1968 0.9700
1.9143 0.0572 -5.4456 0.4832 0.0060 -0.8755 0.1968 0.9700
1.9139 0.0664 -5.4447 0.4733 0.2010 -0.8576 0.2007 0.9700
1.8974 0.0572 -5.4549 0.4832 0.0060 -0.8755 0.1968 0.9700
1.9139 0.0664 -5.4447 0.4733 0.2010 -0.8576 0.2007 0.9700
1.8969 0.0664 -5.4541 0.4733 0.2010 -0.8576 0.2007 0.9700
1.2251 1.3443 -5.3105 -0.7684 0.4037 0.4966 0.2189 0.9486
1.2374 1.3561 -5.3012 -0.7684 0.4037 0.4966 0.2189 0.9486
1.2390 1.3494 -5.2949 -0.7329 0.2624 0.6277 0.2181 0.9448
1.2251 1.3443 -5.3105 -0.7684 0.4037 0.4966 0.2189 0.9486
1.2390 1.3494 -5.2949 -0.7329 0.2624 0.6277 0.2181 0.9448
1.2268 1.3376 -5.3043 -0.7329 0.2624 0.6277 0.2181 0.9448
1.8584 -0.1283 -5.3844 -0.3397 -0.7113 0.6153 0.1854 0.9351
1.8754 -0.1283 -5.3750 -0.3397 -0.7113 0.6153 0.1854 0.9351
1.8789 -0.1341 -5.3813 -0.2662 -0.8348 0.4820 0.1826 0.9379
1.8584 -0.1283 -5.3844 -0.3397 -0.7113 0.6153 0.1854 0.9351
1.8789 -0.1341 -5.3813 -0.2662 -0.8348 0.4820 0.1826 0.9379
1.8619 -0.1341 -5.3907 -0.2662 -0.8348 0.4820 0.1826 0.9379
0.1200 1.8792 -5.4186 0.9241 -0.1800 0.3370 0.1792 0.9565
0.1199 1.8961 -5.4093 0.9241 -0.1800 0.3370 0.1792 0.9565
0.1226 1.9004 -5.4170 0.9809 -0.0891 0.1729 0.1807 0.9602
0.1200 1.8792 -5.4186 0.9241 -0.1800 0.3370 0.1792 0.9565
0.1226 1.9004 -5.4170 0.9809 -0.0891 0.1729 0.1807 0.9602
0.1227 1.8835 -5.4264 0.9809 -0.0891 0.1729 0.1807 0.9602
1.8969 0.0664 -5.4541 0.4733 0.2010 -0.8576 0.2007 0.9700
1.9139 0.0664 -5.4447 0.4733 0.2010 -0.8576 0.2007 0.9700
1.9125 0.0753 -5.4423 0.4453 0.3882 -0.8068 0.2045 0.9693
1.8969 0.0664 -5.4541 0.4733 0.2010 -0.8576 0.2007 0.9700
1.9125 0.0753 -5.4423 0.4453 0.3882 -0.8068 0.2045 0.9693
1.8956 0.0753 -5.4517 0.4453 0.3882 -0.8068 0.2045 0.9693
1.2268 1.3376 -5.3043 -0.7329 0.2624 0.6277 0.2181 0.9448
1.2390 1.3494 -5.2949 -0.7329 0.2624 0.6277 0.2181 0.9448
1.2421 1.3422 -5.2899 -0.6692 0.1110 0.7348 0.2166 0.9411
1.2268 1.3376 -5.3043 -0.7329 0.2624 0.6277 0.2181 0.9448
1.2421 1.3422 -5.2899 -0.6692 0.1110 0.7348 0.2166 0.9411
1.2298 1.3305 -5.2992 -0.6692 0.1110 0.7348 0.2166 0.9411
1.8619 -0.1341 -5.3907 -0.2662 -0.8348 0.4820 0.1826 0.9379
1.8789 -0.1341 -5.3813 -0.2662 -0.8348 0.4820 0.1826 0.9379
1.8828 -0.1384 -5.3885 -0.1824 -0.9262 0.3301 0.1803 0.9413
1.8619 -0.1341 -5.3907 -0.2662 -0.8348 0.4820 0.1826 0.9379
1.8828 -0.1384 -5.3885 -0.1824 -0.9262 0.3301 0.1803 0.9413
1.8659 -0.1384 -5.3979 -0.1824 -0.9262 0.3301 0.1803 0.9413
0.1227 1.8835 -5.4264 0.9809 -0.0891 0.1729 0.1807 0.9602
0.1226 1.9004 -5.4170 0.9809 -0.0891 0.1729 0.1807 0.9602
0.1235 1.9049 -5.4251 1.0000 0.0053 0.0021 0.1829 0.9635
0.1227 1.8835 -5.4264 0.9809 -0.0891 0.1729 0.1807 0.9602
0.1235 1.9049 -5.4251 1.0000 0.0053 0.0021 0.1829 0.9635
0.1236 1.8880 -5.4345 1.0000 0.0053 0.0021 0.1829 0.9635
1.8956 0.0753 -5.4517 0.4453 0.3882 -0.8068 0.2045 0.9693
1.9125 0.0753 -5.4423 0.4453 0.3882 -0.8068 0.2045 0.9693
1.9104 0.0834 -5.4385 0.4002 0.5605 -0.7250 0.2081 0.9678
1.8956 0.0753 -5.4517 0.4453 0.3882 -0.8068 0.2045 0.9693
1.9104 0.0834 -5.4385 0.4002 0.5605 -0.7250 0.2081 0.9678
1.8935 0.0834 -5.4478 0.4002 0.5605 -0.7250 0.2081 0.9678
1.2298 1.3305 -5.2992 -0.6692 0.1110 0.7348 0.2166 0.9411
1.2421 1.3422 -5.2899 -0.6692 0.1110 0.7348 0.2166 0.9411
1.2463 1.3348 -5.2861 -0.5797 -0.0446 0.8136 0.2144 0.9379
1.2298 1.3305 -5.2992 -0.6692 0.1110 0.7348 0.2166 0.9411
1.2463 1.3348 -5.2861 -0.5797 -0.0446 0.8136 0.2144 0.9379
1.2341 1.3231 -5.2955 -0.5797 -0.0446 0.8136 0.2144 0.9378
0.0945 1.1020 -4.1147 0.3827 -0.4716 0.7944 0.1813 0.9408
0.0945 1.1186 -4.1048 0.3827 -0.4716 0.7944 0.1813 0.9408
0.1027 1.1208 -4.1086 0.5556 -0.4245 0.7150 0.1798 0.9445
0.0945 1.1020 -4.1147 0.3827 -0.4716 0.7944 0.1813 0.9408
0.1027 1.1208 -4.1086 0.5556 -0.4245 0.7150 0.1798 0.9445
0.1027 1.1042 -4.1185 0.5556 -0.4245 0.7150 0.1798 0.9445
0.1236 1.8880 -5.4345 1.0000 0.0053 0.0021 0.1829 0.9635
0.1235 1.9049 -5.4251 1.0000 0.0053 0.0021 0.1829 0.9635
0.1226 1.9094 -5.4332 0.9806 0.0995 -0.1687 0.1857 0.9663
0.1236 1.8880 -5.4345 1.0000 0.0053 0.0021 0.1829 0.9635
0.1226 1.9094 -5.4332 0.9806 0.0995 -0.1687 0.1857 0.9663
0.1227 1.8924 -5.4426 0.9806 0.0995 -0.1687 0.1857 0.9663
1.8935 0.0834 -5.4478 0.4002 0.5605 -0.7250 0.2081 0.9678
1.9104 0.0834 -5.4385 0.4002 0.5605 -0.7250 0.2081 0.9678
1.9075 0.0906 -5.4333 0.3397 0.7113 -0.6153 0.2113 0.9656
1.8935 0.0834 -5.4478 0.4002 0.5605 -0.7250 0.2081 0.9678
1.9075 0.0906 -5.4333 0.3397 0.7113 -0.6153 0.2113 0.9656
1.8906 0.0906 -5.4426 0.3397 0.7113 -0.6153 0.2113 0.9656
1.2341 1.3231 -5.2955 -0.5797 -0.0446 0.8136 0.2144 0.9378
1.2463 1.3348 -5.2861 -0.5797 -0.0446 0.8136 0.2144 0.9379
1.2516 1.3276 -5.2839 -0.4680 -0.1985 0.8612 0.2116 0.9351
1.2341 1.3231 -5.2955 -0.5797 -0.0446 0.8136 0.2144 0.9378
1.2516 1.3276 -5.2839 -0.4680 -0.1985 0.8612 0.2116 0.9351
1.2394 1.3158 -5.2932 -0.4680 -0.1985 0.8612 0.2116 0.9351
0.1027 1.1042 -4.1185 0.5556 -0.4245 0.7150 0.1798 0.9445
0.1027 1.1208 -4.1086 0.5556 -0.4245 0.7150 0.1798 0.9445
0.1099 1.1238 -4.1136 0.7071 -0.3610 0.6080 0.1790 0.9483
0.1027 1.1042 -4.1185 0.5556 -0.4245 0.7150 0.1798 0.9445
0.1099 1.1238 -4.1136 0.7071 -0.3610 0.6080 0.1790 0.9483
0.1099 1.1072 -4.1235 0.7071 -0.3610 0.6080 0.1790 0.9483
0.1227 1.8924 -5.4426 0.9806 0.0995 -0.1687 0.1857 0.9663
0.1226 1.9094 -5.4332 0.9806 0.0995 -0.1687 0.1857 0.9663
0.1199 1.9136 -5.4410 0.9236 0.1898 -0.3331 0.1891 0.9685
0.1227 1.8924 -5.4426 0.9806 0.0995 -0.1687 0.1857 0.9663
0.1199 1.9136 -5.4410 0.9236 0.1898 -0.3331 0.1891 0.9685
0.1200 1.8967 -5.4503 0.9236 0.1898 -0.3331 0.1891 0.9685
1.8906 0.0906 -5.4426 0.3397 0.7113 -0.6153 0.2113 0.9656
1.9075 0.0906 -5.4333 0.3397 0.7113 -0.6153 0.2113 0.9656
1.9041 0.0964 -5.4269 0.2662 0.8348 -0.4820 0.2141 0.9629
1.8906 0.0906 -5.4426 0.3397 0.7113 -0.6153 0.2113 0.9656
1.9041 0.0964 -5.4269 0.2662 0.8348 -0.4820 0.2141 0.9629
1.8871 0.0964 -5.4363 0.2662 0.8348 -0.4820 0.2141 0.9629
1.2394 1.3158 -5.2932 -0.4680 -0.1985 0.8612 0.2116 0.9351
1.2516 1.3276 -5.2839 -0.4680 -0.1985 0.8612 0.2116 0.9351
1.2577 1.3206 -5.2832 -0.3383 -0.3448 0.8756 0.2083 0.9329
1.2394 1.3158 -5.2932 -0.4680 -0.1985 0.8612 0.2116 0.9351
1.2577 1.3206 -5.2832 -0.3383 -0.3448 0.8756 0.2083 0.9329
1.2455 1.3089 -5.2926 -0.3383 -0.3448 0.8756 0.2083 0.9329
0.1099 1.1072 -4.1235 0.7071 -0.3610 0.6080 0.1790 0.9483
0.1099 1.1238 -4.1136 0.7071 -0.3610 0.6080 0.1790 0.9483
0.1158 1.1275 -4.1198 0.8315 -0.2836 0.4777 0.1790 0.9523
0.1099 1.1072 -4.1235 0.7071 -0.3610 0.6080 0.1790 0.9483
0.1158 1.1275 -4.1198 0.8315 -0.2836 0.4777 0.1790 0.9523
0.1158 1.1109 -4.1297 0.8315 -0.2836 0.4777 0.1790 0.9523
0.1200 1.8967 -5.4503 0.9236 0.1898 -0.3331 0.1891 0.9685
0.1199 1.9136 -5.4410 0.9236 0.1898 -0.3331 0.1891 0.9685
0.1155 1.9176 -5.4482 0.8311 0.2728 -0.4847 0.1928 0.9701
0.1200 1.8967 -5.4503 0.9236 0.1898 -0.3331 0.1891 0.9685
0.1155 1.9176 -5.4482 0.8311 0.2728 -0.4847 0.1928 0.9701
0.1156 1.9006 -5.4575 0.8311 0.2728 -0.4847 0.1928 0.9701
1.8871 0.0964 -5.4363 0.2662 0.8348 -0.4820 0.2141 0.9629
1.9041 0.0964 -5.4269 0.2662 0.8348 -0.4820 0.2141 0.9629
1.9001 0.1007 -5.4198 0.1824 0.9262 -0.3301 0.2162 0.9597
1.8871 0.0964 -5.4363 0.2662 0.8348 -0.4820 0.2141 0.9629
1.9001 0.1007 -5.4198 0.1824 0.9262 -0.3301 0.2162 0.9597
1.8832 0.1007 -5.4291 0.1824 0.9262 -0.3301 0.2162 0.9597
1.2455 1.3089 -5.2926 -0.3383 -0.3448 0.8756 0.2083 0.9329
1.2577 1.3206 -5.2832 -0.3383 -0.3448 0.8756 0.2083 0.9329
1.2645 1.3143 -5.2841 -0.1956 -0.4778 0.8564 0.2047 0.9314
1.2455 1.3089 -5.2926 -0.3383 -0.3448 0.8756 0.2083 0.9329
1.2645 1.3143 -5.2841 -0.1956 -0.4778 0.8564 0.2047 0.9314
1.2523 1.3026 -5.2935 -0.1956 -0.4778 0.8564 0.2047 0.9314
0.1158 1.1109 -4.1297 0.8315 -0.2836 0.4777 0.1790 0.9523
0.1158 1.1275 -4.1198 0.8315 -0.2836 0.4777 0.1790 0.9523
0.1201 1.1317 -4.1269 0.9239 -0.1953 0.3291 0.1798 0.9561
0.1158 1.1109 -4.1297 0.8315 -0.2836 0.4777 0.1790 0.9523
0.1201 1.1317 -4.1269 0.9239 -0.1953 0.3291 0.1798 0.9561
0.1201 1.1151 -4.1367 0.9239 -0.1953 0.3291 0.1798 0.9561
0.1156 1.9006 -5.4575 0.8311 0.2728 -0.4847 0.1928 0.9701
0.1155 1.9176 -5.4482 0.8311 0.2728 -0.4847 0.1928 0.9701
0.1096 1.9210 -5.4545 0.7066 0.3454 -0.6176 0.1967 0.9708
0.1156 1.9006 -5.4575 0.8311 0.2728 -0.4847 0.1928 0.9701
0.1096 1.9210 -5.4545 0.7066 0.3454 -0.6176 0.1967 0.9708
0.1097 1.9041 -5.4638 0.7066 0.3454 -0.6176 0.1967 0.9708
1.8832 0.1007 -5.4291 0.1824 0.9262 -0.3301 0.2162 0.9597
1.9001 0.1007 -5.4198 0.1824 0.9262 -0.3301 0.2162 0.9597
1.8958 0.1034 -5.4120 0.0916 0.9819 -0.1656 0.2177 0.9561
1.8832 0.1007 -5.4291 0.1824 0.9262 -0.3301 0.2162 0.9597
1.8958 0.1034 -5.4120 0.0916 0.9819 -0.1656 0.2177 0.9561
1.8789 0.1034 -5.4213 0.0916 0.9819 -0.1656 0.2177 0.9561
1.2523 1.3026 -5.2935 -0.1956 -0.4778 0.8564 0.2047 0.9314
1.2645 1.3143 -5.2841 -0.1956 -0.4778 0.8564 0.2047 0.9314
1.2716 1.3089 -5.2866 -0.0454 -0.5925 0.8043 0.2008 0.9306
1.2523 1.3026 -5.2935 -0.1956 -0.4778 0.8564 0.2047 0.9314
1.2716 1.3089 -5.2866 -0.0454 -0.5925 0.8043 0.2008 0.9306
1.2594 1.2972 -5.2959 -0.0454 -0.5925 0.8043 0.2008 0.9306
0.1201 1.1151 -4.1367 0.9239 -0.1953 0.3291 0.1798 0.9561
0.1201 1.1317 -4.1269 0.9239 -0.1953 0.3291 0.1798 0.9561
0.1228 1.1362 -4.1345 0.9808 -0.0996 0.1678 0.1813 0.9598
0.1201 1.1151 -4.1367 0.9239 -0.1953 0.3291 0.1798 0.9561
0.1228 1.1362 -4.1345 0.9808 -0.0996 0.1678 0.1813 0.9598
0.1228 1.1196 -4.1444 0.9808 -0.0996 0.1678 0.1813 0.9598
0.1097 1.9041 -5.4638 0.7066 0.3454 -0.6176 0.1967 0.9708
0.1096 1.9210 -5.4545 0.7066 0.3454 -0.6176 0.1967 0.9708
0.1025 1.9238 -5.4596 0.5550 0.4047 -0.7268 0.2007 0.9708
0.1097 1.9041 -5.4638 0.7066 0.3454 -0.6176 0.1967 0.9708
0.1025 1.9238 -5.4596 0.5550 0.4047 -0.7268 0.2007 0.9708
0.1026 1.9069 -5.4690 0.5550 0.4047 -0.7268 0.2007 0.9708
1.8789 0.1034 -5.4213 0.0916 0.9819 -0.1656 0.2177 0.9561
1.8958 0.1034 -5.4120 0.0916 0.9819 -0.1656 0.2177 0.9561
1.8913 0.1042 -5.4039 -0.0027 1.0000 0.0053 0.2185 0.9523
1.8789 0.1034 -5.4213 0.0916 0.9819 -0.1656 0.2177 0.9561
1.8913 0.1042 -5.4039 -0.0027 1.0000 0.0053 0.2185 0.9523
1.8744 0.1042 -5.4132 -0.0027 1.0000 0.0053 0.2185 0.9523
1.2594 1.2972 -5.2959 -0.0454 -0.5925 0.8043 0.2008 0.9306
1.2716 1.3089 -5.2866 -0.0454 -0.5925 0.8043 0.2008 0.9306
1.2788 1.3046 -5.2905 0.1066 -0.6844 0.7213 0.1969 0.9306
1.2594 1.2972 -5.2959 -0.0454 -0.5925 0.8043 0.2008 0.9306
1.2788 1.3046 -5.2905 0.1066 -0.6844 0.7213 0.1969 0.9306
1.2666 1.2928 -5.2999 0.1066 -0.6844 0.7213 0.1969 0.9306
0.1228 1.1196 -4.1444 0.9808 -0.0996 0.1678 0.1813 0.9598
0.1228 1.1362 -4.1345 0.9808 -0.0996 0.1678 0.1813 0.9598
0.1237 1.1409 -4.1424 1.0000 0.0000 -0.0000 0.1835 0.9631
0.1228 1.1196 -4.1444 0.9808 -0.0996 0.1678 0.1813 0.9598
0.1237 1.1409 -4.1424 1.0000 0.0000 -0.0000 0.1835 0.9631
0.1237 1.1243 -4.1523 1.0000 0.0000 -0.0000 0.1835 0.9631
0.1026 1.9069 -5.4690 0.5550 0.4047 -0.7268 0.2007 0.9708
0.1025 1.9238 -5.4596 0.5550 0.4047 -0.7268 0.2007 0.9708
0.0943 1.9259 -5.4635 0.3820 0.4484 -0.8081 0.2046 0.9701
0.1026 1.9069 -5.4690 0.5550 0.4047 -0.7268 0.2007 0.9708
0.0943 1.9259 -5.4635 0.3820 0.4484 -0.8081 0.2046 0.9701
0.0944 1.9089 -5.4728 0.3820 0.4484 -0.8081 0.2046 0.9701
1.8744 0.1042 -5.4132 -0.0027 1.0000 0.0053 0.2185 0.9523
1.8913 0.1042 -5.4039 -0.0027 1.0000 0.0053 0.2185 0.9523
1.8869 0.1033 -5.3958 -0.0969 0.9796 0.1760 0.2185 0.9484
1.8744 0.1042 -5.4132 -0.0027 1.0000 0.0053 0.2185 0.9523
1.8869 0.1033 -5.3958 -0.0969 0.9796 0.1760 0.2185 0.9484
1.8699 0.1033 -5.4051 -0.0969 0.9796 0.1760 0.2185 0.9484
1.2666 1.2928 -5.2999 0.1066 -0.6844 0.7213 0.1969 0.9306
1.2788 1.3046 -5.2905 0.1066 -0.6844 0.7213 0.1969 0.9306
1.2858 1.3015 -5.2958 0.2544 -0.7500 0.6106 0.1930 0.9314
1.2666 1.2928 -5.2999 0.1066 -0.6844 0.7213 0.1969 0.9306
1.2858 1.3015 -5.2958 0.2544 -0.7500 0.6106 0.1930 0.9314
1.2736 1.2897 -5.3051 0.2544 -0.7500 0.6106 0.1930 0.9314
0.1237 1.1243 -4.1523 1.0000 0.0000 -0.0000 0.1835 0.9631
0.1237 1.1409 -4.1424 1.0000 0.0000 -0.0000 0.1835 0.9631
0.1237 1.1243 -4.1523 1.0000 0.0000 -0.0000 0.1835 0.9631
0.0944 1.9089 -5.4728 0.3820 0.4484 -0.8081 0.2046 0.9701
0.0943 1.9259 -5.4635 0.3820 0.4484 -0.8081 0.2046 0.9701
0.0944 1.9089 -5.4728 0.3820 0.4484 -0.8081 0.2046 0.9701
1.8699 0.1033 -5.4051 -0.0969 0.9796 0.1760 0.2185 0.9484
1.8869 0.1033 -5.3958 -0.0969 0.9796 0.1760 0.2185 0.9484
1.8699 0.1033 -5.4051 -0.0969 0.9796 0.1760 0.2185 0.9484
1.3786 1.1805 -5.3051 0.2539 -0.7505 0.6101 0.1925 0.9305
1.3908 1.1922 -5.2958 0.2539 -0.7505 0.6101 0.1925 0.9305
1.3786 1.1805 -5.3051 0.2539 -0.7505 0.6101 0.1925 0.9305
396 43 395
396 44 43
14 591 15
14 590 591
410 57 409
410 58 57
397 44 396
397 45 44
411 58 410
411 59 58
398 45 397
398 46 45
384 33 385
384 32 33
412 59 411
412 60 59
399 46 398
399 47 46
386 32 384
386 34 32
413 60 412
413 61 60
400 47 399
400 48 47
387 34 386
387 35 34
414 61 413
414 62 61
401 48 400
401 49 48
388 35 387
388 36 35
415 62 414
415 63 62
402 49 401
402 50 49
389 36 388
389 37 36
385 63 415
385 33 63
403 50 402
403 51 50
390 37 389
390 38 37
404 51 403
404 52 51
391 38 390
391 39 38
405 52 404
405 53 52
392 39 391
392 40 39
406 53 405
406 54 53
393 40 392
393 41 40
407 54 406
407 55 54
394 41 393
394 42 41
408 55 407
408 56 55
395 42 394
395 43 42
409 56 408
409 57 56
428 107 427
428 108 107
328 745 329
328 744 745
442 121 441
442 122 121
429 108 428
429 109 108
443 122 442
443 123 122
430 109 429
430 110 109
416 97 417
416 96 97
444 123 443
444 124 123
431 110 430
431 111 110
418 96 416
418 98 96
445 124 444
445 125 124
432 111 431
432 112 111
419 98 418
419 99 98
446 125 445
446 126 125
433 112 432
433 113 112
420 99 419
420 100 99
447 126 446
447 127 126
434 113 433
434 114 113
421 100 420
421 101 100
417 127 447
417 97 127
435 114 434
435 115 114
422 101 421
422 102 101
436 115 435
436 116 115
423 102 422
423 103 102
437 116 436
437 117 116
424 103 423
424 104 103
438 117 437
438 118 117
425 104 424
425 105 104
439 118 438
439 119 118
426 105 425
426 106 105
440 119 439
440 120 119
427 106 426
427 107 106
441 120 440
441 121 120
460 171 459
460 172 171
129 642 130
129 640 642
474 185 473
474 186 185
461 172 460
461 173 172
475 186 474
475 187 186
462 173 461
462 174 173
448 161 449
448 160 161
476 187 475
476 188 187
463 174 462
463 175 174
450 160 448
450 162 160
477 188 476
477 189 188
464 175 463
464 176 175
451 162 450
451 163 162
478 189 477
478 190 189
465 176 464
465 177 176
452 163 451
452 164 163
479 190 478
479 191 190
466 177 465
466 178 177
453 164 452
453 165 164
449 191 479
449 161 191
467 178 466
467 179 178
454 165 453
454 166 165
468 179 467
468 180 179
455 166 454
455 167 166
469 180 468
469 181 180
456 167 455
456 168 167
470 181 469
470 182 181
457 168 456
457 169 168
471 182 470
471 183 182
458 169 457
458 170 169
472 183 471
472 184 183
459 170 458
459 171 170
473 184 472
473 185 184
492 235 491
492 236 235
212 693 213
212 692 693
506 249 505
506 250 249
493 236 492
493 237 236
507 250 506
507 251 250
494 237 493
494 238 237
480 225 481
480 224 225
508 251 507
508 252 251
495 238 494
495 239 238
482 224 480
482 226 224
509 252 508
509 253 252
496 239 495
496 240 239
483 226 482
483 227 226
510 253 509
510 254 253
497 240 496
497 241 240
484 227 483
484 228 227
511 254 510
511 255 254
498 241 497
498 242 241
485 228 484
485 229 228
481 255 511
481 225 255
499 242 498
499 243 242
486 229 485
486 230 229
500 243 499
500 244 243
487 230 486
487 231 230
501 244 500
501 245 244
488 231 487
488 232 231
502 245 501
502 246 245
489 232 488
489 233 232
503 246 502
503 247 246
490 233 489
490 234 233
504 247 503
504 248 247
491 234 490
491 235 234
505 248 504
505 249 248
524 299 523
524 300 299
13 590 14
13 589 590
538 313 537
538 314 313
525 300 524
525 301 300
539 314 538
539 315 314
526 301 525
526 302 301
512 289 513
512 288 289
540 315 539
540 316 315
527 302 526
527 303 302
514 288 512
514 290 288
541 316 540
541 317 316
528 303 527
528 304 303
515 290 514
515 291 290
542 317 541
542 318 317
529 304 528
529 305 304
516 291 515
516 292 291
543 318 542
543 319 318
530 305 529
530 306 305
517 292 516
517 293 292
513 319 543
513 289 319
531 306 530
531 307 306
518 293 517
518 294 293
532 307 531
532 308 307
519 294 518
519 295 294
533 308 532
533 309 308
520 295 519
520 296 295
534 309 533
534 310 309
521 296 520
521 297 296
535 310 534
535 311 310
522 297 521
522 298 297
536 311 535
536 312 311
523 298 522
523 299 298
537 312 536
537 313 312
556 363 555
556 364 363
327 744 328
327 743 744
570 377 569
570 378 377
557 364 556
557 365 364
571 378 570
571 379 378
558 365 557
558 366 365
544 353 545
544 352 353
572 379 571
572 380 379
559 366 558
559 367 366
546 352 544
546 354 352
573 380 572
573 381 380
560 367 559
560 368 367
547 354 546
547 355 354
574 381 573
574 382 381
561 368 560
561 369 368
548 355 547
548 356 355
575 382 574
575 383 382
562 369 561
562 370 369
549 356 548
549 357 356
545 383 575
545 353 383
563 370 562
563 371 370
550 357 549
550 358 357
564 371 563
564 372 371
551 358 550
551 359 358
565 372 564
565 373 372
552 359 551
552 360 359
566 373 565
566 374 373
553 360 552
553 361 360
567 374 566
567 375 374
554 361 553
554 362 361
568 375 567
568 376 375
555 362 554
555 363 362
569 376 568
569 377 376
1 1536 0
1 1538 1537
2 1539 1
2 1541 1540
3 1542 2
3 1544 1543
4 1545 3
4 1547 1546
5 1548 4
5 1550 1549
6 1551 5
6 1553 1552
7 1554 6
7 1556 1555
8 1557 7
8 1559 1558
9 1560 8
9 1562 1561
10 1563 9
10 1565 1564
11 1566 10
11 1568 1567
12 1569 11
12 1571 1570
1572 1573 12
1574 1576 1575
1577 1579 1578
1580 1582 1581
1583 1585 1584
1586 1588 1587
16 1590 1589
16 1592 1591
17 1593 16
17 1595 1594
18 1596 17
18 1598 1597
19 1599 18
19 1601 1600
20 1602 19
20 1604 1603
21 1605 20
21 1607 1606
22 1608 21
22 1610 1609
23 1611 22
23 1613 1612
24 1614 23
24 1616 1615
25 1617 24
25 1619 1618
26 1620 25
26 1622 1621
27 1623 26
27 1625 1624
28 1626 27
28 1628 1627
29 1629 28
29 1631 1630
30 1632 29
30 1634 1633
31 1635 30
31 1637 1636
0 1638 31
0 1640 1639
65 1641 64
65 1643 1642
66 1644 65
66 1646 1645
67 1647 66
67 1649 1648
68 1650 67
68 1652 1651
69 1653 68
69 1655 1654
70 1656 69
70 1658 1657
71 1659 70
71 1661 1660
72 1662 71
72 1664 1663
73 1665 72
73 1667 1666
74 1668 73
74 1670 1669
75 1671 74
75 1673 1672
76 1674 75
76 1676 1675
77 1677 76
77 1679 1678
78 1680 77
78 1682 1681
79 1683 78
79 1685 1684
80 1686 79
80 1688 1687
81 1689 80
81 1691 1690
82 1692 81
82 1694 1693
83 1695 82
83 1697 1696
84 1698 83
84 1700 1699
85 1701 84
85 1703 1702
86 1704 85
86 1706 1705
87 1707 86
87 1709 1708
88 1710 87
88 1712 1711
89 1713 88
89 1715 1714
90 1716 89
90 1718 1717
91 1719 90
91 1721 1720
92 1722 91
92 1724 1723
93 1725 92
93 1727 1726
94 1728 93
94 1730 1729
95 1731 94
95 1733 1732
64 1734 95
64 1736 1735
1737 1738 128
1739 1741 1740
1742 1744 1743
1745 1747 1746
131 1749 1748
131 1751 1750
132 1752 131
132 1754 1753
133 1755 132
133 1757 1756
134 1758 133
134 1760 1759
135 1761 134
135 1763 1762
136 1764 135
136 1766 1765
137 1767 136
137 1769 1768
138 1770 137
138 1772 1771
139 1773 138
139 1775 1774
140 1776 139
140 1778 1777
141 1779 140
141 1781 1780
142 1782 141
142 1784 1783
143 1785 142
143 1787 1786
144 1788 143
144 1790 1789
145 1791 144
145 1793 1792
146 1794 145
146 1796 1795
147 1797 146
147 1799 1798
148 1800 147
148 1802 1801
149 1803 148
149 1805 1804
150 1806 149
150 1808 1807
151 1809 150
151 1811 1810
152 1812 151
152 1814 1813
153 1815 152
153 1817 1816
154 1818 153
154 1820 1819
155 1821 154
155 1823 1822
156 1824 155
156 1826 1825
157 1827 156
157 1829 1828
158 1830 157
158 1832 1831
159 1833 158
159 1835 1834
128 1836 159
128 1838 1837
193 1839 192
193 1841 1840
194 1842 193
194 1844 1843
195 1845 194
195 1847 1846
196 1848 195
196 1850 1849
197 1851 196
197 1853 1852
198 1854 197
198 1856 1855
199 1857 198
199 1859 1858
200 1860 199
200 1862 1861
201 1863 200
201 1865 1864
202 1866 201
202 1868 1867
203 1869 202
203 1871 1870
204 1872 203
204 1874 1873
205 1875 204
205 1877 1876
206 1878 205
206 1880 1879
207 1881 206
207 1883 1882
208 1884 207
208 1886 1885
209 1887 208
209 1889 1888
210 1890 209
210 1892 1891
211 1893 210
211 1895 1894
1896 1897 211
1898 1900 1899
1901 1903 1902
1904 1906 1905
214 1908 1907
214 1910 1909
215 1911 214
215 1913 1912
216 1914 215
216 1916 1915
217 1917 216
217 1919 1918
218 1920 217
218 1922 1921
219 1923 218
219 1925 1924
220 1926 219
220 1928 1927
221 1929 220
221 1931 1930
222 1932 221
222 1934 1933
223 1935 222
223 1937 1936
192 1938 223
192 1940 1939
257 1941 256
257 1943 1942
258 1944 257
258 1946 1945
259 1947 258
259 1949 1948
260 1950 259
260 1952 1951
261 1953 260
261 1955 1954
262 1956 261
262 1958 1957
263 1959 262
263 1961 1960
264 1962 263
264 1964 1963
265 1965 264
265 1967 1966
266 1968 265
266 1970 1969
267 1971 266
267 1973 1972
268 1974 267
268 1976 1975
269 1977 268
269 1979 1978
270 1980 269
270 1982 1981
271 1983 270
271 1985 1984
272 1986 271
272 1988 1987
273 1989 272
273 1991 1990
274 1992 273
274 1994 1993
275 1995 274
275 1997 1996
276 1998 275
276 2000 1999
277 2001 276
277 2003 2002
278 2004 277
278 2006 2005
279 2007 278
279 2009 2008
280 2010 279
280 2012 2011
281 2013 280
281 2015 2014
282 2016 281
282 2018 2017
283 2019 282
283 2021 2020
284 2022 283
284 2024 2023
285 2025 284
285 2027 2026
286 2028 285
286 2030 2029
287 2031 286
287 2033 2032
256 2034 287
256 2036 2035
321 2037 320
321 2039 2038
322 2040 321
322 2042 2041
323 2043 322
323 2045 2044
324 2046 323
324 2048 2047
325 2049 324
325 2051 2050
326 2052 325
326 2054 2053
2055 2056 326
2057 2059 2058
2060 2062 2061
2063 2065 2064
2066 2068 2067
2069 2071 2070
330 2073 2072
330 2075 2074
331 2076 330
331 2078 2077
332 2079 331
332 2081 2080
333 2082 332
333 2084 2083
334 2085 333
334 2087 2086
335 2088 334
335 2090 2089
336 2091 335
336 2093 2092
337 2094 336
337 2096 2095
338 2097 337
338 2099 2098
339 2100 338
339 2102 2101
340 2103 339
340 2105 2104
341 2106 340
341 2108 2107
342 2109 341
342 2111 2110
343 2112 342
343 2114 2113
344 2115 343
344 2117 2116
345 2118 344
345 2120 2119
346 2121 345
346 2123 2122
347 2124 346
347 2126 2125
348 2127 347
348 2129 2128
349 2130 348
349 2132 2131
350 2133 349
350 2135 2134
351 2136 350
351 2138 2137
320 2139 351
320 2141 2140
577 578 576
578 580 579
580 582 581
582 584 583
584 586 585
586 588 587
588 2143 2142
2144 592 2145
592 594 593
594 596 595
596 598 597
598 600 599
600 602 601
602 604 603
604 606 605
606 577 607
577 580 578
580 584 582
584 588 586
588 592 2146
592 596 594
596 600 598
600 604 602
604 577 606
577 584 580
584 592 588
592 600 596
600 577 604
577 592 584
592 577 600
609 610 608
610 612 611
612 614 613
614 616 615
616 618 617
618 620 619
620 622 621
622 624 623
624 626 625
626 628 627
628 630 629
630 632 631
632 634 633
634 636 635
636 638 637
638 609 639
609 612 610
612 616 614
616 620 618
620 624 622
624 628 626
628 632 630
632 636 634
636 609 638
609 616 612
616 624 620
624 632 628
632 609 636
609 624 616
624 609 632
641 2148 2147
2149 644 643
644 646 645
646 648 647
648 650 649
650 652 651
652 654 653
654 656 655
656 658 657
658 660 659
660 662 661
662 664 663
664 666 665
666 668 667
668 670 669
670 641 671
641 644 2150
644 648 646
648 652 650
652 656 654
656 660 658
660 664 662
664 668 666
668 641 670
641 648 644
648 656 652
656 664 660
664 641 668
641 656 648
656 641 664
673 674 672
674 676 675
676 678 677
678 680 679
680 682 681
682 684 683
684 686 685
686 688 687
688 690 689
690 2151 691
2152 694 2153
694 696 695
696 698 697
698 700 699
700 702 701
702 673 703
673 676 674
676 680 678
680 684 682
684 688 686
688 2154 690
2155 696 694
696 700 698
700 673 702
673 680 676
680 688 684
688 696 2156
696 673 700
673 688 680
688 673 696
705 706 704
706 708 707
708 710 709
710 712 711
712 714 713
714 716 715
716 718 717
718 720 719
720 722 721
722 724 723
724 726 725
726 728 727
728 730 729
730 732 731
732 734 733
734 705 735
705 708 706
708 712 710
712 716 714
716 720 718
720 724 722
724 728 726
728 732 730
732 705 734
705 712 708
712 720 716
720 728 724
728 705 732
705 720 712
720 705 728
737 738 736
738 740 739
740 742 741
742 2158 2157
2159 746 2160
746 748 747
748 750 749
750 752 751
752 754 753
754 756 755
756 758 757
758 760 759
760 762 761
762 764 763
764 766 765
766 737 767
737 740 738
740 2161 742
2162 748 746
748 752 750
752 756 754
756 760 758
760 764 762
764 737 766
737 2163 740
2164 752 748
752 760 756
760 737 764
737 752 2165
752 737 760
213 2167 2166
213 693 2168
130 2170 2169
130 642 2171
329 2173 2172
329 745 2174
15 2176 2175
15 591 2177
2178 2180 2179
2181 2183 2182
2184 2186 2185
2187 2189 2188
2190 2192 2191
2193 2195 2194
2196 2198 2197
2199 2201 2200
2202 2204 2203
2205 2207 2206
2208 2210 2209
2211 2213 2212
2214 2216 2215
2217 2219 2218
2220 2222 2221
2223 2225 2224
2226 2228 2227
2229 2231 2230
2232 2234 2233
2235 2237 2236
2238 2240 2239
2241 2243 2242
2244 2246 2245
2247 2249 2248
2250 2252 2251
2253 2255 2254
2256 2258 2257
2259 2261 2260
2262 2264 2263
2265 2267 2266
2268 2270 2269
2271 2273 2272
2274 2276 2275
2277 2279 2278
2280 2282 2281
2283 2285 2284
2286 2288 2287
2289 2291 2290
2292 2294 2293
2295 2297 2296
2298 2300 2299
2301 2303 2302
2304 2306 2305
2307 2309 2308
2310 2312 2311
2313 2315 2314
2316 2318 2317
2319 2321 2320
2322 2324 2323
2325 2327 2326
2328 2330 2329
2331 2333 2332
2334 2336 2335
2337 2339 2338
2340 2342 2341
2343 2345 2344
2346 2348 2347
2349 2351 2350
2352 2354 2353
2355 2357 2356
2358 2360 2359
2361 2363 2362
2364 2366 2365
2367 2369 2368
2370 2372 2371
2373 2375 2374
2376 2378 2377
2379 2381 2380
2382 2384 2383
2385 2387 2386
2388 2390 2389
2391 2393 2392
2394 2396 2395
2397 2399 2398
2400 2402 2401
2403 2405 2404
2406 2408 2407
2409 2411 2410
2412 2414 2413
2415 2417 2416
2418 2420 2419
2421 2423 2422
2424 2426 2425
2427 2429 2428
2430 2432 2431
2433 2435 2434
2436 2438 2437
2439 2441 2440
2442 2444 2443
2445 2447 2446
2448 2450 2449
2451 2453 2452
2454 2456 2455
2457 2459 2458
2460 2462 2461
2463 2465 2464
2466 2468 2467
2469 2471 2470
2472 2474 2473
2475 2477 2476
2478 2480 2479
2481 2483 2482
2484 2486 2485
2487 2489 2488
2490 2492 2491
2493 2495 2494
2496 2498 2497
2499 2501 2500
2502 2504 2503
2505 2507 2506
2508 2510 2509
2511 2513 2512
2514 2516 2515
2517 2519 2518
2520 2522 2521
2523 2525 2524
2526 2528 2527
2529 2531 2530
2532 2534 2533
2535 2537 2536
2538 2540 2539
2541 2543 2542
2544 2546 2545
2547 2549 2548
2550 2552 2551
2553 2555 2554
2556 2558 2557
2559 2561 2560
2562 2564 2563
2565 2567 2566
2568 2570 2569
2571 2573 2572
2574 2576 2575
2577 2579 2578
2580 2582 2581
2583 2585 2584
2586 2588 2587
2589 2591 2590
2592 2594 2593
2595 2597 2596
2598 2600 2599
2601 2603 2602
2604 2606 2605
2607 2609 2608
2610 2612 2611
2613 2615 2614
2616 2618 2617
2619 2621 2620
2622 2624 2623
2625 2627 2626
2628 2630 2629
2631 2633 2632
2634 2636 2635
2637 2639 2638
2640 2642 2641
2643 2645 2644
2646 2648 2647
2649 2651 2650
2652 2654 2653
2655 2657 2656
2658 2660 2659
2661 2663 2662
2664 2666 2665
2667 2669 2668
2670 2672 2671
2673 2675 2674
2676 2678 2677
2679 2681 2680
2682 2684 2683
2685 2687 2686
2688 2690 2689
2691 2693 2692
2694 2696 2695
2697 2699 2698
2700 2702 2701
2703 2705 2704
2706 2708 2707
2709 2711 2710
2712 2714 2713
2715 2717 2716
2718 2720 2719
2721 2723 2722
2724 2726 2725
2727 2729 2728
2730 2732 2731
2733 2735 2734
2736 2738 2737
2739 2741 2740
2742 2744 2743
2745 2747 2746
2748 2750 2749
2751 2753 2752
2754 2756 2755
2757 2759 2758
2760 2762 2761
2763 2765 2764
2766 2768 2767
2769 2771 2770
2772 2774 2773
2775 2777 2776
2778 2780 2779
2781 2783 2782
2784 2786 2785
2787 2789 2788
2790 2792 2791
2793 2795 2794
2796 2798 2797
2799 2801 2800
2802 2804 2803
2805 2807 2806
2808 2810 2809
2811 2813 2812
2814 2816 2815
2817 2819 2818
2820 2822 2821
2823 2825 2824
2826 2828 2827
2829 2831 2830
2832 2834 2833
2835 2837 2836
2838 2840 2839
2841 2843 2842
2844 2846 2845
2847 2849 2848
2850 2852 2851
2853 2855 2854
2856 2858 2857
2859 2861 2860
2862 2864 2863
2865 2867 2866
2868 2870 2869
2871 2873 2872
2874 2876 2875
2877 2879 2878
2880 2882 2881
2883 2885 2884
2886 2888 2887
2889 2891 2890
2892 2894 2893
2895 2897 2896
2898 2900 2899
2901 2903 2902
2904 2906 2905
2907 2909 2908
2910 2912 2911
2913 2915 2914
2916 2918 2917
2919 2921 2920
2922 2924 2923
2925 2927 2926
2928 2930 2929
2931 2933 2932
2934 2936 2935
2937 2939 2938
2940 2942 2941
2943 2945 2944
2946 2948 2947
2949 2951 2950
2952 2954 2953
2955 2957 2956
2958 2960 2959
2961 2963 2962
2964 2966 2965
2967 2969 2968
2970 2972 2971
2973 2975 2974
2976 2978 2977
2979 2981 2980
2982 2984 2983
2985 2987 2986
2988 2990 2989
2991 2993 2992
2994 2996 2995
2997 2999 2998
3000 3002 3001
3003 3005 3004
3006 3008 3007
3009 3011 3010
3012 3014 3013
3015 3017 3016
3018 3020 3019
3021 3023 3022
3024 3026 3025
3027 3029 3028
3030 3032 3031
3033 3035 3034
3036 3038 3037
3039 3041 3040
3042 3044 3043
3045 3047 3046
3048 3050 3049
3051 3053 3052
3054 3056 3055
3057 3059 3058
3060 3062 3061
3063 3065 3064
3066 3068 3067
3069 3071 3070
3072 3074 3073
3075 3077 3076
3078 3080 3079
3081 3083 3082
3084 3086 3085
3087 3089 3088
3090 3092 3091
3093 3095 3094
3096 3098 3097
3099 3101 3100
3102 3104 3103
3105 3107 3106
3108 3110 3109
3111 3113 3112
3114 3116 3115
3117 3119 3118
3120 3122 3121
3123 3125 3124
3126 3128 3127
3129 3131 3130
3132 3134 3133
3135 3137 3136
3138 3140 3139
3141 3143 3142
3144 3146 3145
3147 3149 3148
3150 3152 3151
3153 3155 3154
3156 3158 3157
3159 3161 3160
3162 3164 3163
3165 3167 3166
3168 3170 3169
3171 3173 3172
3174 3176 3175
3177 3179 3178
3180 3182 3181
3183 3185 3184
3186 3188 3187
3189 3191 3190
3192 3194 3193
3195 3197 3196
3198 3200 3199
3201 3203 3202
3204 3206 3205
3207 3209 3208
3210 3212 3211
3213 3215 3214
3216 3218 3217
3219 3221 3220
3222 3224 3223
3225 3227 3226
3228 3230 3229
3231 3233 3232
3234 3236 3235
3237 3239 3238
3240 3242 3241
3243 3245 3244
3246 743 327
3247 3248 743
3249 589 13
3250 3251 589
3252 692 212
3253 3254 692
3255 640 129
3256 3257 640
1164 811 812
1164 1163 811
782 1359 1358
782 783 1359
1178 825 826
1178 1177 825
1165 812 813
1165 1164 812
1179 826 827
1179 1178 826
1166 813 814
1166 1165 813
1152 801 800
1152 1153 801
1180 827 828
1180 1179 827
1167 814 815
1167 1166 814
1154 800 802
1154 1152 800
1181 828 829
1181 1180 828
1168 815 816
1168 1167 815
1155 802 803
1155 1154 802
1182 829 830
1182 1181 829
1169 816 817
1169 1168 816
1156 803 804
1156 1155 803
1183 830 831
1183 1182 830
1170 817 818
1170 1169 817
1157 804 805
1157 1156 804
1153 831 801
1153 1183 831
1171 818 819
1171 1170 818
1158 805 806
1158 1157 805
1172 819 820
1172 1171 819
1159 806 807
1159 1158 806
1173 820 821
1173 1172 820
1160 807 808
1160 1159 807
1174 821 822
1174 1173 821
1161 808 809
1161 1160 808
1175 822 823
1175 1174 822
1162 809 810
1162 1161 809
1176 823 824
1176 1175 823
1163 810 811
1163 1162 810
1177 824 825
1177 1176 824
1196 875 876
1196 1195 875
1096 1513 1512
1096 1097 1513
1210 889 890
1210 1209 889
1197 876 877
1197 1196 876
1211 890 891
1211 1210 890
1198 877 878
1198 1197 877
1184 865 864
1184 1185 865
1212 891 892
1212 1211 891
1199 878 879
1199 1198 878
1186 864 866
1186 1184 864
1213 892 893
1213 1212 892
1200 879 880
1200 1199 879
1187 866 867
1187 1186 866
1214 893 894
1214 1213 893
1201 880 881
1201 1200 880
1188 867 868
1188 1187 867
1215 894 895
1215 1214 894
1202 881 882
1202 1201 881
1189 868 869
1189 1188 868
1185 895 865
1185 1215 895
1203 882 883
1203 1202 882
1190 869 870
1190 1189 869
1204 883 884
1204 1203 883
1191 870 871
1191 1190 870
1205 884 885
1205 1204 884
1192 871 872
1192 1191 871
1206 885 886
1206 1205 885
1193 872 873
1193 1192 872
1207 886 887
1207 1206 886
1194 873 874
1194 1193 873
1208 887 888
1208 1207 887
1195 874 875
1195 1194 874
1209 888 889
1209 1208 888
1228 939 940
1228 1227 939
897 1410 1408
897 898 1410
1242 953 954
1242 1241 953
1229 940 941
1229 1228 940
1243 954 955
1243 1242 954
1230 941 942
1230 1229 941
1216 929 928
1216 1217 929
1244 955 956
1244 1243 955
1231 942 943
1231 1230 942
1218 928 930
1218 1216 928
1245 956 957
1245 1244 956
1232 943 944
1232 1231 943
1219 930 931
1219 1218 930
1246 957 958
1246 1245 957
1233 944 945
1233 1232 944
1220 931 932
1220 1219 931
1247 958 959
1247 1246 958
1234 945 946
1234 1233 945
1221 932 933
1221 1220 932
1217 959 929
1217 1247 959
1235 946 947
1235 1234 946
1222 933 934
1222 1221 933
1236 947 948
1236 1235 947
1223 934 935
1223 1222 934
1237 948 949
1237 1236 948
1224 935 936
1224 1223 935
1238 949 950
1238 1237 949
1225 936 937
1225 1224 936
1239 950 951
1239 1238 950
1226 937 938
1226 1225 937
1240 951 952
1240 1239 951
1227 938 939
1227 1226 938
1241 952 953
1241 1240 952
1260 1003 1004
1260 1259 1003
980 1461 1460
980 981 1461
1274 1017 1018
1274 1273 1017
1261 1004 1005
1261 1260 1004
1275 1018 1019
1275 1274 1018
1262 1005 1006
1262 1261 1005
1248 993 992
1248 1249 993
1276 1019 1020
1276 1275 1019
1263 1006 1007
1263 1262 1006
1250 992 994
1250 1248 992
1277 1020 1021
1277 1276 1020
1264 1007 1008
1264 1263 1007
1251 994 995
1251 1250 994
1278 1021 1022
1278 1277 1021
1265 1008 1009
1265 1264 1008
1252 995 996
1252 1251 995
1279 1022 1023
1279 1278 1022
1266 1009 1010
1266 1265 1009
1253 996 997
1253 1252 996
1249 1023 993
1249 1279 1023
1267 1010 1011
1267 1266 1010
1254 997 998
1254 1253 997
1268 1011 1012
1268 1267 1011
1255 998 999
1255 1254 998
1269 1012 1013
1269 1268 1012
1256 999 1000
1256 1255 999
1270 1013 1014
1270 1269 1013
1257 1000 1001
1257 1256 1000
1271 1014 1015
1271 1270 1014
1258 1001 1002
1258 1257 1001
1272 1015 1016
1272 1271 1015
1259 1002 1003
1259 1258 1002
1273 1016 1017
1273 1272 1016
1292 1067 1068
1292 1291 1067
781 1358 1357
781 782 1358
1306 1081 1082
1306 1305 1081
1293 1068 1069
1293 1292 1068
1307 1082 1083
1307 1306 1082
1294 1069 1070
1294 1293 1069
1280 1057 1056
1280 1281 1057
1308 1083 1084
1308 1307 1083
1295 1070 1071
1295 1294 1070
1282 1056 1058
1282 1280 1056
1309 1084 1085
1309 1308 1084
1296 1071 1072
1296 1295 1071
1283 1058 1059
1283 1282 1058
1310 1085 1086
1310 1309 1085
1297 1072 1073
1297 1296 1072
1284 1059 1060
1284 1283 1059
1311 1086 1087
1311 1310 1086
1298 1073 1074
1298 1297 1073
1285 1060 1061
1285 1284 1060
1281 1087 1057
1281 1311 1087
1299 1074 1075
1299 1298 1074
1286 1061 1062
1286 1285 1061
1300 1075 1076
1300 1299 1075
1287 1062 1063
1287 1286 1062
1301 1076 1077
1301 1300 1076
1288 1063 1064
1288 1287 1063
1302 1077 1078
1302 1301 1077
1289 1064 1065
1289 1288 1064
1303 1078 1079
1303 1302 1078
1290 1065 1066
1290 1289 1065
1304 1079 1080
1304 1303 1079
1291 1066 1067
1291 1290 1066
1305 1080 1081
1305 1304 1080
1324 1131 1132
1324 1323 1131
1095 1512 1511
1095 1096 1512
1338 1145 1146
1338 1337 1145
1325 1132 1133
1325 1324 1132
1339 1146 1147
1339 1338 1146
1326 1133 1134
1326 1325 1133
1312 1121 1120
1312 1313 1121
1340 1147 1148
1340 1339 1147
1327 1134 1135
1327 1326 1134
1314 1120 1122
1314 1312 1120
1341 1148 1149
1341 1340 1148
1328 1135 1136
1328 1327 1135
1315 1122 1123
1315 1314 1122
1342 1149 1150
1342 1341 1149
1329 1136 1137
1329 1328 1136
1316 1123 1124
1316 1315 1123
1343 1150 1151
1343 1342 1150
1330 1137 1138
1330 1329 1137
1317 1124 1125
1317 1316 1124
1313 1151 1121
1313 1343 1151
1331 1138 1139
1331 1330 1138
1318 1125 1126
1318 1317 1125
1332 1139 1140
1332 1331 1139
1319 1126 1127
1319 1318 1126
1333 1140 1141
1333 1332 1140
1320 1127 1128
1320 1319 1127
1334 1141 1142
1334 1333 1141
1321 1128 1129
1321 1320 1128
1335 1142 1143
1335 1334 1142
1322 1129 1130
1322 1321 1129
1336 1143 1144
1336 1335 1143
1323 1130 1131
1323 1322 1130
1337 1144 1145
1337 1336 1144
769 3259 3258
769 768 3260
770 3262 3261
770 769 3263
771 3265 3264
771 770 3266
772 3268 3267
772 771 3269
773 3271 3270
773 772 3272
774 3274 3273
774 773 3275
775 3277 3276
775 774 3278
776 3280 3279
776 775 3281
777 3283 3282
777 776 3284
778 3286 3285
778 777 3287
779 3289 3288
779 778 3290
780 3292 3291
780 779 3293
3294 3296 3295
3297 780 3298
3299 3301 3300
3302 3304 3303
3305 3307 3306
3308 3310 3309
784 3312 3311
784 3314 3313
785 3316 3315
785 784 3317
786 3319 3318
786 785 3320
787 3322 3321
787 786 3323
788 3325 3324
788 787 3326
789 3328 3327
789 788 3329
790 3331 3330
790 789 3332
791 3334 3333
791 790 3335
792 3337 3336
792 791 3338
793 3340 3339
793 792 3341
794 3343 3342
794 793 3344
795 3346 3345
795 794 3347
796 3349 3348
796 795 3350
797 3352 3351
797 796 3353
798 3355 3354
798 797 3356
799 3358 3357
799 798 3359
768 3361 3360
768 799 3362
833 3364 3363
833 832 3365
834 3367 3366
834 833 3368
835 3370 3369
835 834 3371
836 3373 3372
836 835 3374
837 3376 3375
837 836 3377
838 3379 3378
838 837 3380
839 3382 3381
839 838 3383
840 3385 3384
840 839 3386
841 3388 3387
841 840 3389
842 3391 3390
842 841 3392
843 3394 3393
843 842 3395
844 3397 3396
844 843 3398
845 3400 3399
845 844 3401
846 3403 3402
846 845 3404
847 3406 3405
847 846 3407
848 3409 3408
848 847 3410
849 3412 3411
849 848 3413
850 3415 3414
850 849 3416
851 3418 3417
851 850 3419
852 3421 3420
852 851 3422
853 3424 3423
853 852 3425
854 3427 3426
854 853 3428
855 3430 3429
855 854 3431
856 3433 3432
856 855 3434
857 3436 3435
857 856 3437
858 3439 3438
858 857 3440
859 3442 3441
859 858 3443
860 3445 3444
860 859 3446
861 3448 3447
861 860 3449
862 3451 3450
862 861 3452
863 3454 3453
863 862 3455
832 3457 3456
832 863 3458
3459 3461 3460
3462 896 3463
3464 3466 3465
3467 3469 3468
899 3471 3470
899 3473 3472
900 3475 3474
900 899 3476
901 3478 3477
901 900 3479
902 3481 3480
902 901 3482
903 3484 3483
903 902 3485
904 3487 3486
904 903 3488
905 3490 3489
905 904 3491
906 3493 3492
906 905 3494
907 3496 3495
907 906 3497
908 3499 3498
908 907 3500
909 3502 3501
909 908 3503
910 3505 3504
910 909 3506
911 3508 3507
911 910 3509
912 3511 3510
912 911 3512
913 3514 3513
913 912 3515
914 3517 3516
914 913 3518
915 3520 3519
915 914 3521
916 3523 3522
916 915 3524
917 3526 3525
917 916 3527
918 3529 3528
918 917 3530
919 3532 3531
919 918 3533
920 3535 3534
920 919 3536
921 3538 3537
921 920 3539
922 3541 3540
922 921 3542
923 3544 3543
923 922 3545
924 3547 3546
924 923 3548
925 3550 3549
925 924 3551
926 3553 3552
926 925 3554
927 3556 3555
927 926 3557
896 3559 3558
896 927 3560
961 3562 3561
961 960 3563
962 3565 3564
962 961 3566
963 3568 3567
963 962 3569
964 3571 3570
964 963 3572
965 3574 3573
965 964 3575
966 3577 3576
966 965 3578
967 3580 3579
967 966 3581
968 3583 3582
968 967 3584
969 3586 3585
969 968 3587
970 3589 3588
970 969 3590
971 3592 3591
971 970 3593
972 3595 3594
972 971 3596
973 3598 3597
973 972 3599
974 3601 3600
974 973 3602
975 3604 3603
975 974 3605
976 3607 3606
976 975 3608
977 3610 3609
977 976 3611
978 3613 3612
978 977 3614
979 3616 3615
979 978 3617
3618 3620 3619
3621 979 3622
3623 3625 3624
3626 3628 3627
982 3630 3629
982 3632 3631
983 3634 3633
983 982 3635
984 3637 3636
984 983 3638
985 3640 3639
985 984 3641
986 3643 3642
986 985 3644
987 3646 3645
987 986 3647
988 3649 3648
988 987 3650
989 3652 3651
989 988 3653
990 3655 3654
990 989 3656
991 3658 3657
991 990 3659
960 3661 3660
960 991 3662
1025 3664 3663
1025 1024 3665
1026 3667 3666
1026 1025 3668
1027 3670 3669
1027 1026 3671
1028 3673 3672
1028 1027 3674
1029 3676 3675
1029 1028 3677
1030 3679 3678
1030 1029 3680
1031 3682 3681
1031 1030 3683
1032 3685 3684
1032 1031 3686
1033 3688 3687
1033 1032 3689
1034 3691 3690
1034 1033 3692
1035 3694 3693
1035 1034 3695
1036 3697 3696
1036 1035 3698
1037 3700 3699
1037 1036 3701
1038 3703 3702
1038 1037 3704
1039 3706 3705
1039 1038 3707
1040 3709 3708
1040 1039 3710
1041 3712 3711
1041 1040 3713
1042 3715 3714
1042 1041 3716
1043 3718 3717
1043 1042 3719
1044 3721 3720
1044 1043 3722
1045 3724 3723
1045 1044 3725
1046 3727 3726
1046 1045 3728
1047 3730 3729
1047 1046 3731
1048 3733 3732
1048 1047 3734
1049 3736 3735
1049 1048 3737
1050 3739 3738
1050 1049 3740
1051 3742 3741
1051 1050 3743
1052 3745 3744
1052 1051 3746
1053 3748 3747
1053 1052 3749
1054 3751 3750
1054 1053 3752
1055 3754 3753
1055 1054 3755
1024 3757 3756
1024 1055 3758
1089 3760 3759
1089 1088 3761
1090 3763 3762
1090 1089 3764
1091 3766 3765
1091 1090 3767
1092 3769 3768
1092 1091 3770
1093 3772 3771
1093 1092 3773
1094 3775 3774
1094 1093 3776
3777 3779 3778
3780 1094 3781
3782 3784 3783
3785 3787 3786
3788 3790 3789
3791 3793 3792
1098 3795 3794
1098 3797 3796
1099 3799 3798
1099 1098 3800
1100 3802 3801
1100 1099 3803
1101 3805 3804
1101 1100 3806
1102 3808 3807
1102 1101 3809
1103 3811 3810
1103 1102 3812
1104 3814 3813
1104 1103 3815
1105 3817 3816
1105 1104 3818
1106 3820 3819
1106 1105 3821
1107 3823 3822
1107 1106 3824
1108 3826 3825
1108 1107 3827
1109 3829 3828
1109 1108 3830
1110 3832 3831
1110 1109 3833
1111 3835 3834
1111 1110 3836
1112 3838 3837
1112 1111 3839
1113 3841 3840
1113 1112 3842
1114 3844 3843
1114 1113 3845
1115 3847 3846
1115 1114 3848
1116 3850 3849
1116 1115 3851
1117 3853 3852
1117 1116 3854
1118 3856 3855
1118 1117 3857
1119 3859 3858
1119 1118 3860
1088 3862 3861
1088 1119 3863
1346 1345 1344
1345 1374 1375
1374 1372 1373
1372 1370 1371
1370 1368 1369
1368 1366 1367
1366 1364 1365
1364 1362 1363
1362 1360 1361
1360 3865 3864
3866 1356 3867
1356 1354 1355
1354 1352 1353
1352 1350 1351
1350 1348 1349
1348 1346 1347
1346 1374 1345
1374 1370 1372
1370 1366 1368
1366 1362 1364
1362 3868 1360
3869 1354 1356
1354 1350 1352
1350 1346 1348
1346 1370 1374
1370 1362 1366
1362 1354 3870
1354 1346 1350
1346 1362 1370
1362 1346 1354
1378 1377 1376
1377 1406 1407
1406 1404 1405
1404 1402 1403
1402 1400 1401
1400 1398 1399
1398 1396 1397
1396 1394 1395
1394 1392 1393
1392 1390 1391
1390 1388 1389
1388 1386 1387
1386 1384 1385
1384 1382 1383
1382 1380 1381
1380 1378 1379
1378 1406 1377
1406 1402 1404
1402 1398 1400
1398 1394 1396
1394 1390 1392
1390 1386 1388
1386 1382 1384
1382 1378 1380
1378 1402 1406
1402 1394 1398
1394 1386 1390
1386 1378 1382
1378 1394 1402
1394 1378 1386
3871 1409 3872
1409 1438 1439
1438 1436 1437
1436 1434 1435
1434 1432 1433
1432 1430 1431
1430 1428 1429
1428 1426 1427
1426 1424 1425
1424 1422 1423
1422 1420 1421
1420 1418 1419
1418 1416 1417
1416 1414 1415
1414 1412 1413
1412 3873 1411
3874 1438 1409
1438 1434 1436
1434 1430 1432
1430 1426 1428
1426 1422 1424
1422 1418 1420
1418 1414 1416
1414 3875 1412
3876 1434 1438
1434 1426 1430
1426 1418 1422
1418 3877 1414
3878 1426 1434
1426 3879 1418
1442 1441 1440
1441 1470 1471
1470 1468 1469
1468 1466 1467
1466 1464 1465
1464 1462 1463
1462 3881 3880
3882 1458 1459
1458 1456 1457
1456 1454 1455
1454 1452 1453
1452 1450 1451
1450 1448 1449
1448 1446 1447
1446 1444 1445
1444 1442 1443
1442 1470 1441
1470 1466 1468
1466 1462 1464
1462 1458 3883
1458 1454 1456
1454 1450 1452
1450 1446 1448
1446 1442 1444
1442 1466 1470
1466 1458 1462
1458 1450 1454
1450 1442 1446
1442 1458 1466
1458 1442 1450
1474 1473 1472
1473 1502 1503
1502 1500 1501
1500 1498 1499
1498 1496 1497
1496 1494 1495
1494 1492 1493
1492 1490 1491
1490 1488 1489
1488 1486 1487
1486 1484 1485
1484 1482 1483
1482 1480 1481
1480 1478 1479
1478 1476 1477
1476 1474 1475
1474 1502 1473
1502 1498 1500
1498 1494 1496
1494 1490 1492
1490 1486 1488
1486 1482 1484
1482 1478 1480
1478 1474 1476
1474 1498 1502
1498 1490 1494
1490 1482 1486
1482 1474 1478
1474 1490 1498
1490 1474 1482
1506 1505 1504
1505 1534 1535
1534 1532 1533
1532 1530 1531
1530 1528 1529
1528 1526 1527
1526 1524 1525
1524 1522 1523
1522 1520 1521
1520 1518 1519
1518 1516 1517
1516 1514 1515
1514 3885 3884
3886 1510 3887
1510 1508 1509
1508 1506 1507
1506 1534 1505
1534 1530 1532
1530 1526 1528
1526 1522 1524
1522 1518 1520
1518 1514 1516
1514 1510 3888
1510 1506 1508
1506 1530 1534
1530 1522 1526
1522 1514 1518
1514 1506 1510
1506 1522 1530
1522 1506 1514
981 3889 1461
981 3891 3890
898 3892 1410
898 3894 3893
1097 3895 1513
1097 3897 3896
783 3898 1359
783 3900 3899
3901 3903 3902
3904 3906 3905
3907 3909 3908
3910 3912 3911
3913 3915 3914
3916 3918 3917
3919 3921 3920
3922 3924 3923
3925 3927 3926
3928 3930 3929
3931 3933 3932
3934 3936 3935
3937 3939 3938
3940 3942 3941
3943 3945 3944
3946 3948 3947
3949 3951 3950
3952 3954 3953
3955 3957 3956
3958 3960 3959
3961 3963 3962
3964 3966 3965
3967 3969 3968
3970 3972 3971
3973 3975 3974
3976 3978 3977
3979 3981 3980
3982 3984 3983
3985 3987 3986
3988 3990 3989
3991 3993 3992
3994 3996 3995
3997 3999 3998
4000 4002 4001
4003 4005 4004
4006 4008 4007
4009 4011 4010
4012 4014 4013
4015 4017 4016
4018 4020 4019
4021 4023 4022
4024 4026 4025
4027 4029 4028
4030 4032 4031
4033 4035 4034
4036 4038 4037
4039 4041 4040
4042 4044 4043
4045 4047 4046
4048 4050 4049
4051 4053 4052
4054 4056 4055
4057 4059 4058
4060 4062 4061
4063 4065 4064
4066 4068 4067
4069 4071 4070
4072 4074 4073
4075 4077 4076
4078 4080 4079
4081 4083 4082
4084 4086 4085
4087 4089 4088
4090 4092 4091
4093 4095 4094
4096 4098 4097
4099 4101 4100
4102 4104 4103
4105 4107 4106
4108 4110 4109
4111 4113 4112
4114 4116 4115
4117 4119 4118
4120 4122 4121
4123 4125 4124
4126 4128 4127
4129 4131 4130
4132 4134 4133
4135 4137 4136
4138 4140 4139
4141 4143 4142
4144 4146 4145
4147 4149 4148
4150 4152 4151
4153 4155 4154
4156 4158 4157
4159 4161 4160
4162 4164 4163
4165 4167 4166
4168 4170 4169
4171 4173 4172
4174 4176 4175
4177 4179 4178
4180 4182 4181
4183 4185 4184
4186 4188 4187
4189 4191 4190
4192 4194 4193
4195 4197 4196
4198 4200 4199
4201 4203 4202
4204 4206 4205
4207 4209 4208
4210 4212 4211
4213 4215 4214
4216 4218 4217
4219 4221 4220
4222 4224 4223
4225 4227 4226
4228 4230 4229
4231 4233 4232
4234 4236 4235
4237 4239 4238
4240 4242 4241
4243 4245 4244
4246 4248 4247
4249 4251 4250
4252 4254 4253
4255 4257 4256
4258 4260 4259
4261 4263 4262
4264 4266 4265
4267 4269 4268
4270 4272 4271
4273 4275 4274
4276 4278 4277
4279 4281 4280
4282 4284 4283
4285 4287 4286
4288 4290 4289
4291 4293 4292
4294 4296 4295
4297 4299 4298
4300 4302 4301
4303 4305 4304
4306 4308 4307
4309 4311 4310
4312 4314 4313
4315 4317 4316
4318 4320 4319
4321 4323 4322
4324 4326 4325
4327 4329 4328
4330 4332 4331
4333 4335 4334
4336 4338 4337
4339 4341 4340
4342 4344 4343
4345 4347 4346
4348 4350 4349
4351 4353 4352
4354 4356 4355
4357 4359 4358
4360 4362 4361
4363 4365 4364
4366 4368 4367
4369 4371 4370
4372 4374 4373
4375 4377 4376
4378 4380 4379
4381 4383 4382
4384 4386 4385
4387 4389 4388
4390 4392 4391
4393 4395 4394
4396 4398 4397
4399 4401 4400
4402 4404 4403
4405 4407 4406
4408 4410 4409
4411 4413 4412
4414 4416 4415
4417 4419 4418
4420 4422 4421
4423 4425 4424
4426 4428 4427
4429 4431 4430
4432 4434 4433
4435 4437 4436
4438 4440 4439
4441 4443 4442
4444 4446 4445
4447 4449 4448
4450 4452 4451
4453 4455 4454
4456 4458 4457
4459 4461 4460
4462 4464 4463
4465 4467 4466
4468 4470 4469
4471 4473 4472
4474 4476 4475
4477 4479 4478
4480 4482 4481
4483 4485 4484
4486 4488 4487
4489 4491 4490
4492 4494 4493
4495 4497 4496
4498 4500 4499
4501 4503 4502
4504 4506 4505
4507 4509 4508
4510 4512 4511
4513 4515 4514
4516 4518 4517
4519 4521 4520
4522 4524 4523
4525 4527 4526
4528 4530 4529
4531 4533 4532
4534 4536 4535
4537 4539 4538
4540 4542 4541
4543 4545 4544
4546 4548 4547
4549 4551 4550
4552 4554 4553
4555 4557 4556
4558 4560 4559
4561 4563 4562
4564 4566 4565
4567 4569 4568
4570 4572 4571
4573 4575 4574
4576 4578 4577
4579 4581 4580
4582 4584 4583
4585 4587 4586
4588 4590 4589
4591 4593 4592
4594 4596 4595
4597 4599 4598
4600 4602 4601
4603 4605 4604
4606 4608 4607
4609 4611 4610
4612 4614 4613
4615 4617 4616
4618 4620 4619
4621 4623 4622
4624 4626 4625
4627 4629 4628
4630 4632 4631
4633 4635 4634
4636 4638 4637
4639 4641 4640
4642 4644 4643
4645 4647 4646
4648 4650 4649
4651 4653 4652
4654 4656 4655
4657 4659 4658
4660 4662 4661
4663 4665 4664
4666 4668 4667
4669 4671 4670
4672 4674 4673
4675 4677 4676
4678 4680 4679
4681 4683 4682
4684 4686 4685
4687 4689 4688
4690 4692 4691
4693 4695 4694
4696 4698 4697
4699 4701 4700
4702 4704 4703
4705 4707 4706
4708 4710 4709
4711 4713 4712
4714 4716 4715
4717 4719 4718
4720 4722 4721
4723 4725 4724
4726 4728 4727
4729 4731 4730
4732 4734 4733
4735 4737 4736
4738 4740 4739
4741 4743 4742
4744 4746 4745
4747 4749 4748
4750 4752 4751
4753 4755 4754
4756 4758 4757
4759 4761 4760
4762 4764 4763
4765 4767 4766
4768 4770 4769
4771 4773 4772
4774 4776 4775
4777 4779 4778
4780 4782 4781
4783 4785 4784
4786 4788 4787
4789 4791 4790
4792 4794 4793
4795 4797 4796
4798 4800 4799
4801 4803 4802
4804 4806 4805
4807 4809 4808
4810 4812 4811
4813 4815 4814
4816 4818 4817
4819 4821 4820
4822 4824 4823
4825 4827 4826
4828 4830 4829
4831 4833 4832
4834 4836 4835
4837 4839 4838
4840 4842 4841
4843 4845 4844
4846 4848 4847
4849 4851 4850
4852 4854 4853
4855 4857 4856
4858 4860 4859
4861 4863 4862
4864 4866 4865
4867 4869 4868
4870 4872 4871
4873 4875 4874
4876 4878 4877
4879 4881 4880
4882 4884 4883
4885 4887 4886
4888 4890 4889
4891 4893 4892
4894 4896 4895
4897 4899 4898
4900 4902 4901
4903 4905 4904
4906 4908 4907
4909 4911 4910
4912 4914 4913
4915 4917 4916
4918 4920 4919
4921 4923 4922
4924 4926 4925
4927 4929 4928
4930 4932 4931
4933 4935 4934
4936 4938 4937
4939 4941 4940
4942 4944 4943
4945 4947 4946
4948 4950 4949
4951 4953 4952
4954 4956 4955
4957 4959 4958
4960 4962 4961
4963 4965 4964
4966 4968 4967
4969 1511 4970
4971 1095 1511
4972 1357 4973
4974 781 1357
4975 1460 4976
4977 980 1460
4978 1408 4979
4980 897 1408
LABEL LES_Tower
MATERIAL 1
TEXTURE 1
FLAG 0
GEOM 692 768
0.0059 0.4622 -2.8457 -0.0126 0.7461 -0.6657 0.2011 0.9275
0.0059 0.4733 -2.8188 -0.0206 0.9998 -0.0000 0.2011 0.9270
0.0059 0.4622 -2.7919 -0.0126 0.7461 0.6657 0.2011 0.9275
0.0059 0.4353 -2.7808 -0.0044 -0.0015 1.0000 0.2011 0.9287
0.0059 0.4084 -2.7919 -0.0139 -0.7491 0.6623 0.2011 0.9298
0.0059 0.3973 -2.8188 -0.0228 -0.9997 0.0000 0.2011 0.9303
0.0059 0.4084 -2.8457 -0.0139 -0.7491 -0.6623 0.2011 0.9298
0.0059 0.4353 -2.8568 -0.0044 -0.0015 -1.0000 0.2011 0.9287
-0.4519 0.4543 -2.8457 -0.5196 0.5197 -0.6782 0.1810 0.9278
-0.4598 0.4622 -2.8188 -0.7071 0.7072 -0.0000 0.1806 0.9275
-0.4519 0.4543 -2.7919 -0.5196 0.5197 0.6782 0.1810 0.9278
-0.4329 0.4353 -2.7808 -0.1100 0.1100 0.9878 0.1818 0.9287
-0.4139 0.4163 -2.7919 0.3729 -0.3728 0.8497 0.1826 0.9295
-0.4060 0.4084 -2.8188 0.7072 -0.7070 0.0000 0.1830 0.9298
-0.4139 0.4163 -2.8457 0.3729 -0.3728 -0.8497 0.1826 0.9295
-0.4329 0.4353 -2.8568 -0.1100 0.1100 -0.9878 0.1818 0.9287
-0.4598 0.0006 -2.8457 -0.7461 -0.0000 -0.6658 0.1806 0.9478
-0.4709 0.0006 -2.8188 -1.0000 0.0000 0.0000 0.1801 0.9478
-0.4598 0.0006 -2.7919 -0.7461 -0.0000 0.6658 0.1806 0.9478
-0.4329 0.0006 -2.7808 0.0015 -0.0000 1.0000 0.1818 0.9478
-0.4060 0.0006 -2.7919 0.7492 -0.0000 0.6624 0.1830 0.9478
-0.3949 0.0006 -2.8188 1.0000 -0.0000 0.0000 0.1835 0.9478
-0.4060 0.0006 -2.8457 0.7492 -0.0000 -0.6624 0.1830 0.9478
-0.4329 0.0006 -2.8568 0.0015 -0.0000 -1.0000 0.1818 0.9478
-0.4691 0.4591 -3.1069 -0.6895 0.4623 0.5576 0.1802 0.9276
-0.4420 0.4664 -3.0993 0.0244 0.6537 0.7563 0.1814 0.9273
-0.4154 0.4591 -3.1086 0.7240 0.4623 0.5120 0.1826 0.9276
-0.4049 0.4416 -3.1293 0.9995 0.0000 -0.0322 0.1830 0.9284
-0.4167 0.4240 -3.1493 0.6895 -0.4623 -0.5576 0.1825 0.9292
-0.4438 0.4167 -3.1568 -0.0244 -0.6537 -0.7563 0.1813 0.9295
-0.4704 0.4240 -3.1475 -0.7240 -0.4623 -0.5120 0.1801 0.9292
-0.4809 0.4416 -3.1269 -0.9995 -0.0000 0.0322 0.1797 0.9284
-0.4591 0.1010 -2.7976 -0.6895 0.4623 0.5576 0.1806 0.9434
-0.4320 0.1082 -2.7901 0.0244 0.6537 0.7563 0.1818 0.9431
-0.4054 0.1010 -2.7994 0.7240 0.4623 0.5120 0.1830 0.9434
-0.3949 0.0834 -2.8200 0.9995 0.0000 -0.0322 0.1835 0.9442
-0.4067 0.0658 -2.8400 0.6895 -0.4623 -0.5576 0.1829 0.9449
-0.4338 0.0586 -2.8476 -0.0244 -0.6537 -0.7563 0.1818 0.9453
-0.4604 0.0658 -2.8383 -0.7240 -0.4623 -0.5120 0.1806 0.9449
-0.4709 0.0834 -2.8176 -0.9995 0.0000 0.0322 0.1801 0.9442
-0.4463 0.4267 -2.3728 -0.7071 0.0000 0.7071 0.1812 0.9290
-0.4194 0.4267 -2.3617 -0.0000 0.0000 1.0000 0.1824 0.9290
-0.3925 0.4267 -2.3728 0.7071 0.0000 0.7071 0.1836 0.9290
-0.3814 0.4267 -2.3997 1.0000 0.0000 0.0000 0.1841 0.9290
-0.3925 0.4267 -2.4266 0.7071 0.0000 -0.7071 0.1836 0.9290
-0.4194 0.4267 -2.4377 0.0000 0.0000 -1.0000 0.1824 0.9290
-0.4463 0.4267 -2.4266 -0.7071 0.0000 -0.7071 0.1812 0.9290
-0.4574 0.4267 -2.3997 -1.0000 0.0000 0.0000 0.1807 0.9290
-0.4463 0.0006 -2.3728 -0.7071 0.0000 0.7071 0.1812 0.9478
-0.4194 0.0006 -2.3617 -0.0000 0.0000 1.0000 0.1824 0.9478
-0.3925 0.0006 -2.3728 0.7071 0.0000 0.7071 0.1836 0.9478
-0.3814 0.0006 -2.3997 1.0000 0.0000 0.0000 0.1841 0.9478
-0.3925 0.0006 -2.4266 0.7071 0.0000 -0.7071 0.1836 0.9478
-0.4194 0.0006 -2.4377 0.0000 0.0000 -1.0000 0.1824 0.9478
-0.4463 0.0006 -2.4266 -0.7071 0.0000 -0.7071 0.1812 0.9478
-0.4574 0.0006 -2.3997 -1.0000 0.0000 0.0000 0.1807 0.9478
0.0059 0.4536 -2.4266 0.0000 0.7071 -0.7071 0.2011 0.9278
0.0059 0.4647 -2.3997 0.0000 1.0000 0.0000 0.2011 0.9274
0.0059 0.4536 -2.3728 0.0000 0.7071 0.7071 0.2011 0.9278
0.0059 0.4267 -2.3617 0.0000 -0.0000 1.0000 0.2011 0.9290
0.0059 0.3999 -2.3728 0.0000 -0.7071 0.7071 0.2011 0.9302
0.0059 0.3887 -2.3997 0.0000 -1.0000 0.0000 0.2011 0.9307
0.0059 0.3999 -2.4266 0.0000 -0.7071 -0.7071 0.2011 0.9302
0.0059 0.4267 -2.4377 0.0000 0.0000 -1.0000 0.2011 0.9290
-0.4194 0.4536 -2.4266 0.0000 0.7071 -0.7071 0.1824 0.9278
-0.4194 0.4647 -2.3997 0.0000 1.0000 0.0000 0.1824 0.9274
-0.4194 0.4536 -2.3728 0.0000 0.7071 0.7071 0.1824 0.9278
-0.4194 0.4267 -2.3617 0.0000 -0.0000 1.0000 0.1824 0.9290
-0.4194 0.3999 -2.3728 0.0000 -0.7071 0.7071 0.1824 0.9302
-0.4194 0.3887 -2.3997 0.0000 -1.0000 0.0000 0.1824 0.9307
-0.4194 0.3999 -2.4266 0.0000 -0.7071 -0.7071 0.1824 0.9302
-0.4194 0.4267 -2.4377 0.0000 0.0000 -1.0000 0.1824 0.9290
-0.0138 0.3417 -1.8551 -0.5180 0.4814 -0.7071 0.2003 0.9328
-0.0219 0.3493 -1.8282 -0.7325 0.6807 -0.0000 0.1999 0.9324
-0.0138 0.3417 -1.8013 -0.5180 0.4814 0.7071 0.2003 0.9328
0.0059 0.3234 -1.7902 -0.0000 -0.0000 1.0000 0.2011 0.9336
0.0256 0.3051 -1.8013 0.5180 -0.4814 0.7071 0.2020 0.9344
0.0337 0.2975 -1.8282 0.7325 -0.6807 0.0000 0.2024 0.9347
0.0256 0.3051 -1.8551 0.5180 -0.4814 -0.7071 0.2020 0.9344
0.0059 0.3234 -1.8662 -0.0000 -0.0000 -1.0000 0.2011 0.9336
-0.3138 0.0189 -1.8551 -0.5180 0.4814 -0.7071 0.1870 0.9470
-0.3219 0.0265 -1.8282 -0.7325 0.6807 -0.0000 0.1867 0.9467
-0.3138 0.0189 -1.8013 -0.5180 0.4814 0.7071 0.1870 0.9470
-0.2941 0.0006 -1.7902 0.0000 -0.0000 1.0000 0.1879 0.9478
-0.2744 -0.0177 -1.8013 0.5180 -0.4814 0.7071 0.1888 0.9486
-0.2663 -0.0253 -1.8282 0.7325 -0.6807 0.0000 0.1891 0.9490
-0.2744 -0.0177 -1.8551 0.5180 -0.4814 -0.7071 0.1888 0.9486
-0.2941 0.0006 -1.8662 -0.0000 -0.0000 -1.0000 0.1879 0.9478
-0.0371 0.4621 -2.8396 0.4472 0.7070 -0.5478 0.1992 0.9275
-0.0537 0.4733 -2.8185 0.0099 0.9999 0.0079 0.1985 0.9270
-0.0706 0.4621 -2.7976 -0.4332 0.7071 0.5590 0.1978 0.9275
-0.0777 0.4353 -2.7891 -0.6225 -0.0000 0.7826 0.1974 0.9287
-0.0711 0.4084 -2.7980 -0.4472 -0.7071 0.5478 0.1977 0.9298
-0.0545 0.3973 -2.8191 -0.0099 -0.9999 -0.0079 0.1985 0.9303
-0.0376 0.4084 -2.8401 0.4332 -0.7070 -0.5590 0.1992 0.9298
-0.0304 0.4353 -2.8486 0.6225 -0.0000 -0.7826 0.1995 0.9287
-0.4259 0.4684 -3.1489 0.4472 0.7070 -0.5478 0.1821 0.9272
-0.4425 0.4796 -3.1278 0.0099 0.9999 0.0079 0.1814 0.9267
-0.4593 0.4684 -3.1068 -0.4332 0.7071 0.5590 0.1806 0.9272
-0.4665 0.4416 -3.0983 -0.6225 -0.0000 0.7826 0.1803 0.9284
-0.4599 0.4147 -3.1073 -0.4472 -0.7071 0.5478 0.1806 0.9296
-0.4433 0.4036 -3.1284 -0.0099 -0.9999 -0.0079 0.1813 0.9301
-0.4264 0.4147 -3.1493 0.4332 -0.7070 -0.5590 0.1821 0.9296
-0.4192 0.4416 -3.1578 0.6225 -0.0000 -0.7826 0.1824 0.9284
-0.0142 0.3501 -1.8463 -0.5289 0.7021 -0.4768 0.2002 0.9324
0.0085 0.3611 -1.8319 0.0685 0.9929 -0.0969 0.2012 0.9319
0.0297 0.3501 -1.8153 0.6258 0.7021 0.3398 0.2022 0.9324
0.0369 0.3234 -1.8063 0.8165 0.0000 0.5774 0.2025 0.9336
0.0260 0.2967 -1.8101 0.5289 -0.7021 0.4768 0.2020 0.9348
0.0033 0.2857 -1.8245 -0.0685 -0.9929 0.0969 0.2010 0.9353
-0.0179 0.2967 -1.8411 -0.6258 -0.7021 -0.3398 0.2001 0.9348
-0.0251 0.3234 -1.8502 -0.8165 0.0000 -0.5774 0.1998 0.9336
-0.4033 0.4306 -1.2961 -0.5289 0.7021 -0.4768 0.1831 0.9289
-0.3806 0.4416 -1.2816 0.0685 0.9929 -0.0969 0.1841 0.9284
-0.3594 0.4306 -1.2650 0.6258 0.7021 0.3398 0.1850 0.9289
-0.3522 0.4039 -1.2560 0.8165 0.0000 0.5774 0.1854 0.9300
-0.3631 0.3772 -1.2598 0.5289 -0.7021 0.4768 0.1849 0.9312
-0.3858 0.3662 -1.2743 -0.0685 -0.9929 0.0969 0.1839 0.9317
-0.4070 0.3772 -1.2909 -0.6258 -0.7021 -0.3398 0.1829 0.9312
-0.4143 0.4039 -1.2999 -0.8165 0.0000 -0.5774 0.1826 0.9300
-0.2645 0.0223 -1.8185 0.7799 0.5716 0.2552 0.1892 0.9469
-0.2893 0.0313 -1.8064 0.1261 0.8083 0.5751 0.1881 0.9465
-0.3170 0.0223 -1.8070 -0.6015 0.5716 0.5581 0.1869 0.9469
-0.3312 0.0006 -1.8201 -0.9768 -0.0000 0.2142 0.1863 0.9478
-0.3237 -0.0211 -1.8379 -0.7799 -0.5716 -0.2552 0.1866 0.9488
-0.2989 -0.0301 -1.8501 -0.1261 -0.8083 -0.5751 0.1877 0.9492
-0.2712 -0.0211 -1.8494 0.6015 -0.5716 -0.5581 0.1889 0.9488
-0.2570 0.0006 -1.8364 0.9768 -0.0000 -0.2142 0.1895 0.9478
-0.3898 0.4485 -2.3900 0.7799 0.5716 0.2552 0.1837 0.9281
-0.4146 0.4575 -2.3779 0.1261 0.8083 0.5751 0.1826 0.9277
-0.4423 0.4485 -2.3785 -0.6015 0.5716 0.5581 0.1814 0.9281
-0.4565 0.4267 -2.3916 -0.9768 0.0000 0.2142 0.1808 0.9290
-0.4490 0.4050 -2.4094 -0.7799 -0.5716 -0.2552 0.1811 0.9300
-0.4242 0.3960 -2.4216 -0.1261 -0.8083 -0.5751 0.1822 0.9304
-0.3965 0.4050 -2.4209 0.6015 -0.5716 -0.5581 0.1834 0.9300
-0.3823 0.4267 -2.4079 0.9768 0.0000 -0.2142 0.1840 0.9290
-0.3564 0.4308 -1.2783 0.7072 0.7070 -0.0084 0.1852 0.9289
-0.3832 0.4419 -1.2772 0.0007 0.9998 0.0203 0.1840 0.9284
-0.4101 0.4308 -1.2765 -0.7063 0.7070 0.0372 0.1828 0.9289
-0.4212 0.4039 -1.2767 -0.9995 0.0000 0.0322 0.1823 0.9300
-0.4101 0.3770 -1.2776 -0.7072 -0.7070 0.0084 0.1828 0.9312
-0.3833 0.3659 -1.2787 -0.0007 -0.9998 -0.0203 0.1840 0.9317
-0.3564 0.3770 -1.2794 0.7063 -0.7070 -0.0372 0.1852 0.9312
-0.3452 0.4039 -1.2792 0.9995 0.0000 -0.0322 0.1857 0.9300
-0.4238 0.4734 -3.3706 0.7072 0.7070 -0.0084 0.1822 0.9270
-0.4507 0.4845 -3.3695 0.0007 0.9998 0.0203 0.1810 0.9265
-0.4775 0.4734 -3.3688 -0.7063 0.7070 0.0372 0.1798 0.9270
-0.4887 0.4465 -3.3690 -0.9995 0.0000 0.0322 0.1793 0.9282
-0.4776 0.4196 -3.3699 -0.7072 -0.7070 0.0084 0.1798 0.9293
-0.4507 0.4085 -3.3710 -0.0007 -0.9998 -0.0203 0.1810 0.9298
-0.4239 0.4196 -3.3717 0.7063 -0.7070 -0.0372 0.1822 0.9293
-0.4127 0.4465 -3.3715 0.9995 -0.0000 -0.0322 0.1827 0.9282
0.0298 0.3500 -1.8412 0.6279 0.6998 -0.3407 0.2022 0.9324
0.0092 0.3610 -1.8238 0.0857 0.9896 0.1152 0.2013 0.9319
-0.0133 0.3500 -1.8091 -0.5066 0.6998 0.5036 0.2003 0.9324
-0.0246 0.3234 -1.8055 -0.8022 0.0000 0.5970 0.1998 0.9336
-0.0180 0.2968 -1.8153 -0.6279 -0.6998 0.3407 0.2001 0.9348
0.0026 0.2858 -1.8326 -0.0857 -0.9896 -0.1152 0.2010 0.9352
0.0252 0.2968 -1.8474 0.5066 -0.6998 -0.5036 0.2020 0.9348
0.0364 0.3234 -1.8509 0.8022 -0.0000 -0.5970 0.2025 0.9336
-0.3955 0.4533 -2.4127 0.6279 0.6998 -0.3407 0.1834 0.9279
-0.4161 0.4644 -2.3953 0.0857 0.9896 0.1152 0.1825 0.9274
-0.4387 0.4533 -2.3806 -0.5066 0.6998 0.5036 0.1815 0.9279
-0.4499 0.4267 -2.3770 -0.8022 0.0000 0.5970 0.1810 0.9290
-0.4433 0.4002 -2.3868 -0.6279 -0.6998 0.3407 0.1813 0.9302
-0.4227 0.3891 -2.4041 -0.0857 -0.9896 -0.1152 0.1822 0.9307
-0.4001 0.4002 -2.4188 0.5066 -0.6998 -0.5036 0.1832 0.9302
-0.3889 0.4267 -2.4224 0.8022 -0.0000 -0.5970 0.1837 0.9290
-0.3181 0.0224 -1.8481 -0.6317 0.5729 -0.5222 0.1869 0.9469
-0.2905 0.0314 -1.8502 0.0937 0.8102 -0.5786 0.1881 0.9465
-0.2651 0.0224 -1.8395 0.7643 0.5729 -0.2961 0.1892 0.9469
-0.2566 0.0006 -1.8221 0.9871 0.0000 0.1599 0.1896 0.9478
-0.2701 -0.0212 -1.8084 0.6317 -0.5729 0.5222 0.1890 0.9488
-0.2977 -0.0302 -1.8062 -0.0937 -0.8102 0.5786 0.1878 0.9492
-0.3231 -0.0212 -1.8170 -0.7643 -0.5729 0.2961 0.1866 0.9488
-0.3316 0.0006 -1.8343 -0.9871 0.0000 -0.1599 0.1863 0.9478
-0.4072 0.4257 -1.2978 -0.6317 0.5729 -0.5222 0.1829 0.9291
-0.3797 0.4347 -1.2999 0.0937 0.8102 -0.5786 0.1841 0.9287
-0.3542 0.4257 -1.2892 0.7643 0.5729 -0.2961 0.1853 0.9291
-0.3457 0.4039 -1.2719 0.9871 0.0000 0.1599 0.1856 0.9300
-0.3592 0.3821 -1.2581 0.6317 -0.5729 0.5222 0.1850 0.9310
-0.3868 0.3731 -1.2560 -0.0937 -0.8102 0.5786 0.1838 0.9314
-0.4123 0.3821 -1.2667 -0.7643 -0.5729 0.2961 0.1827 0.9310
-0.4207 0.4039 -1.2840 -0.9871 -0.0000 -0.1599 0.1823 0.9300
-0.0067 0.4622 -2.8457 0.0126 0.7461 -0.6657 0.2006 0.9275
-0.0067 0.4733 -2.8188 0.0206 0.9998 -0.0000 0.2006 0.9270
-0.0067 0.4622 -2.7919 0.0126 0.7461 0.6657 0.2006 0.9275
-0.0067 0.4353 -2.7808 0.0044 -0.0015 1.0000 0.2006 0.9287
-0.0067 0.4084 -2.7919 0.0139 -0.7491 0.6623 0.2006 0.9298
-0.0067 0.3973 -2.8188 0.0228 -0.9997 0.0000 0.2006 0.9303
-0.0067 0.4084 -2.8457 0.0139 -0.7491 -0.6623 0.2006 0.9298
-0.0067 0.4353 -2.8568 0.0044 -0.0015 -1.0000 0.2006 0.9287
0.4511 0.4543 -2.8457 0.5196 0.5197 -0.6782 0.2208 0.9278
0.4590 0.4622 -2.8188 0.7071 0.7072 -0.0000 0.2211 0.9275
0.4511 0.4543 -2.7919 0.5196 0.5197 0.6782 0.2208 0.9278
0.4321 0.4353 -2.7808 0.1100 0.1100 0.9878 0.2199 0.9287
0.4131 0.4163 -2.7919 -0.3729 -0.3728 0.8497 0.2191 0.9295
0.4052 0.4084 -2.8188 -0.7072 -0.7070 0.0000 0.2187 0.9298
0.4131 0.4163 -2.8457 -0.3729 -0.3728 -0.8497 0.2191 0.9295
0.4321 0.4353 -2.8568 0.1100 0.1100 -0.9878 0.2199 0.9287
0.4590 0.0006 -2.8457 0.7461 0.0000 -0.6658 0.2211 0.9478
0.4701 0.0006 -2.8188 1.0000 -0.0000 -0.0000 0.2216 0.9478
0.4590 0.0006 -2.7919 0.7461 0.0000 0.6658 0.2211 0.9478
0.4321 0.0006 -2.7808 -0.0015 0.0000 1.0000 0.2199 0.9478
0.4052 0.0006 -2.7919 -0.7492 0.0000 0.6624 0.2187 0.9478
0.3941 0.0006 -2.8188 -1.0000 0.0000 0.0000 0.2182 0.9478
0.4052 0.0006 -2.8457 -0.7492 0.0000 -0.6624 0.2187 0.9478
0.4321 0.0006 -2.8568 -0.0015 0.0000 -1.0000 0.2199 0.9478
0.4683 0.4591 -3.1069 0.6895 0.4623 0.5576 0.2215 0.9276
0.4411 0.4664 -3.0993 -0.0244 0.6537 0.7563 0.2203 0.9273
0.4146 0.4591 -3.1086 -0.7240 0.4623 0.5120 0.2191 0.9276
0.4041 0.4416 -3.1293 -0.9995 0.0000 -0.0322 0.2187 0.9284
0.4159 0.4240 -3.1493 -0.6895 -0.4623 -0.5576 0.2192 0.9292
0.4430 0.4167 -3.1568 0.0244 -0.6537 -0.7563 0.2204 0.9295
0.4696 0.4240 -3.1475 0.7240 -0.4623 -0.5120 0.2216 0.9292
0.4801 0.4416 -3.1269 0.9995 -0.0000 0.0322 0.2220 0.9284
0.4583 0.1010 -2.7976 0.6895 0.4623 0.5576 0.2211 0.9434
0.4312 0.1082 -2.7901 -0.0244 0.6537 0.7563 0.2199 0.9431
0.4046 0.1010 -2.7994 -0.7240 0.4623 0.5120 0.2187 0.9434
0.3941 0.0834 -2.8200 -0.9995 0.0000 -0.0322 0.2182 0.9442
0.4059 0.0658 -2.8400 -0.6895 -0.4623 -0.5576 0.2188 0.9449
0.4330 0.0586 -2.8476 0.0244 -0.6537 -0.7563 0.2200 0.9453
0.4596 0.0658 -2.8383 0.7240 -0.4623 -0.5120 0.2211 0.9449
0.4701 0.0834 -2.8176 0.9995 0.0000 0.0322 0.2216 0.9442
0.4455 0.4267 -2.3728 0.7071 0.0000 0.7071 0.2205 0.9290
0.4186 0.4267 -2.3617 0.0000 0.0000 1.0000 0.2193 0.9290
0.3917 0.4267 -2.3728 -0.7071 0.0000 0.7071 0.2181 0.9290
0.3806 0.4267 -2.3997 -1.0000 0.0000 0.0000 0.2176 0.9290
0.3917 0.4267 -2.4266 -0.7071 0.0000 -0.7071 0.2181 0.9290
0.4186 0.4267 -2.4377 0.0000 0.0000 -1.0000 0.2193 0.9290
0.4455 0.4267 -2.4266 0.7071 0.0000 -0.7071 0.2205 0.9290
0.4566 0.4267 -2.3997 1.0000 0.0000 0.0000 0.2210 0.9290
0.4455 0.0006 -2.3728 0.7071 0.0000 0.7071 0.2205 0.9478
0.4186 0.0006 -2.3617 0.0000 0.0000 1.0000 0.2193 0.9478
0.3917 0.0006 -2.3728 -0.7071 0.0000 0.7071 0.2181 0.9478
0.3806 0.0006 -2.3997 -1.0000 0.0000 0.0000 0.2176 0.9478
0.3917 0.0006 -2.4266 -0.7071 0.0000 -0.7071 0.2181 0.9478
0.4186 0.0006 -2.4377 0.0000 0.0000 -1.0000 0.2193 0.9478
0.4455 0.0006 -2.4266 0.7071 0.0000 -0.7071 0.2205 0.9478
0.4566 0.0006 -2.3997 1.0000 0.0000 0.0000 0.2210 0.9478
-0.0067 0.4536 -2.4266 0.0000 0.7071 -0.7071 0.2006 0.9278
-0.0067 0.4647 -2.3997 0.0000 1.0000 0.0000 0.2006 0.9274
-0.0067 0.4536 -2.3728 0.0000 0.7071 0.7071 0.2006 0.9278
-0.0067 0.4267 -2.3617 0.0000 -0.0000 1.0000 0.2006 0.9290
-0.0067 0.3999 -2.3728 0.0000 -0.7071 0.7071 0.2006 0.9302
-0.0067 0.3887 -2.3997 0.0000 -1.0000 0.0000 0.2006 0.9307
-0.0067 0.3999 -2.4266 0.0000 -0.7071 -0.7071 0.2006 0.9302
-0.0067 0.4267 -2.4377 0.0000 0.0000 -1.0000 0.2006 0.9290
0.4186 0.4536 -2.4266 0.0000 0.7071 -0.7071 0.2193 0.9278
0.4186 0.4647 -2.3997 0.0000 1.0000 0.0000 0.2193 0.9274
0.4186 0.4536 -2.3728 0.0000 0.7071 0.7071 0.2193 0.9278
0.4186 0.4267 -2.3617 0.0000 -0.0000 1.0000 0.2193 0.9290
0.4186 0.3999 -2.3728 0.0000 -0.7071 0.7071 0.2193 0.9302
0.4186 0.3887 -2.3997 0.0000 -1.0000 0.0000 0.2193 0.9307
0.4186 0.3999 -2.4266 0.0000 -0.7071 -0.7071 0.2193 0.9302
0.4186 0.4267 -2.4377 0.0000 0.0000 -1.0000 0.2193 0.9290
0.0130 0.3417 -1.8551 0.5180 0.4814 -0.7071 0.2014 0.9328
0.0211 0.3493 -1.8282 0.7325 0.6807 0.0000 0.2018 0.9324
0.0130 0.3417 -1.8013 0.5180 0.4814 0.7071 0.2014 0.9328
-0.0067 0.3234 -1.7902 -0.0000 -0.0000 1.0000 0.2006 0.9336
-0.0264 0.3051 -1.8013 -0.5180 -0.4814 0.7071 0.1997 0.9344
-0.0346 0.2975 -1.8282 -0.7325 -0.6807 0.0000 0.1993 0.9347
-0.0264 0.3051 -1.8551 -0.5180 -0.4814 -0.7071 0.1997 0.9344
-0.0067 0.3234 -1.8662 0.0000 -0.0000 -1.0000 0.2006 0.9336
0.3130 0.0189 -1.8551 0.5180 0.4814 -0.7071 0.2147 0.9470
0.3211 0.0265 -1.8282 0.7325 0.6807 0.0000 0.2150 0.9467
0.3130 0.0189 -1.8013 0.5180 0.4814 0.7071 0.2147 0.9470
0.2933 0.0006 -1.7902 -0.0000 0.0000 1.0000 0.2138 0.9478
0.2736 -0.0177 -1.8013 -0.5180 -0.4814 0.7071 0.2129 0.9486
0.2654 -0.0253 -1.8282 -0.7325 -0.6807 0.0000 0.2126 0.9490
0.2736 -0.0177 -1.8551 -0.5180 -0.4814 -0.7071 0.2129 0.9486
0.2933 0.0006 -1.8662 0.0000 0.0000 -1.0000 0.2138 0.9478
0.0363 0.4621 -2.8396 -0.4472 0.7070 -0.5478 0.2025 0.9275
0.0529 0.4733 -2.8185 -0.0099 0.9999 0.0079 0.2032 0.9270
0.0697 0.4621 -2.7976 0.4332 0.7071 0.5590 0.2039 0.9275
0.0769 0.4353 -2.7891 0.6225 -0.0000 0.7826 0.2043 0.9287
0.0703 0.4084 -2.7980 0.4472 -0.7071 0.5478 0.2040 0.9298
0.0537 0.3973 -2.8191 0.0099 -0.9999 -0.0079 0.2032 0.9303
0.0368 0.4084 -2.8401 -0.4332 -0.7070 -0.5590 0.2025 0.9298
0.0296 0.4353 -2.8486 -0.6225 -0.0000 -0.7826 0.2022 0.9287
0.4251 0.4684 -3.1489 -0.4472 0.7070 -0.5478 0.2196 0.9272
0.4417 0.4796 -3.1278 -0.0099 0.9999 0.0079 0.2203 0.9267
0.4585 0.4684 -3.1068 0.4332 0.7071 0.5590 0.2211 0.9272
0.4657 0.4416 -3.0983 0.6225 -0.0000 0.7826 0.2214 0.9284
0.4591 0.4147 -3.1073 0.4472 -0.7071 0.5478 0.2211 0.9296
0.4425 0.4036 -3.1284 0.0099 -0.9999 -0.0079 0.2204 0.9301
0.4256 0.4147 -3.1493 -0.4332 -0.7070 -0.5590 0.2196 0.9296
0.4184 0.4416 -3.1578 -0.6225 -0.0000 -0.7826 0.2193 0.9284
0.0134 0.3501 -1.8463 0.5289 0.7021 -0.4768 0.2015 0.9324
-0.0093 0.3611 -1.8319 -0.0685 0.9929 -0.0969 0.2005 0.9319
-0.0305 0.3501 -1.8153 -0.6258 0.7021 0.3398 0.1995 0.9324
-0.0377 0.3234 -1.8063 -0.8165 0.0000 0.5774 0.1992 0.9336
-0.0268 0.2967 -1.8101 -0.5289 -0.7021 0.4768 0.1997 0.9348
-0.0041 0.2857 -1.8245 0.0685 -0.9929 0.0969 0.2007 0.9353
0.0171 0.2967 -1.8411 0.6258 -0.7021 -0.3398 0.2016 0.9348
0.0243 0.3234 -1.8502 0.8165 0.0000 -0.5774 0.2019 0.9336
0.4025 0.4306 -1.2961 0.5289 0.7021 -0.4768 0.2186 0.9289
0.3798 0.4416 -1.2816 -0.0685 0.9929 -0.0969 0.2176 0.9284
0.3586 0.4306 -1.2650 -0.6258 0.7021 0.3398 0.2167 0.9289
0.3514 0.4039 -1.2560 -0.8165 0.0000 0.5774 0.2164 0.9300
0.3623 0.3772 -1.2598 -0.5289 -0.7021 0.4768 0.2168 0.9312
0.3850 0.3662 -1.2743 0.0685 -0.9929 0.0969 0.2178 0.9317
0.4062 0.3772 -1.2909 0.6258 -0.7021 -0.3398 0.2188 0.9312
0.4134 0.4039 -1.2999 0.8165 0.0000 -0.5774 0.2191 0.9300
0.2636 0.0223 -1.8185 -0.7799 0.5716 0.2552 0.2125 0.9469
0.2885 0.0313 -1.8064 -0.1261 0.8083 0.5751 0.2136 0.9465
0.3161 0.0223 -1.8070 0.6015 0.5716 0.5581 0.2148 0.9469
0.3304 0.0006 -1.8201 0.9768 0.0000 0.2142 0.2154 0.9478
0.3229 -0.0211 -1.8379 0.7799 -0.5716 -0.2552 0.2151 0.9488
0.2981 -0.0301 -1.8501 0.1261 -0.8083 -0.5751 0.2140 0.9492
0.2704 -0.0211 -1.8494 -0.6015 -0.5716 -0.5581 0.2128 0.9488
0.2562 0.0006 -1.8364 -0.9768 0.0000 -0.2142 0.2122 0.9478
0.3890 0.4485 -2.3900 -0.7799 0.5716 0.2552 0.2180 0.9281
0.4138 0.4575 -2.3779 -0.1261 0.8083 0.5751 0.2191 0.9277
0.4414 0.4485 -2.3785 0.6015 0.5716 0.5581 0.2203 0.9281
0.4557 0.4267 -2.3916 0.9768 0.0000 0.2142 0.2210 0.9290
0.4482 0.4050 -2.4094 0.7799 -0.5716 -0.2552 0.2206 0.9300
0.4234 0.3960 -2.4216 0.1261 -0.8083 -0.5751 0.2195 0.9304
0.3957 0.4050 -2.4209 -0.6015 -0.5716 -0.5581 0.2183 0.9300
0.3815 0.4267 -2.4079 -0.9768 0.0000 -0.2142 0.2177 0.9290
0.3555 0.4308 -1.2783 -0.7072 0.7070 -0.0084 0.2165 0.9289
0.3824 0.4419 -1.2772 -0.0007 0.9998 0.0203 0.2177 0.9284
0.4093 0.4308 -1.2765 0.7063 0.7070 0.0372 0.2189 0.9289
0.4204 0.4039 -1.2767 0.9995 0.0000 0.0322 0.2194 0.9300
0.4093 0.3770 -1.2776 0.7072 -0.7070 0.0084 0.2189 0.9312
0.3824 0.3659 -1.2787 0.0007 -0.9998 -0.0203 0.2177 0.9317
0.3556 0.3770 -1.2794 -0.7063 -0.7070 -0.0372 0.2165 0.9312
0.3444 0.4039 -1.2792 -0.9995 0.0000 -0.0322 0.2160 0.9300
0.4230 0.4734 -3.3706 -0.7072 0.7070 -0.0084 0.2195 0.9270
0.4499 0.4845 -3.3695 -0.0007 0.9998 0.0203 0.2207 0.9265
0.4767 0.4734 -3.3688 0.7063 0.7070 0.0372 0.2219 0.9270
0.4879 0.4465 -3.3690 0.9995 0.0000 0.0322 0.2224 0.9282
0.4768 0.4196 -3.3699 0.7072 -0.7070 0.0084 0.2219 0.9293
0.4499 0.4085 -3.3710 0.0007 -0.9998 -0.0203 0.2207 0.9298
0.4230 0.4196 -3.3717 -0.7063 -0.7070 -0.0372 0.2195 0.9293
0.4119 0.4465 -3.3715 -0.9995 -0.0000 -0.0322 0.2190 0.9282
-0.0306 0.3500 -1.8412 -0.6279 0.6998 -0.3407 0.1995 0.9324
-0.0100 0.3610 -1.8238 -0.0857 0.9896 0.1152 0.2004 0.9319
0.0125 0.3500 -1.8091 0.5067 0.6998 0.5036 0.2014 0.9324
0.0238 0.3234 -1.8055 0.8022 0.0000 0.5970 0.2019 0.9336
0.0171 0.2968 -1.8153 0.6279 -0.6998 0.3407 0.2016 0.9348
-0.0035 0.2858 -1.8326 0.0857 -0.9896 -0.1152 0.2007 0.9352
-0.0260 0.2968 -1.8474 -0.5066 -0.6998 -0.5036 0.1997 0.9348
-0.0372 0.3234 -1.8509 -0.8022 -0.0000 -0.5970 0.1992 0.9336
0.3947 0.4533 -2.4127 -0.6279 0.6998 -0.3407 0.2183 0.9279
0.4153 0.4644 -2.3953 -0.0857 0.9896 0.1152 0.2192 0.9274
0.4378 0.4533 -2.3806 0.5067 0.6998 0.5036 0.2202 0.9279
0.4491 0.4267 -2.3770 0.8022 0.0000 0.5970 0.2207 0.9290
0.4424 0.4002 -2.3868 0.6279 -0.6998 0.3407 0.2204 0.9302
0.4218 0.3891 -2.4041 0.0857 -0.9896 -0.1152 0.2195 0.9307
0.3993 0.4002 -2.4188 -0.5066 -0.6998 -0.5036 0.2185 0.9302
0.3881 0.4267 -2.4224 -0.8022 -0.0000 -0.5970 0.2180 0.9290
0.3173 0.0224 -1.8481 0.6317 0.5729 -0.5222 0.2149 0.9469
0.2897 0.0314 -1.8502 -0.0937 0.8102 -0.5786 0.2136 0.9465
0.2642 0.0224 -1.8395 -0.7643 0.5729 -0.2961 0.2125 0.9469
0.2558 0.0006 -1.8221 -0.9871 0.0000 0.1599 0.2121 0.9478
0.2693 -0.0212 -1.8084 -0.6317 -0.5729 0.5222 0.2127 0.9488
0.2968 -0.0302 -1.8062 0.0937 -0.8102 0.5786 0.2140 0.9492
0.3223 -0.0212 -1.8170 0.7643 -0.5729 0.2961 0.2151 0.9488
0.3308 0.0006 -1.8343 0.9871 0.0000 -0.1599 0.2154 0.9478
0.4064 0.4257 -1.2978 0.6317 0.5729 -0.5222 0.2188 0.9291
0.3789 0.4347 -1.2999 -0.0937 0.8102 -0.5786 0.2176 0.9287
0.3534 0.4257 -1.2892 -0.7643 0.5729 -0.2961 0.2164 0.9291
0.3449 0.4039 -1.2719 -0.9871 0.0000 0.1599 0.2161 0.9300
0.3584 0.3821 -1.2581 -0.6317 -0.5729 0.5222 0.2167 0.9310
0.3860 0.3731 -1.2560 0.0937 -0.8102 0.5786 0.2179 0.9314
0.4115 0.3821 -1.2667 0.7643 -0.5729 0.2961 0.2190 0.9310
0.4199 0.4039 -1.2840 0.9871 -0.0000 -0.1599 0.2194 0.9300
0.0059 -0.4610 -2.8457 -0.0126 -0.7461 -0.6657 0.2011 0.9682
0.0059 -0.4721 -2.8188 -0.0206 -0.9998 -0.0000 0.2011 0.9686
0.0059 -0.4610 -2.7919 -0.0126 -0.7461 0.6657 0.2011 0.9682
0.0059 -0.4341 -2.7808 -0.0044 0.0015 1.0000 0.2011 0.9670
0.0059 -0.4072 -2.7919 -0.0139 0.7491 0.6623 0.2011 0.9658
0.0059 -0.3961 -2.8188 -0.0228 0.9997 0.0000 0.2011 0.9653
0.0059 -0.4072 -2.8457 -0.0139 0.7491 -0.6623 0.2011 0.9658
0.0059 -0.4341 -2.8568 -0.0044 0.0015 -1.0000 0.2011 0.9670
-0.4519 -0.4531 -2.8457 -0.5196 -0.5197 -0.6782 0.1810 0.9678
-0.4598 -0.4610 -2.8188 -0.7071 -0.7072 -0.0000 0.1806 0.9682
-0.4519 -0.4531 -2.7919 -0.5196 -0.5197 0.6782 0.1810 0.9678
-0.4329 -0.4341 -2.7808 -0.1100 -0.1100 0.9878 0.1818 0.9670
-0.4139 -0.4151 -2.7919 0.3729 0.3728 0.8497 0.1826 0.9661
-0.4060 -0.4072 -2.8188 0.7072 0.7070 0.0000 0.1830 0.9658
-0.4139 -0.4151 -2.8457 0.3729 0.3728 -0.8497 0.1826 0.9661
-0.4329 -0.4341 -2.8568 -0.1100 -0.1100 -0.9878 0.1818 0.9670
-0.4691 -0.4580 -3.1069 -0.6895 -0.4623 0.5576 0.1802 0.9680
-0.4420 -0.4653 -3.0993 0.0244 -0.6537 0.7563 0.1814 0.9683
-0.4154 -0.4580 -3.1086 0.7240 -0.4623 0.5120 0.1826 0.9680
-0.4049 -0.4404 -3.1293 0.9995 -0.0000 -0.0322 0.1830 0.9672
-0.4167 -0.4228 -3.1493 0.6895 0.4623 -0.5576 0.1825 0.9665
-0.4438 -0.4156 -3.1568 -0.0244 0.6537 -0.7563 0.1813 0.9662
-0.4704 -0.4228 -3.1475 -0.7240 0.4623 -0.5120 0.1801 0.9665
-0.4809 -0.4404 -3.1269 -0.9995 0.0000 0.0322 0.1797 0.9672
-0.4591 -0.0998 -2.7976 -0.6895 -0.4623 0.5576 0.1806 0.9522
-0.4320 -0.1071 -2.7901 0.0244 -0.6537 0.7563 0.1818 0.9526
-0.4054 -0.0998 -2.7994 0.7240 -0.4623 0.5120 0.1830 0.9522
-0.3949 -0.0822 -2.8200 0.9995 -0.0000 -0.0322 0.1835 0.9515
-0.4067 -0.0647 -2.8400 0.6895 0.4623 -0.5576 0.1829 0.9507
-0.4338 -0.0574 -2.8476 -0.0244 0.6537 -0.7563 0.1818 0.9504
-0.4604 -0.0647 -2.8383 -0.7240 0.4623 -0.5120 0.1806 0.9507
-0.4709 -0.0822 -2.8176 -0.9995 -0.0000 0.0322 0.1801 0.9515
-0.4463 -0.4256 -2.3728 -0.7071 0.0000 0.7071 0.1812 0.9666
-0.4194 -0.4256 -2.3617 -0.0000 0.0000 1.0000 0.1824 0.9666
-0.3925 -0.4256 -2.3728 0.7071 0.0000 0.7071 0.1836 0.9666
-0.3814 -0.4256 -2.3997 1.0000 0.0000 0.0000 0.1841 0.9666
-0.3925 -0.4256 -2.4266 0.7071 0.0000 -0.7071 0.1836 0.9666
-0.4194 -0.4256 -2.4377 0.0000 0.0000 -1.0000 0.1824 0.9666
-0.4463 -0.4256 -2.4266 -0.7071 0.0000 -0.7071 0.1812 0.9666
-0.4574 -0.4256 -2.3997 -1.0000 0.0000 0.0000 0.1807 0.9666
0.0059 -0.4525 -2.4266 0.0000 -0.7071 -0.7071 0.2011 0.9678
0.0059 -0.4636 -2.3997 0.0000 -1.0000 0.0000 0.2011 0.9683
0.0059 -0.4525 -2.3728 0.0000 -0.7071 0.7071 0.2011 0.9678
0.0059 -0.4256 -2.3617 0.0000 0.0000 1.0000 0.2011 0.9666
0.0059 -0.3987 -2.3728 0.0000 0.7071 0.7071 0.2011 0.9654
0.0059 -0.3876 -2.3997 0.0000 1.0000 0.0000 0.2011 0.9649
0.0059 -0.3987 -2.4266 0.0000 0.7071 -0.7071 0.2011 0.9654
0.0059 -0.4256 -2.4377 0.0000 -0.0000 -1.0000 0.2011 0.9666
-0.4194 -0.4525 -2.4266 0.0000 -0.7071 -0.7071 0.1824 0.9678
-0.4194 -0.4636 -2.3997 0.0000 -1.0000 0.0000 0.1824 0.9683
-0.4194 -0.4525 -2.3728 0.0000 -0.7071 0.7071 0.1824 0.9678
-0.4194 -0.4256 -2.3617 0.0000 0.0000 1.0000 0.1824 0.9666
-0.4194 -0.3987 -2.3728 0.0000 0.7071 0.7071 0.1824 0.9654
-0.4194 -0.3876 -2.3997 0.0000 1.0000 0.0000 0.1824 0.9649
-0.4194 -0.3987 -2.4266 0.0000 0.7071 -0.7071 0.1824 0.9654
-0.4194 -0.4256 -2.4377 0.0000 -0.0000 -1.0000 0.1824 0.9666
-0.0138 -0.3405 -1.8551 -0.5180 -0.4814 -0.7071 0.2003 0.9628
-0.0219 -0.3481 -1.8282 -0.7325 -0.6807 -0.0000 0.1999 0.9632
-0.0138 -0.3405 -1.8013 -0.5180 -0.4814 0.7071 0.2003 0.9628
0.0059 -0.3222 -1.7902 0.0000 0.0000 1.0000 0.2011 0.9620
0.0256 -0.3039 -1.8013 0.5180 0.4814 0.7071 0.2020 0.9612
0.0337 -0.2964 -1.8282 0.7325 0.6807 0.0000 0.2024 0.9609
0.0256 -0.3039 -1.8551 0.5180 0.4814 -0.7071 0.2020 0.9612
0.0059 -0.3222 -1.8662 -0.0000 0.0000 -1.0000 0.2011 0.9620
-0.3138 -0.0177 -1.8551 -0.5180 -0.4814 -0.7071 0.1870 0.9486
-0.3219 -0.0253 -1.8282 -0.7325 -0.6807 -0.0000 0.1867 0.9490
-0.3138 -0.0177 -1.8013 -0.5180 -0.4814 0.7071 0.1870 0.9486
-0.2744 0.0189 -1.8013 0.5180 0.4814 0.7071 0.1888 0.9470
-0.2663 0.0265 -1.8282 0.7325 0.6807 0.0000 0.1891 0.9467
-0.2744 0.0189 -1.8551 0.5180 0.4814 -0.7071 0.1888 0.9470
-0.0371 -0.4610 -2.8396 0.4472 -0.7070 -0.5478 0.1992 0.9682
-0.0537 -0.4721 -2.8185 0.0099 -0.9999 0.0079 0.1985 0.9686
-0.0706 -0.4610 -2.7976 -0.4332 -0.7070 0.5590 0.1978 0.9682
-0.0777 -0.4341 -2.7891 -0.6225 0.0000 0.7826 0.1974 0.9670
-0.0711 -0.4072 -2.7980 -0.4472 0.7071 0.5478 0.1977 0.9658
-0.0545 -0.3961 -2.8191 -0.0099 0.9999 -0.0079 0.1985 0.9653
-0.0376 -0.4072 -2.8401 0.4332 0.7070 -0.5590 0.1992 0.9658
-0.0304 -0.4341 -2.8486 0.6225 0.0000 -0.7826 0.1995 0.9670
-0.4259 -0.4673 -3.1489 0.4472 -0.7070 -0.5478 0.1821 0.9684
-0.4425 -0.4784 -3.1278 0.0099 -0.9999 0.0079 0.1814 0.9689
-0.4593 -0.4673 -3.1068 -0.4332 -0.7070 0.5590 0.1806 0.9684
-0.4665 -0.4404 -3.0983 -0.6225 0.0000 0.7826 0.1803 0.9672
-0.4599 -0.4135 -3.1073 -0.4472 0.7071 0.5478 0.1806 0.9661
-0.4433 -0.4024 -3.1284 -0.0099 0.9999 -0.0079 0.1813 0.9656
-0.4264 -0.4135 -3.1493 0.4332 0.7070 -0.5590 0.1821 0.9661
-0.4192 -0.4404 -3.1578 0.6225 0.0000 -0.7826 0.1824 0.9672
-0.0142 -0.3489 -1.8463 -0.5289 -0.7021 -0.4768 0.2002 0.9632
0.0085 -0.3600 -1.8319 0.0685 -0.9929 -0.0969 0.2012 0.9637
0.0297 -0.3489 -1.8153 0.6258 -0.7021 0.3398 0.2022 0.9632
0.0369 -0.3222 -1.8063 0.8165 -0.0000 0.5774 0.2025 0.9620
0.0260 -0.2956 -1.8101 0.5289 0.7021 0.4768 0.2020 0.9609
0.0033 -0.2845 -1.8245 -0.0685 0.9929 0.0969 0.2010 0.9604
-0.0179 -0.2956 -1.8411 -0.6258 0.7021 -0.3398 0.2001 0.9609
-0.0251 -0.3222 -1.8502 -0.8165 -0.0000 -0.5774 0.1998 0.9620
-0.4033 -0.4294 -1.2961 -0.5289 -0.7021 -0.4768 0.1831 0.9668
-0.3806 -0.4405 -1.2816 0.0685 -0.9929 -0.0969 0.1841 0.9673
-0.3594 -0.4294 -1.2650 0.6258 -0.7021 0.3398 0.1850 0.9668
-0.3522 -0.4027 -1.2560 0.8165 -0.0000 0.5774 0.1854 0.9656
-0.3631 -0.3761 -1.2598 0.5289 0.7021 0.4768 0.1849 0.9644
-0.3858 -0.3650 -1.2743 -0.0685 0.9929 0.0969 0.1839 0.9639
-0.4070 -0.3761 -1.2909 -0.6258 0.7021 -0.3398 0.1829 0.9644
-0.4143 -0.4027 -1.2999 -0.8165 -0.0000 -0.5774 0.1826 0.9656
-0.2645 -0.0211 -1.8185 0.7799 -0.5716 0.2552 0.1892 0.9488
-0.2893 -0.0301 -1.8064 0.1261 -0.8083 0.5751 0.1881 0.9492
-0.3170 -0.0211 -1.8070 -0.6015 -0.5716 0.5581 0.1869 0.9488
-0.3237 0.0223 -1.8379 -0.7799 0.5716 -0.2552 0.1866 0.9469
-0.2989 0.0313 -1.8501 -0.1261 0.8083 -0.5751 0.1877 0.9465
-0.2712 0.0223 -1.8494 0.6015 0.5716 -0.5581 0.1889 0.9469
-0.3898 -0.4473 -2.3900 0.7799 -0.5716 0.2552 0.1837 0.9676
-0.4146 -0.4563 -2.3779 0.1261 -0.8083 0.5751 0.1826 0.9679
-0.4423 -0.4473 -2.3785 -0.6015 -0.5716 0.5581 0.1814 0.9676
-0.4565 -0.4256 -2.3916 -0.9768 -0.0000 0.2142 0.1808 0.9666
-0.4490 -0.4039 -2.4094 -0.7799 0.5716 -0.2552 0.1811 0.9656
-0.4242 -0.3949 -2.4216 -0.1261 0.8083 -0.5751 0.1822 0.9652
-0.3965 -0.4039 -2.4209 0.6015 0.5716 -0.5581 0.1834 0.9656
-0.3823 -0.4256 -2.4079 0.9768 -0.0000 -0.2142 0.1840 0.9666
-0.3564 -0.4296 -1.2783 0.7072 -0.7070 -0.0084 0.1852 0.9668
-0.3832 -0.4407 -1.2772 0.0007 -0.9998 0.0203 0.1840 0.9673
-0.4101 -0.4296 -1.2765 -0.7063 -0.7070 0.0372 0.1828 0.9668
-0.4212 -0.4027 -1.2767 -0.9995 -0.0000 0.0322 0.1823 0.9656
-0.4101 -0.3759 -1.2776 -0.7072 0.7070 0.0084 0.1828 0.9644
-0.3833 -0.3648 -1.2787 -0.0007 0.9998 -0.0203 0.1840 0.9639
-0.3564 -0.3759 -1.2794 0.7063 0.7070 -0.0372 0.1852 0.9644
-0.3452 -0.4027 -1.2792 0.9995 -0.0000 -0.0322 0.1857 0.9656
-0.4238 -0.4722 -3.3706 0.7072 -0.7070 -0.0084 0.1822 0.9686
-0.4507 -0.4833 -3.3695 0.0007 -0.9998 0.0203 0.1810 0.9691
-0.4775 -0.4722 -3.3688 -0.7063 -0.7070 0.0372 0.1798 0.9686
-0.4887 -0.4453 -3.3690 -0.9995 -0.0000 0.0322 0.1793 0.9675
-0.4776 -0.4185 -3.3699 -0.7072 0.7070 0.0084 0.1798 0.9663
-0.4507 -0.4074 -3.3710 -0.0007 0.9998 -0.0203 0.1810 0.9658
-0.4239 -0.4185 -3.3717 0.7063 0.7070 -0.0372 0.1822 0.9663
-0.4127 -0.4453 -3.3715 0.9995 0.0000 -0.0322 0.1827 0.9675
0.0298 -0.3488 -1.8412 0.6279 -0.6998 -0.3407 0.2022 0.9632
0.0092 -0.3598 -1.8238 0.0857 -0.9896 0.1152 0.2013 0.9637
-0.0133 -0.3488 -1.8091 -0.5067 -0.6998 0.5036 0.2003 0.9632
-0.0246 -0.3222 -1.8055 -0.8022 -0.0000 0.5970 0.1998 0.9620
-0.0180 -0.2956 -1.8153 -0.6279 0.6998 0.3407 0.2001 0.9609
0.0026 -0.2846 -1.8326 -0.0857 0.9896 -0.1152 0.2010 0.9604
0.0252 -0.2956 -1.8474 0.5066 0.6998 -0.5036 0.2020 0.9609
0.0364 -0.3222 -1.8509 0.8022 0.0000 -0.5970 0.2025 0.9620
-0.3955 -0.4522 -2.4127 0.6279 -0.6998 -0.3407 0.1834 0.9678
-0.4161 -0.4632 -2.3953 0.0857 -0.9896 0.1152 0.1825 0.9683
-0.4387 -0.4522 -2.3806 -0.5067 -0.6998 0.5036 0.1815 0.9678
-0.4499 -0.4256 -2.3770 -0.8022 -0.0000 0.5970 0.1810 0.9666
-0.4433 -0.3990 -2.3868 -0.6279 0.6998 0.3407 0.1813 0.9654
-0.4227 -0.3880 -2.4041 -0.0857 0.9896 -0.1152 0.1822 0.9649
-0.4001 -0.3990 -2.4188 0.5066 0.6998 -0.5036 0.1832 0.9654
-0.3889 -0.4256 -2.4224 0.8022 0.0000 -0.5970 0.1837 0.9666
-0.3181 -0.0212 -1.8481 -0.6317 -0.5729 -0.5222 0.1869 0.9488
-0.2905 -0.0302 -1.8502 0.0937 -0.8102 -0.5786 0.1881 0.9492
-0.2651 -0.0212 -1.8395 0.7643 -0.5729 -0.2961 0.1892 0.9488
-0.2701 0.0224 -1.8084 0.6317 0.5729 0.5222 0.1890 0.9469
-0.2977 0.0314 -1.8062 -0.0937 0.8102 0.5786 0.1878 0.9465
-0.3231 0.0224 -1.8170 -0.7643 0.5729 0.2961 0.1866 0.9469
-0.4072 -0.4245 -1.2978 -0.6317 -0.5729 -0.5222 0.1829 0.9665
-0.3797 -0.4335 -1.2999 0.0937 -0.8102 -0.5786 0.1841 0.9669
-0.3542 -0.4245 -1.2892 0.7643 -0.5729 -0.2961 0.1853 0.9665
-0.3457 -0.4027 -1.2719 0.9871 -0.0000 0.1599 0.1856 0.9656
-0.3592 -0.3810 -1.2581 0.6317 0.5729 0.5222 0.1850 0.9646
-0.3868 -0.3720 -1.2560 -0.0937 0.8102 0.5786 0.1838 0.9642
-0.4123 -0.3810 -1.2667 -0.7643 0.5729 0.2961 0.1827 0.9646
-0.4207 -0.4027 -1.2840 -0.9871 0.0000 -0.1599 0.1823 0.9656
-0.0067 -0.4610 -2.8457 0.0126 -0.7461 -0.6657 0.2006 0.9682
-0.0067 -0.4721 -2.8188 0.0206 -0.9998 -0.0000 0.2006 0.9686
-0.0067 -0.4610 -2.7919 0.0126 -0.7461 0.6657 0.2006 0.9682
-0.0067 -0.4341 -2.7808 0.0044 0.0015 1.0000 0.2006 0.9670
-0.0067 -0.4072 -2.7919 0.0139 0.7491 0.6623 0.2006 0.9658
-0.0067 -0.3961 -2.8188 0.0228 0.9997 0.0000 0.2006 0.9653
-0.0067 -0.4072 -2.8457 0.0139 0.7491 -0.6623 0.2006 0.9658
-0.0067 -0.4341 -2.8568 0.0044 0.0015 -1.0000 0.2006 0.9670
0.4511 -0.4531 -2.8457 0.5196 -0.5197 -0.6782 0.2208 0.9678
0.4590 -0.4610 -2.8188 0.7071 -0.7072 -0.0000 0.2211 0.9682
0.4511 -0.4531 -2.7919 0.5196 -0.5197 0.6782 0.2208 0.9678
0.4321 -0.4341 -2.7808 0.1100 -0.1100 0.9878 0.2199 0.9670
0.4131 -0.4151 -2.7919 -0.3729 0.3728 0.8497 0.2191 0.9661
0.4052 -0.4072 -2.8188 -0.7072 0.7070 0.0000 0.2187 0.9658
0.4131 -0.4151 -2.8457 -0.3729 0.3728 -0.8497 0.2191 0.9661
0.4321 -0.4341 -2.8568 0.1100 -0.1100 -0.9878 0.2199 0.9670
0.4683 -0.4580 -3.1069 0.6895 -0.4623 0.5576 0.2215 0.9680
0.4411 -0.4653 -3.0993 -0.0244 -0.6537 0.7563 0.2203 0.9683
0.4146 -0.4580 -3.1086 -0.7240 -0.4623 0.5120 0.2191 0.9680
0.4041 -0.4404 -3.1293 -0.9995 -0.0000 -0.0322 0.2187 0.9672
0.4159 -0.4228 -3.1493 -0.6895 0.4623 -0.5576 0.2192 0.9665
0.4430 -0.4156 -3.1568 0.0244 0.6537 -0.7563 0.2204 0.9662
0.4696 -0.4228 -3.1475 0.7240 0.4623 -0.5120 0.2216 0.9665
0.4801 -0.4404 -3.1269 0.9995 0.0000 0.0322 0.2220 0.9672
0.4583 -0.0998 -2.7976 0.6895 -0.4623 0.5576 0.2211 0.9522
0.4312 -0.1071 -2.7901 -0.0244 -0.6537 0.7563 0.2199 0.9526
0.4046 -0.0998 -2.7994 -0.7240 -0.4623 0.5120 0.2187 0.9522
0.3941 -0.0822 -2.8200 -0.9995 -0.0000 -0.0322 0.2182 0.9515
0.4059 -0.0647 -2.8400 -0.6895 0.4623 -0.5576 0.2188 0.9507
0.4330 -0.0574 -2.8476 0.0244 0.6537 -0.7563 0.2200 0.9504
0.4596 -0.0647 -2.8383 0.7240 0.4623 -0.5120 0.2211 0.9507
0.4701 -0.0822 -2.8176 0.9995 -0.0000 0.0322 0.2216 0.9515
0.4455 -0.4256 -2.3728 0.7071 0.0000 0.7071 0.2205 0.9666
0.4186 -0.4256 -2.3617 0.0000 0.0000 1.0000 0.2193 0.9666
0.3917 -0.4256 -2.3728 -0.7071 0.0000 0.7071 0.2181 0.9666
0.3806 -0.4256 -2.3997 -1.0000 0.0000 0.0000 0.2176 0.9666
0.3917 -0.4256 -2.4266 -0.7071 0.0000 -0.7071 0.2181 0.9666
0.4186 -0.4256 -2.4377 0.0000 0.0000 -1.0000 0.2193 0.9666
0.4455 -0.4256 -2.4266 0.7071 0.0000 -0.7071 0.2205 0.9666
0.4566 -0.4256 -2.3997 1.0000 0.0000 0.0000 0.2210 0.9666
-0.0067 -0.4525 -2.4266 0.0000 -0.7071 -0.7071 0.2006 0.9678
-0.0067 -0.4636 -2.3997 0.0000 -1.0000 0.0000 0.2006 0.9683
-0.0067 -0.4525 -2.3728 0.0000 -0.7071 0.7071 0.2006 0.9678
-0.0067 -0.4256 -2.3617 0.0000 0.0000 1.0000 0.2006 0.9666
-0.0067 -0.3987 -2.3728 0.0000 0.7071 0.7071 0.2006 0.9654
-0.0067 -0.3876 -2.3997 0.0000 1.0000 0.0000 0.2006 0.9649
-0.0067 -0.3987 -2.4266 0.0000 0.7071 -0.7071 0.2006 0.9654
-0.0067 -0.4256 -2.4377 0.0000 -0.0000 -1.0000 0.2006 0.9666
0.4186 -0.4525 -2.4266 0.0000 -0.7071 -0.7071 0.2193 0.9678
0.4186 -0.4636 -2.3997 0.0000 -1.0000 0.0000 0.2193 0.9683
0.4186 -0.4525 -2.3728 0.0000 -0.7071 0.7071 0.2193 0.9678
0.4186 -0.4256 -2.3617 0.0000 0.0000 1.0000 0.2193 0.9666
0.4186 -0.3987 -2.3728 0.0000 0.7071 0.7071 0.2193 0.9654
0.4186 -0.3876 -2.3997 0.0000 1.0000 0.0000 0.2193 0.9649
0.4186 -0.3987 -2.4266 0.0000 0.7071 -0.7071 0.2193 0.9654
0.4186 -0.4256 -2.4377 0.0000 -0.0000 -1.0000 0.2193 0.9666
0.0130 -0.3405 -1.8551 0.5180 -0.4814 -0.7071 0.2014 0.9628
0.0211 -0.3481 -1.8282 0.7325 -0.6807 0.0000 0.2018 0.9632
0.0130 -0.3405 -1.8013 0.5180 -0.4814 0.7071 0.2014 0.9628
-0.0067 -0.3222 -1.7902 0.0000 0.0000 1.0000 0.2006 0.9620
-0.0264 -0.3039 -1.8013 -0.5180 0.4814 0.7071 0.1997 0.9612
-0.0346 -0.2964 -1.8282 -0.7325 0.6807 0.0000 0.1993 0.9609
-0.0264 -0.3039 -1.8551 -0.5180 0.4814 -0.7071 0.1997 0.9612
-0.0067 -0.3222 -1.8662 0.0000 0.0000 -1.0000 0.2006 0.9620
0.3130 -0.0177 -1.8551 0.5180 -0.4814 -0.7071 0.2147 0.9486
0.3211 -0.0253 -1.8282 0.7325 -0.6807 0.0000 0.2150 0.9490
0.3130 -0.0177 -1.8013 0.5180 -0.4814 0.7071 0.2147 0.9486
0.2736 0.0189 -1.8013 -0.5180 0.4814 0.7071 0.2129 0.9470
0.2654 0.0265 -1.8282 -0.7325 0.6807 0.0000 0.2126 0.9467
0.2736 0.0189 -1.8551 -0.5180 0.4814 -0.7071 0.2129 0.9470
0.0363 -0.4610 -2.8396 -0.4472 -0.7070 -0.5478 0.2025 0.9682
0.0529 -0.4721 -2.8185 -0.0099 -0.9999 0.0079 0.2032 0.9686
0.0697 -0.4610 -2.7976 0.4332 -0.7071 0.5590 0.2039 0.9682
0.0769 -0.4341 -2.7891 0.6225 0.0000 0.7826 0.2043 0.9670
0.0703 -0.4072 -2.7980 0.4472 0.7071 0.5478 0.2040 0.9658
0.0537 -0.3961 -2.8191 0.0099 0.9999 -0.0079 0.2032 0.9653
0.0368 -0.4072 -2.8401 -0.4332 0.7071 -0.5590 0.2025 0.9658
0.0296 -0.4341 -2.8486 -0.6225 0.0000 -0.7826 0.2022 0.9670
0.4251 -0.4673 -3.1489 -0.4472 -0.7070 -0.5478 0.2196 0.9684
0.4417 -0.4784 -3.1278 -0.0099 -0.9999 0.0079 0.2203 0.9689
0.4585 -0.4673 -3.1068 0.4332 -0.7071 0.5590 0.2211 0.9684
0.4657 -0.4404 -3.0983 0.6225 0.0000 0.7826 0.2214 0.9672
0.4591 -0.4135 -3.1073 0.4472 0.7071 0.5478 0.2211 0.9661
0.4425 -0.4024 -3.1284 0.0099 0.9999 -0.0079 0.2204 0.9656
0.4256 -0.4135 -3.1493 -0.4332 0.7071 -0.5590 0.2196 0.9661
0.4184 -0.4404 -3.1578 -0.6225 0.0000 -0.7826 0.2193 0.9672
0.0134 -0.3489 -1.8463 0.5289 -0.7021 -0.4768 0.2015 0.9632
-0.0093 -0.3600 -1.8319 -0.0685 -0.9929 -0.0969 0.2005 0.9637
-0.0305 -0.3489 -1.8153 -0.6258 -0.7021 0.3398 0.1995 0.9632
-0.0377 -0.3222 -1.8063 -0.8165 -0.0000 0.5774 0.1992 0.9620
-0.0268 -0.2956 -1.8101 -0.5289 0.7021 0.4768 0.1997 0.9609
-0.0041 -0.2845 -1.8245 0.0685 0.9929 0.0969 0.2007 0.9604
0.0171 -0.2956 -1.8411 0.6258 0.7021 -0.3398 0.2016 0.9609
0.0243 -0.3222 -1.8502 0.8165 -0.0000 -0.5774 0.2019 0.9620
0.4025 -0.4294 -1.2961 0.5289 -0.7021 -0.4768 0.2186 0.9668
0.3798 -0.4405 -1.2816 -0.0685 -0.9929 -0.0969 0.2176 0.9673
0.3586 -0.4294 -1.2650 -0.6258 -0.7021 0.3398 0.2167 0.9668
0.3514 -0.4027 -1.2560 -0.8165 -0.0000 0.5774 0.2164 0.9656
0.3623 -0.3761 -1.2598 -0.5289 0.7021 0.4768 0.2168 0.9644
0.3850 -0.3650 -1.2743 0.0685 0.9929 0.0969 0.2178 0.9639
0.4062 -0.3761 -1.2909 0.6258 0.7021 -0.3398 0.2188 0.9644
0.4134 -0.4027 -1.2999 0.8165 -0.0000 -0.5774 0.2191 0.9656
0.2636 -0.0211 -1.8185 -0.7799 -0.5716 0.2552 0.2125 0.9488
0.2885 -0.0301 -1.8064 -0.1261 -0.8083 0.5751 0.2136 0.9492
0.3161 -0.0211 -1.8070 0.6015 -0.5716 0.5581 0.2148 0.9488
0.3229 0.0223 -1.8379 0.7799 0.5716 -0.2552 0.2151 0.9469
0.2981 0.0313 -1.8501 0.1261 0.8083 -0.5751 0.2140 0.9465
0.2704 0.0223 -1.8494 -0.6015 0.5716 -0.5581 0.2128 0.9469
0.3890 -0.4473 -2.3900 -0.7799 -0.5716 0.2552 0.2180 0.9676
0.4138 -0.4563 -2.3779 -0.1261 -0.8083 0.5751 0.2191 0.9679
0.4414 -0.4473 -2.3785 0.6015 -0.5716 0.5581 0.2203 0.9676
0.4557 -0.4256 -2.3916 0.9768 -0.0000 0.2142 0.2210 0.9666
0.4482 -0.4039 -2.4094 0.7799 0.5716 -0.2552 0.2206 0.9656
0.4234 -0.3949 -2.4216 0.1261 0.8083 -0.5751 0.2195 0.9652
0.3957 -0.4039 -2.4209 -0.6015 0.5716 -0.5581 0.2183 0.9656
0.3815 -0.4256 -2.4079 -0.9768 -0.0000 -0.2142 0.2177 0.9666
0.3555 -0.4296 -1.2783 -0.7072 -0.7070 -0.0084 0.2165 0.9668
0.3824 -0.4407 -1.2772 -0.0007 -0.9998 0.0203 0.2177 0.9673
0.4093 -0.4296 -1.2765 0.7063 -0.7070 0.0372 0.2189 0.9668
0.4204 -0.4027 -1.2767 0.9995 -0.0000 0.0322 0.2194 0.9656
0.4093 -0.3759 -1.2776 0.7072 0.7070 0.0084 0.2189 0.9644
0.3824 -0.3648 -1.2787 0.0007 0.9998 -0.0203 0.2177 0.9639
0.3556 -0.3759 -1.2794 -0.7063 0.7070 -0.0372 0.2165 0.9644
0.3444 -0.4027 -1.2792 -0.9995 -0.0000 -0.0322 0.2160 0.9656
0.4230 -0.4722 -3.3706 -0.7072 -0.7070 -0.0084 0.2195 0.9686
0.4499 -0.4833 -3.3695 -0.0007 -0.9998 0.0203 0.2207 0.9691
0.4767 -0.4722 -3.3688 0.7063 -0.7070 0.0372 0.2219 0.9686
0.4879 -0.4453 -3.3690 0.9995 -0.0000 0.0322 0.2224 0.9675
0.4768 -0.4185 -3.3699 0.7072 0.7070 0.0084 0.2219 0.9663
0.4499 -0.4074 -3.3710 0.0007 0.9998 -0.0203 0.2207 0.9658
0.4230 -0.4185 -3.3717 -0.7063 0.7070 -0.0372 0.2195 0.9663
0.4119 -0.4453 -3.3715 -0.9995 0.0000 -0.0322 0.2190 0.9675
-0.0306 -0.3488 -1.8412 -0.6279 -0.6998 -0.3407 0.1995 0.9632
-0.0100 -0.3598 -1.8238 -0.0857 -0.9896 0.1152 0.2004 0.9637
0.0125 -0.3488 -1.8091 0.5067 -0.6998 0.5036 0.2014 0.9632
0.0238 -0.3222 -1.8055 0.8022 -0.0000 0.5970 0.2019 0.9620
0.0171 -0.2956 -1.8153 0.6279 0.6998 0.3407 0.2016 0.9609
-0.0035 -0.2846 -1.8326 0.0857 0.9896 -0.1152 0.2007 0.9604
-0.0260 -0.2956 -1.8474 -0.5066 0.6998 -0.5036 0.1997 0.9609
-0.0372 -0.3222 -1.8509 -0.8022 0.0000 -0.5970 0.1992 0.9620
0.3947 -0.4522 -2.4127 -0.6279 -0.6998 -0.3407 0.2183 0.9678
0.4153 -0.4632 -2.3953 -0.0857 -0.9896 0.1152 0.2192 0.9683
0.4378 -0.4522 -2.3806 0.5067 -0.6998 0.5036 0.2202 0.9678
0.4491 -0.4256 -2.3770 0.8022 -0.0000 0.5970 0.2207 0.9666
0.4424 -0.3990 -2.3868 0.6279 0.6998 0.3407 0.2204 0.9654
0.4218 -0.3880 -2.4041 0.0857 0.9896 -0.1152 0.2195 0.9649
0.3993 -0.3990 -2.4188 -0.5066 0.6998 -0.5036 0.2185 0.9654
0.3881 -0.4256 -2.4224 -0.8022 0.0000 -0.5970 0.2180 0.9666
0.3173 -0.0212 -1.8481 0.6317 -0.5729 -0.5222 0.2149 0.9488
0.2897 -0.0302 -1.8502 -0.0937 -0.8102 -0.5786 0.2136 0.9492
0.2642 -0.0212 -1.8395 -0.7643 -0.5729 -0.2961 0.2125 0.9488
0.2693 0.0224 -1.8084 -0.6317 0.5729 0.5222 0.2127 0.9469
0.2968 0.0314 -1.8062 0.0937 0.8102 0.5786 0.2140 0.9465
0.3223 0.0224 -1.8170 0.7643 0.5729 0.2961 0.2151 0.9469
0.4064 -0.4245 -1.2978 0.6317 -0.5729 -0.5222 0.2188 0.9665
0.3789 -0.4335 -1.2999 -0.0937 -0.8102 -0.5786 0.2176 0.9669
0.3534 -0.4245 -1.2892 -0.7643 -0.5729 -0.2961 0.2164 0.9665
0.3449 -0.4027 -1.2719 -0.9871 -0.0000 0.1599 0.2161 0.9656
0.3584 -0.3810 -1.2581 -0.6317 0.5729 0.5222 0.2167 0.9646
0.3860 -0.3720 -1.2560 0.0937 0.8102 0.5786 0.2179 0.9642
0.4115 -0.3810 -1.2667 0.7643 0.5729 0.2961 0.2190 0.9646
0.4199 -0.4027 -1.2840 0.9871 0.0000 -0.1599 0.2194 0.9656
0 15 8
0 7 15
1 8 9
1 0 8
2 9 10
2 1 9
3 10 11
3 2 10
4 11 12
4 3 11
5 12 13
5 4 12
6 13 14
6 5 13
7 14 15
7 6 14
8 23 16
8 15 23
9 16 17
9 8 16
10 17 18
10 9 17
11 18 19
11 10 18
12 19 20
12 11 19
13 20 21
13 12 20
14 21 22
14 13 21
15 22 23
15 14 22
24 39 32
24 31 39
25 32 33
25 24 32
26 33 34
26 25 33
27 34 35
27 26 34
28 35 36
28 27 35
29 36 37
29 28 36
30 37 38
30 29 37
31 38 39
31 30 38
40 55 48
40 47 55
41 48 49
41 40 48
42 49 50
42 41 49
43 50 51
43 42 50
44 51 52
44 43 51
45 52 53
45 44 52
46 53 54
46 45 53
47 54 55
47 46 54
56 71 64
56 63 71
57 64 65
57 56 64
58 65 66
58 57 65
59 66 67
59 58 66
60 67 68
60 59 67
61 68 69
61 60 68
62 69 70
62 61 69
63 70 71
63 62 70
72 87 80
72 79 87
73 80 81
73 72 80
74 81 82
74 73 81
75 82 83
75 74 82
76 83 84
76 75 83
77 84 85
77 76 84
78 85 86
78 77 85
79 86 87
79 78 86
88 103 96
88 95 103
89 96 97
89 88 96
90 97 98
90 89 97
91 98 99
91 90 98
92 99 100
92 91 99
93 100 101
93 92 100
94 101 102
94 93 101
95 102 103
95 94 102
104 119 112
104 111 119
105 112 113
105 104 112
106 113 114
106 105 113
107 114 115
107 106 114
108 115 116
108 107 115
109 116 117
109 108 116
110 117 118
110 109 117
111 118 119
111 110 118
120 135 128
120 127 135
121 128 129
121 120 128
122 129 130
122 121 129
123 130 131
123 122 130
124 131 132
124 123 131
125 132 133
125 124 132
126 133 134
126 125 133
127 134 135
127 126 134
136 151 144
136 143 151
137 144 145
137 136 144
138 145 146
138 137 145
139 146 147
139 138 146
140 147 148
140 139 147
141 148 149
141 140 148
142 149 150
142 141 149
143 150 151
143 142 150
152 167 160
152 159 167
153 160 161
153 152 160
154 161 162
154 153 161
155 162 163
155 154 162
156 163 164
156 155 163
157 164 165
157 156 164
158 165 166
158 157 165
159 166 167
159 158 166
168 183 176
168 175 183
169 176 177
169 168 176
170 177 178
170 169 177
171 178 179
171 170 178
172 179 180
172 171 179
173 180 181
173 172 180
174 181 182
174 173 181
175 182 183
175 174 182
184 199 191
184 192 199
185 192 184
185 193 192
186 193 185
186 194 193
187 194 186
187 195 194
188 195 187
188 196 195
189 196 188
189 197 196
190 197 189
190 198 197
191 198 190
191 199 198
192 207 199
192 200 207
193 200 192
193 201 200
194 201 193
194 202 201
195 202 194
195 203 202
196 203 195
196 204 203
197 204 196
197 205 204
198 205 197
198 206 205
199 206 198
199 207 206
208 223 215
208 216 223
209 216 208
209 217 216
210 217 209
210 218 217
211 218 210
211 219 218
212 219 211
212 220 219
213 220 212
213 221 220
214 221 213
214 222 221
215 222 214
215 223 222
224 239 231
224 232 239
225 232 224
225 233 232
226 233 225
226 234 233
227 234 226
227 235 234
228 235 227
228 236 235
229 236 228
229 237 236
230 237 229
230 238 237
231 238 230
231 239 238
240 255 247
240 248 255
241 248 240
241 249 248
242 249 241
242 250 249
243 250 242
243 251 250
244 251 243
244 252 251
245 252 244
245 253 252
246 253 245
246 254 253
247 254 246
247 255 254
256 271 263
256 264 271
257 264 256
257 265 264
258 265 257
258 266 265
259 266 258
259 267 266
260 267 259
260 268 267
261 268 260
261 269 268
262 269 261
262 270 269
263 270 262
263 271 270
272 287 279
272 280 287
273 280 272
273 281 280
274 281 273
274 282 281
275 282 274
275 283 282
276 283 275
276 284 283
277 284 276
277 285 284
278 285 277
278 286 285
279 286 278
279 287 286
288 303 295
288 296 303
289 296 288
289 297 296
290 297 289
290 298 297
291 298 290
291 299 298
292 299 291
292 300 299
293 300 292
293 301 300
294 301 293
294 302 301
295 302 294
295 303 302
304 319 311
304 312 319
305 312 304
305 313 312
306 313 305
306 314 313
307 314 306
307 315 314
308 315 307
308 316 315
309 316 308
309 317 316
310 317 309
310 318 317
311 318 310
311 319 318
320 335 327
320 328 335
321 328 320
321 329 328
322 329 321
322 330 329
323 330 322
323 331 330
324 331 323
324 332 331
325 332 324
325 333 332
326 333 325
326 334 333
327 334 326
327 335 334
336 351 343
336 344 351
337 344 336
337 345 344
338 345 337
338 346 345
339 346 338
339 347 346
340 347 339
340 348 347
341 348 340
341 349 348
342 349 341
342 350 349
343 350 342
343 351 350
352 367 359
352 360 367
353 360 352
353 361 360
354 361 353
354 362 361
355 362 354
355 363 362
356 363 355
356 364 363
357 364 356
357 365 364
358 365 357
358 366 365
359 366 358
359 367 366
368 383 375
368 376 383
369 376 368
369 377 376
370 377 369
370 378 377
371 378 370
371 379 378
372 379 371
372 380 379
373 380 372
373 381 380
374 381 373
374 382 381
375 382 374
375 383 382
376 23 383
376 16 23
377 16 376
377 17 16
378 17 377
378 18 17
379 18 378
379 19 18
380 19 379
380 20 19
381 20 380
381 21 20
382 21 381
382 22 21
383 22 382
383 23 22
384 399 391
384 392 399
385 392 384
385 393 392
386 393 385
386 394 393
387 394 386
387 395 394
388 395 387
388 396 395
389 396 388
389 397 396
390 397 389
390 398 397
391 398 390
391 399 398
400 55 407
400 48 55
401 48 400
401 49 48
402 49 401
402 50 49
403 50 402
403 51 50
404 51 403
404 52 51
405 52 404
405 53 52
406 53 405
406 54 53
407 54 406
407 55 54
408 423 415
408 416 423
409 416 408
409 417 416
410 417 409
410 418 417
411 418 410
411 419 418
412 419 411
412 420 419
413 420 412
413 421 420
414 421 413
414 422 421
415 422 414
415 423 422
424 87 431
424 432 87
425 432 424
425 433 432
426 433 425
426 434 433
427 434 426
427 83 434
428 83 427
428 435 83
429 435 428
429 436 435
430 436 429
430 437 436
431 437 430
431 87 437
438 453 445
438 446 453
439 446 438
439 447 446
440 447 439
440 448 447
441 448 440
441 449 448
442 449 441
442 450 449
443 450 442
443 451 450
444 451 443
444 452 451
445 452 444
445 453 452
454 469 461
454 462 469
455 462 454
455 463 462
456 463 455
456 464 463
457 464 456
457 465 464
458 465 457
458 466 465
459 466 458
459 467 466
460 467 459
460 468 467
461 468 460
461 469 468
470 483 127
470 476 483
471 476 470
471 477 476
472 477 471
472 478 477
123 478 472
123 479 478
473 479 123
473 480 479
474 480 473
474 481 480
475 481 474
475 482 481
127 482 475
127 483 482
484 499 491
484 492 499
485 492 484
485 493 492
486 493 485
486 494 493
487 494 486
487 495 494
488 495 487
488 496 495
489 496 488
489 497 496
490 497 489
490 498 497
491 498 490
491 499 498
500 515 507
500 508 515
501 508 500
501 509 508
502 509 501
502 510 509
503 510 502
503 511 510
504 511 503
504 512 511
505 512 504
505 513 512
506 513 505
506 514 513
507 514 506
507 515 514
516 529 175
516 522 529
517 522 516
517 523 522
518 523 517
518 524 523
171 524 518
171 525 524
519 525 171
519 526 525
520 526 519
520 527 526
521 527 520
521 528 527
175 528 521
175 529 528
530 545 538
530 537 545
531 538 539
531 530 538
532 539 540
532 531 539
533 540 541
533 532 540
534 541 542
534 533 541
535 542 543
535 534 542
536 543 544
536 535 543
537 544 545
537 536 544
538 207 200
538 545 207
539 200 201
539 538 200
540 201 202
540 539 201
541 202 203
541 540 202
542 203 204
542 541 203
543 204 205
543 542 204
544 205 206
544 543 205
545 206 207
545 544 206
546 561 554
546 553 561
547 554 555
547 546 554
548 555 556
548 547 555
549 556 557
549 548 556
550 557 558
550 549 557
551 558 559
551 550 558
552 559 560
552 551 559
553 560 561
553 552 560
562 239 232
562 569 239
563 232 233
563 562 232
564 233 234
564 563 233
565 234 235
565 564 234
566 235 236
566 565 235
567 236 237
567 566 236
568 237 238
568 567 237
569 238 239
569 568 238
570 585 578
570 577 585
571 578 579
571 570 578
572 579 580
572 571 579
573 580 581
573 572 580
574 581 582
574 573 581
575 582 583
575 574 582
576 583 584
576 575 583
577 584 585
577 576 584
586 271 594
586 593 271
587 594 595
587 586 594
588 595 596
588 587 595
589 596 267
589 588 596
590 267 597
590 589 267
591 597 598
591 590 597
592 598 599
592 591 598
593 599 271
593 592 599
600 615 608
600 607 615
601 608 609
601 600 608
602 609 610
602 601 609
603 610 611
603 602 610
604 611 612
604 603 611
605 612 613
605 604 612
606 613 614
606 605 613
607 614 615
607 606 614
616 631 624
616 623 631
617 624 625
617 616 624
618 625 626
618 617 625
619 626 627
619 618 626
620 627 628
620 619 627
621 628 629
621 620 628
622 629 630
622 621 629
623 630 631
623 622 630
632 645 638
632 311 645
633 638 639
633 632 638
634 639 640
634 633 639
307 640 641
307 634 640
635 641 642
635 307 641
636 642 643
636 635 642
637 643 644
637 636 643
311 644 645
311 637 644
646 661 654
646 653 661
647 654 655
647 646 654
648 655 656
648 647 655
649 656 657
649 648 656
650 657 658
650 649 657
651 658 659
651 650 658
652 659 660
652 651 659
653 660 661
653 652 660
662 677 670
662 669 677
663 670 671
663 662 670
664 671 672
664 663 671
665 672 673
665 664 672
666 673 674
666 665 673
667 674 675
667 666 674
668 675 676
668 667 675
669 676 677
669 668 676
678 691 684
678 359 691
679 684 685
679 678 684
680 685 686
680 679 685
355 686 687
355 680 686
681 687 688
681 355 687
682 688 689
682 681 688
683 689 690
683 682 689
359 690 691
359 683 690
LABEL LES_Tower_Basis
MATERIAL 1
TEXTURE 1
FLAG 0
GEOM 96 32
-0.5362 0.4703 -3.4883 -0.7071 -0.7071 0.0000 0.1776 0.9422
-0.3440 0.4083 -3.1875 0.7071 0.7071 0.0000 0.2191 0.9556
-0.4419 0.5062 -3.1696 0.7071 0.7071 0.0000 0.1980 0.9345
-0.4711 0.5354 -3.4881 0.7071 0.7071 0.0000 0.1917 0.9282
-0.5070 0.4411 -3.1696 -0.7071 -0.7071 0.0000 0.1840 0.9485
-0.4091 0.3432 -3.1875 -0.7071 -0.7071 0.0000 0.2051 0.9697
0.5354 0.4703 -3.4883 0.7071 -0.7071 -0.0000 0.1776 0.9422
0.3432 0.4083 -3.1875 -0.7071 0.7071 -0.0000 0.2191 0.9556
0.4411 0.5062 -3.1696 -0.7071 0.7071 -0.0000 0.1980 0.9345
0.4702 0.5354 -3.4881 -0.7071 0.7071 -0.0000 0.1917 0.9282
0.5062 0.4411 -3.1696 0.7071 -0.7071 -0.0000 0.1840 0.9485
0.4083 0.3432 -3.1875 0.7071 -0.7071 -0.0000 0.2051 0.9697
-0.5362 -0.4691 -3.4883 -0.7071 0.7071 0.0000 0.1776 0.9422
-0.3440 -0.4072 -3.1875 0.7071 -0.7071 0.0000 0.2191 0.9556
-0.4419 -0.5050 -3.1696 0.7071 -0.7071 0.0000 0.1980 0.9345
-0.4711 -0.5342 -3.4881 0.7071 -0.7071 0.0000 0.1917 0.9282
-0.5070 -0.4399 -3.1696 -0.7071 0.7071 0.0000 0.1840 0.9485
-0.4091 -0.3420 -3.1875 -0.7071 0.7071 0.0000 0.2051 0.9697
0.5354 -0.4691 -3.4883 0.7071 0.7071 -0.0000 0.1776 0.9422
0.3432 -0.4072 -3.1875 -0.7071 -0.7071 -0.0000 0.2191 0.9556
0.4411 -0.5050 -3.1696 -0.7071 -0.7071 -0.0000 0.1980 0.9345
0.4702 -0.5342 -3.4881 -0.7071 -0.7071 -0.0000 0.1917 0.9282
0.5062 -0.4399 -3.1696 0.7071 0.7071 -0.0000 0.1840 0.9485
0.4083 -0.3420 -3.1875 0.7071 0.7071 -0.0000 0.2051 0.9697
-0.3440 0.4083 -3.1875 0.0909 -0.0909 0.9917 0.2191 0.9556
-0.4091 0.3432 -3.1875 0.0909 -0.0909 0.9917 0.2051 0.9697
-0.5070 0.4411 -3.1696 0.0909 -0.0909 0.9917 0.1840 0.9485
-0.3440 0.4083 -3.1875 0.0909 -0.0909 0.9917 0.2191 0.9556
-0.5070 0.4411 -3.1696 0.0909 -0.0909 0.9917 0.1840 0.9485
-0.4419 0.5062 -3.1696 0.0909 -0.0909 0.9917 0.1980 0.9345
-0.3440 0.4083 -3.1875 0.6073 -0.6066 -0.5130 0.2191 0.9556
-0.4711 0.5354 -3.4881 0.6073 -0.6066 -0.5130 0.1917 0.9282
-0.5362 0.4703 -3.4883 0.6073 -0.6066 -0.5130 0.1776 0.9422
-0.3440 0.4083 -3.1875 0.6073 -0.6066 -0.5130 0.2191 0.9556
-0.5362 0.4703 -3.4883 0.6073 -0.6066 -0.5130 0.1776 0.9422
-0.4091 0.3432 -3.1875 0.6073 -0.6066 -0.5130 0.2051 0.9697
-0.4711 0.5354 -3.4881 -0.7012 0.7012 0.1285 0.1917 0.9282
-0.4419 0.5062 -3.1696 -0.7012 0.7012 0.1285 0.1980 0.9345
-0.5070 0.4411 -3.1696 -0.7012 0.7012 0.1285 0.1840 0.9485
-0.4711 0.5354 -3.4881 -0.7012 0.7012 0.1285 0.1917 0.9282
-0.5070 0.4411 -3.1696 -0.7012 0.7012 0.1285 0.1840 0.9485
-0.5362 0.4703 -3.4883 -0.7012 0.7012 0.1285 0.1776 0.9422
0.3432 0.4083 -3.1875 -0.0909 -0.0909 0.9917 0.2191 0.9556
0.4411 0.5062 -3.1696 -0.0909 -0.0909 0.9917 0.1980 0.9345
0.5062 0.4411 -3.1696 -0.0909 -0.0909 0.9917 0.1840 0.9485
0.3432 0.4083 -3.1875 -0.0909 -0.0909 0.9917 0.2191 0.9556
0.5062 0.4411 -3.1696 -0.0909 -0.0909 0.9917 0.1840 0.9485
0.4083 0.3432 -3.1875 -0.0909 -0.0909 0.9917 0.2051 0.9697
0.3432 0.4083 -3.1875 -0.6073 -0.6066 -0.5130 0.2191 0.9556
0.4083 0.3432 -3.1875 -0.6073 -0.6066 -0.5130 0.2051 0.9697
0.5354 0.4703 -3.4883 -0.6073 -0.6066 -0.5130 0.1776 0.9422
0.3432 0.4083 -3.1875 -0.6073 -0.6066 -0.5130 0.2191 0.9556
0.5354 0.4703 -3.4883 -0.6073 -0.6066 -0.5130 0.1776 0.9422
0.4702 0.5354 -3.4881 -0.6073 -0.6066 -0.5130 0.1917 0.9282
0.4702 0.5354 -3.4881 0.7012 0.7012 0.1285 0.1917 0.9282
0.5354 0.4703 -3.4883 0.7012 0.7012 0.1285 0.1776 0.9422
0.5062 0.4411 -3.1696 0.7012 0.7012 0.1285 0.1840 0.9485
0.4702 0.5354 -3.4881 0.7012 0.7012 0.1285 0.1917 0.9282
0.5062 0.4411 -3.1696 0.7012 0.7012 0.1285 0.1840 0.9485
0.4411 0.5062 -3.1696 0.7012 0.7012 0.1285 0.1980 0.9345
-0.3440 -0.4072 -3.1875 0.0909 0.0909 0.9917 0.2191 0.9556
-0.4419 -0.5050 -3.1696 0.0909 0.0909 0.9917 0.1980 0.9345
-0.5070 -0.4399 -3.1696 0.0909 0.0909 0.9917 0.1840 0.9485
-0.3440 -0.4072 -3.1875 0.0909 0.0909 0.9917 0.2191 0.9556
-0.5070 -0.4399 -3.1696 0.0909 0.0909 0.9917 0.1840 0.9485
-0.4091 -0.3420 -3.1875 0.0909 0.0909 0.9917 0.2051 0.9697
-0.3440 -0.4072 -3.1875 0.6073 0.6066 -0.5130 0.2191 0.9556
-0.4091 -0.3420 -3.1875 0.6073 0.6066 -0.5130 0.2051 0.9697
-0.5362 -0.4691 -3.4883 0.6073 0.6066 -0.5130 0.1776 0.9422
-0.3440 -0.4072 -3.1875 0.6073 0.6066 -0.5130 0.2191 0.9556
-0.5362 -0.4691 -3.4883 0.6073 0.6066 -0.5130 0.1776 0.9422
-0.4711 -0.5342 -3.4881 0.6073 0.6066 -0.5130 0.1917 0.9282
-0.4711 -0.5342 -3.4881 -0.7012 -0.7012 0.1285 0.1917 0.9282
-0.5362 -0.4691 -3.4883 -0.7012 -0.7012 0.1285 0.1776 0.9422
-0.5070 -0.4399 -3.1696 -0.7012 -0.7012 0.1285 0.1840 0.9485
-0.4711 -0.5342 -3.4881 -0.7012 -0.7012 0.1285 0.1917 0.9282
-0.5070 -0.4399 -3.1696 -0.7012 -0.7012 0.1285 0.1840 0.9485
-0.4419 -0.5050 -3.1696 -0.7012 -0.7012 0.1285 0.1980 0.9345
0.3432 -0.4072 -3.1875 -0.0909 0.0909 0.9917 0.2191 0.9556
0.4083 -0.3420 -3.1875 -0.0909 0.0909 0.9917 0.2051 0.9697
0.5062 -0.4399 -3.1696 -0.0909 0.0909 0.9917 0.1840 0.9485
0.3432 -0.4072 -3.1875 -0.0909 0.0909 0.9917 0.2191 0.9556
0.5062 -0.4399 -3.1696 -0.0909 0.0909 0.9917 0.1840 0.9485
0.4411 -0.5050 -3.1696 -0.0909 0.0909 0.9917 0.1980 0.9345
0.3432 -0.4072 -3.1875 -0.6073 0.6066 -0.5130 0.2191 0.9556
0.4702 -0.5342 -3.4881 -0.6073 0.6066 -0.5130 0.1917 0.9282
0.5354 -0.4691 -3.4883 -0.6073 0.6066 -0.5130 0.1776 0.9422
0.3432 -0.4072 -3.1875 -0.6073 0.6066 -0.5130 0.2191 0.9556
0.5354 -0.4691 -3.4883 -0.6073 0.6066 -0.5130 0.1776 0.9422
0.4083 -0.3420 -3.1875 -0.6073 0.6066 -0.5130 0.2051 0.9697
0.4702 -0.5342 -3.4881 0.7012 -0.7012 0.1285 0.1917 0.9282
0.4411 -0.5050 -3.1696 0.7012 -0.7012 0.1285 0.1980 0.9345
0.5062 -0.4399 -3.1696 0.7012 -0.7012 0.1285 0.1840 0.9485
0.4702 -0.5342 -3.4881 0.7012 -0.7012 0.1285 0.1917 0.9282
0.5062 -0.4399 -3.1696 0.7012 -0.7012 0.1285 0.1840 0.9485
0.5354 -0.4691 -3.4883 0.7012 -0.7012 0.1285 0.1776 0.9422
0 5 4
1 3 2
24 26 25
27 29 28
30 32 31
33 35 34
36 38 37
39 41 40
6 10 11
7 8 9
42 44 43
45 47 46
48 50 49
51 53 52
54 56 55
57 59 58
12 16 17
13 14 15
60 62 61
63 65 64
66 68 67
69 71 70
72 74 73
75 77 76
18 23 22
19 21 20
78 80 79
81 83 82
84 86 85
87 89 88
90 92 91
93 95 94
LABEL LES_WindowGlas
MATERIAL 2
TEXTURE 0
FLAG 0
GEOM 244 124
0.0702 1.3216 -4.4969 0.5448 -0.5178 0.6595
0.0699 1.3070 -4.5081 0.5529 -0.5146 0.6553
-0.0711 1.3217 -4.4969 -0.5451 -0.5176 0.6595
-0.0707 1.3070 -4.5081 -0.5530 -0.5145 0.6553
0.0244 1.4432 -4.6927 0.1970 0.5472 -0.8135
0.0243 1.4279 -4.7030 0.2000 0.5469 -0.8130
0.0895 1.3292 -4.5107 0.6982 -0.4443 0.5613
0.0890 1.3145 -4.5219 0.7057 -0.4399 0.5554
-0.0491 1.3163 -4.4864 -0.3716 -0.5725 0.7309
-0.0488 1.3017 -4.4977 -0.3794 -0.5705 0.7284
-0.0004 1.4453 -4.6943 0.0001 0.5590 -0.8292
-0.0004 1.4301 -4.7046 0.0001 0.5590 -0.8292
0.1053 1.3387 -4.5275 0.8250 -0.3549 0.4398
0.1048 1.3239 -4.5386 0.8310 -0.3496 0.4326
-0.0004 1.2985 -4.4886 -0.0002 -0.6182 0.7860
-0.0004 1.3130 -4.4771 -0.0002 -0.6182 0.7860
-0.0252 1.3134 -4.4797 -0.1845 -0.6068 0.7731
-0.0251 1.2988 -4.4911 -0.1911 -0.6060 0.7722
-0.0252 1.4432 -4.6927 -0.1968 0.5472 -0.8135
-0.0251 1.4279 -4.7030 -0.1999 0.5468 -0.8130
0.1237 1.3469 -4.5779 0.9806 -0.1374 0.1396
0.1243 1.3618 -4.5671 0.9786 -0.1431 0.1476
0.1170 1.3497 -4.5466 0.9196 -0.2533 0.3002
0.1165 1.3348 -4.5575 0.9237 -0.2475 0.2923
-0.1245 1.3726 -4.6201 -0.9799 0.0902 -0.1782
-0.1251 1.3877 -4.6095 -0.9814 0.0857 -0.1719
-0.1178 1.4003 -4.6297 -0.9251 0.1954 -0.3255
-0.1173 1.3852 -4.6402 -0.9227 0.1988 -0.3303
-0.0707 1.4164 -4.6877 -0.5566 0.4586 -0.6927
-0.0710 1.4317 -4.6774 -0.5574 0.4583 -0.6923
-0.0491 1.4386 -4.6870 -0.3844 0.5131 -0.7674
-0.0488 1.4233 -4.6973 -0.3855 0.5128 -0.7671
0.0480 1.4233 -4.6973 0.3858 0.5128 -0.7669
0.0483 1.4386 -4.6870 0.3848 0.5131 -0.7673
-0.0899 1.3145 -4.5219 -0.7057 -0.4399 0.5554
-0.0903 1.3292 -4.5108 -0.6983 -0.4442 0.5612
0.0699 1.4164 -4.6877 0.5570 0.4587 -0.6924
0.0702 1.4317 -4.6774 0.5578 0.4583 -0.6920
-0.1056 1.3239 -4.5386 -0.8310 -0.3497 0.4326
-0.1061 1.3387 -4.5276 -0.8250 -0.3549 0.4397
0.0891 1.4076 -4.6747 0.7068 0.3866 -0.5924
0.0895 1.4227 -4.6643 0.7089 0.3854 -0.5907
-0.1173 1.3348 -4.5575 -0.9238 -0.2476 0.2920
-0.1179 1.3497 -4.5466 -0.9197 -0.2533 0.2999
0.1048 1.3970 -4.6586 0.8305 0.2989 -0.4700
0.1053 1.4122 -4.6482 0.8332 0.2966 -0.4667
-0.1245 1.3469 -4.5779 -0.9807 -0.1373 0.1393
-0.1251 1.3619 -4.5671 -0.9787 -0.1430 0.1472
0.0480 1.3017 -4.4977 0.3792 -0.5707 0.7284
0.0482 1.3163 -4.4864 0.3712 -0.5727 0.7309
-0.1270 1.3597 -4.5990 -0.9995 -0.0233 -0.0195
-0.1275 1.3747 -4.5883 -0.9995 -0.0286 -0.0121
0.0242 1.2988 -4.4911 0.1908 -0.6062 0.7721
0.0244 1.3134 -4.4797 0.1840 -0.6071 0.7731
-0.1056 1.3970 -4.6586 -0.8304 0.2988 -0.4702
-0.1061 1.4122 -4.6482 -0.8330 0.2965 -0.4670
0.1237 1.3726 -4.6200 0.9799 0.0902 -0.1780
0.1243 1.3877 -4.6094 0.9814 0.0857 -0.1716
0.1170 1.4003 -4.6296 0.9252 0.1954 -0.3253
0.1165 1.3852 -4.6402 0.9227 0.1989 -0.3301
-0.0899 1.4076 -4.6747 -0.7068 0.3864 -0.5926
-0.0903 1.4228 -4.6643 -0.7088 0.3853 -0.5909
0.1262 1.3597 -4.5990 0.9995 -0.0233 -0.0193
0.1267 1.3747 -4.5883 0.9995 -0.0287 -0.0118
-0.0251 1.4279 -4.7030 -0.0000 -0.8540 -0.5203
-0.0488 1.4233 -4.6973 -0.0000 -0.8540 -0.5203
-0.0707 1.4164 -4.6877 -0.0000 -0.8540 -0.5203
-0.0707 1.4164 -4.6877 -0.0000 -0.8540 -0.5203
-0.0899 1.4076 -4.6747 -0.0000 -0.8540 -0.5203
-0.1056 1.3970 -4.6586 -0.0000 -0.8540 -0.5203
-0.1056 1.3970 -4.6586 -0.0000 -0.8540 -0.5203
-0.1173 1.3852 -4.6402 -0.0000 -0.8540 -0.5203
-0.1245 1.3726 -4.6201 -0.0000 -0.8540 -0.5203
-0.1245 1.3726 -4.6201 -0.0000 -0.8540 -0.5203
-0.1270 1.3597 -4.5990 -0.0000 -0.8540 -0.5203
-0.1245 1.3469 -4.5779 -0.0000 -0.8540 -0.5203
-0.1245 1.3469 -4.5779 -0.0000 -0.8540 -0.5203
-0.1173 1.3348 -4.5575 -0.0000 -0.8540 -0.5203
-0.1056 1.3239 -4.5386 -0.0000 -0.8540 -0.5203
-0.1056 1.3239 -4.5386 -0.0000 -0.8540 -0.5203
-0.0899 1.3145 -4.5219 -0.0000 -0.8540 -0.5203
-0.0707 1.3070 -4.5081 -0.0000 -0.8540 -0.5203
-0.0707 1.3070 -4.5081 -0.0000 -0.8540 -0.5203
-0.0488 1.3017 -4.4977 -0.0000 -0.8540 -0.5203
-0.0251 1.2988 -4.4911 -0.0000 -0.8540 -0.5203
-0.0251 1.2988 -4.4911 -0.0000 -0.8540 -0.5203
-0.0004 1.2985 -4.4886 -0.0000 -0.8540 -0.5203
0.0242 1.2988 -4.4911 -0.0000 -0.8540 -0.5203
0.0242 1.2988 -4.4911 -0.0000 -0.8540 -0.5203
0.0480 1.3017 -4.4977 -0.0000 -0.8540 -0.5203
0.0699 1.3070 -4.5081 -0.0000 -0.8540 -0.5203
0.0699 1.3070 -4.5081 -0.0000 -0.8540 -0.5203
0.0890 1.3145 -4.5219 -0.0000 -0.8540 -0.5203
0.1048 1.3239 -4.5386 -0.0000 -0.8540 -0.5203
0.1048 1.3239 -4.5386 -0.0000 -0.8540 -0.5203
0.1165 1.3348 -4.5575 -0.0000 -0.8540 -0.5203
0.1237 1.3469 -4.5779 -0.0000 -0.8540 -0.5203
0.1237 1.3469 -4.5779 -0.0000 -0.8540 -0.5203
0.1262 1.3597 -4.5990 -0.0000 -0.8540 -0.5203
0.1237 1.3726 -4.6200 -0.0000 -0.8540 -0.5203
0.1237 1.3726 -4.6200 -0.0000 -0.8540 -0.5203
0.1165 1.3852 -4.6402 -0.0000 -0.8540 -0.5203
0.1048 1.3970 -4.6586 -0.0000 -0.8540 -0.5203
0.1048 1.3970 -4.6586 -0.0000 -0.8540 -0.5203
0.0891 1.4076 -4.6747 -0.0000 -0.8540 -0.5203
0.0699 1.4164 -4.6877 -0.0000 -0.8540 -0.5203
0.0699 1.4164 -4.6877 -0.0000 -0.8540 -0.5203
0.0480 1.4233 -4.6973 -0.0000 -0.8540 -0.5203
0.0243 1.4279 -4.7030 -0.0000 -0.8540 -0.5203
0.0243 1.4279 -4.7030 -0.0000 -0.8540 -0.5203
-0.0004 1.4301 -4.7046 -0.0000 -0.8540 -0.5203
-0.0251 1.4279 -4.7030 -0.0000 -0.8540 -0.5203
-0.0251 1.4279 -4.7030 -0.0000 -0.8540 -0.5203
-0.0707 1.4164 -4.6877 -0.0000 -0.8540 -0.5203
-0.1056 1.3970 -4.6586 -0.0000 -0.8540 -0.5203
-0.1056 1.3970 -4.6586 -0.0000 -0.8540 -0.5203
-0.1245 1.3726 -4.6201 -0.0000 -0.8540 -0.5203
-0.1245 1.3469 -4.5779 -0.0000 -0.8540 -0.5203
-0.1245 1.3469 -4.5779 -0.0000 -0.8540 -0.5203
-0.1056 1.3239 -4.5386 -0.0000 -0.8540 -0.5203
-0.0707 1.3070 -4.5081 -0.0000 -0.8540 -0.5203
-0.0707 1.3070 -4.5081 -0.0000 -0.8540 -0.5203
-0.0251 1.2988 -4.4911 -0.0000 -0.8540 -0.5203
0.0242 1.2988 -4.4911 -0.0000 -0.8540 -0.5203
0.0242 1.2988 -4.4911 -0.0000 -0.8540 -0.5203
0.0699 1.3070 -4.5081 -0.0000 -0.8540 -0.5203
0.1048 1.3239 -4.5386 -0.0000 -0.8540 -0.5203
0.1048 1.3239 -4.5386 -0.0000 -0.8540 -0.5203
0.1237 1.3469 -4.5779 -0.0000 -0.8540 -0.5203
0.1237 1.3726 -4.6200 -0.0000 -0.8540 -0.5203
0.1237 1.3726 -4.6200 -0.0000 -0.8540 -0.5203
0.1048 1.3970 -4.6586 -0.0000 -0.8540 -0.5203
0.0699 1.4164 -4.6877 -0.0000 -0.8540 -0.5203
0.0699 1.4164 -4.6877 -0.0000 -0.8540 -0.5203
0.0243 1.4279 -4.7030 -0.0000 -0.8540 -0.5203
-0.0251 1.4279 -4.7030 -0.0000 -0.8540 -0.5203
-0.0251 1.4279 -4.7030 -0.0000 -0.8540 -0.5203
-0.1056 1.3970 -4.6586 -0.0000 -0.8540 -0.5203
-0.1245 1.3469 -4.5779 -0.0000 -0.8540 -0.5203
-0.1245 1.3469 -4.5779 -0.0000 -0.8540 -0.5203
-0.0707 1.3070 -4.5081 -0.0000 -0.8540 -0.5203
0.0242 1.2988 -4.4911 -0.0000 -0.8540 -0.5203
0.0242 1.2988 -4.4911 -0.0000 -0.8540 -0.5203
0.1048 1.3239 -4.5386 -0.0000 -0.8540 -0.5203
0.1237 1.3726 -4.6200 -0.0000 -0.8540 -0.5203
0.1237 1.3726 -4.6200 -0.0000 -0.8540 -0.5203
0.0699 1.4164 -4.6877 -0.0000 -0.8540 -0.5203
-0.0251 1.4279 -4.7030 -0.0000 -0.8540 -0.5203
-0.0251 1.4279 -4.7030 -0.0000 -0.8540 -0.5203
-0.1245 1.3469 -4.5779 -0.0000 -0.8540 -0.5203
0.0242 1.2988 -4.4911 -0.0000 -0.8540 -0.5203
0.0242 1.2988 -4.4911 -0.0000 -0.8540 -0.5203
0.1237 1.3726 -4.6200 -0.0000 -0.8540 -0.5203
-0.0251 1.4279 -4.7030 -0.0000 -0.8540 -0.5203
-0.0710 1.4317 -4.6774 0.0000 0.8539 0.5204
-0.0491 1.4386 -4.6870 0.0000 0.8539 0.5204
-0.0252 1.4432 -4.6927 0.0000 0.8539 0.5204
-0.0252 1.4432 -4.6927 0.0000 0.8539 0.5204
-0.0004 1.4453 -4.6943 0.0000 0.8539 0.5204
0.0244 1.4432 -4.6927 0.0000 0.8539 0.5204
0.0244 1.4432 -4.6927 0.0000 0.8539 0.5204
0.0483 1.4386 -4.6870 0.0000 0.8539 0.5204
0.0702 1.4317 -4.6774 0.0000 0.8539 0.5204
0.0702 1.4317 -4.6774 0.0000 0.8539 0.5204
0.0895 1.4227 -4.6643 0.0000 0.8539 0.5204
0.1053 1.4122 -4.6482 0.0000 0.8539 0.5204
0.1053 1.4122 -4.6482 0.0000 0.8539 0.5204
0.1170 1.4003 -4.6296 0.0000 0.8539 0.5204
0.1243 1.3877 -4.6094 0.0000 0.8539 0.5204
0.1243 1.3877 -4.6094 0.0000 0.8539 0.5204
0.1267 1.3747 -4.5883 0.0000 0.8539 0.5204
0.1243 1.3618 -4.5671 0.0000 0.8539 0.5204
0.1243 1.3618 -4.5671 0.0000 0.8539 0.5204
0.1170 1.3497 -4.5466 0.0000 0.8539 0.5204
0.1053 1.3387 -4.5275 0.0000 0.8539 0.5204
0.1053 1.3387 -4.5275 0.0000 0.8539 0.5204
0.0895 1.3292 -4.5107 0.0000 0.8539 0.5204
0.0702 1.3216 -4.4969 0.0000 0.8539 0.5204
0.0702 1.3216 -4.4969 0.0000 0.8539 0.5204
0.0482 1.3163 -4.4864 0.0000 0.8539 0.5204
0.0244 1.3134 -4.4797 0.0000 0.8539 0.5204
0.0244 1.3134 -4.4797 0.0000 0.8539 0.5204
-0.0004 1.3130 -4.4771 0.0000 0.8539 0.5204
-0.0252 1.3134 -4.4797 0.0000 0.8539 0.5204
-0.0252 1.3134 -4.4797 0.0000 0.8539 0.5204
-0.0491 1.3163 -4.4864 0.0000 0.8539 0.5204
-0.0711 1.3217 -4.4969 0.0000 0.8539 0.5204
-0.0711 1.3217 -4.4969 0.0000 0.8539 0.5204
-0.0903 1.3292 -4.5108 0.0000 0.8539 0.5204
-0.1061 1.3387 -4.5276 0.0000 0.8539 0.5204
-0.1061 1.3387 -4.5276 0.0000 0.8539 0.5204
-0.1179 1.3497 -4.5466 0.0000 0.8539 0.5204
-0.1251 1.3619 -4.5671 0.0000 0.8539 0.5204
-0.1251 1.3619 -4.5671 0.0000 0.8539 0.5204
-0.1275 1.3747 -4.5883 0.0000 0.8539 0.5204
-0.1251 1.3877 -4.6095 0.0000 0.8539 0.5204
-0.1251 1.3877 -4.6095 0.0000 0.8539 0.5204
-0.1178 1.4003 -4.6297 0.0000 0.8539 0.5204
-0.1061 1.4122 -4.6482 0.0000 0.8539 0.5204
-0.1061 1.4122 -4.6482 0.0000 0.8539 0.5204
-0.0903 1.4228 -4.6643 0.0000 0.8539 0.5204
-0.0710 1.4317 -4.6774 0.0000 0.8539 0.5204
-0.0710 1.4317 -4.6774 0.0000 0.8539 0.5204
-0.0252 1.4432 -4.6927 0.0000 0.8539 0.5204
0.0244 1.4432 -4.6927 0.0000 0.8539 0.5204
0.0244 1.4432 -4.6927 0.0000 0.8539 0.5204
0.0702 1.4317 -4.6774 0.0000 0.8539 0.5204
0.1053 1.4122 -4.6482 0.0000 0.8539 0.5204
0.1053 1.4122 -4.6482 0.0000 0.8539 0.5204
0.1243 1.3877 -4.6094 0.0000 0.8539 0.5204
0.1243 1.3618 -4.5671 0.0000 0.8539 0.5204
0.1243 1.3618 -4.5671 0.0000 0.8539 0.5204
0.1053 1.3387 -4.5275 0.0000 0.8539 0.5204
0.0702 1.3216 -4.4969 0.0000 0.8539 0.5204
0.0702 1.3216 -4.4969 0.0000 0.8539 0.5204
0.0244 1.3134 -4.4797 0.0000 0.8539 0.5204
-0.0252 1.3134 -4.4797 0.0000 0.8539 0.5204
-0.0252 1.3134 -4.4797 0.0000 0.8539 0.5204
-0.0711 1.3217 -4.4969 0.0000 0.8539 0.5204
-0.1061 1.3387 -4.5276 0.0000 0.8539 0.5204
-0.1061 1.3387 -4.5276 0.0000 0.8539 0.5204
-0.1251 1.3619 -4.5671 0.0000 0.8539 0.5204
-0.1251 1.3877 -4.6095 0.0000 0.8539 0.5204
-0.1251 1.3877 -4.6095 0.0000 0.8539 0.5204
-0.1061 1.4122 -4.6482 0.0000 0.8539 0.5204
-0.0710 1.4317 -4.6774 0.0000 0.8539 0.5204
-0.0710 1.4317 -4.6774 0.0000 0.8539 0.5204
0.0244 1.4432 -4.6927 0.0000 0.8539 0.5204
0.1053 1.4122 -4.6482 0.0000 0.8539 0.5204
0.1053 1.4122 -4.6482 0.0000 0.8539 0.5204
0.1243 1.3618 -4.5671 0.0000 0.8539 0.5204
0.0702 1.3216 -4.4969 0.0000 0.8539 0.5204
0.0702 1.3216 -4.4969 0.0000 0.8539 0.5204
-0.0252 1.3134 -4.4797 0.0000 0.8539 0.5204
-0.1061 1.3387 -4.5276 0.0000 0.8539 0.5204
-0.1061 1.3387 -4.5276 0.0000 0.8539 0.5204
-0.1251 1.3877 -4.6095 0.0000 0.8539 0.5204
-0.0710 1.4317 -4.6774 0.0000 0.8539 0.5204
-0.0710 1.4317 -4.6774 0.0000 0.8539 0.5204
0.1053 1.4122 -4.6482 0.0000 0.8539 0.5204
0.0702 1.3216 -4.4969 0.0000 0.8539 0.5204
0.0702 1.3216 -4.4969 0.0000 0.8539 0.5204
-0.1061 1.3387 -4.5276 0.0000 0.8539 0.5204
-0.0710 1.4317 -4.6774 0.0000 0.8539 0.5204
63 20 62
63 21 20
45 59 44
45 58 59
61 28 60
61 29 28
57 62 56
57 63 62
55 60 54
55 61 60
58 56 59
58 57 56
26 54 27
26 55 54
53 14 52
53 15 14
51 24 50
51 25 24
49 52 48
49 53 52
47 50 46
47 51 50
0 48 1
0 49 48
43 46 42
43 47 46
41 44 40
41 45 44
39 42 38
39 43 42
37 40 36
37 41 40
35 38 34
35 39 38
33 36 32
33 37 36
2 34 3
2 35 34
4 32 5
4 33 32
6 1 7
6 0 1
8 3 9
8 2 3
10 5 11
10 4 5
12 7 13
12 6 7
16 9 17
16 8 9
18 11 19
18 10 11
22 13 23
22 12 13
15 17 14
15 16 17
30 19 31
30 18 19
21 23 20
21 22 23
25 27 24
25 26 27
29 31 28
29 30 31
64 66 65
67 69 68
70 72 71
73 75 74
76 78 77
79 81 80
82 84 83
85 87 86
88 90 89
91 93 92
94 96 95
97 99 98
100 102 101
103 105 104
106 108 107
109 111 110
112 114 113
115 117 116
118 120 119
121 123 122
124 126 125
127 129 128
130 132 131
133 135 134
136 138 137
139 141 140
142 144 143
145 147 146
148 150 149
151 153 152
154 156 155
157 159 158
160 162 161
163 165 164
166 168 167
169 171 170
172 174 173
175 177 176
178 180 179
181 183 182
184 186 185
187 189 188
190 192 191
193 195 194
196 198 197
199 201 200
202 204 203
205 207 206
208 210 209
211 213 212
214 216 215
217 219 218
220 222 221
223 225 224
226 228 227
229 231 230
232 234 233
235 237 236
238 240 239
241 243 242
MATERIALS 2
Outter
Glas
MATERIAL Outter
0.784 0.784 0.784 1.000
0.784 0.784 0.784 1.000
0.900 0.900 0.900 1.000 25.000
0.000 0.000 0.000 1.000
MATERIAL Glas
0.000 0.392 0.929 0.300
0.000 0.392 0.929 0.300
0.900 0.900 0.900 0.300 91.000
0.820 0.812 0.627 0.300
TEXTURES 1
ProjectApollo\VC\Colors.dds
