MSHX1
GROUPS 3
LABEL Dipole_box1
MATERIAL 1
TEXTURE 0
GEOM 295 334
-1.3825334310531616 1.3722331523895264 0.010309100151062012 -0.006195257417857647 0.1831110566854477 0.983062207698822 0.09145399928092957 0.10795897245407104
-1.477830171585083 1.2702363729476929 0.010309100151062012 -0.1831110566854477 -0.006195257417857647 0.983062207698822 0.010201999917626381 0.10815697908401489
-1.4797041416168213 1.268230676651001 0.0095750093460083 -0.42439040541648865 -0.2761009633541107 0.8623310327529907 0.19432400166988373 0.0038319826126098633
-1.4810819625854492 1.2667560577392578 0.007557034492492676 -0.6775719523429871 -0.5470747947692871 0.491500586271286 0.19725699722766876 0.0038470029830932617
-1.4815828800201416 1.2662197351455688 0.004812002182006836 -0.765800952911377 -0.6298409700393677 0.12955106794834137 0.2001899927854538 0.0038629770278930664
-1.4815828800201416 1.2662197351455688 -0.13477599620819092 -0.765800952911377 -0.6298714876174927 -0.12955106794834137 0.006002000067383051 0.19363200664520264
-1.4810817241668701 1.2667560577392578 -0.1375209093093872 -0.6775414347648621 -0.5470747947692871 -0.491500586271286 0.006773000117391348 0.1955459713935852
-1.4797041416168213 1.268230676651001 -0.13953888416290283 -0.42439040541648865 -0.2761009633541107 -0.8623310327529907 0.008286000229418278 0.19707298278808594
-1.477830171585083 1.2702363729476929 -0.14027297496795654 -0.1831110566854477 -0.006195257417857647 -0.983062207698822 0.010227000340819359 0.19783800840377808
-1.3825334310531616 1.3722331523895264 -0.14027297496795654 -0.006195257417857647 0.1831110566854477 -0.983062207698822 0.09147900342941284 0.19764000177383423
-1.3806594610214233 1.3742389678955078 -0.13953888416290283 0.2466811090707779 0.4421521723270416 -0.8623310327529907 0.09339000284671783 0.19686901569366455
-1.379281759262085 1.375713586807251 -0.1375209093093872 0.4998626708984375 0.713095486164093 -0.491500586271286 0.37317198514938354 0.0038470029830932617
-1.3787806034088135 1.3762497901916504 -0.13477599620819092 0.5764641165733337 0.8067567944526672 -0.12955106794834137 0.37610501050949097 0.0038629770278930664
-1.3787806034088135 1.3762497901916504 0.004812002182006836 0.5764641165733337 0.8067567944526672 0.12955106794834137 0.45526400208473206 0.003814995288848877
-1.379281759262085 1.375713586807251 0.007557034492492676 0.4998626708984375 0.713095486164093 0.491500586271286 0.09490899741649628 0.11025100946426392
-1.3806594610214233 1.3742389678955078 0.0095750093460083 0.2466811090707779 0.4421521723270416 0.8623310327529907 0.09339600056409836 0.10872399806976318
-1.3816901445388794 1.3769865036010742 -0.1374049186706543 0.20178838074207306 0.8712729215621948 -0.44737082719802856 0.09334199875593185 0.1944500207901001
-1.3826595544815063 1.3759489059448242 -0.1388249397277832 -0.02145451307296753 0.6323130130767822 -0.774407148361206 0.09254200011491776 0.19530701637268066
-1.3845391273498535 1.3741071224212646 -0.13953888416290283 -0.2761009633541107 0.42439040541648865 -0.8623310327529907 0.09103800356388092 0.19590598344802856
-1.3812874555587769 1.3775875568389893 -0.13477599620819092 0.2295602262020111 0.965636134147644 -0.12158574163913727 0.09395299851894379 0.1929749846458435
-1.3836971521377563 1.3769185543060303 -0.1374049186706543 -0.2603839337825775 0.8555558919906616 -0.44737082719802856 0.09225399792194366 0.19422101974487305
-1.3860137462615967 1.3754849433898926 -0.1375209093093872 -0.5470747947692871 0.6775414347648621 -0.491500586271286 0.09076700359582901 0.19424301385879517
-1.4798359870910645 1.2721104621887207 -0.13953888416290283 -0.4421521723270416 0.2466811090707779 -0.8623310327529907 0.010670999996364117 0.19611001014709473
-1.3812874555587769 1.3775875568389893 0.004812002182006836 0.2295602262020111 0.965636134147644 0.12158574163913727 0.09394299983978271 0.11260497570037842
-1.3816901445388794 1.3769867420196533 0.007441043853759766 0.20178838074207306 0.8712729215621948 0.44737082719802856 0.09334500133991241 0.1110990047454834
-1.3841397762298584 1.377490758895874 0.004812002182006836 -0.2945341467857361 0.9478438496589661 0.12158574163913727 0.09228000044822693 0.11287397146224976
-1.3841397762298584 1.377490758895874 -0.13477599620819092 -0.2945341467857361 0.9478438496589661 -0.12158574163913727 0.09230399876832962 0.19272202253341675
-1.3865500688552856 1.375986099243164 -0.13477599620819092 -0.6298714876174927 0.765800952911377 -0.12955106794834137 0.09070699661970139 0.19265401363372803
-1.382659673690796 1.3759491443634033 0.008861064910888672 -0.02148503065109253 0.6323130130767822 0.774376630783081 0.09248799830675125 0.11029797792434692
-1.383697271347046 1.3769185543060303 0.007441043853759766 -0.2604144513607025 0.8555558919906616 0.44737082719802856 0.09225799888372421 0.11138701438903809
-1.3865500688552856 1.375986099243164 0.004812002182006836 -0.6298714876174927 0.765800952911377 0.12955106794834137 0.09069199860095978 0.11293399333953857
-1.4813103675842285 1.2734880447387695 -0.1375209093093872 -0.713095486164093 0.4998626708984375 -0.491500586271286 0.010923000052571297 0.1944599747657776
-1.481846809387207 1.273989200592041 -0.13477599620819092 -0.8067567944526672 0.5764641165733337 -0.12955106794834137 0.010989000089466572 0.19286298751831055
-1.384539246559143 1.3741071224212646 0.0095750093460083 -0.2761314809322357 0.42439040541648865 0.8623310327529907 0.09100999683141708 0.1096869707107544
-1.3860137462615967 1.3754849433898926 0.007557034492492676 -0.5470747947692871 0.6775414347648621 0.491500586271286 0.09075900167226791 0.11133700609207153
-1.481846809387207 1.273989200592041 0.004812002182006836 -0.8067567944526672 0.5764641165733337 0.12955106794834137 0.010975000448524952 0.11314302682876587
-1.4825835227966309 1.271079659461975 -0.1374049186706543 -0.8712729215621948 0.20178838074207306 -0.44737082719802856 0.009422999806702137 0.1944100260734558
-1.4798359870910645 1.2721104621887207 0.0095750093460083 -0.4421521723270416 0.2466811090707779 0.8623310327529907 0.01064400002360344 0.10989099740982056
-1.4813103675842285 1.273488163948059 0.007557034492492676 -0.713126003742218 0.4998626708984375 0.491470068693161 0.010913999751210213 0.11155402660369873
-1.4815459251403809 1.2701102495193481 0.008861064910888672 -0.6323130130767822 -0.02145451307296753 0.774376630783081 0.009139000438153744 0.11049002408981323
-1.4825835227966309 1.271079659461975 0.007441043853759766 -0.8712729215621948 0.20175786316394806 0.44737082719802856 0.009428000077605247 0.11157602071762085
-1.4825153350830078 1.2690726518630981 0.007441043853759766 -0.8555864095687866 -0.2604144513607025 0.44737082719802856 0.008338999934494495 0.1113470196723938
-1.483184576034546 1.2714823484420776 0.004812002182006836 -0.965636134147644 0.2295602262020111 0.12158574163913727 0.009378000162541866 0.11307501792907715
-1.4830875396728516 1.2686301469802856 0.004812002182006836 -0.9478438496589661 -0.2945341467857361 0.12158574163913727 0.007728999946266413 0.1128230094909668
-1.483184576034546 1.2714823484420776 -0.13477599620819092 -0.965636134147644 0.2295602262020111 -0.12158574163913727 0.00940100010484457 0.19292300939559937
-1.4830875396728516 1.2686301469802856 -0.13477599620819092 -0.9478438496589661 -0.2945646643638611 -0.12158574163913727 0.007737999781966209 0.1931920051574707
-1.4825153350830078 1.2690726518630981 -0.1374049186706543 -0.8555558919906616 -0.2604144513607025 -0.44737082719802856 0.008337000384926796 0.19469797611236572
-1.4815459251403809 1.2701102495193481 -0.1388249397277832 -0.6323130130767822 -0.02145451307296753 -0.774376630783081 0.00919399969279766 0.1954990029335022
-1.4773240089416504 1.2788300514221191 -0.12815093994140625 -0.730674147605896 0.6826685667037964 -0.0 0.8455060124397278 0.06681501865386963
-1.4773240089416504 1.2788300514221191 -0.0018129348754882812 -0.730674147605896 0.6826685667037964 -0.0 0.8455060124397278 0.029802024364471436
-1.3910722732543945 1.3711459636688232 -0.0018129348754882812 -0.730674147605896 0.6826990842819214 -0.0 0.882519006729126 0.029802024364471436
-1.3910722732543945 1.3711459636688232 -0.12815093994140625 -0.730674147605896 0.6826990842819214 -0.0 0.882519006729126 0.06681501865386963
-1.4341977834701538 1.3249883651733398 -0.07962298393249512 -0.730674147605896 0.6826990842819214 -0.0 0.8640130162239075 0.052597999572753906
-1.4292004108428955 1.3303370475769043 -0.07766091823577881 -0.730674147605896 0.6826990842819214 -0.0 0.8661569952964783 0.05202299356460571
-1.425541877746582 1.3342528343200684 -0.07230198383331299 -0.730674147605896 0.6826990842819214 -0.0 0.8677269816398621 0.050453007221221924
-1.4242030382156372 1.3356857299804688 -0.06498098373413086 -0.730674147605896 0.6826990842819214 -0.0 0.8683019876480103 0.04830902814865112
-1.4255424737930298 1.334252119064331 -0.05766093730926514 -0.730674147605896 0.6826990842819214 -0.0 0.8677269816398621 0.046163976192474365
-1.4292011260986328 1.330336332321167 -0.052302002906799316 -0.730674147605896 0.6826990842819214 -0.0 0.8661569952964783 0.044593989849090576
-1.4341984987258911 1.324987530708313 -0.050340890884399414 -0.730704665184021 0.6826685667037964 -0.0 0.8640120029449463 0.04401898384094238
-1.4391963481903076 1.3196381330490112 -0.05230295658111572 -0.730674147605896 0.6826990842819214 -0.0 0.8618680238723755 0.044593989849090576
-1.4428551197052002 1.3157223463058472 -0.05766189098358154 -0.730674147605896 0.6826990842819214 -0.0 0.8602979779243469 0.046163976192474365
-1.4441938400268555 1.3142894506454468 -0.06498193740844727 -0.730674147605896 0.6826990842819214 -0.0 0.8597229719161987 0.04830902814865112
-1.442854404449463 1.3157230615615845 -0.0723029375076294 -0.730674147605896 0.6826990842819214 -0.0 0.8602979779243469 0.050454020500183105
-1.4391958713531494 1.3196388483047485 -0.07766199111938477 -0.730674147605896 0.6826685667037964 -0.0 0.8618680238723755 0.052024006843566895
-1.400048851966858 1.3575069904327393 -0.13953888416290283 -0.365184485912323 0.3411969244480133 -0.8661457896232605 0.06424899399280548 0.19597399234771729
-1.4643263816833496 1.2887104749679565 -0.13953888416290283 -0.365184485912323 0.3411969244480133 -0.8661457896232605 0.03745999559760094 0.196042001247406
-1.398043155670166 1.355633020401001 0.010309100151062012 -0.0951872318983078 0.08893093466758728 0.9914548397064209 0.13861867785453796 0.0038470029830932617
-1.4623205661773682 1.2868365049362183 0.010309100151062012 -0.0951872318983078 0.08893093466758728 0.9914548397064209 0.037285998463630676 0.10809099674224854
-1.40205979347229 1.3593859672546387 0.004812002182006836 -0.7244483828544617 0.6768700480461121 0.13025300204753876 0.06411965936422348 0.113003671169281
-1.4663372039794922 1.2905892133712769 0.004812002182006836 -0.7244483828544617 0.6768700480461121 0.13025300204753876 0.8571966290473938 0.026988983154296875
-1.400048851966858 1.3575069904327393 0.0095750093460083 -0.365184485912323 0.3411969244480133 0.8661457896232605 0.0642213225364685 0.10975503921508789
-1.4643263816833496 1.2887104749679565 0.0095750093460083 -0.365184485912323 0.3411969244480133 0.8661457896232605 0.03743266314268112 0.10982298851013184
-1.401523470878601 1.3588848114013672 0.007557034492492676 -0.6328928470611572 0.5912961363792419 0.4997711181640625 0.06414400041103363 0.11140936613082886
-1.4658007621765137 1.290088176727295 0.007557034492492676 -0.6328928470611572 0.5912961363792419 0.4997406005859375 0.03752899914979935 0.1114816665649414
-1.40205979347229 1.3593859672546387 -0.13477599620819092 -0.7244483828544617 0.6768700480461121 -0.13025300204753876 0.06413432955741882 0.19272375106811523
-1.4663372039794922 1.2905892133712769 -0.13477599620819092 -0.7244483828544617 0.6768700480461121 -0.13025300204753876 0.8571966290473938 0.06962871551513672
-1.401523470878601 1.3588848114013672 -0.1375209093093872 -0.6328623294830322 0.5912961363792419 -0.4997711181640625 0.06415233016014099 0.19431531429290771
-1.4658007621765137 1.290088176727295 -0.1375209093093872 -0.6328928470611572 0.5912961363792419 -0.4997711181640625 0.03753766417503357 0.19438767433166504
-1.4623205661773682 1.2868363857269287 -0.14027297496795654 -0.0951872318983078 0.08893093466758728 -0.9914548397064209 0.03731100261211395 0.19777202606201172
-1.398043155670166 1.355633020401001 -0.14027297496795654 -0.0951872318983078 0.08893093466758728 -0.9914548397064209 0.34092065691947937 0.003831028938293457
-1.4051095247268677 1.3561217784881592 -0.12815093994140625 -0.730674147605896 0.6826990842819214 -0.0 0.8701813220977783 0.06681501865386963
-1.4632859230041504 1.2938549518585205 -0.12815093994140625 -0.730674147605896 0.6826990842819214 -0.0 0.8578436374664307 0.06681501865386963
-1.4632861614227295 1.2938549518585205 -0.0018129348754882812 -0.730674147605896 0.6826990842819214 -0.0 0.8578436374664307 0.02980208396911621
-1.4051095247268677 1.3561217784881592 -0.0018129348754882812 -0.730674147605896 0.6826990842819214 -0.0 0.8701813220977783 0.02980208396911621
-1.3698457479476929 1.3679018020629883 -0.13477587699890137 0.6768700480461121 0.7244483828544617 -0.13028351962566376 0.3761393427848816 0.05987668037414551
-1.370347023010254 1.3673653602600098 0.007557034492492676 0.5913266539573669 0.6328623294830322 0.4997711181640625 0.45823100209236145 0.05984532833099365
-1.4726481437683105 1.2578717470169067 0.004812121391296387 -0.6768700480461121 -0.7244483828544617 0.13025300204753876 0.20022398233413696 0.05987668037414551
-1.472146987915039 1.2584080696105957 -0.1375209093093872 -0.5912961363792419 -0.6328928470611572 -0.4997711181640625 0.2823159992694855 0.0598447322845459
-1.4707691669464111 1.2598826885223389 0.009575128555297852 -0.3411969244480133 -0.365184485912323 0.8661457896232605 0.19435831904411316 0.05984532833099365
-1.370347023010254 1.3673653602600098 -0.1375209093093872 0.5912961363792419 0.6328623294830322 -0.4997711181640625 0.37320631742477417 0.0598607063293457
-1.3735984563827515 1.3638851642608643 -0.14027297496795654 0.08893093466758728 0.0951872318983078 -0.9914548397064209 0.36734098196029663 0.05982863903045654
-1.3698457479476929 1.3679018020629883 0.004812121391296387 0.6768700480461121 0.7244483828544617 0.13031403720378876 0.4552983343601227 0.05982869863510132
-1.3717244863510132 1.3658909797668457 0.009575128555297852 0.3411969244480133 0.365184485912323 0.8661152720451355 0.4611639976501465 0.0598607063293457
-1.4726479053497314 1.2578717470169067 -0.13477587699890137 -0.6768700480461121 -0.7244483828544617 -0.13025300204753876 0.27938300371170044 0.05982869863510132
-1.4707691669464111 1.2598826885223389 -0.13953888416290283 -0.3411969244480133 -0.365184485912323 -0.8661457896232605 0.2852489948272705 0.0598607063293457
-1.472146987915039 1.2584080696105957 0.007557034492492676 -0.5912961363792419 -0.6328928470611572 0.4997711181640625 0.1972913146018982 0.0598607063293457
-1.4688951969146729 1.2618883848190308 0.010309100151062012 -0.08893093466758728 -0.0951872318983078 0.9914548397064209 0.19142600893974304 0.05982863903045654
-1.3717244863510132 1.3658909797668457 -0.13953888416290283 0.3412274420261383 0.365184485912323 -0.8661152720451355 0.37027400732040405 0.0598447322845459
-1.4688951969146729 1.2618883848190308 -0.14027297496795654 -0.08893093466758728 -0.0951872318983078 -0.9914548397064209 0.28818199038505554 0.05987668037414551
-1.373598575592041 1.3638851642608643 0.010309100151062012 0.08893093466758728 0.0951567143201828 0.9914548397064209 0.11226633191108704 0.05987668037414551
-1.453385591506958 1.2784885168075562 0.010309100151062012 -0.730674147605896 0.6826990842819214 -0.0 0.16503944993019104 0.0598447322845459
-1.3891081809997559 1.3472850322723389 0.010309100151062012 0.6826990842819214 0.730674147605896 -0.0 0.13865289092063904 0.0598607063293457
-1.3891081809997559 1.3472850322723389 -0.14027297496795654 -0.0 0.0 -1.0 0.34095466136932373 0.0598447322845459
-1.453385591506958 1.2784883975982666 -0.14027297496795654 -0.0 0.0 -1.0 0.31456831097602844 0.0598607063293457
-1.453385591506958 1.2784885168075562 0.15992605686187744 -0.730674147605896 0.6826990842819214 -0.0 0.16503944993019104 0.0598447322845459
-1.3891081809997559 1.3472850322723389 0.15992605686187744 0.6826990842819214 0.730674147605896 -0.0 0.13865289092063904 0.0598607063293457
-1.4056189060211182 1.3515453338623047 -0.13953888416290283 -0.365184485912323 0.3411969244480133 -0.8661457896232605 0.05531932786107063 0.1959967017173767
-1.458756446838379 1.294671893119812 -0.13953888416290283 -0.365184485912323 0.3411969244480133 -0.8661457896232605 0.046389661729335785 0.19601935148239136
-1.4036132097244263 1.3496713638305664 0.010309100151062012 -0.0951872318983078 0.08893093466758728 0.9914548397064209 0.055341996252536774 0.1080470085144043
-1.4567506313323975 1.2927979230880737 0.010309100151062012 -0.0951872318983078 0.08893093466758728 0.9914548397064209 0.156209796667099 0.003836393356323242
-1.4076298475265503 1.353424310684204 0.004812002182006836 -0.7244483828544617 0.6768700480461121 0.13025300204753876 0.8662843704223633 0.02698904275894165
-1.4607672691345215 1.2965507507324219 0.004812002182006836 -0.7244483828544617 0.6768700480461121 0.13025300204753876 0.046404771506786346 0.11305016279220581
-1.4056189060211182 1.3515455722808838 0.0095750093460083 -0.365184485912323 0.3411969244480133 0.8661457896232605 0.05529176816344261 0.10977768898010254
-1.458756446838379 1.294671893119812 0.0095750093460083 -0.365184485912323 0.3411969244480133 0.8661457896232605 0.04636221379041672 0.10980033874511719
-1.4070935249328613 1.3529231548309326 0.007557034492492676 -0.6328928470611572 0.5912961363792419 0.4997711181640625 0.05527232959866524 0.11143350601196289
-1.460231065750122 1.2960495948791504 0.007557034492492676 -0.6328928470611572 0.5912961363792419 0.4997711181640625 0.04640066623687744 0.11145758628845215
-1.4076298475265503 1.353424310684204 -0.13477599620819092 -0.7244483828544617 0.6768700480461121 -0.13025300204753876 0.8662843704223633 0.06962847709655762
-1.4607672691345215 1.2965507507324219 -0.13477599620819092 -0.7244483828544617 0.6768700480461121 -0.13025300204753876 0.04641921818256378 0.19277018308639526
-1.4070934057235718 1.3529231548309326 -0.1375209093093872 -0.6328623294830322 0.5912961363792419 -0.4997711181640625 0.05528077483177185 0.19433945417404175
-1.460231065750122 1.2960495948791504 -0.1375209093093872 -0.6328928470611572 0.5912961363792419 -0.4997711181640625 0.04640921950340271 0.19436359405517578
-1.4567506313323975 1.2927979230880737 -0.14027297496795654 -0.0951872318983078 0.08893093466758728 -0.9914548397064209 0.32332974672317505 0.003841698169708252
-1.4036130905151367 1.3496713638305664 -0.14027297496795654 -0.0951872318983078 0.08893093466758728 -0.9914548397064209 0.05536700040102005 0.19772803783416748
-1.4101498126983643 1.3507270812988281 -0.12815093994140625 -0.730674147605896 0.6826990842819214 -0.0 0.8660687208175659 0.06681501865386963
-1.4582438468933105 1.2992515563964844 -0.12815093994140625 -0.730674147605896 0.6826990842819214 -0.0 0.8619561791419983 0.06681501865386963
-1.4582438468933105 1.299251675605774 -0.0018129348754882812 -0.730674147605896 0.6826990842819214 -0.0 0.8619561791419983 0.029802143573760986
-1.4101499319076538 1.3507270812988281 -0.0018129348754882812 -0.730674147605896 0.6826990842819214 -0.0 0.8660687208175659 0.02980208396911621
-1.3946782350540161 1.3413233757019043 -0.14027297496795654 -0.0 0.0 -1.0 0.3321591913700104 0.059850096702575684
-1.4478156566619873 1.2844499349594116 -0.14027297496795654 -0.0 0.0 -1.0 0.3233637511730194 0.05985540151596069
-1.4478156566619873 1.2844499349594116 0.010309100151062012 0.6826990842819214 0.730674147605896 -0.0 0.1562439203262329 0.059850096702575684
-1.3946782350540161 1.3413233757019043 0.010309100151062012 -0.6826990842819214 -0.730674147605896 -0.0 0.14744840562343597 0.05985540151596069
-1.4478156566619873 1.2844499349594116 0.15992605686187744 -0.730674147605896 0.6826990842819214 -0.0 0.1562439203262329 0.059850096702575684
-1.3946782350540161 1.3413233757019043 0.15992605686187744 -0.6826990842819214 -0.730674147605896 -0.0 0.14744840562343597 0.05985540151596069
-0.8591515421867371 0.8907546401023865 -0.13477587699890137 0.6768700480461121 0.7244483828544617 -0.13034455478191376 0.37616223096847534 0.09721916913986206
-1.3600749969482422 1.3587729930877686 -0.13477587699890137 0.6768700480461121 0.7244483828544617 -0.13031403720378876 0.37615078687667847 0.07854795455932617
-0.8596530556678772 0.8902180194854736 0.007557034492492676 0.5912961363792419 0.6328928470611572 0.4997711181640625 0.4582536518573761 0.0971875786781311
-1.3605765104293823 1.358236312866211 0.007557034492492676 0.5912961363792419 0.6328623294830322 0.4997711181640625 0.4582423269748688 0.07851648330688477
-0.96195387840271 0.7807245850563049 0.004812121391296387 -0.6768700480461121 -0.7244483828544617 0.13025300204753876 0.2002466470003128 0.09721916913986206
-1.4628772735595703 1.248742938041687 0.004812121391296387 -0.6768700480461121 -0.7244483828544617 0.13025300204753876 0.2002353072166443 0.07854795455932617
-0.9614527225494385 0.7812608480453491 -0.1375209093093872 -0.5912961363792419 -0.6328928470611572 -0.4997711181640625 0.2823386788368225 0.09718716144561768
-1.4623761177062988 1.2492791414260864 -0.1375209093093872 -0.5912961363792419 -0.6328928470611572 -0.4997711181640625 0.2823273539543152 0.07851594686508179
-0.9600751399993896 0.7827354669570923 0.009575128555297852 -0.3411969244480133 -0.365184485912323 0.8661457896232605 0.19438119232654572 0.0971875786781311
-1.46099853515625 1.2507537603378296 0.009575128555297852 -0.3411969244480133 -0.365184485912323 0.8661457896232605 0.19436976313591003 0.07851648330688477
-0.8596529960632324 0.8902179002761841 -0.1375209093093872 0.5912961363792419 0.6328623294830322 -0.4997711181640625 0.3732292056083679 0.09720319509506226
-1.3605763912200928 1.358236312866211 -0.1375209093093872 0.5912961363792419 0.6328623294830322 -0.4997711181640625 0.37321776151657104 0.07853198051452637
-0.8629043102264404 0.8867379426956177 -0.14027297496795654 0.08893093466758728 0.0951872318983078 -0.9914548397064209 0.3673636317253113 0.09717118740081787
-1.3638277053833008 1.3547563552856445 -0.14027297496795654 0.08893093466758728 0.0951872318983078 -0.9914548397064209 0.36735230684280396 0.07849991321563721
-1.3600749969482422 1.3587729930877686 0.004812121391296387 0.6768700480461121 0.7244483828544617 0.13034455478191376 0.45530977845191956 0.07849997282028198
-0.8591515421867371 0.8907546997070312 0.004812121391296387 0.6768700480461121 0.7244483828544617 0.13034455478191376 0.45532122254371643 0.09717118740081787
-0.8610303997993469 0.8887438774108887 0.009575128555297852 0.3412274420261383 0.365215003490448 0.8661152720451355 0.46118664741516113 0.09720319509506226
-1.361953854560852 1.356762170791626 0.009575128555297852 0.3412274420261383 0.365215003490448 0.8661152720451355 0.4611753225326538 0.07853198051452637
-1.4628772735595703 1.2487428188323975 -0.13477587699890137 -0.6768700480461121 -0.7244483828544617 -0.13025300204753876 0.27939432859420776 0.07849997282028198
-0.9619537591934204 0.7807244062423706 -0.13477587699890137 -0.6768700480461121 -0.7244483828544617 -0.13025300204753876 0.2794056534767151 0.09717118740081787
-0.9600750207901001 0.7827354073524475 -0.13953888416290283 -0.3411969244480133 -0.365184485912323 -0.8661457896232605 0.28527164459228516 0.09720319509506226
-1.46099853515625 1.2507537603378296 -0.13953888416290283 -0.3411969244480133 -0.365184485912323 -0.8661457896232605 0.28526031970977783 0.07853198051452637
-0.961452841758728 0.7812609672546387 0.007557034492492676 -0.5913266539573669 -0.6328928470611572 0.4997406005859375 0.19731418788433075 0.09720319509506226
-1.462376356124878 1.249279260635376 0.007557034492492676 -0.5913266539573669 -0.6328928470611572 0.4997406005859375 0.19730275869369507 0.07853198051452637
-0.9582011103630066 0.7847412824630737 0.010309100151062012 -0.08893093466758728 -0.0951567143201828 0.9914548397064209 0.1914486587047577 0.09717118740081787
-1.4591245651245117 1.252759575843811 0.010309100151062012 -0.08893093466758728 -0.0951567143201828 0.9914548397064209 0.19143733382225037 0.07849991321563721
-0.8610303401947021 0.8887437582015991 -0.13953888416290283 0.3412274420261383 0.365215003490448 -0.8661152720451355 0.3702966570854187 0.09718716144561768
-1.3619537353515625 1.3567619323730469 -0.13953888416290283 0.3412274420261383 0.365215003490448 -0.8661152720451355 0.3702853322029114 0.07851594686508179
-0.9582010507583618 0.7847411632537842 -0.14027297496795654 -0.08893093466758728 -0.0951872318983078 -0.9914548397064209 0.2882046699523926 0.09721916913986206
-1.4591245651245117 1.2527594566345215 -0.14027297496795654 -0.08893093466758728 -0.0951872318983078 -0.9914548397064209 0.28819334506988525 0.07854795455932617
-1.3638278245925903 1.3547563552856445 0.010309100151062012 0.08890041708946228 0.0951567143201828 0.9914548397064209 0.11227777600288391 0.07854795455932617
-0.8629043698310852 0.8867380023002625 0.010309100151062012 0.08890041708946228 0.0951567143201828 0.9914548397064209 0.46411964297294617 0.09721964597702026
-1.4436149597167969 1.2693595886230469 0.010309100151062012 -0.6826990842819214 -0.730674147605896 -0.0 0.16505080461502075 0.07851600646972656
-0.942691445350647 0.8013412952423096 0.010309100151062012 -0.6826990842819214 -0.730674147605896 -0.0 0.16506218910217285 0.09718716144561768
-1.3793375492095947 1.3381562232971191 0.010309100151062012 -0.0 0.0 1.0 0.13866429030895233 0.07853198051452637
-0.8784140944480896 0.8701378703117371 0.010309100151062012 0.6826990842819214 0.730674147605896 -0.0 0.13867568969726562 0.09720313549041748
-1.3793374300003052 1.33815598487854 -0.14027297496795654 -0.0 0.0 -1.0 0.34096598625183105 0.07851600646972656
-0.8784139752388 0.8701378107070923 -0.14027297496795654 -0.0 0.0 -1.0 0.3409773111343384 0.09718716144561768
-1.4436147212982178 1.2693594694137573 -0.14027297496795654 -0.0 0.0 -0.999969482421875 0.31457963585853577 0.07853198051452637
-0.942691445350647 0.80134117603302 -0.14027297496795654 -0.0 0.0 -1.0 0.3145909905433655 0.09720319509506226
-1.4436149597167969 1.2693595886230469 0.15992605686187744 -0.0 0.0 1.0 0.16505080461502075 0.07851600646972656
-0.9426915645599365 0.8013412952423096 0.15992605686187744 -0.6826990842819214 -0.730674147605896 -0.0 0.16506218910217285 0.09718716144561768
-1.3793375492095947 1.3381562232971191 0.15992605686187744 -0.0 0.0 0.999969482421875 0.13866429030895233 0.07853198051452637
-0.8784140944480896 0.8701379299163818 0.15992605686187744 0.6826990842819214 0.730674147605896 -0.0 0.13867568969726562 0.09720313549041748
-1.438044786453247 1.2753207683563232 0.15992605686187744 -0.730674147605896 0.6826990842819214 -0.0 0.156255304813385 0.07852137088775635
-0.9371216297149658 0.8073028326034546 0.15992605686187744 -0.0 0.0 1.0 0.1562666893005371 0.09719252586364746
-0.8839841485023499 0.8641762733459473 0.15992605686187744 -0.0 0.0 1.0 0.14747118949890137 0.09719783067703247
-1.3849074840545654 1.3321943283081055 -0.14027297496795654 -0.0 0.0 -1.0 0.3321705162525177 0.07852137088775635
-0.8839840292930603 0.8641761541366577 -0.140272855758667 -0.0 0.0 -1.0 0.3321818709373474 0.09719252586364746
-1.4380450248718262 1.2753208875656128 -0.14027297496795654 -0.0 0.0 -1.0 0.32337507605552673 0.07852661609649658
-0.9371215105056763 0.807302713394165 -0.140272855758667 -0.0 0.0 -1.0 0.32338643074035645 0.09719783067703247
-1.438044786453247 1.2753207683563232 0.010309100151062012 -0.730674147605896 0.6826990842819214 -0.0 0.1562439203262329 0.059850096702575684
-1.3849072456359863 1.3321943283081055 0.010309100151062012 -0.730674147605896 0.6826990842819214 -0.0 0.14744840562343597 0.05985540151596069
-1.3849072456359863 1.3321943283081055 0.15992605686187744 -0.730674147605896 0.6826990842819214 -0.0 0.14744840562343597 0.05985540151596069
-1.3946782350540161 1.3413233757019043 0.010309100151062012 -0.730674147605896 0.6826685667037964 -0.0 0.14744840562343597 0.05985540151596069
-1.3946782350540161 1.3413233757019043 0.010309100151062012 -0.0 0.0 1.0 0.14744840562343597 0.05985540151596069
-1.3946782350540161 1.3413233757019043 0.15992605686187744 -0.730674147605896 0.6826685667037964 -0.0 0.14744840562343597 0.05985540151596069
-1.3946782350540161 1.3413233757019043 0.15992605686187744 -0.0 0.0 1.0 0.14744840562343597 0.05985540151596069
-1.3891081809997559 1.3472850322723389 0.010309100151062012 -0.730674147605896 0.6826685667037964 -0.0 0.13865289092063904 0.0598607063293457
-1.3891081809997559 1.3472850322723389 0.010309100151062012 -0.0 0.0 1.0 0.13865289092063904 0.0598607063293457
-1.3891081809997559 1.3472850322723389 0.15992605686187744 -0.730674147605896 0.6826685667037964 -0.0 0.13865289092063904 0.0598607063293457
-1.3891081809997559 1.3472850322723389 0.15992605686187744 -0.0 0.0 1.0 0.13865289092063904 0.0598607063293457
-1.3793375492095947 1.3381562232971191 0.010309100151062012 0.6826990842819214 0.730674147605896 -0.0 0.13866429030895233 0.07853198051452637
-1.3793375492095947 1.3381562232971191 0.15992605686187744 0.6826990842819214 0.730674147605896 -0.0 0.13866429030895233 0.07853198051452637
-1.453385591506958 1.2784885168075562 0.15992605686187744 -0.6826990842819214 -0.730674147605896 -0.0 0.16503944993019104 0.0598447322845459
-1.453385591506958 1.2784885168075562 0.15992605686187744 -0.0 0.0 1.0 0.16503944993019104 0.0598447322845459
-1.453385591506958 1.2784885168075562 0.010309100151062012 -0.6826990842819214 -0.730674147605896 -0.0 0.16503944993019104 0.0598447322845459
-1.453385591506958 1.2784885168075562 0.010309100151062012 -0.0 0.0 1.0 0.16503944993019104 0.0598447322845459
-1.4478156566619873 1.2844499349594116 0.15992605686187744 -0.0 0.0 1.0 0.1562439203262329 0.059850096702575684
-1.4478156566619873 1.2844499349594116 0.15992605686187744 0.6826990842819214 0.730674147605896 -0.0 0.1562439203262329 0.059850096702575684
-1.438044786453247 1.2753207683563232 0.010309100151062012 -0.0 0.0 1.0 0.1562439203262329 0.059850096702575684
-1.438044786453247 1.2753207683563232 0.010309100151062012 0.6826990842819214 0.730674147605896 -0.0 0.1562439203262329 0.059850096702575684
-1.3849072456359863 1.3321943283081055 0.010309100151062012 -0.0 0.0 1.0 0.14744840562343597 0.05985540151596069
-1.3849072456359863 1.3321943283081055 0.010309100151062012 -0.6826990842819214 -0.730674147605896 -0.0 0.14744840562343597 0.05985540151596069
-1.438044786453247 1.2753207683563232 0.15992605686187744 0.6826990842819214 0.730674147605896 -0.0 0.1562439203262329 0.059850096702575684
-1.438044786453247 1.2753207683563232 0.15992605686187744 -0.0 0.0 1.0 0.156255304813385 0.07852137088775635
-1.3849072456359863 1.3321943283081055 0.15992605686187744 -0.6826990842819214 -0.730674147605896 -0.0 0.14744840562343597 0.05985540151596069
-1.3849072456359863 1.3321943283081055 0.15992605686187744 -0.0 0.0 1.0 0.14745979011058807 0.07852661609649658
-1.4478156566619873 1.2844499349594116 0.010309100151062012 -0.730674147605896 0.6826990842819214 -0.0 0.1562439203262329 0.059850096702575684
-1.4478156566619873 1.2844499349594116 0.010309100151062012 -0.0 0.0 1.0 0.1562439203262329 0.059850096702575684
-1.4436149597167969 1.2693595886230469 0.010309100151062012 -0.0 0.0 0.999969482421875 0.16505080461502075 0.07851600646972656
-0.942691445350647 0.8013412952423096 0.010309100151062012 -0.0 0.0 1.0 0.16506218910217285 0.09718716144561768
-0.8784140944480896 0.8701378703117371 0.010309100151062012 -0.0 0.0 1.0 0.13867568969726562 0.09720313549041748
-1.4436149597167969 1.2693595886230469 0.15992605686187744 -0.6826990842819214 -0.730674147605896 -0.0 0.16505080461502075 0.07851600646972656
-0.9426915645599365 0.8013412952423096 0.15992605686187744 -0.0 0.0 1.0 0.16506218910217285 0.09718716144561768
-0.8784140944480896 0.8701379299163818 0.15992605686187744 -0.0 0.0 1.0 0.13867568969726562 0.09720313549041748
-1.4797041416168213 1.268230676651001 0.0095750093460083 -0.42439040541648865 -0.2761009633541107 0.8623310327529907 0.008290999568998814 0.10892897844314575
-1.379281759262085 1.375713586807251 -0.1375209093093872 0.4998626708984375 0.713095486164093 -0.491500586271286 0.09491399675607681 0.19535797834396362
-1.3787806034088135 1.3762497901916504 -0.13477599620819092 0.5764641165733337 0.8067567944526672 -0.12955106794834137 0.09567999839782715 0.19341999292373657
-1.4815828800201416 1.2662197351455688 -0.13477599620819092 -0.765800952911377 -0.6298714876174927 -0.12955106794834137 0.2793489992618561 0.003814995288848877
-1.4810819625854492 1.2667560577392578 0.007557034492492676 -0.6775719523429871 -0.5470747947692871 0.491500586271286 0.006767999846488237 0.1104390025138855
-1.4815828800201416 1.2662197351455688 0.004812002182006836 -0.765800952911377 -0.6298409700393677 0.12955106794834137 0.006002000067383051 0.11237698793411255
-1.3787806034088135 1.3762497901916504 0.004812002182006836 0.5764641165733337 0.8067567944526672 0.12955106794834137 0.09567999839782715 0.11216497421264648
-1.4810819625854492 1.2667560577392578 0.007557034492492676 -0.6775719523429871 -0.5470747947692871 0.491500586271286 0.006767999846488237 0.1104390025138855
-1.4797041416168213 1.268230676651001 0.0095750093460083 -0.42439040541648865 -0.2761009633541107 0.8623310327529907 0.008290999568998814 0.10892897844314575
-1.4815828800201416 1.2662197351455688 0.004812002182006836 -0.765800952911377 -0.6298409700393677 0.12955106794834137 0.006002000067383051 0.11237698793411255
-1.379281759262085 1.375713586807251 -0.1375209093093872 0.4998626708984375 0.713095486164093 -0.491500586271286 0.09491399675607681 0.19535797834396362
-1.4623205661773682 1.2868363857269287 -0.14027297496795654 -0.0951872318983078 0.08893093466758728 -0.9914548397064209 0.3145343065261841 0.0038470029830932617
-1.477830171585083 1.2702363729476929 -0.14027297496795654 -0.1831110566854477 -0.006195257417857647 -0.983062207698822 0.2881479859352112 0.0038629770278930664
-1.3787806034088135 1.3762497901916504 0.004812002182006836 0.5764641165733337 0.8067567944526672 0.12955106794834137 0.09567999839782715 0.11216497421264648
-1.3787806034088135 1.3762497901916504 -0.13477599620819092 0.5764641165733337 0.8067567944526672 -0.12955106794834137 0.09567999839782715 0.19341999292373657
-1.477830171585083 1.2702363729476929 0.010309100151062012 -0.1831110566854477 -0.006195257417857647 0.983062207698822 0.19139200448989868 0.003814995288848877
-1.3865500688552856 1.375986099243164 0.004812002182006836 -0.6298714876174927 0.765800952911377 0.12955106794834137 0.8853319883346558 0.02786099910736084
-1.3865500688552856 1.375986099243164 -0.13477599620819092 -0.6298714876174927 0.765800952911377 -0.12955106794834137 0.8853319883346558 0.06875598430633545
-1.481846809387207 1.273989200592041 0.004812002182006836 -0.8067567944526672 0.5764641165733337 0.12955106794834137 0.8426920175552368 0.02786099910736084
-1.481846809387207 1.273989200592041 -0.13477599620819092 -0.8067567944526672 0.5764641165733337 -0.12955106794834137 0.8426929712295532 0.06875598430633545
-1.40205979347229 1.3593859672546387 0.004812002182006836 -0.7244483828544617 0.6768700480461121 0.13025300204753876 0.8708282709121704 0.02698904275894165
-1.3865500688552856 1.375986099243164 0.004812002182006836 -0.6298714876174927 0.765800952911377 0.12955106794834137 0.8844599723815918 0.026988983154296875
-1.3806594610214233 1.3742389678955078 -0.13953888416290283 0.2466811090707779 0.4421521723270416 -0.8623310327529907 0.3702400028705597 0.003831028938293457
-1.3825334310531616 1.3722331523895264 -0.14027297496795654 -0.006195257417857647 0.1831110566854477 -0.983062207698822 0.36730700731277466 0.003814995288848877
-1.3825334310531616 1.3722331523895264 0.010309100151062012 -0.006195257417857647 0.1831110566854477 0.983062207698822 0.11223199963569641 0.0038629770278930664
-1.398043155670166 1.355633020401001 0.010309100151062012 -0.0951872318983078 0.08893093466758728 0.9914548397064209 0.06436999887228012 0.10802501440048218
-1.481846809387207 1.273989200592041 -0.13477599620819092 -0.8067567944526672 0.5764641165733337 -0.12955106794834137 0.8435649871826172 0.0696290135383606
-1.3806594610214233 1.3742389678955078 -0.13953888416290283 0.2466811090707779 0.4421521723270416 -0.8623310327529907 0.3702400028705597 0.003831028938293457
-1.4663372039794922 1.2905892133712769 -0.13477599620819092 -0.7244483828544617 0.6768700480461121 -0.13025300204753876 0.03756166622042656 0.1927933692932129
-1.4663372039794922 1.2905892133712769 -0.13477599620819092 -0.7244483828544617 0.6768700480461121 -0.13025300204753876 0.03756166622042656 0.1927933692932129
-1.3865500688552856 1.375986099243164 -0.13477599620819092 -0.6298714876174927 0.765800952911377 -0.12955106794834137 0.8844599723815918 0.06962800025939941
-1.40205979347229 1.3593859672546387 -0.13477599620819092 -0.7244483828544617 0.6768700480461121 -0.13025300204753876 0.8708282709121704 0.06962835788726807
-1.4607672691345215 1.2965507507324219 -0.13477599620819092 -0.7244483828544617 0.6768700480461121 -0.13025300204753876 0.8617404699325562 0.06962859630584717
-1.398043155670166 1.355633020401001 0.010309100151062012 -0.0951872318983078 0.08893093466758728 0.9914548397064209 0.06436999887228012 0.10802501440048218
-1.477830171585083 1.2702363729476929 0.010309100151062012 -0.1831110566854477 -0.006195257417857647 0.983062207698822 0.19139200448989868 0.003814995288848877
-1.4623205661773682 1.2868365049362183 0.010309100151062012 -0.0951872318983078 0.08893093466758728 0.9914548397064209 0.16500534117221832 0.003831028938293457
-1.4036132097244263 1.3496713638305664 0.010309100151062012 -0.0951872318983078 0.08893093466758728 0.9914548397064209 0.14741423726081848 0.003841698169708252
-1.481846809387207 1.273989200592041 0.004812002182006836 -0.8067567944526672 0.5764641165733337 0.12955106794834137 0.8435649871826172 0.026988983154296875
-1.40205979347229 1.3593859672546387 0.004812002182006836 -0.7244483828544617 0.6768700480461121 0.13025300204753876 0.8708282709121704 0.02698904275894165
-1.3825334310531616 1.3722331523895264 -0.14027297496795654 -0.006195257417857647 0.1831110566854477 -0.983062207698822 0.36730700731277466 0.003814995288848877
-1.4623205661773682 1.2868363857269287 -0.14027297496795654 -0.0951872318983078 0.08893093466758728 -0.9914548397064209 0.3145343065261841 0.0038470029830932617
-1.4663372039794922 1.2905892133712769 0.004812002182006836 -0.7244483828544617 0.6768700480461121 0.13025300204753876 0.03754733130335808 0.11307334899902344
-1.4076298475265503 1.353424310684204 0.004812002182006836 -0.7244483828544617 0.6768700480461121 0.13025300204753876 0.05526221543550491 0.11302697658538818
-1.398043155670166 1.355633020401001 -0.14027297496795654 -0.0951872318983078 0.08893093466758728 -0.9914548397064209 0.0643950030207634 0.19770598411560059
-1.4567506313323975 1.2927979230880737 -0.14027297496795654 -0.0951872318983078 0.08893093466758728 -0.9914548397064209 0.046339001506567 0.19775009155273438
-1.477830171585083 1.2702363729476929 -0.14027297496795654 -0.1831110566854477 -0.006195257417857647 -0.983062207698822 0.2881479859352112 0.0038629770278930664
-1.4797041416168213 1.268230676651001 -0.13953888416290283 -0.42439040541648865 -0.2761009633541107 -0.8623310327529907 0.28521499037742615 0.0038470029830932617
-1.3825334310531616 1.3722331523895264 0.010309100151062012 -0.006195257417857647 0.1831110566854477 0.983062207698822 0.46406298875808716 0.003863990306854248
-1.3806594610214233 1.3742389678955078 0.0095750093460083 0.2466811090707779 0.4421521723270416 0.8623310327529907 0.4611299932003021 0.0038470029830932617
-1.373598575592041 1.3638851642608643 0.010309100151062012 0.08893093466758728 0.0951567143201828 0.9914548397064209 0.4640969932079315 0.05987739562988281
-1.379281759262085 1.375713586807251 0.007557034492492676 0.4998626708984375 0.713095486164093 0.491500586271286 0.4581969976425171 0.0038319826126098633
-1.3806594610214233 1.3742389678955078 0.0095750093460083 0.2466811090707779 0.4421521723270416 0.8623310327529907 0.4611299932003021 0.0038470029830932617
-1.379281759262085 1.375713586807251 0.007557034492492676 0.4998626708984375 0.713095486164093 0.491500586271286 0.4581969976425171 0.0038319826126098633
-1.4810817241668701 1.2667560577392578 -0.1375209093093872 -0.6775414347648621 -0.5470747947692871 -0.491500586271286 0.2822819948196411 0.003831028938293457
-1.4815828800201416 1.2662197351455688 -0.13477599620819092 -0.765800952911377 -0.6298714876174927 -0.12955106794834137 0.2793489992618561 0.003814995288848877
-1.4797041416168213 1.268230676651001 -0.13953888416290283 -0.42439040541648865 -0.2761009633541107 -0.8623310327529907 0.28521499037742615 0.0038470029830932617
-1.4810817241668701 1.2667560577392578 -0.1375209093093872 -0.6775414347648621 -0.5470747947692871 -0.491500586271286 0.2822819948196411 0.003831028938293457
-1.398043155670166 1.355633020401001 -0.14027297496795654 -0.0951872318983078 0.08893093466758728 -0.9914548397064209 0.0643950030207634 0.19770598411560059
-1.4567506313323975 1.2927979230880737 -0.14027297496795654 -0.0951872318983078 0.08893093466758728 -0.9914548397064209 0.046339001506567 0.19775009155273438
-1.4663372039794922 1.2905892133712769 0.004812002182006836 -0.7244483828544617 0.6768700480461121 0.13025300204753876 0.03754733130335808 0.11307334899902344
-1.4076298475265503 1.353424310684204 0.004812002182006836 -0.7244483828544617 0.6768700480461121 0.13025300204753876 0.05526221543550491 0.11302697658538818
-1.4036130905151367 1.3496713638305664 -0.14027297496795654 -0.0951872318983078 0.08893093466758728 -0.9914548397064209 0.332125186920166 0.003836393356323242
-1.4036130905151367 1.3496713638305664 -0.14027297496795654 -0.0951872318983078 0.08893093466758728 -0.9914548397064209 0.332125186920166 0.003836393356323242
-1.4607672691345215 1.2965507507324219 0.004812002182006836 -0.7244483828544617 0.6768700480461121 0.13025300204753876 0.8617404699325562 0.026988983154296875
-1.4607672691345215 1.2965507507324219 0.004812002182006836 -0.7244483828544617 0.6768700480461121 0.13025300204753876 0.8617404699325562 0.026988983154296875
-1.4623205661773682 1.2868365049362183 0.010309100151062012 -0.0951872318983078 0.08893093466758728 0.9914548397064209 0.16500534117221832 0.003831028938293457
-1.4036132097244263 1.3496713638305664 0.010309100151062012 -0.0951872318983078 0.08893093466758728 0.9914548397064209 0.14741423726081848 0.003841698169708252
-1.4567506313323975 1.2927979230880737 0.010309100151062012 -0.0951872318983078 0.08893093466758728 0.9914548397064209 0.046313997358083725 0.10806900262832642
-1.4567506313323975 1.2927979230880737 0.010309100151062012 -0.0951872318983078 0.08893093466758728 0.9914548397064209 0.046313997358083725 0.10806900262832642
-1.40205979347229 1.3593859672546387 -0.13477599620819092 -0.7244483828544617 0.6768700480461121 -0.13025300204753876 0.8708282709121704 0.06962835788726807
-1.4607672691345215 1.2965507507324219 -0.13477599620819092 -0.7244483828544617 0.6768700480461121 -0.13025300204753876 0.8617404699325562 0.06962859630584717
-1.4076298475265503 1.353424310684204 -0.13477599620819092 -0.7244483828544617 0.6768700480461121 -0.13025300204753876 0.0552767738699913 0.19274699687957764
-1.4076298475265503 1.353424310684204 -0.13477599620819092 -0.7244483828544617 0.6768700480461121 -0.13025300204753876 0.0552767738699913 0.19274699687957764
-1.373598575592041 1.3638851642608643 0.010309100151062012 0.08893093466758728 0.0951567143201828 0.9914548397064209 0.4640969932079315 0.05987739562988281
-1.3638278245925903 1.3547563552856445 0.010309100151062012 0.08890041708946228 0.0951567143201828 0.9914548397064209 0.46410828828811646 0.07854855060577393
-1.3638278245925903 1.3547563552856445 0.010309100151062012 0.08890041708946228 0.0951567143201828 0.9914548397064209 0.46410828828811646 0.07854855060577393
-0.8629043698310852 0.8867380023002625 0.010309100151062012 0.08890041708946228 0.0951567143201828 0.9914548397064209 0.11228922009468079 0.09721916913986206
91 12 13
12 91 84
45 42 44
42 45 43
95 2 3
2 95 88
30 26 27
26 30 25
84 11 12
11 84 89
7 46 47
46 7 6
218 37 39
37 218 1
47 8 7
8 47 22
70 34 72
34 70 33
16 17 20
36 22 47
22 36 31
65 8 22
8 65 78
19 219 16
219 19 220
39 38 40
38 39 37
44 31 36
31 44 32
42 41 40
41 42 43
6 45 46
45 6 5
28 24 29
20 27 26
27 20 21
86 221 93
221 86 4
26 16 20
16 26 19
24 25 29
25 24 23
40 35 42
35 40 38
43 222 41
222 43 223
46 44 36
44 46 45
15 24 28
24 15 14
41 39 40
29 30 34
30 29 25
72 30 68
30 72 34
34 28 29
28 34 33
17 21 20
21 17 18
14 23 24
23 14 224
36 47 46
225 39 41
39 225 226
15 33 0
33 15 28
5 43 45
43 5 227
16 10 17
10 16 228
103 230 229
230 103 98
17 9 18
9 17 10
25 19 26
19 25 23
231 19 23
19 231 232
86 3 4
3 86 95
88 233 2
233 88 96
77 22 31
22 77 65
234 51 50
51 234 235
236 48 237
48 236 49
238 50 83
50 238 239
97 241 240
241 97 90
242 191 99
191 242 66
44 35 32
35 44 42
33 243 0
243 33 70
75 48 81
48 75 244
89 245 11
245 89 97
246 31 32
31 246 77
55 51 54
54 51 53
51 55 50
56 50 55
50 56 57
53 81 48
123 80 122
53 123 81
80 53 51
53 80 123
57 83 50
125 82 124
57 125 83
82 57 49
125 57 82
53 48 52
49 57 58
52 48 63
63 48 62
62 48 61
49 61 48
49 58 59
49 60 61
49 59 60
27 76 74
76 27 21
117 77 247
77 117 119
248 80 51
80 248 249
250 81 123
81 250 75
1 71 37
71 1 67
108 70 112
70 108 251
96 253 252
253 96 199
187 66 254
66 187 191
255 82 49
82 255 69
110 83 125
83 110 256
21 64 76
64 21 18
119 65 77
65 119 107
90 79 257
79 90 102
127 258 120
258 127 103
38 259 35
259 38 73
114 68 260
68 114 72
18 261 64
261 18 9
107 78 65
78 107 262
37 73 38
73 37 71
112 72 114
72 112 70
181 103 127
103 181 170
145 102 90
102 145 168
186 192 190
192 186 188
157 199 96
199 157 212
143 97 89
97 143 159
166 99 191
99 166 162
159 90 97
90 159 145
141 96 88
96 141 157
137 95 86
95 137 155
263 94 264
94 263 98
170 98 103
98 170 161
137 93 150
93 137 86
265 92 266
92 265 267
133 89 84
89 133 143
268 91 13
91 268 85
269 85 270
85 269 92
271 93 272
93 271 87
155 88 95
88 155 141
273 87 274
87 273 94
146 84 91
84 146 133
209 193 189
193 209 174
164 196 198
196 164 215
172 200 197
200 172 207
201 203 128
203 201 206
100 130 210
130 100 104
129 208 131
208 129 205
168 126 102
126 168 179
179 127 126
127 179 181
71 115 73
115 71 113
113 114 115
114 113 112
64 121 106
121 64 275
106 276 107
276 106 121
73 111 277
111 73 115
115 278 111
278 115 114
102 279 79
279 102 126
126 120 280
120 126 127
76 106 118
106 76 64
118 107 119
107 118 106
69 124 82
124 69 281
282 125 124
125 282 110
199 109 283
109 199 211
211 284 109
284 211 187
67 113 71
113 67 285
286 112 113
112 286 108
287 122 80
122 287 116
116 123 122
123 116 288
74 118 289
118 74 76
290 119 117
119 290 118
180 181 179
181 180 182
169 179 168
179 169 180
177 209 207
209 177 178
216 207 172
207 216 177
165 215 164
215 165 173
101 195 194
195 101 105
194 175 167
175 194 195
178 174 209
174 178 217
147 133 146
133 147 132
94 139 87
139 94 153
153 138 139
138 153 152
154 141 155
141 154 140
87 150 93
150 87 139
139 151 150
151 139 138
92 135 85
135 92 149
149 134 135
134 149 148
85 146 91
146 85 135
135 147 146
147 135 134
132 143 133
143 132 142
291 149 92
149 291 292
293 148 149
148 293 163
136 150 151
150 136 137
171 161 170
161 171 160
98 153 94
153 98 161
161 152 153
152 161 160
136 155 137
155 136 154
140 157 141
157 140 156
158 145 159
145 158 144
214 162 166
162 214 294
142 159 143
159 142 158
156 212 157
212 156 213
144 168 145
168 144 169
182 170 181
170 182 171
211 204 187
204 211 202
184 176 185
176 184 183
LABEL Dipole_box2
MATERIAL 1
TEXTURE 0
GEOM 295 334
1.3825329542160034 -1.3722336292266846 0.010309100151062012 0.006195257417857647 -0.1831110566854477 0.983062207698822 0.09145399928092957 0.10795897245407104
1.4778296947479248 -1.270236849784851 0.010309100151062012 0.1831110566854477 0.006195257417857647 0.983062207698822 0.010201999917626381 0.10815697908401489
1.4797037839889526 -1.2682311534881592 0.0095750093460083 0.42439040541648865 0.2761009633541107 0.8623310327529907 0.19432400166988373 0.0038319826126098633
1.481081485748291 -1.266756534576416 0.007557034492492676 0.6775719523429871 0.5470747947692871 0.491500586271286 0.19725699722766876 0.0038470029830932617
1.481582522392273 -1.266220211982727 0.004812002182006836 0.765800952911377 0.6298409700393677 0.12955106794834137 0.2001899927854538 0.0038629770278930664
1.481582522392273 -1.266220211982727 -0.13477599620819092 0.765800952911377 0.6298714876174927 -0.12955106794834137 0.006002000067383051 0.19363200664520264
1.4810813665390015 -1.266756534576416 -0.1375209093093872 0.6775414347648621 0.5470747947692871 -0.491500586271286 0.006773000117391348 0.1955459713935852
1.479703664779663 -1.2682311534881592 -0.13953888416290283 0.42439040541648865 0.2761314809322357 -0.8623310327529907 0.008286000229418278 0.19707298278808594
1.4778296947479248 -1.270236849784851 -0.14027297496795654 0.1831110566854477 0.006195257417857647 -0.983062207698822 0.010227000340819359 0.19783800840377808
1.3825329542160034 -1.3722336292266846 -0.14027297496795654 0.006195257417857647 -0.1831110566854477 -0.983062207698822 0.09147900342941284 0.19764000177383423
1.3806589841842651 -1.374239444732666 -0.13953888416290283 -0.2466811090707779 -0.4421521723270416 -0.8623310327529907 0.09339000284671783 0.19686901569366455
1.3792812824249268 -1.3757139444351196 -0.1375209093093872 -0.4998626708984375 -0.713095486164093 -0.491500586271286 0.37317198514938354 0.0038470029830932617
1.3787801265716553 -1.3762502670288086 -0.13477599620819092 -0.5764641165733337 -0.8067567944526672 -0.12955106794834137 0.37610501050949097 0.0038629770278930664
1.3787801265716553 -1.3762502670288086 0.004812002182006836 -0.5764641165733337 -0.8067567944526672 0.12955106794834137 0.45526400208473206 0.003814995288848877
1.3792812824249268 -1.3757139444351196 0.007557034492492676 -0.4998626708984375 -0.713095486164093 0.491500586271286 0.09490899741649628 0.11025100946426392
1.3806589841842651 -1.374239444732666 0.0095750093460083 -0.2466811090707779 -0.4421521723270416 0.8623310327529907 0.09339600056409836 0.10872399806976318
1.3816896677017212 -1.3769869804382324 -0.1374049186706543 -0.20178838074207306 -0.8712729215621948 -0.44737082719802856 0.09334199875593185 0.1944500207901001
1.3826590776443481 -1.3759493827819824 -0.1388249397277832 0.02145451307296753 -0.6323130130767822 -0.774376630783081 0.09254200011491776 0.19530701637268066
1.3845386505126953 -1.3741075992584229 -0.13953888416290283 0.2761009633541107 -0.42439040541648865 -0.8623310327529907 0.09103800356388092 0.19590598344802856
1.3812869787216187 -1.377587914466858 -0.13477599620819092 -0.2295602262020111 -0.965636134147644 -0.12158574163913727 0.09395299851894379 0.1929749846458435
1.3836966753005981 -1.376918911933899 -0.1374049186706543 0.2603839337825775 -0.8555558919906616 -0.44737082719802856 0.09225399792194366 0.19422101974487305
1.3860132694244385 -1.3754853010177612 -0.1375209093093872 0.5470747947692871 -0.6775414347648621 -0.491500586271286 0.09076700359582901 0.19424301385879517
1.4798355102539062 -1.272110939025879 -0.13953888416290283 0.4421521723270416 -0.2466811090707779 -0.8623310327529907 0.010670999996364117 0.19611001014709473
1.3812869787216187 -1.377587914466858 0.004812002182006836 -0.2295602262020111 -0.965636134147644 0.12158574163913727 0.09394299983978271 0.11260497570037842
1.3816896677017212 -1.376987099647522 0.007441043853759766 -0.20178838074207306 -0.8712729215621948 0.44737082719802856 0.09334500133991241 0.1110990047454834
1.3841392993927002 -1.3774911165237427 0.004812002182006836 0.2945341467857361 -0.9478438496589661 0.12158574163913727 0.09228000044822693 0.11287397146224976
1.3841392993927002 -1.3774911165237427 -0.13477599620819092 0.2945341467857361 -0.9478438496589661 -0.12158574163913727 0.09230399876832962 0.19272202253341675
1.3865495920181274 -1.3759864568710327 -0.13477599620819092 0.6298714876174927 -0.765800952911377 -0.12955106794834137 0.09070699661970139 0.19265401363372803
1.3826591968536377 -1.375949501991272 0.008861064910888672 0.02148503065109253 -0.6323130130767822 0.774376630783081 0.09248799830675125 0.11029797792434692
1.3836967945098877 -1.376918911933899 0.007441043853759766 0.2604144513607025 -0.8555558919906616 0.44737082719802856 0.09225799888372421 0.11138701438903809
1.3865495920181274 -1.3759864568710327 0.004812002182006836 0.6298714876174927 -0.765800952911377 0.12955106794834137 0.09069199860095978 0.11293399333953857
1.4813100099563599 -1.2734885215759277 -0.1375209093093872 0.713095486164093 -0.4998626708984375 -0.491500586271286 0.010923000052571297 0.1944599747657776
1.4818463325500488 -1.2739896774291992 -0.13477599620819092 0.8067567944526672 -0.5764641165733337 -0.12955106794834137 0.010989000089466572 0.19286298751831055
1.3845387697219849 -1.3741075992584229 0.0095750093460083 0.2761314809322357 -0.42439040541648865 0.8623310327529907 0.09100999683141708 0.1096869707107544
1.3860132694244385 -1.3754853010177612 0.007557034492492676 0.5470747947692871 -0.6775414347648621 0.491500586271286 0.09075900167226791 0.11133700609207153
1.4818463325500488 -1.2739896774291992 0.004812002182006836 0.8067567944526672 -0.5764641165733337 0.12955106794834137 0.010975000448524952 0.11314302682876587
1.4825831651687622 -1.2710801362991333 -0.1374049186706543 0.8712729215621948 -0.20178838074207306 -0.44737082719802856 0.009422999806702137 0.1944100260734558
1.4798355102539062 -1.272110939025879 0.0095750093460083 0.4421521723270416 -0.2466811090707779 0.8623310327529907 0.01064400002360344 0.10989099740982056
1.4813100099563599 -1.2734886407852173 0.007557034492492676 0.713126003742218 -0.4998626708984375 0.491470068693161 0.010913999751210213 0.11155402660369873
1.4815455675125122 -1.2701107263565063 0.008861064910888672 0.6323130130767822 0.02145451307296753 0.774376630783081 0.009139000438153744 0.11049002408981323
1.4825831651687622 -1.2710801362991333 0.007441043853759766 0.8712729215621948 -0.20175786316394806 0.44737082719802856 0.009428000077605247 0.11157602071762085
1.4825149774551392 -1.2690731287002563 0.007441043853759766 0.8555864095687866 0.2604144513607025 0.44737082719802856 0.008338999934494495 0.1113470196723938
1.4831840991973877 -1.2714828252792358 0.004812002182006836 0.965636134147644 -0.2295602262020111 0.12158574163913727 0.009378000162541866 0.11307501792907715
1.483087182044983 -1.2686306238174438 0.004812002182006836 0.9478438496589661 0.2945341467857361 0.12158574163913727 0.007728999946266413 0.1128230094909668
1.4831840991973877 -1.2714828252792358 -0.13477599620819092 0.965636134147644 -0.2295602262020111 -0.12158574163913727 0.00940100010484457 0.19292300939559937
1.483087182044983 -1.2686306238174438 -0.13477599620819092 0.9478438496589661 0.2945341467857361 -0.12158574163913727 0.007737999781966209 0.1931920051574707
1.4825149774551392 -1.2690731287002563 -0.1374049186706543 0.8555558919906616 0.2604144513607025 -0.44737082719802856 0.008337000384926796 0.19469797611236572
1.4815455675125122 -1.2701107263565063 -0.1388249397277832 0.6323130130767822 0.02145451307296753 -0.774376630783081 0.00919399969279766 0.1954990029335022
1.4773235321044922 -1.2788305282592773 -0.12815093994140625 0.730674147605896 -0.6826685667037964 -0.0 0.8455060124397278 0.06681501865386963
1.4773235321044922 -1.2788305282592773 -0.0018129348754882812 0.730674147605896 -0.6826685667037964 -0.0 0.8455060124397278 0.029802024364471436
1.3910717964172363 -1.371146321296692 -0.0018129348754882812 0.730674147605896 -0.6826990842819214 -0.0 0.882519006729126 0.029802024364471436
1.3910717964172363 -1.371146321296692 -0.12815093994140625 0.730674147605896 -0.6826990842819214 -0.0 0.882519006729126 0.06681501865386963
1.4341973066329956 -1.324988842010498 -0.07962298393249512 0.730674147605896 -0.6826990842819214 -0.0 0.8640130162239075 0.052597999572753906
1.4291999340057373 -1.3303375244140625 -0.07766091823577881 0.730674147605896 -0.6826990842819214 -0.0 0.8661569952964783 0.05202299356460571
1.4255414009094238 -1.3342533111572266 -0.07230198383331299 0.730674147605896 -0.6826990842819214 -0.0 0.8677269816398621 0.050453007221221924
1.424202561378479 -1.335686206817627 -0.06498098373413086 0.730674147605896 -0.6826990842819214 -0.0 0.8683019876480103 0.04830902814865112
1.4255419969558716 -1.3342525959014893 -0.05766093730926514 0.730674147605896 -0.6826990842819214 -0.0 0.8677269816398621 0.046163976192474365
1.4292006492614746 -1.3303368091583252 -0.052302002906799316 0.730674147605896 -0.6826990842819214 -0.0 0.8661569952964783 0.044593989849090576
1.434198021888733 -1.3249880075454712 -0.050340890884399414 0.730704665184021 -0.6826685667037964 -0.0 0.8640120029449463 0.04401898384094238
1.439195990562439 -1.3196386098861694 -0.05230295658111572 0.730674147605896 -0.6826990842819214 -0.0 0.8618680238723755 0.044593989849090576
1.442854642868042 -1.3157228231430054 -0.05766189098358154 0.730674147605896 -0.6826990842819214 -0.0 0.8602979779243469 0.046163976192474365
1.4441933631896973 -1.314289927482605 -0.06498193740844727 0.730674147605896 -0.6826990842819214 -0.0 0.8597229719161987 0.04830902814865112
1.4428539276123047 -1.3157235383987427 -0.0723029375076294 0.730674147605896 -0.6826990842819214 -0.0 0.8602979779243469 0.050454020500183105
1.4391953945159912 -1.3196393251419067 -0.07766199111938477 0.730674147605896 -0.6826685667037964 -0.0 0.8618680238723755 0.052024006843566895
1.4000483751296997 -1.3575074672698975 -0.13953888416290283 0.365184485912323 -0.3411969244480133 -0.8661457896232605 0.06424899399280548 0.19597399234771729
1.4643259048461914 -1.2887109518051147 -0.13953888416290283 0.365184485912323 -0.3411969244480133 -0.8661457896232605 0.03745999559760094 0.196042001247406
1.3980426788330078 -1.3556334972381592 0.010309100151062012 0.0951872318983078 -0.08893093466758728 0.9914548397064209 0.13861867785453796 0.0038470029830932617
1.46232008934021 -1.2868369817733765 0.010309100151062012 0.0951872318983078 -0.08893093466758728 0.9914548397064209 0.037285998463630676 0.10809099674224854
1.4020593166351318 -1.3593863248825073 0.004812002182006836 0.7244483828544617 -0.6768700480461121 0.13025300204753876 0.06411965936422348 0.113003671169281
1.466336727142334 -1.290589690208435 0.004812002182006836 0.7244483828544617 -0.6768700480461121 0.13025300204753876 0.8571966290473938 0.026988983154296875
1.4000483751296997 -1.3575074672698975 0.0095750093460083 0.365184485912323 -0.3411969244480133 0.8661457896232605 0.0642213225364685 0.10975503921508789
1.4643259048461914 -1.2887109518051147 0.0095750093460083 0.365184485912323 -0.3411969244480133 0.8661457896232605 0.03743266314268112 0.10982298851013184
1.4015229940414429 -1.3588851690292358 0.007557034492492676 0.6328928470611572 -0.5912961363792419 0.4997711181640625 0.06414400041103363 0.11140936613082886
1.465800404548645 -1.2900886535644531 0.007557034492492676 0.6328928470611572 -0.5912961363792419 0.4997711181640625 0.03752899914979935 0.1114816665649414
1.4020593166351318 -1.3593863248825073 -0.13477599620819092 0.7244483828544617 -0.6768700480461121 -0.13025300204753876 0.06413432955741882 0.19272375106811523
1.466336727142334 -1.290589690208435 -0.13477599620819092 0.7244483828544617 -0.6768700480461121 -0.13025300204753876 0.8571966290473938 0.06962871551513672
1.4015229940414429 -1.3588851690292358 -0.1375209093093872 0.6328623294830322 -0.5912961363792419 -0.4997711181640625 0.06415233016014099 0.19431531429290771
1.465800404548645 -1.2900886535644531 -0.1375209093093872 0.6328928470611572 -0.5912961363792419 -0.4997711181640625 0.03753766417503357 0.19438767433166504
1.46232008934021 -1.286836862564087 -0.14027297496795654 0.0951872318983078 -0.08893093466758728 -0.9914548397064209 0.03731100261211395 0.19777202606201172
1.3980426788330078 -1.3556334972381592 -0.14027297496795654 0.0951872318983078 -0.08893093466758728 -0.9914548397064209 0.34092065691947937 0.003831028938293457
1.4051090478897095 -1.3561221361160278 -0.12815093994140625 0.730674147605896 -0.6826990842819214 -0.0 0.8701813220977783 0.06681501865386963
1.4632855653762817 -1.2938554286956787 -0.12815093994140625 0.730674147605896 -0.6826990842819214 -0.0 0.8578436374664307 0.06681501865386963
1.4632856845855713 -1.2938554286956787 -0.0018129348754882812 0.730674147605896 -0.6826990842819214 -0.0 0.8578436374664307 0.02980208396911621
1.4051090478897095 -1.3561221361160278 -0.0018129348754882812 0.730674147605896 -0.6826990842819214 -0.0 0.8701813220977783 0.02980208396911621
1.3698452711105347 -1.3679022789001465 -0.13477587699890137 -0.6768700480461121 -0.7244483828544617 -0.13031403720378876 0.3761393427848816 0.05987668037414551
1.3703465461730957 -1.3673657178878784 0.007557034492492676 -0.5913266539573669 -0.6328623294830322 0.4997711181640625 0.45823100209236145 0.05984532833099365
1.4726476669311523 -1.257872223854065 0.004812121391296387 0.6768700480461121 0.7244483828544617 0.13025300204753876 0.20022398233413696 0.05987668037414551
1.4721465110778809 -1.258408546447754 -0.1375209093093872 0.5912961363792419 0.6328928470611572 -0.4997711181640625 0.2823159992694855 0.0598447322845459
1.4707688093185425 -1.259883165359497 0.009575128555297852 0.3411969244480133 0.365184485912323 0.8661457896232605 0.19435831904411316 0.05984532833099365
1.3703465461730957 -1.3673657178878784 -0.1375209093093872 -0.5912961363792419 -0.6328623294830322 -0.4997711181640625 0.37320631742477417 0.0598607063293457
1.3735979795455933 -1.3638856410980225 -0.14027297496795654 -0.08893093466758728 -0.0951872318983078 -0.9914548397064209 0.36734098196029663 0.05982863903045654
1.3698452711105347 -1.3679022789001465 0.004812121391296387 -0.6768700480461121 -0.7244483828544617 0.13031403720378876 0.4552983343601227 0.05982869863510132
1.371724009513855 -1.365891456604004 0.009575128555297852 -0.3411969244480133 -0.365184485912323 0.8661152720451355 0.4611639976501465 0.0598607063293457
1.4726475477218628 -1.257872223854065 -0.13477587699890137 0.6768700480461121 0.7244483828544617 -0.13025300204753876 0.27938300371170044 0.05982869863510132
1.4707688093185425 -1.259883165359497 -0.13953888416290283 0.3411969244480133 0.365184485912323 -0.8661457896232605 0.2852489948272705 0.0598607063293457
1.4721465110778809 -1.258408546447754 0.007557034492492676 0.5912961363792419 0.6328928470611572 0.4997711181640625 0.1972913146018982 0.0598607063293457
1.4688948392868042 -1.261888861656189 0.010309100151062012 0.08893093466758728 0.0951872318983078 0.9914548397064209 0.19142600893974304 0.05982863903045654
1.371724009513855 -1.3658913373947144 -0.13953888416290283 -0.3412274420261383 -0.365184485912323 -0.8661152720451355 0.37027400732040405 0.0598447322845459
1.4688948392868042 -1.261888861656189 -0.14027297496795654 0.08893093466758728 0.0951872318983078 -0.9914548397064209 0.28818199038505554 0.05987668037414551
1.3735980987548828 -1.3638856410980225 0.010309100151062012 -0.08893093466758728 -0.0951872318983078 0.9914548397064209 0.11226633191108704 0.05987668037414551
1.4533852338790894 -1.2784889936447144 0.010309100151062012 0.730674147605896 -0.6826990842819214 -0.0 0.16503944993019104 0.0598447322845459
1.3891077041625977 -1.347285509109497 0.010309100151062012 -0.6826990842819214 -0.730674147605896 -0.0 0.13865289092063904 0.0598607063293457
1.3891077041625977 -1.347285509109497 -0.14027297496795654 -0.0 0.0 -1.0 0.34095466136932373 0.0598447322845459
1.4533851146697998 -1.2784888744354248 -0.14027297496795654 -0.0 0.0 -1.0 0.31456831097602844 0.0598607063293457
1.4533852338790894 -1.2784889936447144 0.15992605686187744 0.730674147605896 -0.6826990842819214 -0.0 0.16503944993019104 0.0598447322845459
1.3891077041625977 -1.347285509109497 0.15992605686187744 -0.6826990842819214 -0.730674147605896 -0.0 0.13865289092063904 0.0598607063293457
1.40561842918396 -1.351545810699463 -0.13953888416290283 0.365184485912323 -0.3411969244480133 -0.8661457896232605 0.05531932786107063 0.1959967017173767
1.4587559700012207 -1.2946723699569702 -0.13953888416290283 0.365184485912323 -0.3411969244480133 -0.8661457896232605 0.046389661729335785 0.19601935148239136
1.403612732887268 -1.3496718406677246 0.010309100151062012 0.0951872318983078 -0.08893093466758728 0.9914548397064209 0.055341996252536774 0.1080470085144043
1.4567502737045288 -1.292798399925232 0.010309100151062012 0.0951872318983078 -0.08893093466758728 0.9914548397064209 0.156209796667099 0.003836393356323242
1.407629370689392 -1.3534246683120728 0.004812002182006836 0.7244483828544617 -0.6768700480461121 0.13025300204753876 0.8662843704223633 0.02698904275894165
1.4607669115066528 -1.29655122756958 0.004812002182006836 0.7244483828544617 -0.6768700480461121 0.13025300204753876 0.046404771506786346 0.11305016279220581
1.40561842918396 -1.3515459299087524 0.0095750093460083 0.365184485912323 -0.3411969244480133 0.8661457896232605 0.05529176816344261 0.10977768898010254
1.4587559700012207 -1.2946723699569702 0.0095750093460083 0.365184485912323 -0.3411969244480133 0.8661457896232605 0.04636221379041672 0.10980033874511719
1.4070930480957031 -1.3529235124588013 0.007557034492492676 0.6328928470611572 -0.5912961363792419 0.4997711181640625 0.05527232959866524 0.11143350601196289
1.4602305889129639 -1.2960500717163086 0.007557034492492676 0.6328928470611572 -0.5912961363792419 0.4997711181640625 0.04640066623687744 0.11145758628845215
1.407629370689392 -1.3534246683120728 -0.13477599620819092 0.7244483828544617 -0.6768700480461121 -0.13025300204753876 0.8662843704223633 0.06962847709655762
1.4607669115066528 -1.29655122756958 -0.13477599620819092 0.7244483828544617 -0.6768700480461121 -0.13025300204753876 0.04641921818256378 0.19277018308639526
1.4070929288864136 -1.3529235124588013 -0.1375209093093872 0.6328623294830322 -0.5912961363792419 -0.4997711181640625 0.05528077483177185 0.19433945417404175
1.4602305889129639 -1.2960500717163086 -0.1375209093093872 0.6328928470611572 -0.5912961363792419 -0.4997711181640625 0.04640921950340271 0.19436359405517578
1.4567502737045288 -1.292798399925232 -0.14027297496795654 0.0951872318983078 -0.08893093466758728 -0.9914548397064209 0.32332974672317505 0.003841698169708252
1.4036126136779785 -1.3496718406677246 -0.14027297496795654 0.0951872318983078 -0.08893093466758728 -0.9914548397064209 0.05536700040102005 0.19772803783416748
1.410149335861206 -1.3507274389266968 -0.12815093994140625 0.730674147605896 -0.6826990842819214 -0.0 0.8660687208175659 0.06681501865386963
1.4582433700561523 -1.2992520332336426 -0.12815093994140625 0.730674147605896 -0.6826990842819214 -0.0 0.8619561791419983 0.06681501865386963
1.4582433700561523 -1.2992521524429321 -0.0018129348754882812 0.730674147605896 -0.6826990842819214 -0.0 0.8619561791419983 0.029802143573760986
1.4101494550704956 -1.3507274389266968 -0.0018129348754882812 0.730674147605896 -0.6826990842819214 -0.0 0.8660687208175659 0.02980208396911621
1.394677758216858 -1.3413238525390625 -0.14027297496795654 -0.0 0.0 -1.0 0.3321591913700104 0.059850096702575684
1.4478152990341187 -1.2844504117965698 -0.14027297496795654 -0.0 0.0 -1.0 0.3233637511730194 0.05985540151596069
1.4478152990341187 -1.2844504117965698 0.010309100151062012 -0.6826990842819214 -0.730674147605896 -0.0 0.1562439203262329 0.059850096702575684
1.394677758216858 -1.3413238525390625 0.010309100151062012 0.6826990842819214 0.730674147605896 -0.0 0.14744840562343597 0.05985540151596069
1.4478152990341187 -1.2844504117965698 0.15992605686187744 0.730674147605896 -0.6826990842819214 -0.0 0.1562439203262329 0.059850096702575684
1.394677758216858 -1.3413238525390625 0.15992605686187744 0.6826990842819214 0.730674147605896 -0.0 0.14744840562343597 0.05985540151596069
0.8591512441635132 -0.8907548785209656 -0.13477587699890137 -0.6768700480461121 -0.7244483828544617 -0.13034455478191376 0.37616223096847534 0.09721916913986206
1.360074520111084 -1.3587733507156372 -0.13477587699890137 -0.6768700480461121 -0.7244483828544617 -0.13031403720378876 0.37615078687667847 0.07854795455932617
0.8596527576446533 -0.8902182579040527 0.007557034492492676 -0.5912961363792419 -0.6328928470611572 0.4997711181640625 0.4582536518573761 0.0971875786781311
1.3605760335922241 -1.3582367897033691 0.007557034492492676 -0.5912961363792419 -0.6328623294830322 0.4997711181640625 0.4582423269748688 0.07851648330688477
0.9619536399841309 -0.7807248830795288 0.004812121391296387 0.6768700480461121 0.7244483828544617 0.13025300204753876 0.2002466470003128 0.09721916913986206
1.4628769159317017 -1.2487434148788452 0.004812121391296387 0.6768700480461121 0.7244483828544617 0.13025300204753876 0.2002353072166443 0.07854795455932617
0.9614524841308594 -0.781261146068573 -0.1375209093093872 0.5912961363792419 0.6328928470611572 -0.4997711181640625 0.2823386788368225 0.09718716144561768
1.4623757600784302 -1.2492796182632446 -0.1375209093093872 0.5912961363792419 0.6328928470611572 -0.4997711181640625 0.2823273539543152 0.07851594686508179
0.9600749015808105 -0.7827357649803162 0.009575128555297852 0.3411969244480133 0.365184485912323 0.8661457896232605 0.19438119232654572 0.0971875786781311
1.4609981775283813 -1.2507542371749878 0.009575128555297852 0.3411969244480133 0.365184485912323 0.8661457896232605 0.19436976313591003 0.07851648330688477
0.8596526980400085 -0.8902181386947632 -0.1375209093093872 -0.5912961363792419 -0.6328623294830322 -0.4997711181640625 0.3732292056083679 0.09720319509506226
1.3605759143829346 -1.3582366704940796 -0.1375209093093872 -0.5912961363792419 -0.6328623294830322 -0.4997711181640625 0.37321776151657104 0.07853198051452637
0.8629040122032166 -0.8867381811141968 -0.14027297496795654 -0.08893093466758728 -0.0951872318983078 -0.9914548397064209 0.3673636317253113 0.09717118740081787
1.3638272285461426 -1.3547567129135132 -0.14027297496795654 -0.08893093466758728 -0.0951872318983078 -0.9914548397064209 0.36735230684280396 0.07849991321563721
1.360074520111084 -1.3587733507156372 0.004812121391296387 -0.6768700480461121 -0.7244483828544617 0.13034455478191376 0.45530977845191956 0.07849997282028198
0.8591512441635132 -0.8907549381256104 0.004812121391296387 -0.6768700480461121 -0.7244483828544617 0.13034455478191376 0.45532122254371643 0.09717118740081787
0.861030101776123 -0.8887441158294678 0.009575128555297852 -0.3412274420261383 -0.365215003490448 0.8661152720451355 0.46118664741516113 0.09720319509506226
1.3619533777236938 -1.3567625284194946 0.009575128555297852 -0.3412274420261383 -0.365215003490448 0.8661152720451355 0.4611753225326538 0.07853198051452637
1.462876796722412 -1.2487432956695557 -0.13477587699890137 0.6768700480461121 0.7244483828544617 -0.13025300204753876 0.27939432859420776 0.07849997282028198
0.9619535207748413 -0.7807247042655945 -0.13477587699890137 0.6768700480461121 0.7244483828544617 -0.13025300204753876 0.2794056534767151 0.09717118740081787
0.960074782371521 -0.7827357053756714 -0.13953888416290283 0.3411969244480133 0.365184485912323 -0.8661457896232605 0.28527164459228516 0.09720319509506226
1.4609980583190918 -1.2507542371749878 -0.13953888416290283 0.3411969244480133 0.365184485912323 -0.8661457896232605 0.28526031970977783 0.07853198051452637
0.9614526033401489 -0.7812612652778625 0.007557034492492676 0.5913266539573669 0.6328928470611572 0.4997406005859375 0.19731418788433075 0.09720319509506226
1.4623758792877197 -1.2492797374725342 0.007557034492492676 0.5913266539573669 0.6328928470611572 0.4997406005859375 0.19730275869369507 0.07853198051452637
0.9582008719444275 -0.7847415804862976 0.010309100151062012 0.08893093466758728 0.0951567143201828 0.9914548397064209 0.1914486587047577 0.09717118740081787
1.459124207496643 -1.2527600526809692 0.010309100151062012 0.08893093466758728 0.0951567143201828 0.9914548397064209 0.19143733382225037 0.07849991321563721
0.8610300421714783 -0.8887439966201782 -0.13953888416290283 -0.3412274420261383 -0.365215003490448 -0.8661152720451355 0.3702966570854187 0.09718716144561768
1.3619532585144043 -1.356762409210205 -0.13953888416290283 -0.3412274420261383 -0.365215003490448 -0.8661152720451355 0.3702853322029114 0.07851594686508179
0.9582008123397827 -0.7847414612770081 -0.14027297496795654 0.08893093466758728 0.0951872318983078 -0.9914548397064209 0.2882046699523926 0.09721916913986206
1.4591240882873535 -1.2527599334716797 -0.14027297496795654 0.08893093466758728 0.0951872318983078 -0.9914548397064209 0.28819334506988525 0.07854795455932617
1.3638273477554321 -1.3547567129135132 0.010309100151062012 -0.08890041708946228 -0.0951567143201828 0.9914548397064209 0.11227777600288391 0.07854795455932617
0.8629040718078613 -0.8867382407188416 0.010309100151062012 -0.08890041708946228 -0.0951567143201828 0.9914548397064209 0.46411964297294617 0.09721964597702026
1.4436144828796387 -1.269360065460205 0.010309100151062012 0.6826990842819214 0.730674147605896 -0.0 0.16505080461502075 0.07851600646972656
0.9426912069320679 -0.8013415336608887 0.010309100151062012 0.6826990842819214 0.730674147605896 -0.0 0.16506218910217285 0.09718716144561768
1.3793370723724365 -1.3381565809249878 0.010309100151062012 -0.0 0.0 1.0 0.13866429030895233 0.07853198051452637
0.8784137964248657 -0.8701381087303162 0.010309100151062012 -0.6826990842819214 -0.730674147605896 -0.0 0.13867568969726562 0.09720313549041748
1.379336953163147 -1.3381564617156982 -0.14027297496795654 -0.0 0.0 -1.0 0.34096598625183105 0.07851600646972656
0.8784136772155762 -0.8701380491256714 -0.14027297496795654 -0.0 0.0 -1.0 0.3409773111343384 0.09718716144561768
1.4436143636703491 -1.2693599462509155 -0.14027297496795654 -0.0 0.0 -1.0 0.31457963585853577 0.07853198051452637
0.9426911473274231 -0.8013414740562439 -0.14027297496795654 -0.0 0.0 -1.0 0.3145909905433655 0.09720319509506226
1.4436144828796387 -1.269360065460205 0.15992605686187744 -0.0 0.0 1.0 0.16505080461502075 0.07851600646972656
0.9426912665367126 -0.8013415932655334 0.15992605686187744 0.6826990842819214 0.730674147605896 -0.0 0.16506218910217285 0.09718716144561768
1.3793370723724365 -1.3381565809249878 0.15992605686187744 -0.0 0.0 1.0 0.13866429030895233 0.07853198051452637
0.8784137964248657 -0.8701381683349609 0.15992605686187744 -0.6826990842819214 -0.730674147605896 -0.0 0.13867568969726562 0.09720313549041748
1.4380443096160889 -1.2753212451934814 0.15992605686187744 0.730674147605896 -0.6826990842819214 -0.0 0.156255304813385 0.07852137088775635
0.9371213912963867 -0.8073030710220337 0.15992605686187744 -0.0 0.0 0.999969482421875 0.1562666893005371 0.09719252586364746
0.883983850479126 -0.8641765117645264 0.15992605686187744 -0.0 0.0 1.0 0.14747118949890137 0.09719783067703247
1.3849070072174072 -1.3321948051452637 -0.14027297496795654 -0.0 0.0 -1.0 0.3321705162525177 0.07852137088775635
0.8839837312698364 -0.8641763925552368 -0.140272855758667 -0.0 0.0 -1.0 0.3321818709373474 0.09719252586364746
1.438044548034668 -1.275321364402771 -0.14027297496795654 -0.0 0.0 -1.0 0.32337507605552673 0.07852661609649658
0.9371212720870972 -0.8073029518127441 -0.140272855758667 -0.0 0.0 -0.999969482421875 0.32338643074035645 0.09719783067703247
1.4380443096160889 -1.2753212451934814 0.010309100151062012 0.730674147605896 -0.6826990842819214 -0.0 0.1562439203262329 0.059850096702575684
1.3849067687988281 -1.3321946859359741 0.010309100151062012 0.730674147605896 -0.6826990842819214 -0.0 0.14744840562343597 0.05985540151596069
1.3849067687988281 -1.3321946859359741 0.15992605686187744 0.730674147605896 -0.6826990842819214 -0.0 0.14744840562343597 0.05985540151596069
1.394677758216858 -1.3413238525390625 0.010309100151062012 0.730674147605896 -0.6826990842819214 -0.0 0.14744840562343597 0.05985540151596069
1.394677758216858 -1.3413238525390625 0.010309100151062012 -0.0 0.0 1.0 0.14744840562343597 0.05985540151596069
1.394677758216858 -1.3413238525390625 0.15992605686187744 0.730674147605896 -0.6826990842819214 -0.0 0.14744840562343597 0.05985540151596069
1.394677758216858 -1.3413238525390625 0.15992605686187744 -0.0 0.0 0.999969482421875 0.14744840562343597 0.05985540151596069
1.3891077041625977 -1.347285509109497 0.010309100151062012 0.730674147605896 -0.6826990842819214 -0.0 0.13865289092063904 0.0598607063293457
1.3891077041625977 -1.347285509109497 0.010309100151062012 -0.0 0.0 1.0 0.13865289092063904 0.0598607063293457
1.3891077041625977 -1.347285509109497 0.15992605686187744 0.730674147605896 -0.6826990842819214 -0.0 0.13865289092063904 0.0598607063293457
1.3891077041625977 -1.347285509109497 0.15992605686187744 -0.0 0.0 0.999969482421875 0.13865289092063904 0.0598607063293457
1.3793370723724365 -1.3381565809249878 0.010309100151062012 -0.6826990842819214 -0.730674147605896 -0.0 0.13866429030895233 0.07853198051452637
1.3793370723724365 -1.3381565809249878 0.15992605686187744 -0.6826990842819214 -0.730674147605896 -0.0 0.13866429030895233 0.07853198051452637
1.4533852338790894 -1.2784889936447144 0.15992605686187744 0.6826990842819214 0.730674147605896 -0.0 0.16503944993019104 0.0598447322845459
1.4533852338790894 -1.2784889936447144 0.15992605686187744 -0.0 0.0 1.0 0.16503944993019104 0.0598447322845459
1.4533852338790894 -1.2784889936447144 0.010309100151062012 0.6826990842819214 0.730674147605896 -0.0 0.16503944993019104 0.0598447322845459
1.4533852338790894 -1.2784889936447144 0.010309100151062012 -0.0 0.0 1.0 0.16503944993019104 0.0598447322845459
1.4478152990341187 -1.2844504117965698 0.15992605686187744 -0.0 0.0 1.0 0.1562439203262329 0.059850096702575684
1.4478152990341187 -1.2844504117965698 0.15992605686187744 -0.6826990842819214 -0.730674147605896 -0.0 0.1562439203262329 0.059850096702575684
1.4380443096160889 -1.2753212451934814 0.010309100151062012 -0.0 0.0 1.0 0.1562439203262329 0.059850096702575684
1.4380443096160889 -1.2753212451934814 0.010309100151062012 -0.6826990842819214 -0.730674147605896 -0.0 0.1562439203262329 0.059850096702575684
1.3849067687988281 -1.3321946859359741 0.010309100151062012 -0.0 0.0 1.0 0.14744840562343597 0.05985540151596069
1.3849067687988281 -1.3321946859359741 0.010309100151062012 0.6826990842819214 0.730674147605896 -0.0 0.14744840562343597 0.05985540151596069
1.4380443096160889 -1.2753212451934814 0.15992605686187744 -0.6826990842819214 -0.730674147605896 -0.0 0.1562439203262329 0.059850096702575684
1.4380443096160889 -1.2753212451934814 0.15992605686187744 -0.0 0.0 1.0 0.156255304813385 0.07852137088775635
1.3849067687988281 -1.3321946859359741 0.15992605686187744 0.6826990842819214 0.730674147605896 -0.0 0.14744840562343597 0.05985540151596069
1.3849067687988281 -1.3321946859359741 0.15992605686187744 -0.0 0.0 1.0 0.14745979011058807 0.07852661609649658
1.4478152990341187 -1.2844504117965698 0.010309100151062012 0.730674147605896 -0.6826990842819214 -0.0 0.1562439203262329 0.059850096702575684
1.4478152990341187 -1.2844504117965698 0.010309100151062012 -0.0 0.0 1.0 0.1562439203262329 0.059850096702575684
1.4436144828796387 -1.269360065460205 0.010309100151062012 -0.0 0.0 1.0 0.16505080461502075 0.07851600646972656
0.9426912069320679 -0.8013415336608887 0.010309100151062012 -0.0 0.0 1.0 0.16506218910217285 0.09718716144561768
0.8784137964248657 -0.8701381087303162 0.010309100151062012 -0.0 0.0 0.999969482421875 0.13867568969726562 0.09720313549041748
1.4436144828796387 -1.269360065460205 0.15992605686187744 0.6826990842819214 0.730674147605896 -0.0 0.16505080461502075 0.07851600646972656
0.9426912665367126 -0.8013415932655334 0.15992605686187744 -0.0 0.0 1.0 0.16506218910217285 0.09718716144561768
0.8784137964248657 -0.8701381683349609 0.15992605686187744 -0.0 0.0 1.0 0.13867568969726562 0.09720313549041748
1.4797037839889526 -1.2682311534881592 0.0095750093460083 0.42439040541648865 0.2761009633541107 0.8623310327529907 0.008290999568998814 0.10892897844314575
1.3792812824249268 -1.3757139444351196 -0.1375209093093872 -0.4998626708984375 -0.713095486164093 -0.491500586271286 0.09491399675607681 0.19535797834396362
1.3787801265716553 -1.3762502670288086 -0.13477599620819092 -0.5764641165733337 -0.8067567944526672 -0.12955106794834137 0.09567999839782715 0.19341999292373657
1.481582522392273 -1.266220211982727 -0.13477599620819092 0.765800952911377 0.6298714876174927 -0.12955106794834137 0.2793489992618561 0.003814995288848877
1.481081485748291 -1.266756534576416 0.007557034492492676 0.6775719523429871 0.5470747947692871 0.491500586271286 0.006767999846488237 0.1104390025138855
1.481582522392273 -1.266220211982727 0.004812002182006836 0.765800952911377 0.6298409700393677 0.12955106794834137 0.006002000067383051 0.11237698793411255
1.3787801265716553 -1.3762502670288086 0.004812002182006836 -0.5764641165733337 -0.8067567944526672 0.12955106794834137 0.09567999839782715 0.11216497421264648
1.481081485748291 -1.266756534576416 0.007557034492492676 0.6775719523429871 0.5470747947692871 0.491500586271286 0.006767999846488237 0.1104390025138855
1.4797037839889526 -1.2682311534881592 0.0095750093460083 0.42439040541648865 0.2761009633541107 0.8623310327529907 0.008290999568998814 0.10892897844314575
1.481582522392273 -1.266220211982727 0.004812002182006836 0.765800952911377 0.6298409700393677 0.12955106794834137 0.006002000067383051 0.11237698793411255
1.3792812824249268 -1.3757139444351196 -0.1375209093093872 -0.4998626708984375 -0.713095486164093 -0.491500586271286 0.09491399675607681 0.19535797834396362
1.46232008934021 -1.286836862564087 -0.14027297496795654 0.0951872318983078 -0.08893093466758728 -0.9914548397064209 0.3145343065261841 0.0038470029830932617
1.4778296947479248 -1.270236849784851 -0.14027297496795654 0.1831110566854477 0.006195257417857647 -0.983062207698822 0.2881479859352112 0.0038629770278930664
1.3787801265716553 -1.3762502670288086 0.004812002182006836 -0.5764641165733337 -0.8067567944526672 0.12955106794834137 0.09567999839782715 0.11216497421264648
1.3787801265716553 -1.3762502670288086 -0.13477599620819092 -0.5764641165733337 -0.8067567944526672 -0.12955106794834137 0.09567999839782715 0.19341999292373657
1.4778296947479248 -1.270236849784851 0.010309100151062012 0.1831110566854477 0.006195257417857647 0.983062207698822 0.19139200448989868 0.003814995288848877
1.3865495920181274 -1.3759864568710327 0.004812002182006836 0.6298714876174927 -0.765800952911377 0.12955106794834137 0.8853319883346558 0.02786099910736084
1.3865495920181274 -1.3759864568710327 -0.13477599620819092 0.6298714876174927 -0.765800952911377 -0.12955106794834137 0.8853319883346558 0.06875598430633545
1.4818463325500488 -1.2739896774291992 0.004812002182006836 0.8067567944526672 -0.5764641165733337 0.12955106794834137 0.8426920175552368 0.02786099910736084
1.4818463325500488 -1.2739896774291992 -0.13477599620819092 0.8067567944526672 -0.5764641165733337 -0.12955106794834137 0.8426929712295532 0.06875598430633545
1.4020593166351318 -1.3593863248825073 0.004812002182006836 0.7244483828544617 -0.6768700480461121 0.13025300204753876 0.8708282709121704 0.02698904275894165
1.3865495920181274 -1.3759864568710327 0.004812002182006836 0.6298714876174927 -0.765800952911377 0.12955106794834137 0.8844599723815918 0.026988983154296875
1.3806589841842651 -1.374239444732666 -0.13953888416290283 -0.2466811090707779 -0.4421521723270416 -0.8623310327529907 0.3702400028705597 0.003831028938293457
1.3825329542160034 -1.3722336292266846 -0.14027297496795654 0.006195257417857647 -0.1831110566854477 -0.983062207698822 0.36730700731277466 0.003814995288848877
1.3825329542160034 -1.3722336292266846 0.010309100151062012 0.006195257417857647 -0.1831110566854477 0.983062207698822 0.11223199963569641 0.0038629770278930664
1.3980426788330078 -1.3556334972381592 0.010309100151062012 0.0951872318983078 -0.08893093466758728 0.9914548397064209 0.06436999887228012 0.10802501440048218
1.4818463325500488 -1.2739896774291992 -0.13477599620819092 0.8067567944526672 -0.5764641165733337 -0.12955106794834137 0.8435649871826172 0.0696290135383606
1.3806589841842651 -1.374239444732666 -0.13953888416290283 -0.2466811090707779 -0.4421521723270416 -0.8623310327529907 0.3702400028705597 0.003831028938293457
1.466336727142334 -1.290589690208435 -0.13477599620819092 0.7244483828544617 -0.6768700480461121 -0.13025300204753876 0.03756166622042656 0.1927933692932129
1.466336727142334 -1.290589690208435 -0.13477599620819092 0.7244483828544617 -0.6768700480461121 -0.13025300204753876 0.03756166622042656 0.1927933692932129
1.3865495920181274 -1.3759864568710327 -0.13477599620819092 0.6298714876174927 -0.765800952911377 -0.12955106794834137 0.8844599723815918 0.06962800025939941
1.4020593166351318 -1.3593863248825073 -0.13477599620819092 0.7244483828544617 -0.6768700480461121 -0.13025300204753876 0.8708282709121704 0.06962835788726807
1.4607669115066528 -1.29655122756958 -0.13477599620819092 0.7244483828544617 -0.6768700480461121 -0.13025300204753876 0.8617404699325562 0.06962859630584717
1.3980426788330078 -1.3556334972381592 0.010309100151062012 0.0951872318983078 -0.08893093466758728 0.9914548397064209 0.06436999887228012 0.10802501440048218
1.4778296947479248 -1.270236849784851 0.010309100151062012 0.1831110566854477 0.006195257417857647 0.983062207698822 0.19139200448989868 0.003814995288848877
1.46232008934021 -1.2868369817733765 0.010309100151062012 0.0951872318983078 -0.08893093466758728 0.9914548397064209 0.16500534117221832 0.003831028938293457
1.403612732887268 -1.3496718406677246 0.010309100151062012 0.0951872318983078 -0.08893093466758728 0.9914548397064209 0.14741423726081848 0.003841698169708252
1.4818463325500488 -1.2739896774291992 0.004812002182006836 0.8067567944526672 -0.5764641165733337 0.12955106794834137 0.8435649871826172 0.026988983154296875
1.4020593166351318 -1.3593863248825073 0.004812002182006836 0.7244483828544617 -0.6768700480461121 0.13025300204753876 0.8708282709121704 0.02698904275894165
1.3825329542160034 -1.3722336292266846 -0.14027297496795654 0.006195257417857647 -0.1831110566854477 -0.983062207698822 0.36730700731277466 0.003814995288848877
1.46232008934021 -1.286836862564087 -0.14027297496795654 0.0951872318983078 -0.08893093466758728 -0.9914548397064209 0.3145343065261841 0.0038470029830932617
1.466336727142334 -1.290589690208435 0.004812002182006836 0.7244483828544617 -0.6768700480461121 0.13025300204753876 0.03754733130335808 0.11307334899902344
1.407629370689392 -1.3534246683120728 0.004812002182006836 0.7244483828544617 -0.6768700480461121 0.13025300204753876 0.05526221543550491 0.11302697658538818
1.3980426788330078 -1.3556334972381592 -0.14027297496795654 0.0951872318983078 -0.08893093466758728 -0.9914548397064209 0.0643950030207634 0.19770598411560059
1.4567502737045288 -1.292798399925232 -0.14027297496795654 0.0951872318983078 -0.08893093466758728 -0.9914548397064209 0.046339001506567 0.19775009155273438
1.4778296947479248 -1.270236849784851 -0.14027297496795654 0.1831110566854477 0.006195257417857647 -0.983062207698822 0.2881479859352112 0.0038629770278930664
1.479703664779663 -1.2682311534881592 -0.13953888416290283 0.42439040541648865 0.2761314809322357 -0.8623310327529907 0.28521499037742615 0.0038470029830932617
1.3825329542160034 -1.3722336292266846 0.010309100151062012 0.006195257417857647 -0.1831110566854477 0.983062207698822 0.46406298875808716 0.003863990306854248
1.3806589841842651 -1.374239444732666 0.0095750093460083 -0.2466811090707779 -0.4421521723270416 0.8623310327529907 0.4611299932003021 0.0038470029830932617
1.3735980987548828 -1.3638856410980225 0.010309100151062012 -0.08893093466758728 -0.0951872318983078 0.9914548397064209 0.4640969932079315 0.05987739562988281
1.3792812824249268 -1.3757139444351196 0.007557034492492676 -0.4998626708984375 -0.713095486164093 0.491500586271286 0.4581969976425171 0.0038319826126098633
1.3806589841842651 -1.374239444732666 0.0095750093460083 -0.2466811090707779 -0.4421521723270416 0.8623310327529907 0.4611299932003021 0.0038470029830932617
1.3792812824249268 -1.3757139444351196 0.007557034492492676 -0.4998626708984375 -0.713095486164093 0.491500586271286 0.4581969976425171 0.0038319826126098633
1.4810813665390015 -1.266756534576416 -0.1375209093093872 0.6775414347648621 0.5470747947692871 -0.491500586271286 0.2822819948196411 0.003831028938293457
1.481582522392273 -1.266220211982727 -0.13477599620819092 0.765800952911377 0.6298714876174927 -0.12955106794834137 0.2793489992618561 0.003814995288848877
1.479703664779663 -1.2682311534881592 -0.13953888416290283 0.42439040541648865 0.2761314809322357 -0.8623310327529907 0.28521499037742615 0.0038470029830932617
1.4810813665390015 -1.266756534576416 -0.1375209093093872 0.6775414347648621 0.5470747947692871 -0.491500586271286 0.2822819948196411 0.003831028938293457
1.3980426788330078 -1.3556334972381592 -0.14027297496795654 0.0951872318983078 -0.08893093466758728 -0.9914548397064209 0.0643950030207634 0.19770598411560059
1.4567502737045288 -1.292798399925232 -0.14027297496795654 0.0951872318983078 -0.08893093466758728 -0.9914548397064209 0.046339001506567 0.19775009155273438
1.466336727142334 -1.290589690208435 0.004812002182006836 0.7244483828544617 -0.6768700480461121 0.13025300204753876 0.03754733130335808 0.11307334899902344
1.407629370689392 -1.3534246683120728 0.004812002182006836 0.7244483828544617 -0.6768700480461121 0.13025300204753876 0.05526221543550491 0.11302697658538818
1.4036126136779785 -1.3496718406677246 -0.14027297496795654 0.0951872318983078 -0.08893093466758728 -0.9914548397064209 0.332125186920166 0.003836393356323242
1.4036126136779785 -1.3496718406677246 -0.14027297496795654 0.0951872318983078 -0.08893093466758728 -0.9914548397064209 0.332125186920166 0.003836393356323242
1.4607669115066528 -1.29655122756958 0.004812002182006836 0.7244483828544617 -0.6768700480461121 0.13025300204753876 0.8617404699325562 0.026988983154296875
1.4607669115066528 -1.29655122756958 0.004812002182006836 0.7244483828544617 -0.6768700480461121 0.13025300204753876 0.8617404699325562 0.026988983154296875
1.46232008934021 -1.2868369817733765 0.010309100151062012 0.0951872318983078 -0.08893093466758728 0.9914548397064209 0.16500534117221832 0.003831028938293457
1.403612732887268 -1.3496718406677246 0.010309100151062012 0.0951872318983078 -0.08893093466758728 0.9914548397064209 0.14741423726081848 0.003841698169708252
1.4567502737045288 -1.292798399925232 0.010309100151062012 0.0951872318983078 -0.08893093466758728 0.9914548397064209 0.046313997358083725 0.10806900262832642
1.4567502737045288 -1.292798399925232 0.010309100151062012 0.0951872318983078 -0.08893093466758728 0.9914548397064209 0.046313997358083725 0.10806900262832642
1.4020593166351318 -1.3593863248825073 -0.13477599620819092 0.7244483828544617 -0.6768700480461121 -0.13025300204753876 0.8708282709121704 0.06962835788726807
1.4607669115066528 -1.29655122756958 -0.13477599620819092 0.7244483828544617 -0.6768700480461121 -0.13025300204753876 0.8617404699325562 0.06962859630584717
1.407629370689392 -1.3534246683120728 -0.13477599620819092 0.7244483828544617 -0.6768700480461121 -0.13025300204753876 0.0552767738699913 0.19274699687957764
1.407629370689392 -1.3534246683120728 -0.13477599620819092 0.7244483828544617 -0.6768700480461121 -0.13025300204753876 0.0552767738699913 0.19274699687957764
1.3735980987548828 -1.3638856410980225 0.010309100151062012 -0.08893093466758728 -0.0951872318983078 0.9914548397064209 0.4640969932079315 0.05987739562988281
1.3638273477554321 -1.3547567129135132 0.010309100151062012 -0.08890041708946228 -0.0951567143201828 0.9914548397064209 0.46410828828811646 0.07854855060577393
1.3638273477554321 -1.3547567129135132 0.010309100151062012 -0.08890041708946228 -0.0951567143201828 0.9914548397064209 0.46410828828811646 0.07854855060577393
0.8629040718078613 -0.8867382407188416 0.010309100151062012 -0.08890041708946228 -0.0951567143201828 0.9914548397064209 0.11228922009468079 0.09721916913986206
91 12 13
12 91 84
45 42 44
42 45 43
95 2 3
2 95 88
30 26 27
26 30 25
84 11 12
11 84 89
7 46 47
46 7 6
218 37 39
37 218 1
47 8 7
8 47 22
70 34 72
34 70 33
16 17 20
36 22 47
22 36 31
65 8 22
8 65 78
19 219 16
219 19 220
39 38 40
38 39 37
44 31 36
31 44 32
42 41 40
41 42 43
6 45 46
45 6 5
28 24 29
20 27 26
27 20 21
86 221 93
221 86 4
26 16 20
16 26 19
24 25 29
25 24 23
40 35 42
35 40 38
43 222 41
222 43 223
46 44 36
44 46 45
15 24 28
24 15 14
41 39 40
29 30 34
30 29 25
72 30 68
30 72 34
34 28 29
28 34 33
17 21 20
21 17 18
14 23 24
23 14 224
36 47 46
225 39 41
39 225 226
15 33 0
33 15 28
5 43 45
43 5 227
16 10 17
10 16 228
103 230 229
230 103 98
17 9 18
9 17 10
25 19 26
19 25 23
231 19 23
19 231 232
86 3 4
3 86 95
88 233 2
233 88 96
77 22 31
22 77 65
234 51 50
51 234 235
236 48 237
48 236 49
238 50 83
50 238 239
97 241 240
241 97 90
242 191 99
191 242 66
44 35 32
35 44 42
33 243 0
243 33 70
75 48 81
48 75 244
89 245 11
245 89 97
246 31 32
31 246 77
55 51 54
54 51 53
51 55 50
56 50 55
50 56 57
53 81 48
81 122 123
122 51 80
51 81 53
81 51 122
57 83 50
125 82 124
57 125 83
82 57 49
125 57 82
53 48 52
49 57 58
52 48 63
63 48 62
62 48 61
49 61 48
49 58 59
49 60 61
49 59 60
27 76 74
76 27 21
117 77 247
77 117 119
248 80 51
80 248 249
250 81 123
81 250 75
1 71 37
71 1 67
108 70 112
70 108 251
96 253 252
253 96 199
187 66 254
66 187 191
255 82 49
82 255 69
110 83 125
83 110 256
21 64 76
64 21 18
119 65 77
65 119 107
90 79 257
79 90 102
127 258 120
258 127 103
38 259 35
259 38 73
114 68 260
68 114 72
18 261 64
261 18 9
107 78 65
78 107 262
37 73 38
73 37 71
112 72 114
72 112 70
181 103 127
103 181 170
145 102 90
102 145 168
186 192 190
192 186 188
157 199 96
199 157 212
143 97 89
97 143 159
166 99 191
99 166 162
159 90 97
90 159 145
141 96 88
96 141 157
137 95 86
95 137 155
263 94 264
94 263 98
170 98 103
98 170 161
137 93 150
93 137 86
265 92 266
92 265 267
133 89 84
89 133 143
268 91 13
91 268 85
269 85 270
85 269 92
271 93 272
93 271 87
155 88 95
88 155 141
273 87 274
87 273 94
146 84 91
84 146 133
209 193 189
193 209 174
164 196 198
196 164 215
172 200 197
200 172 207
201 203 128
203 201 206
100 130 210
130 100 104
129 208 131
208 129 205
168 126 102
126 168 179
179 127 126
127 179 181
71 115 73
115 71 113
113 114 115
114 113 112
64 121 106
121 64 275
106 276 107
276 106 121
73 111 277
111 73 115
115 278 111
278 115 114
102 279 79
279 102 126
126 120 280
120 126 127
76 106 118
106 76 64
118 107 119
107 118 106
69 124 82
124 69 281
282 125 124
125 282 110
199 109 283
109 199 211
211 284 109
284 211 187
67 113 71
113 67 285
286 112 113
112 286 108
287 122 80
122 287 116
116 123 122
123 116 288
74 118 289
118 74 76
290 119 117
119 290 118
180 181 179
181 180 182
169 179 168
179 169 180
177 209 207
209 177 178
216 207 172
207 216 177
165 215 164
215 165 173
101 195 194
195 101 105
194 175 167
175 194 195
178 174 209
174 178 217
147 133 146
133 147 132
94 139 87
139 94 153
153 138 139
138 153 152
154 141 155
141 154 140
87 150 93
150 87 139
139 151 150
151 139 138
92 135 85
135 92 149
149 134 135
134 149 148
85 146 91
146 85 135
135 147 146
147 135 134
132 143 133
143 132 142
291 149 92
149 291 292
293 148 149
148 293 163
136 150 151
150 136 137
171 161 170
161 171 160
98 153 94
153 98 161
161 152 153
152 161 160
136 155 137
155 136 154
140 157 141
157 140 156
158 145 159
145 158 144
214 162 166
162 214 294
142 159 143
159 142 158
156 212 157
212 156 213
144 168 145
168 144 169
182 170 181
170 182 171
211 204 187
204 211 202
184 176 185
176 184 183
LABEL Dipole_boxes_holes
MATERIAL 2
TEXTURE 0
GEOM 76 68
1.4341973066329956 -1.324988842010498 -0.07962298393249512 3.0518509447574615e-05 6.103701889514923e-05 1.0 0.9888070225715637 0.06740599870681763
1.4291999340057373 -1.3303375244140625 -0.07766091823577881 0.3413495421409607 0.365367591381073 0.8659932017326355 0.9888070225715637 0.0651860237121582
1.4265003204345703 -1.3177974224090576 -0.07962298393249512 0.730674147605896 -0.6826685667037964 -0.0 0.9857140183448792 0.04076200723648071
1.421502947807312 -1.323146104812622 -0.07766091823577881 0.730674147605896 -0.6826685667037964 -0.0 0.9857140183448792 0.0651860237121582
1.4255414009094238 -1.3342533111572266 -0.07230198383331299 0.5912351012229919 0.6328012943267822 0.4999542236328125 0.9888070225715637 0.06296497583389282
1.417844295501709 -1.3270618915557861 -0.07230198383331299 0.730674147605896 -0.6826685667037964 -0.0 0.9857140183448792 0.06296497583389282
1.424202561378479 -1.335686206817627 -0.06498098373413086 0.6826990842819214 0.730674147605896 -6.103701889514923e-05 0.9888070225715637 0.0607450008392334
1.4165055751800537 -1.3284947872161865 -0.06498098373413086 0.730674147605896 -0.6826685667037964 -0.0 0.9857140183448792 0.0607450008392334
1.4255419969558716 -1.3342525959014893 -0.05766093730926514 0.5912045836448669 0.6327707767486572 -0.5000152587890625 0.9888070225715637 0.058525025844573975
1.4178450107574463 -1.3270611763000488 -0.05766093730926514 0.730674147605896 -0.6826685667037964 -0.0 0.9857140183448792 0.058525025844573975
1.4292006492614746 -1.3303368091583252 -0.052302002906799316 0.3413190245628357 0.365337073802948 -0.8660237193107605 0.9888070225715637 0.056303977966308594
1.4215036630630493 -1.3231453895568848 -0.052301883697509766 0.730674147605896 -0.6826685667037964 -0.0 0.9857140183448792 0.056303977966308594
1.434198021888733 -1.3249880075454712 -0.050340890884399414 -3.0518509447574615e-05 -3.0518509447574615e-05 -1.0 0.9888070225715637 0.05408400297164917
1.426500916481018 -1.3177965879440308 -0.050340890884399414 0.730674147605896 -0.6826685667037964 -0.0 0.9857140183448792 0.05408400297164917
1.439195990562439 -1.3196386098861694 -0.05230295658111572 -0.3413495421409607 -0.365337073802948 -0.8659932017326355 0.9888070225715637 0.051864027976989746
1.4314990043640137 -1.312447190284729 -0.05230295658111572 0.730674147605896 -0.6826685667037964 -0.0 0.9857140183448792 0.051864027976989746
1.442854642868042 -1.3157228231430054 -0.05766189098358154 -0.5912351012229919 -0.6328012943267822 -0.4999542236328125 0.9888070225715637 0.049642980098724365
1.4351576566696167 -1.308531403541565 -0.05766189098358154 0.730674147605896 -0.6826685667037964 -0.0 0.9857140183448792 0.049642980098724365
1.4441933631896973 -1.314289927482605 -0.06498193740844727 -0.6826990842819214 -0.730674147605896 3.0518509447574615e-05 0.9888070225715637 0.04742300510406494
1.436496376991272 -1.3070985078811646 -0.06498193740844727 0.730674147605896 -0.6826685667037964 -0.0 0.9857140183448792 0.04742300510406494
1.4428539276123047 -1.3157235383987427 -0.0723029375076294 -0.5912045836448669 -0.6327707767486572 0.4999847412109375 0.9888070225715637 0.045202016830444336
1.4351569414138794 -1.3085321187973022 -0.0723029375076294 0.730674147605896 -0.6826685667037964 -0.0 0.9857140183448792 0.045202016830444336
1.4391953945159912 -1.3196393251419067 -0.07766199111938477 -0.3413190245628357 -0.365306556224823 0.8660237193107605 0.9888070225715637 0.04298198223114014
1.4314982891082764 -1.3124479055404663 -0.07766199111938477 0.730674147605896 -0.6826685667037964 -0.0 0.9857140183448792 0.04298198223114014
1.4265003204345703 -1.3177974224090576 -0.07962298393249512 3.0518509447574615e-05 3.0518509447574615e-05 1.0 0.9857140183448792 0.06740599870681763
1.421502947807312 -1.323146104812622 -0.07766091823577881 0.3413495421409607 0.365367591381073 0.8659932017326355 0.9857140183448792 0.0651860237121582
1.417844295501709 -1.3270618915557861 -0.07230198383331299 0.5912351012229919 0.6328012943267822 0.4999542236328125 0.9857140183448792 0.06296497583389282
1.4165055751800537 -1.3284947872161865 -0.06498098373413086 0.6826990842819214 0.730674147605896 -6.103701889514923e-05 0.9857140183448792 0.0607450008392334
1.426500916481018 -1.3177965879440308 -0.050340890884399414 -3.0518509447574615e-05 -3.0518509447574615e-05 -0.999969482421875 0.9857140183448792 0.05408400297164917
1.4314990043640137 -1.312447190284729 -0.05230295658111572 -0.3413495421409607 -0.365337073802948 -0.8659932017326355 0.9857140183448792 0.051864027976989746
1.4178450107574463 -1.3270611763000488 -0.05766093730926514 0.5912045836448669 0.6327707767486572 -0.5000152587890625 0.9857140183448792 0.058525025844573975
1.436496376991272 -1.3070985078811646 -0.06498193740844727 -0.6826990842819214 -0.730674147605896 3.0518509447574615e-05 0.9857140183448792 0.04742300510406494
1.4351569414138794 -1.3085321187973022 -0.0723029375076294 -0.5912045836448669 -0.6327707767486572 0.4999847412109375 0.9857140183448792 0.045202016830444336
1.4215036630630493 -1.3231453895568848 -0.052301883697509766 0.3413190245628357 0.365337073802948 -0.8660237193107605 0.9857140183448792 0.056303977966308594
1.4351576566696167 -1.308531403541565 -0.05766189098358154 -0.5912351012229919 -0.6328012943267822 -0.4999542236328125 0.9857140183448792 0.049642980098724365
1.4314982891082764 -1.3124479055404663 -0.07766199111938477 -0.3413190245628357 -0.365306556224823 0.8660237193107605 0.9857140183448792 0.04298198223114014
-1.4341975450515747 1.3249884843826294 -0.07962298393249512 -3.0518509447574615e-05 -6.103701889514923e-05 1.0 0.9888070225715637 0.06740599870681763
-1.429200291633606 1.3303371667861938 -0.07766091823577881 -0.3413495421409607 -0.365367591381073 0.8659932017326355 0.9888070225715637 0.0651860237121582
-1.426500678062439 1.317797064781189 -0.07962298393249512 -0.730674147605896 0.6826990842819214 -0.0 0.9857140183448792 0.04076200723648071
-1.4215031862258911 1.3231457471847534 -0.07766091823577881 -0.730674147605896 0.6826990842819214 -0.0 0.9857140183448792 0.0651860237121582
-1.4255417585372925 1.334252953529358 -0.07230198383331299 -0.5912351012229919 -0.6328012943267822 0.4999542236328125 0.9888070225715637 0.06296497583389282
-1.4178446531295776 1.3270615339279175 -0.07230198383331299 -0.730674147605896 0.6826990842819214 -0.0 0.9857140183448792 0.06296497583389282
-1.424202799797058 1.3356858491897583 -0.06498098373413086 -0.6826990842819214 -0.730674147605896 -6.103701889514923e-05 0.9888070225715637 0.0607450008392334
-1.4165059328079224 1.3284944295883179 -0.06498098373413086 -0.730674147605896 0.6826990842819214 -0.0 0.9857140183448792 0.0607450008392334
-1.4255422353744507 1.3342522382736206 -0.05766093730926514 -0.5912045836448669 -0.6327707767486572 -0.5000152587890625 0.9888070225715637 0.058525025844573975
-1.417845368385315 1.3270608186721802 -0.05766093730926514 -0.730674147605896 0.6826990842819214 -0.0 0.9857140183448792 0.058525025844573975
-1.4292010068893433 1.3303364515304565 -0.052302002906799316 -0.3413190245628357 -0.365306556224823 -0.8660237193107605 0.9888070225715637 0.056303977966308594
-1.4215039014816284 1.3231450319290161 -0.052301883697509766 -0.730674147605896 0.6826990842819214 -0.0 0.9857140183448792 0.056303977966308594
-1.434198260307312 1.324987769126892 -0.050340890884399414 3.0518509447574615e-05 3.0518509447574615e-05 -1.0 0.9888070225715637 0.05408400297164917
-1.4265011548995972 1.3177963495254517 -0.050340890884399414 -0.730674147605896 0.6826990842819214 -0.0 0.9857140183448792 0.05408400297164917
-1.439196228981018 1.3196383714675903 -0.05230295658111572 0.3413495421409607 0.365337073802948 -0.8659932017326355 0.9888070225715637 0.051864027976989746
-1.4314993619918823 1.31244695186615 -0.05230295658111572 -0.730674147605896 0.6826990842819214 -0.0 0.9857140183448792 0.051864027976989746
-1.4428550004959106 1.3157225847244263 -0.05766189098358154 0.5912351012229919 0.6328012943267822 -0.4999542236328125 0.9888070225715637 0.049642980098724365
-1.4351578950881958 1.3085311651229858 -0.05766189098358154 -0.730674147605896 0.6826990842819214 -0.0 0.9857140183448792 0.049642980098724365
-1.444193720817566 1.3142896890640259 -0.06498193740844727 0.6826990842819214 0.730674147605896 3.0518509447574615e-05 0.9888070225715637 0.04742300510406494
-1.436496615409851 1.3070982694625854 -0.06498193740844727 -0.730674147605896 0.6826990842819214 -0.0 0.9857140183448792 0.04742300510406494
-1.4428542852401733 1.3157232999801636 -0.0723029375076294 0.5912045836448669 0.6327707767486572 0.5000152587890625 0.9888070225715637 0.045202016830444336
-1.4351571798324585 1.3085318803787231 -0.0723029375076294 -0.730674147605896 0.6826990842819214 -0.0 0.9857140183448792 0.045202016830444336
-1.4391957521438599 1.3196390867233276 -0.07766199111938477 0.3413190245628357 0.365306556224823 0.8660237193107605 0.9888070225715637 0.04298198223114014
-1.431498646736145 1.3124476671218872 -0.07766199111938477 -0.730674147605896 0.6826990842819214 -0.0 0.9857140183448792 0.04298198223114014
-1.426500678062439 1.317797064781189 -0.07962298393249512 -3.0518509447574615e-05 -6.103701889514923e-05 1.0 0.9857140183448792 0.06740599870681763
-1.4215031862258911 1.3231457471847534 -0.07766091823577881 -0.3413495421409607 -0.365367591381073 0.8659932017326355 0.9857140183448792 0.0651860237121582
-1.4178446531295776 1.3270615339279175 -0.07230198383331299 -0.5912351012229919 -0.6328012943267822 0.4999542236328125 0.9857140183448792 0.06296497583389282
-1.4165059328079224 1.3284944295883179 -0.06498098373413086 -0.6826990842819214 -0.730674147605896 -6.103701889514923e-05 0.9857140183448792 0.0607450008392334
-1.4265011548995972 1.3177963495254517 -0.050340890884399414 3.0518509447574615e-05 0.0 -1.0 0.9857140183448792 0.05408400297164917
-1.4314993619918823 1.31244695186615 -0.05230295658111572 0.3413495421409607 0.365337073802948 -0.8659932017326355 0.9857140183448792 0.051864027976989746
-1.417845368385315 1.3270608186721802 -0.05766093730926514 -0.5912045836448669 -0.6327707767486572 -0.5000152587890625 0.9857140183448792 0.058525025844573975
-1.436496615409851 1.3070982694625854 -0.06498193740844727 0.6826990842819214 0.730674147605896 3.0518509447574615e-05 0.9857140183448792 0.04742300510406494
-1.4351571798324585 1.3085318803787231 -0.0723029375076294 0.5912045836448669 0.6327707767486572 0.5000152587890625 0.9857140183448792 0.045202016830444336
-1.4215039014816284 1.3231450319290161 -0.052301883697509766 -0.3413190245628357 -0.365306556224823 -0.8660237193107605 0.9857140183448792 0.056303977966308594
-1.4351578950881958 1.3085311651229858 -0.05766189098358154 0.5912351012229919 0.6328012943267822 -0.4999542236328125 0.9857140183448792 0.049642980098724365
-1.431498646736145 1.3124476671218872 -0.07766199111938477 0.3413190245628357 0.365306556224823 0.8660237193107605 0.9857140183448792 0.04298198223114014
1.4341973066329956 -1.324988842010498 -0.07962298393249512 3.0518509447574615e-05 6.103701889514923e-05 1.0 0.9888070225715637 0.04076200723648071
1.4265003204345703 -1.3177974224090576 -0.07962298393249512 3.0518509447574615e-05 3.0518509447574615e-05 1.0 0.9857140183448792 0.04076200723648071
-1.4341975450515747 1.3249884843826294 -0.07962298393249512 -3.0518509447574615e-05 -6.103701889514923e-05 1.0 0.9888070225715637 0.04076200723648071
-1.426500678062439 1.317797064781189 -0.07962298393249512 -3.0518509447574615e-05 -6.103701889514923e-05 1.0 0.9857140183448792 0.04076200723648071
10 30 33
30 10 8
4 25 26
25 4 1
24 1 0
1 24 25
6 26 27
26 6 4
16 29 34
29 16 14
8 27 30
27 8 6
14 28 29
28 14 12
12 33 28
33 12 10
20 31 32
31 20 18
18 34 31
34 18 16
22 32 35
32 22 20
72 35 73
35 72 22
23 3 2
3 7 5
7 11 9
11 15 13
15 19 17
19 23 21
23 7 3
7 15 11
15 23 19
7 23 15
46 66 69
66 46 44
40 61 62
61 40 37
37 60 61
60 37 36
42 62 63
62 42 40
52 65 70
65 52 50
44 63 66
63 44 42
50 64 65
64 50 48
48 69 64
69 48 46
56 67 68
67 56 54
54 70 67
70 54 52
58 68 71
68 58 56
74 71 75
71 74 58
59 39 38
39 43 41
43 47 45
47 51 49
51 55 53
55 59 57
59 43 39
43 51 47
51 59 55
43 59 51
MATERIALS 2
METAL
BLACK
MATERIAL METAL
0.74902 0.74902 0.74902 1.0
0.74902 0.74902 0.74902 1.0
0.556863 0.556863 0.556863 1.0 8.0
0.0 0.0 0.0 1.0
MATERIAL BLACK
0.0 0.0 0.0 1.0
0.0 0.0 0.0 1.0
1.0 1.0 1.0 1.0 50
0.0 0.0 0.0 1.0
TEXTURES 0
