MSHX1
GROUPS 6
LABEL ORBGroup1
MATERIAL 1
TEXTURE 0
GEOM 24 12
1.380300760269165 -1.4054397344589233 -1.1527005434036255 -0.7074190378189087 -0.7067781686782837 -0.0
1.362531065940857 -1.3876535892486572 -1.1527005434036255 -0.7074190378189087 -0.7067781686782837 -0.0
1.380300760269165 -1.4054397344589233 -1.1988104581832886 -0.7074190378189087 -0.7067781686782837 -0.0
1.362531065940857 -1.3876535892486572 -1.1988104581832886 -0.7074190378189087 -0.7067781686782837 -0.0
1.4063894748687744 -1.3793189525604248 -1.152700424194336 0.7071138620376587 0.7070833444595337 -0.0
1.3886234760284424 -1.3615525960922241 -1.152700424194336 0.7071138620376587 0.7070833444595337 -0.0
1.4063894748687744 -1.3793189525604248 -1.198810338973999 0.7071138620376587 0.7070833444595337 -0.0
1.3886234760284424 -1.3615525960922241 -1.198810338973999 0.7071138620376587 0.7070833444595337 -0.0
1.380300760269165 -1.4054397344589233 -1.1527005434036255 -0.0 0.0 1.0
1.380300760269165 -1.4054397344589233 -1.1527005434036255 0.7075105905532837 -0.7066560983657837 -0.0
1.362531065940857 -1.3876535892486572 -1.1527005434036255 -0.0 0.0 1.0
1.362531065940857 -1.3876535892486572 -1.1527005434036255 -0.7072054147720337 0.7069612741470337 -0.0
1.380300760269165 -1.4054397344589233 -1.1988104581832886 -0.0 0.0 -1.0
1.380300760269165 -1.4054397344589233 -1.1988104581832886 0.7075105905532837 -0.7066560983657837 -0.0
1.362531065940857 -1.3876535892486572 -1.1988104581832886 -0.7072054147720337 0.7069612741470337 -0.0
1.362531065940857 -1.3876535892486572 -1.1988104581832886 -0.0 0.0 -1.0
1.4063894748687744 -1.3793189525604248 -1.152700424194336 -0.0 0.0 1.0
1.4063894748687744 -1.3793189525604248 -1.152700424194336 0.7075105905532837 -0.7066560983657837 -0.0
1.3886234760284424 -1.3615525960922241 -1.152700424194336 -0.0 0.0 1.0
1.3886234760284424 -1.3615525960922241 -1.152700424194336 -0.7072054147720337 0.7069612741470337 -0.0
1.4063894748687744 -1.3793189525604248 -1.198810338973999 -0.0 0.0 -1.0
1.4063894748687744 -1.3793189525604248 -1.198810338973999 0.7075105905532837 -0.7066560983657837 -0.0
1.3886234760284424 -1.3615525960922241 -1.198810338973999 -0.7072054147720337 0.7069612741470337 -0.0
1.3886234760284424 -1.3615525960922241 -1.198810338973999 -0.0 0.0 -1.0
22 11 19
11 22 14
0 3 2
3 0 1
20 15 23
15 20 12
18 8 16
8 18 10
7 4 6
4 7 5
17 13 21
13 17 9
LABEL ORBGroup2
MATERIAL 2
TEXTURE 1
GEOM 4 2
1.6504000425338745 -1.0514299869537354 2.2594099044799805 0.7942442297935486 -0.6075624823570251 -0.0 0.05638650059700012 0.9500150009989738
1.4427200555801392 -1.3229199647903442 2.2594099044799805 0.7942442297935486 -0.6075624823570251 -0.0 0.5839099884033203 0.9500150009989738
1.6504000425338745 -1.0514299869537354 2.669569969177246 0.7942442297935486 -0.6075624823570251 -0.0 0.05638660117983818 0.049984514713287354
1.4427200555801392 -1.3229199647903442 2.669569969177246 0.7942442297935486 -0.6075624823570251 -0.0 0.5839099884033203 0.04998457431793213
2 3 0
1 0 3
LABEL ORBGroup3
MATERIAL 3
TEXTURE 2
GEOM 4 2
1.5912200212478638 -1.1382399797439575 1.9230400323867798 0.7792901396751404 -0.6266365647315979 -0.0 0.1813489943742752 0.9664050005376339
1.4427200555801392 -1.3229199647903442 1.9230400323867798 0.7792901396751404 -0.6266365647315979 -0.0 0.7266650199890137 0.9664050005376339
1.5912200212478638 -1.1382399797439575 2.1253700256347656 0.7792901396751404 -0.6266365647315979 -0.0 0.1813489943742752 0.016555428504943848
1.4427200555801392 -1.3229199647903442 2.1253700256347656 0.7792901396751404 -0.6266365647315979 -0.0 0.7266650199890137 0.016555726528167725
2 3 0
1 0 3
LABEL ORBGroup4
MATERIAL 4
TEXTURE 0
GEOM 1040 960
1.4477900266647339 -1.3500800132751465 -0.42275598645210266 0.7591479420661926 -0.6508682370185852 -0.0
1.4477900266647339 -1.3500800132751465 -0.4077560007572174 0.7591479420661926 -0.6508682370185852 -0.0
1.411460041999817 -1.3162000179290771 -0.4077560007572174 -0.0 0.0 0.999969482421875
1.411460041999817 -1.3162000179290771 -0.42275598645210266 -0.7591784596443176 0.6508377194404602 -0.0
1.5553799867630005 -1.2245899438858032 -0.42275598645210266 0.7856990098953247 -0.6185796856880188 -0.0
1.5553799867630005 -1.2245899438858032 -0.4077560007572174 0.7856990098953247 -0.6185796856880188 -0.0
1.5163500308990479 -1.193850040435791 -0.4077560007572174 -0.0 0.0 1.0
1.5163500308990479 -1.193850040435791 -0.42275598645210266 -0.7856990098953247 0.6185796856880188 -0.0
1.6521199941635132 -1.0905499458312988 -0.42275598645210266 0.8345591425895691 -0.5508896112442017 -0.0
1.6521199941635132 -1.0905499458312988 -0.4077560007572174 0.8345591425895691 -0.5508896112442017 -0.0
1.6106599569320679 -1.0631799697875977 -0.4077560007572174 -0.0 0.0 1.0
1.6106599569320679 -1.0631799697875977 -0.42275598645210266 -0.8345591425895691 0.5508896112442017 -0.0
1.7373499870300293 -0.9489150047302246 -0.42275598645210266 0.8775902390480042 -0.47935423254966736 -0.0
1.7373499870300293 -0.9489150047302246 -0.4077560007572174 0.8775902390480042 -0.47935423254966736 -0.0
1.693750023841858 -0.9251019954681396 -0.4077560007572174 -0.0 0.0 0.999969482421875
1.693750023841858 -0.9251019954681396 -0.42275598645210266 -0.8776207566261292 0.47932371497154236 -0.0
1.8104599714279175 -0.8006619811058044 -0.42275598645210266 0.9145481586456299 -0.4044312834739685 -0.0
1.8104599714279175 -0.8006619811058044 -0.4077560007572174 0.9145481586456299 -0.4044312834739685 -0.0
1.7650200128555298 -0.7805690169334412 -0.4077560007572174 -0.0 0.0 1.0
1.7650200128555298 -0.7805690169334412 -0.42275598645210266 -0.9145481586456299 0.4044312834739685 -0.0
1.8709399700164795 -0.6468250155448914 -0.42275598645210266 0.9450972080230713 -0.3267311751842499 -0.0
1.8709399700164795 -0.6468250155448914 -0.4077560007572174 0.9450972080230713 -0.3267311751842499 -0.0
1.823989987373352 -0.6305930018424988 -0.4077560007572174 -0.0 0.0 1.0
1.823989987373352 -0.6305930018424988 -0.42275598645210266 -0.9450972080230713 0.3267311751842499 -0.0
1.9183900356292725 -0.48847898840904236 -0.42275598645210266 0.9690542221069336 -0.2467421442270279 -0.0
1.9183900356292725 -0.48847898840904236 -0.4077560007572174 0.9690542221069336 -0.2467421442270279 -0.0
1.8702399730682373 -0.4762200117111206 -0.4077560007572174 -0.0 0.0 1.0
1.8702399730682373 -0.4762200117111206 -0.42275598645210266 -0.9690542221069336 0.2467421442270279 -0.0
1.9524500370025635 -0.3267259895801544 -0.42275598645210266 0.9862666726112366 -0.16501358151435852 -0.0
1.9524500370025635 -0.3267259895801544 -0.4077560007572174 0.9862666726112366 -0.16501358151435852 -0.0
1.9034500122070312 -0.3185270130634308 -0.4077560007572174 -0.0 0.0 1.0
1.9034500122070312 -0.3185270130634308 -0.42275598645210266 -0.9862666726112366 0.16504409909248352 -0.0
1.9729000329971313 -0.1626960039138794 -0.42275598645210266 0.9966124296188354 -0.08218634873628616 -0.0
1.9729000329971313 -0.1626960039138794 -0.4077560007572174 0.9966124296188354 -0.08218634873628616 -0.0
1.9233900308609009 -0.15861299633979797 -0.4077560007572174 -0.0 0.0 1.0
1.9233900308609009 -0.15861299633979797 -0.42275598645210266 -0.9966124296188354 0.08218634873628616 -0.0
1.979599952697754 0.0024695000611245632 -0.42275598645210266 0.999969482421875 0.0012207403779029846 -0.0
1.979599952697754 0.0024695000611245632 -0.4077560007572174 0.999969482421875 0.0012207403779029846 -0.0
1.929919958114624 0.002407530089840293 -0.4077560007572174 -0.0 0.0 1.0
1.929919958114624 0.002407530089840293 -0.42275598645210266 -0.999969482421875 -0.0012207403779029846 -0.0
1.9724899530410767 0.16761699318885803 -0.42275598645210266 0.9963988065719604 0.08465834707021713 -0.0
1.9724899530410767 0.16761699318885803 -0.4077560007572174 0.9963988065719604 0.08465834707021713 -0.0
1.9229899644851685 0.1634110063314438 -0.4077560007572174 -0.0 0.0 1.0
1.9229899644851685 0.1634110063314438 -0.42275598645210266 -0.9963988065719604 -0.08465834707021713 -0.0
1.9516299962997437 0.3315959870815277 -0.42275598645210266 0.9858699440956116 0.1674855798482895 -0.0
1.9516299962997437 0.3315959870815277 -0.4077560007572174 0.9858699440956116 0.1674855798482895 -0.0
1.902649998664856 0.32327499985694885 -0.4077560007572174 -0.0 0.0 0.999969482421875
1.902649998664856 0.32327499985694885 -0.42275598645210266 -0.9858699440956116 -0.1674855798482895 -0.0
1.9171600341796875 0.49326300621032715 -0.42275598645210266 0.9684438705444336 0.24915310740470886 -0.0
1.9171600341796875 0.49326300621032715 -0.4077560007572174 0.9684438705444336 0.24915310740470886 -0.0
1.8690500259399414 0.48088499903678894 -0.4077560007572174 -0.0 0.0 1.0
1.8690500259399414 0.48088499903678894 -0.42275598645210266 -0.9684438705444336 -0.24915310740470886 -0.0
1.8693300485610962 0.6514909863471985 -0.42275598645210266 0.9442731738090515 0.32908108830451965 -0.0
1.8693300485610962 0.6514909863471985 -0.4077560007572174 0.9442731738090515 0.32908108830451965 -0.0
1.822409987449646 0.6351420283317566 -0.4077560007572174 -0.0 0.0 1.0
1.822409987449646 0.6351420283317566 -0.42275598645210266 -0.9442731738090515 -0.32908108830451965 -0.0
1.8084499835968018 0.8051760196685791 -0.42275598645210266 0.9296853542327881 0.36826685070991516 -0.0
1.8084499835968018 0.8051760196685791 -0.4077560007572174 0.9296853542327881 0.36826685070991516 -0.0
1.763069987297058 0.7849699854850769 -0.4077560007572174 -0.0 0.0 1.0
1.763069987297058 0.7849699854850769 -0.42275598645210266 -0.9297158718109131 -0.36820581555366516 -0.0
1.4296200275421143 -1.3331400156021118 -0.41525599360466003 -0.6819971203804016 -0.731315016746521 -0.0
1.7857600450515747 0.7950729727745056 -0.41525599360466003 -0.4067506790161133 0.9135105609893799 -0.0
1.4477900266647339 -1.3500800132751465 -0.2322079986333847 0.7591479420661926 -0.6508682370185852 -0.0
1.4477900266647339 -1.3500800132751465 -0.21720799803733826 0.7591479420661926 -0.6508682370185852 -0.0
1.411460041999817 -1.3162000179290771 -0.21720799803733826 -0.0 0.0 0.999969482421875
1.411460041999817 -1.3162000179290771 -0.2322079986333847 -0.7591784596443176 0.6508377194404602 -0.0
1.5553799867630005 -1.2245899438858032 -0.2322079986333847 0.7856990098953247 -0.6185796856880188 -0.0
1.5553799867630005 -1.2245899438858032 -0.21720799803733826 0.7856990098953247 -0.6185796856880188 -0.0
1.5163500308990479 -1.193850040435791 -0.21720799803733826 -0.0 0.0 1.0
1.5163500308990479 -1.193850040435791 -0.2322079986333847 -0.7856990098953247 0.6185796856880188 -0.0
1.6521199941635132 -1.0905499458312988 -0.2322079986333847 0.8345591425895691 -0.5508896112442017 -0.0
1.6521199941635132 -1.0905499458312988 -0.21720799803733826 0.8345591425895691 -0.5508896112442017 -0.0
1.6106599569320679 -1.0631799697875977 -0.21720799803733826 -0.0 0.0 1.0
1.6106599569320679 -1.0631799697875977 -0.2322079986333847 -0.8345591425895691 0.5508896112442017 -0.0
1.7373499870300293 -0.9489150047302246 -0.2322079986333847 0.8775902390480042 -0.47935423254966736 -0.0
1.7373499870300293 -0.9489150047302246 -0.21720799803733826 0.8775902390480042 -0.47935423254966736 -0.0
1.693750023841858 -0.9251019954681396 -0.21720799803733826 -0.0 0.0 0.999969482421875
1.693750023841858 -0.9251019954681396 -0.2322079986333847 -0.8776207566261292 0.47932371497154236 -0.0
1.8104599714279175 -0.8006619811058044 -0.2322079986333847 0.9145481586456299 -0.4044312834739685 -0.0
1.8104599714279175 -0.8006619811058044 -0.21720799803733826 0.9145481586456299 -0.4044312834739685 -0.0
1.7650200128555298 -0.7805690169334412 -0.21720799803733826 -0.0 0.0 1.0
1.7650200128555298 -0.7805690169334412 -0.2322079986333847 -0.9145481586456299 0.4044312834739685 -0.0
1.8709399700164795 -0.6468250155448914 -0.2322079986333847 0.9450972080230713 -0.3267311751842499 -0.0
1.8709399700164795 -0.6468250155448914 -0.21720799803733826 0.9450972080230713 -0.3267311751842499 -0.0
1.823989987373352 -0.6305930018424988 -0.21720799803733826 -0.0 0.0 1.0
1.823989987373352 -0.6305930018424988 -0.2322079986333847 -0.9450972080230713 0.3267311751842499 -0.0
1.9183900356292725 -0.48847898840904236 -0.2322079986333847 0.9690542221069336 -0.2467421442270279 -0.0
1.9183900356292725 -0.48847898840904236 -0.21720799803733826 0.9690542221069336 -0.2467421442270279 -0.0
1.8702399730682373 -0.4762200117111206 -0.21720799803733826 -0.0 0.0 1.0
1.8702399730682373 -0.4762200117111206 -0.2322079986333847 -0.9690542221069336 0.2467421442270279 -0.0
1.9524500370025635 -0.3267259895801544 -0.2322079986333847 0.9862666726112366 -0.16501358151435852 -0.0
1.9524500370025635 -0.3267259895801544 -0.21720799803733826 0.9862666726112366 -0.16501358151435852 -0.0
1.9034500122070312 -0.3185270130634308 -0.21720799803733826 -0.0 0.0 1.0
1.9034500122070312 -0.3185270130634308 -0.2322079986333847 -0.9862666726112366 0.16504409909248352 -0.0
1.9729000329971313 -0.1626960039138794 -0.2322079986333847 0.9966124296188354 -0.08218634873628616 -0.0
1.9729000329971313 -0.1626960039138794 -0.21720799803733826 0.9966124296188354 -0.08218634873628616 -0.0
1.9233900308609009 -0.15861299633979797 -0.21720799803733826 -0.0 0.0 1.0
1.9233900308609009 -0.15861299633979797 -0.2322079986333847 -0.9966124296188354 0.08218634873628616 -0.0
1.979599952697754 0.002469470025971532 -0.2322079986333847 0.999969482421875 0.0012207403779029846 -0.0
1.979599952697754 0.002469470025971532 -0.21720799803733826 0.999969482421875 0.0012207403779029846 -0.0
1.929919958114624 0.0024075000546872616 -0.21720799803733826 -0.0 0.0 1.0
1.929919958114624 0.0024075000546872616 -0.2322079986333847 -0.999969482421875 -0.0012207403779029846 -0.0
1.9724899530410767 0.16761699318885803 -0.2322079986333847 0.9963988065719604 0.08465834707021713 -0.0
1.9724899530410767 0.16761699318885803 -0.21720799803733826 0.9963988065719604 0.08465834707021713 -0.0
1.9229899644851685 0.1634110063314438 -0.21720799803733826 -0.0 0.0 1.0
1.9229899644851685 0.1634110063314438 -0.2322079986333847 -0.9963988065719604 -0.08465834707021713 -0.0
1.9516299962997437 0.3315959870815277 -0.2322079986333847 0.9858699440956116 0.1674855798482895 -0.0
1.9516299962997437 0.3315959870815277 -0.21720799803733826 0.9858699440956116 0.1674855798482895 -0.0
1.902649998664856 0.32327499985694885 -0.21720799803733826 -0.0 0.0 0.999969482421875
1.902649998664856 0.32327499985694885 -0.2322079986333847 -0.9858699440956116 -0.1674855798482895 -0.0
1.9171600341796875 0.49326300621032715 -0.2322079986333847 0.9684438705444336 0.24915310740470886 -0.0
1.9171600341796875 0.49326300621032715 -0.21720799803733826 0.9684438705444336 0.24915310740470886 -0.0
1.8690500259399414 0.48088499903678894 -0.21720799803733826 -0.0 0.0 1.0
1.8690500259399414 0.48088499903678894 -0.2322079986333847 -0.9684438705444336 -0.24915310740470886 -0.0
1.8693300485610962 0.6514909863471985 -0.2322079986333847 0.9442731738090515 0.32908108830451965 -0.0
1.8693300485610962 0.6514909863471985 -0.21720799803733826 0.9442731738090515 0.32908108830451965 -0.0
1.822409987449646 0.6351410150527954 -0.21720799803733826 -0.0 0.0 1.0
1.822409987449646 0.6351410150527954 -0.2322079986333847 -0.9442731738090515 -0.32908108830451965 -0.0
1.8084499835968018 0.8051760196685791 -0.2322079986333847 0.9296853542327881 0.36826685070991516 -0.0
1.8084499835968018 0.8051760196685791 -0.21720799803733826 0.9296853542327881 0.36826685070991516 -0.0
1.763069987297058 0.7849699854850769 -0.21720799803733826 -0.0 0.0 0.999969482421875
1.763069987297058 0.7849699854850769 -0.2322079986333847 -0.9297158718109131 -0.36820581555366516 -0.0
1.4296200275421143 -1.3331400156021118 -0.22470800578594208 -0.6819971203804016 -0.731315016746521 -0.0
1.7857600450515747 0.7950729727745056 -0.22470800578594208 -0.4067506790161133 0.9135105609893799 -0.0
1.4477900266647339 -1.3500800132751465 -0.048051901161670685 0.7591479420661926 -0.6508682370185852 -0.0
1.4477900266647339 -1.3500800132751465 -0.03305190056562424 0.7591479420661926 -0.6508682370185852 -0.0
1.411460041999817 -1.3162000179290771 -0.03305190056562424 -0.0 0.0 0.999969482421875
1.411460041999817 -1.3162000179290771 -0.048051901161670685 -0.7591784596443176 0.6508377194404602 -0.0
1.5553799867630005 -1.2245899438858032 -0.048051901161670685 0.7856990098953247 -0.6185796856880188 -0.0
1.5553799867630005 -1.2245899438858032 -0.03305190056562424 0.7856990098953247 -0.6185796856880188 -0.0
1.5163500308990479 -1.193850040435791 -0.03305190056562424 -0.0 0.0 1.0
1.5163500308990479 -1.193850040435791 -0.048051901161670685 -0.7856990098953247 0.6185796856880188 -0.0
1.6521199941635132 -1.0905499458312988 -0.048051901161670685 0.8345591425895691 -0.5508896112442017 -0.0
1.6521199941635132 -1.0905499458312988 -0.03305190056562424 0.8345591425895691 -0.5508896112442017 -0.0
1.6106599569320679 -1.0631799697875977 -0.03305190056562424 -0.0 0.0 1.0
1.6106599569320679 -1.0631799697875977 -0.048051901161670685 -0.8345591425895691 0.5508896112442017 -0.0
1.7373499870300293 -0.9489150047302246 -0.048051901161670685 0.8775902390480042 -0.47935423254966736 -0.0
1.7373499870300293 -0.9489150047302246 -0.03305190056562424 0.8775902390480042 -0.47935423254966736 -0.0
1.693750023841858 -0.9251019954681396 -0.03305190056562424 -0.0 0.0 0.999969482421875
1.693750023841858 -0.9251019954681396 -0.048051901161670685 -0.8776207566261292 0.47932371497154236 -0.0
1.8104599714279175 -0.8006619811058044 -0.048051901161670685 0.9145481586456299 -0.4044312834739685 -0.0
1.8104599714279175 -0.8006619811058044 -0.03305190056562424 0.9145481586456299 -0.4044312834739685 -0.0
1.7650200128555298 -0.7805690169334412 -0.03305190056562424 -0.0 0.0 1.0
1.7650200128555298 -0.7805690169334412 -0.048051901161670685 -0.9145481586456299 0.4044312834739685 -0.0
1.8709399700164795 -0.6468250155448914 -0.048051901161670685 0.9450972080230713 -0.3267311751842499 -0.0
1.8709399700164795 -0.6468250155448914 -0.03305190056562424 0.9450972080230713 -0.3267311751842499 -0.0
1.823989987373352 -0.6305930018424988 -0.03305190056562424 -0.0 0.0 1.0
1.823989987373352 -0.6305930018424988 -0.048051901161670685 -0.9450972080230713 0.3267311751842499 -0.0
1.9183900356292725 -0.48847898840904236 -0.048051901161670685 0.9690542221069336 -0.2467421442270279 -0.0
1.9183900356292725 -0.48847898840904236 -0.03305190056562424 0.9690542221069336 -0.2467421442270279 -0.0
1.8702399730682373 -0.4762200117111206 -0.03305190056562424 -0.0 0.0 1.0
1.8702399730682373 -0.4762200117111206 -0.048051901161670685 -0.9690542221069336 0.2467421442270279 -0.0
1.9524500370025635 -0.3267259895801544 -0.048051901161670685 0.9862666726112366 -0.16501358151435852 -0.0
1.9524500370025635 -0.3267259895801544 -0.03305190056562424 0.9862666726112366 -0.16501358151435852 -0.0
1.9034500122070312 -0.3185270130634308 -0.03305190056562424 -0.0 0.0 1.0
1.9034500122070312 -0.3185270130634308 -0.048051901161670685 -0.9862666726112366 0.16504409909248352 -0.0
1.9729000329971313 -0.1626960039138794 -0.048051901161670685 0.9966124296188354 -0.08218634873628616 -0.0
1.9729000329971313 -0.1626960039138794 -0.03305190056562424 0.9966124296188354 -0.08218634873628616 -0.0
1.9233900308609009 -0.15861299633979797 -0.03305190056562424 -0.0 0.0 1.0
1.9233900308609009 -0.15861299633979797 -0.048051901161670685 -0.9966124296188354 0.08218634873628616 -0.0
1.979599952697754 0.002469470025971532 -0.048051901161670685 0.999969482421875 0.0012207403779029846 -0.0
1.979599952697754 0.002469470025971532 -0.03305190056562424 0.999969482421875 0.0012207403779029846 -0.0
1.929919958114624 0.0024075000546872616 -0.03305190056562424 -0.0 0.0 1.0
1.929919958114624 0.0024075000546872616 -0.048051901161670685 -0.999969482421875 -0.0012207403779029846 -0.0
1.9724899530410767 0.16761699318885803 -0.048051901161670685 0.9963988065719604 0.08465834707021713 -0.0
1.9724899530410767 0.16761699318885803 -0.03305190056562424 0.9963988065719604 0.08465834707021713 -0.0
1.9229899644851685 0.1634110063314438 -0.03305190056562424 -0.0 0.0 1.0
1.9229899644851685 0.1634110063314438 -0.048051901161670685 -0.9963988065719604 -0.08465834707021713 -0.0
1.9516299962997437 0.3315959870815277 -0.048051901161670685 0.9858699440956116 0.1674855798482895 -0.0
1.9516299962997437 0.3315959870815277 -0.03305190056562424 0.9858699440956116 0.1674855798482895 -0.0
1.902649998664856 0.32327499985694885 -0.03305190056562424 -0.0 0.0 0.999969482421875
1.902649998664856 0.32327499985694885 -0.048051901161670685 -0.9858699440956116 -0.1674855798482895 -0.0
1.9171600341796875 0.49326300621032715 -0.048051901161670685 0.9684438705444336 0.24915310740470886 -0.0
1.9171600341796875 0.49326300621032715 -0.03305190056562424 0.9684438705444336 0.24915310740470886 -0.0
1.8690500259399414 0.48088499903678894 -0.03305190056562424 -0.0 0.0 1.0
1.8690500259399414 0.48088499903678894 -0.048051901161670685 -0.9684438705444336 -0.24915310740470886 -0.0
1.8693300485610962 0.6514909863471985 -0.048051901161670685 0.9442731738090515 0.32908108830451965 -0.0
1.8693300485610962 0.6514909863471985 -0.03305190056562424 0.9442731738090515 0.32908108830451965 -0.0
1.822409987449646 0.6351410150527954 -0.03305190056562424 -0.0 0.0 1.0
1.822409987449646 0.6351410150527954 -0.048051901161670685 -0.9442731738090515 -0.32908108830451965 -0.0
1.8084499835968018 0.8051760196685791 -0.048051901161670685 0.9296853542327881 0.36826685070991516 -0.0
1.8084499835968018 0.8051760196685791 -0.03305190056562424 0.9296853542327881 0.36826685070991516 -0.0
1.763069987297058 0.7849699854850769 -0.03305190056562424 -0.0 0.0 0.999969482421875
1.763069987297058 0.7849699854850769 -0.048051901161670685 -0.9297158718109131 -0.36820581555366516 -0.0
1.4296200275421143 -1.3331400156021118 -0.04055190086364746 -0.6819971203804016 -0.731315016746521 -0.0
1.7857600450515747 0.7950729727745056 -0.04055190086364746 -0.4067506790161133 0.9135105609893799 -0.0
1.4477900266647339 -1.3500800132751465 0.004409850109368563 0.7591479420661926 -0.6508682370185852 -0.0
1.4477900266647339 -1.3500800132751465 0.019409799948334694 0.7591479420661926 -0.6508682370185852 -0.0
1.411460041999817 -1.3162000179290771 0.019409799948334694 -0.0 0.0 0.999969482421875
1.411460041999817 -1.3162000179290771 0.004409850109368563 -0.7591784596443176 0.6508377194404602 -0.0
1.5553799867630005 -1.2245899438858032 0.004409850109368563 0.7856990098953247 -0.6185796856880188 -0.0
1.5553799867630005 -1.2245899438858032 0.019409799948334694 0.7856990098953247 -0.6185796856880188 -0.0
1.5163500308990479 -1.193850040435791 0.019409799948334694 -0.0 0.0 1.0
1.5163500308990479 -1.193850040435791 0.004409850109368563 -0.7856990098953247 0.6185796856880188 -0.0
1.6521199941635132 -1.0905499458312988 0.004409850109368563 0.8345591425895691 -0.5508896112442017 -0.0
1.6521199941635132 -1.0905499458312988 0.019409799948334694 0.8345591425895691 -0.5508896112442017 -0.0
1.6106599569320679 -1.0631799697875977 0.019409799948334694 -0.0 0.0 1.0
1.6106599569320679 -1.0631799697875977 0.004409850109368563 -0.8345591425895691 0.5508896112442017 -0.0
1.7373499870300293 -0.9489150047302246 0.004409850109368563 0.8775902390480042 -0.47935423254966736 -0.0
1.7373499870300293 -0.9489150047302246 0.019409799948334694 0.8775902390480042 -0.47935423254966736 -0.0
1.693750023841858 -0.9251019954681396 0.019409799948334694 -0.0 0.0 0.999969482421875
1.693750023841858 -0.9251019954681396 0.004409850109368563 -0.8776207566261292 0.47932371497154236 -0.0
1.8104599714279175 -0.8006619811058044 0.004409850109368563 0.9145481586456299 -0.4044312834739685 -0.0
1.8104599714279175 -0.8006619811058044 0.019409799948334694 0.9145481586456299 -0.4044312834739685 -0.0
1.7650200128555298 -0.7805690169334412 0.019409799948334694 -0.0 0.0 1.0
1.7650200128555298 -0.7805690169334412 0.004409850109368563 -0.9145481586456299 0.4044312834739685 -0.0
1.8709399700164795 -0.6468250155448914 0.004409850109368563 0.9450972080230713 -0.3267311751842499 -0.0
1.8709399700164795 -0.6468250155448914 0.019409799948334694 0.9450972080230713 -0.3267311751842499 -0.0
1.823989987373352 -0.6305930018424988 0.019409799948334694 -0.0 0.0 1.0
1.823989987373352 -0.6305930018424988 0.004409850109368563 -0.9450972080230713 0.3267311751842499 -0.0
1.9183900356292725 -0.48847898840904236 0.004409850109368563 0.9690542221069336 -0.2467421442270279 -0.0
1.9183900356292725 -0.48847898840904236 0.019409799948334694 0.9690542221069336 -0.2467421442270279 -0.0
1.8702399730682373 -0.4762200117111206 0.019409799948334694 -0.0 0.0 1.0
1.8702399730682373 -0.4762200117111206 0.004409850109368563 -0.9690542221069336 0.2467421442270279 -0.0
1.9524500370025635 -0.3267259895801544 0.004409850109368563 0.9862666726112366 -0.16501358151435852 -0.0
1.9524500370025635 -0.3267259895801544 0.019409799948334694 0.9862666726112366 -0.16501358151435852 -0.0
1.9034500122070312 -0.3185270130634308 0.019409799948334694 -0.0 0.0 1.0
1.9034500122070312 -0.3185270130634308 0.004409850109368563 -0.9862666726112366 0.16504409909248352 -0.0
1.9729000329971313 -0.1626960039138794 0.004409850109368563 0.9966124296188354 -0.08218634873628616 -0.0
1.9729000329971313 -0.1626960039138794 0.019409799948334694 0.9966124296188354 -0.08218634873628616 -0.0
1.9233900308609009 -0.15861299633979797 0.019409799948334694 -0.0 0.0 1.0
1.9233900308609009 -0.15861299633979797 0.004409850109368563 -0.9966124296188354 0.08218634873628616 -0.0
1.979599952697754 0.002469470025971532 0.004409850109368563 0.999969482421875 0.0012207403779029846 -0.0
1.979599952697754 0.002469470025971532 0.019409799948334694 0.999969482421875 0.0012207403779029846 -0.0
1.929919958114624 0.0024075000546872616 0.019409799948334694 -0.0 0.0 1.0
1.929919958114624 0.0024075000546872616 0.004409850109368563 -0.999969482421875 -0.0012207403779029846 -0.0
1.9724899530410767 0.16761699318885803 0.004409850109368563 0.9963988065719604 0.08465834707021713 -0.0
1.9724899530410767 0.16761699318885803 0.019409799948334694 0.9963988065719604 0.08465834707021713 -0.0
1.9229899644851685 0.1634110063314438 0.019409799948334694 -0.0 0.0 1.0
1.9229899644851685 0.1634110063314438 0.004409850109368563 -0.9963988065719604 -0.08465834707021713 -0.0
1.9516299962997437 0.3315959870815277 0.004409850109368563 0.9858699440956116 0.1674855798482895 -0.0
1.9516299962997437 0.3315959870815277 0.019409799948334694 0.9858699440956116 0.1674855798482895 -0.0
1.902649998664856 0.32327499985694885 0.019409799948334694 -0.0 0.0 0.999969482421875
1.902649998664856 0.32327499985694885 0.004409850109368563 -0.9858699440956116 -0.1674855798482895 -0.0
1.9171600341796875 0.49326300621032715 0.004409850109368563 0.9684438705444336 0.24915310740470886 -0.0
1.9171600341796875 0.49326300621032715 0.019409799948334694 0.9684438705444336 0.24915310740470886 -0.0
1.8690500259399414 0.48088499903678894 0.019409799948334694 -0.0 0.0 1.0
1.8690500259399414 0.48088499903678894 0.004409850109368563 -0.9684438705444336 -0.24915310740470886 -0.0
1.8693300485610962 0.6514909863471985 0.004409850109368563 0.9442731738090515 0.32908108830451965 -0.0
1.8693300485610962 0.6514909863471985 0.019409799948334694 0.9442731738090515 0.32908108830451965 -0.0
1.822409987449646 0.6351410150527954 0.019409799948334694 -0.0 0.0 1.0
1.822409987449646 0.6351410150527954 0.004409850109368563 -0.9442731738090515 -0.32908108830451965 -0.0
1.8084499835968018 0.8051760196685791 0.004409850109368563 0.9296853542327881 0.36826685070991516 -0.0
1.8084499835968018 0.8051760196685791 0.019409799948334694 0.9296853542327881 0.36826685070991516 -0.0
1.763069987297058 0.7849699854850769 0.019409799948334694 -0.0 0.0 0.999969482421875
1.763069987297058 0.7849699854850769 0.004409850109368563 -0.9297158718109131 -0.36820581555366516 -0.0
1.4296200275421143 -1.3331400156021118 0.01190979965031147 -0.6819971203804016 -0.731315016746521 -0.0
1.7857600450515747 0.7950729727745056 0.01190979965031147 -0.4067506790161133 0.9135105609893799 -0.0
1.4477900266647339 -1.3500800132751465 -0.6264690160751343 0.7591479420661926 -0.6508682370185852 -0.0
1.4477900266647339 -1.3500800132751465 -0.6114689707756042 0.7591479420661926 -0.6508682370185852 -0.0
1.411460041999817 -1.3162000179290771 -0.6114689707756042 -0.0 0.0 0.999969482421875
1.411460041999817 -1.3162000179290771 -0.6264690160751343 -0.7591784596443176 0.6508377194404602 -0.0
1.5553799867630005 -1.2245899438858032 -0.6264690160751343 0.7856990098953247 -0.6185796856880188 -0.0
1.5553799867630005 -1.2245899438858032 -0.6114689707756042 0.7856990098953247 -0.6185796856880188 -0.0
1.5163500308990479 -1.193850040435791 -0.6114689707756042 -0.0 0.0 1.0
1.5163500308990479 -1.193850040435791 -0.6264690160751343 -0.7856990098953247 0.6185796856880188 -0.0
1.6521199941635132 -1.0905499458312988 -0.6264690160751343 0.8345591425895691 -0.5508896112442017 -0.0
1.6521199941635132 -1.0905499458312988 -0.6114689707756042 0.8345591425895691 -0.5508896112442017 -0.0
1.6106599569320679 -1.0631799697875977 -0.6114689707756042 -0.0 0.0 1.0
1.6106599569320679 -1.0631799697875977 -0.6264690160751343 -0.8345591425895691 0.5508896112442017 -0.0
1.7373499870300293 -0.9489150047302246 -0.6264690160751343 0.8775902390480042 -0.47935423254966736 -0.0
1.7373499870300293 -0.9489150047302246 -0.6114689707756042 0.8775902390480042 -0.47935423254966736 -0.0
1.693750023841858 -0.9251019954681396 -0.6114689707756042 -0.0 0.0 0.999969482421875
1.693750023841858 -0.9251019954681396 -0.6264690160751343 -0.8776207566261292 0.47932371497154236 -0.0
1.8104599714279175 -0.8006619811058044 -0.6264690160751343 0.9145481586456299 -0.4044312834739685 -0.0
1.8104599714279175 -0.8006619811058044 -0.6114689707756042 0.9145481586456299 -0.4044312834739685 -0.0
1.7650200128555298 -0.7805690169334412 -0.6114689707756042 -0.0 0.0 1.0
1.7650200128555298 -0.7805690169334412 -0.6264690160751343 -0.9145481586456299 0.4044312834739685 -0.0
1.8709399700164795 -0.6468250155448914 -0.6264690160751343 0.9450972080230713 -0.3267311751842499 -0.0
1.8709399700164795 -0.6468250155448914 -0.6114689707756042 0.9450972080230713 -0.3267311751842499 -0.0
1.823989987373352 -0.6305930018424988 -0.6114689707756042 -0.0 0.0 1.0
1.823989987373352 -0.6305930018424988 -0.6264690160751343 -0.9450972080230713 0.3267311751842499 -0.0
1.9183900356292725 -0.48847898840904236 -0.6264690160751343 0.9690542221069336 -0.2467421442270279 -0.0
1.9183900356292725 -0.48847898840904236 -0.6114689707756042 0.9690542221069336 -0.2467421442270279 -0.0
1.8702399730682373 -0.4762200117111206 -0.6114689707756042 -0.0 0.0 1.0
1.8702399730682373 -0.4762200117111206 -0.6264690160751343 -0.9690542221069336 0.2467421442270279 -0.0
1.9524500370025635 -0.3267259895801544 -0.6264690160751343 0.9862666726112366 -0.16501358151435852 -0.0
1.9524500370025635 -0.3267259895801544 -0.6114689707756042 0.9862666726112366 -0.16501358151435852 -0.0
1.9034500122070312 -0.3185270130634308 -0.6114689707756042 -0.0 0.0 1.0
1.9034500122070312 -0.3185270130634308 -0.6264690160751343 -0.9862666726112366 0.16504409909248352 -0.0
1.9729000329971313 -0.1626960039138794 -0.6264690160751343 0.9966124296188354 -0.08218634873628616 -0.0
1.9729000329971313 -0.1626960039138794 -0.6114689707756042 0.9966124296188354 -0.08218634873628616 -0.0
1.9233900308609009 -0.15861299633979797 -0.6114689707756042 -0.0 0.0 1.0
1.9233900308609009 -0.15861299633979797 -0.6264690160751343 -0.9966124296188354 0.08218634873628616 -0.0
1.979599952697754 0.0024695000611245632 -0.6264690160751343 0.999969482421875 0.0012207403779029846 -0.0
1.979599952697754 0.0024695000611245632 -0.6114689707756042 0.999969482421875 0.0012207403779029846 -0.0
1.929919958114624 0.002407530089840293 -0.6114689707756042 -0.0 0.0 1.0
1.929919958114624 0.002407530089840293 -0.6264690160751343 -0.999969482421875 -0.0012207403779029846 -0.0
1.9724899530410767 0.16761699318885803 -0.6264690160751343 0.9963988065719604 0.08465834707021713 -0.0
1.9724899530410767 0.16761699318885803 -0.6114689707756042 0.9963988065719604 0.08465834707021713 -0.0
1.9229899644851685 0.1634110063314438 -0.6114689707756042 -0.0 0.0 1.0
1.9229899644851685 0.1634110063314438 -0.6264690160751343 -0.9963988065719604 -0.08465834707021713 -0.0
1.9516299962997437 0.3315959870815277 -0.6264690160751343 0.9858699440956116 0.1674855798482895 -0.0
1.9516299962997437 0.3315959870815277 -0.6114689707756042 0.9858699440956116 0.1674855798482895 -0.0
1.902649998664856 0.32327499985694885 -0.6114689707756042 -0.0 0.0 0.999969482421875
1.902649998664856 0.32327499985694885 -0.6264690160751343 -0.9858699440956116 -0.1674855798482895 -0.0
1.9171600341796875 0.49326300621032715 -0.6264690160751343 0.9684438705444336 0.24915310740470886 -0.0
1.9171600341796875 0.49326300621032715 -0.6114689707756042 0.9684438705444336 0.24915310740470886 -0.0
1.8690500259399414 0.48088499903678894 -0.6114689707756042 -0.0 0.0 1.0
1.8690500259399414 0.48088499903678894 -0.6264690160751343 -0.9684438705444336 -0.24915310740470886 -0.0
1.8693300485610962 0.6514909863471985 -0.6264690160751343 0.9442731738090515 0.32908108830451965 -0.0
1.8693300485610962 0.6514909863471985 -0.6114689707756042 0.9442731738090515 0.32908108830451965 -0.0
1.822409987449646 0.6351420283317566 -0.6114689707756042 -0.0 0.0 1.0
1.822409987449646 0.6351420283317566 -0.6264690160751343 -0.9442731738090515 -0.32908108830451965 -0.0
1.8084499835968018 0.8051760196685791 -0.6264690160751343 0.9296853542327881 0.36826685070991516 -0.0
1.8084499835968018 0.8051760196685791 -0.6114689707756042 0.9296853542327881 0.36826685070991516 -0.0
1.763069987297058 0.7849699854850769 -0.6114689707756042 -0.0 0.0 1.0
1.763069987297058 0.7849699854850769 -0.6264690160751343 -0.9297158718109131 -0.36820581555366516 -0.0
1.4296200275421143 -1.3331400156021118 -0.6189690232276917 -0.6819971203804016 -0.731315016746521 -0.0
1.7857600450515747 0.7950729727745056 -0.6189690232276917 -0.4067506790161133 0.9135105609893799 -0.0
1.4477900266647339 -1.3500800132751465 -0.8183019757270813 0.7591479420661926 -0.6508682370185852 -0.0
1.4477900266647339 -1.3500800132751465 -0.803301990032196 0.7591479420661926 -0.6508682370185852 -0.0
1.411460041999817 -1.3162000179290771 -0.803301990032196 -0.0 0.0 0.999969482421875
1.411460041999817 -1.3162000179290771 -0.8183019757270813 -0.7591784596443176 0.6508377194404602 -0.0
1.5553799867630005 -1.2245899438858032 -0.8183019757270813 0.7856990098953247 -0.6185796856880188 -0.0
1.5553799867630005 -1.2245899438858032 -0.803301990032196 0.7856990098953247 -0.6185796856880188 -0.0
1.5163500308990479 -1.193850040435791 -0.803301990032196 -0.0 0.0 1.0
1.5163500308990479 -1.193850040435791 -0.8183019757270813 -0.7856990098953247 0.6185796856880188 -0.0
1.6521199941635132 -1.0905499458312988 -0.8183019757270813 0.8345591425895691 -0.5508896112442017 -0.0
1.6521199941635132 -1.0905499458312988 -0.803301990032196 0.8345591425895691 -0.5508896112442017 -0.0
1.6106599569320679 -1.0631799697875977 -0.803301990032196 -0.0 0.0 1.0
1.6106599569320679 -1.0631799697875977 -0.8183019757270813 -0.8345591425895691 0.5508896112442017 -0.0
1.7373499870300293 -0.9489150047302246 -0.8183019757270813 0.8775902390480042 -0.47935423254966736 -0.0
1.7373499870300293 -0.9489150047302246 -0.803301990032196 0.8775902390480042 -0.47935423254966736 -0.0
1.693750023841858 -0.9251019954681396 -0.803301990032196 -0.0 0.0 0.999969482421875
1.693750023841858 -0.9251019954681396 -0.8183019757270813 -0.8776207566261292 0.47932371497154236 -0.0
1.8104599714279175 -0.8006619811058044 -0.8183019757270813 0.9145481586456299 -0.4044312834739685 -0.0
1.8104599714279175 -0.8006619811058044 -0.803301990032196 0.9145481586456299 -0.4044312834739685 -0.0
1.7650200128555298 -0.7805690169334412 -0.803301990032196 -0.0 0.0 1.0
1.7650200128555298 -0.7805690169334412 -0.8183019757270813 -0.9145481586456299 0.4044312834739685 -0.0
1.8709399700164795 -0.6468250155448914 -0.8183019757270813 0.9450972080230713 -0.3267311751842499 -0.0
1.8709399700164795 -0.6468250155448914 -0.803301990032196 0.9450972080230713 -0.3267311751842499 -0.0
1.823989987373352 -0.6305930018424988 -0.803301990032196 -0.0 0.0 1.0
1.823989987373352 -0.6305930018424988 -0.8183019757270813 -0.9450972080230713 0.3267311751842499 -0.0
1.9183900356292725 -0.48847898840904236 -0.8183019757270813 0.9690542221069336 -0.2467421442270279 -0.0
1.9183900356292725 -0.48847898840904236 -0.803301990032196 0.9690542221069336 -0.2467421442270279 -0.0
1.8702399730682373 -0.4762200117111206 -0.803301990032196 -0.0 0.0 1.0
1.8702399730682373 -0.4762200117111206 -0.8183019757270813 -0.9690542221069336 0.2467421442270279 -0.0
1.9524500370025635 -0.3267259895801544 -0.8183019757270813 0.9862666726112366 -0.16501358151435852 -0.0
1.9524500370025635 -0.3267259895801544 -0.803301990032196 0.9862666726112366 -0.16501358151435852 -0.0
1.9034500122070312 -0.3185270130634308 -0.803301990032196 -0.0 0.0 1.0
1.9034500122070312 -0.3185270130634308 -0.8183019757270813 -0.9862666726112366 0.16504409909248352 -0.0
1.9729000329971313 -0.1626960039138794 -0.8183019757270813 0.9966124296188354 -0.08218634873628616 -0.0
1.9729000329971313 -0.1626960039138794 -0.803301990032196 0.9966124296188354 -0.08218634873628616 -0.0
1.9233900308609009 -0.15861299633979797 -0.803301990032196 -0.0 0.0 1.0
1.9233900308609009 -0.15861299633979797 -0.8183019757270813 -0.9966124296188354 0.08218634873628616 -0.0
1.979599952697754 0.0024695000611245632 -0.8183019757270813 0.999969482421875 0.0012207403779029846 -0.0
1.979599952697754 0.0024695000611245632 -0.803301990032196 0.999969482421875 0.0012207403779029846 -0.0
1.929919958114624 0.002407530089840293 -0.803301990032196 -0.0 0.0 1.0
1.929919958114624 0.002407530089840293 -0.8183019757270813 -0.999969482421875 -0.0012207403779029846 -0.0
1.9724899530410767 0.16761699318885803 -0.8183019757270813 0.9963988065719604 0.08465834707021713 -0.0
1.9724899530410767 0.16761699318885803 -0.803301990032196 0.9963988065719604 0.08465834707021713 -0.0
1.9229899644851685 0.1634110063314438 -0.803301990032196 -0.0 0.0 1.0
1.9229899644851685 0.1634110063314438 -0.8183019757270813 -0.9963988065719604 -0.08465834707021713 -0.0
1.9516299962997437 0.3315959870815277 -0.8183019757270813 0.9858699440956116 0.1674855798482895 -0.0
1.9516299962997437 0.3315959870815277 -0.803301990032196 0.9858699440956116 0.1674855798482895 -0.0
1.902649998664856 0.32327499985694885 -0.803301990032196 -0.0 0.0 0.999969482421875
1.902649998664856 0.32327499985694885 -0.8183019757270813 -0.9858699440956116 -0.1674855798482895 -0.0
1.9171600341796875 0.49326300621032715 -0.8183019757270813 0.9684438705444336 0.24915310740470886 -0.0
1.9171600341796875 0.49326300621032715 -0.803301990032196 0.9684438705444336 0.24915310740470886 -0.0
1.8690500259399414 0.48088499903678894 -0.803301990032196 -0.0 0.0 1.0
1.8690500259399414 0.48088499903678894 -0.8183019757270813 -0.9684438705444336 -0.24915310740470886 -0.0
1.8693300485610962 0.6514909863471985 -0.8183019757270813 0.9442731738090515 0.32908108830451965 -0.0
1.8693300485610962 0.6514909863471985 -0.803301990032196 0.9442731738090515 0.32908108830451965 -0.0
1.822409987449646 0.6351420283317566 -0.803301990032196 -0.0 0.0 1.0
1.822409987449646 0.6351420283317566 -0.8183019757270813 -0.9442731738090515 -0.32908108830451965 -0.0
1.8084499835968018 0.8051760196685791 -0.8183019757270813 0.9296853542327881 0.36826685070991516 -0.0
1.8084499835968018 0.8051760196685791 -0.803301990032196 0.9296853542327881 0.36826685070991516 -0.0
1.763069987297058 0.7849699854850769 -0.803301990032196 -0.0 0.0 1.0
1.763069987297058 0.7849699854850769 -0.8183019757270813 -0.9297158718109131 -0.36820581555366516 -0.0
1.4296200275421143 -1.3331400156021118 -0.8108019828796387 -0.6819971203804016 -0.731315016746521 -0.0
1.7857600450515747 0.7950729727745056 -0.8108019828796387 -0.4067506790161133 0.9135105609893799 -0.0
1.4477900266647339 -1.3500800132751465 -1.0160800218582153 0.7591479420661926 -0.6508682370185852 -0.0
1.4477900266647339 -1.3500800132751465 -1.00108003616333 0.7591479420661926 -0.6508682370185852 -0.0
1.411460041999817 -1.3162000179290771 -1.00108003616333 -0.0 0.0 0.999969482421875
1.411460041999817 -1.3162000179290771 -1.0160800218582153 -0.7591784596443176 0.6508377194404602 -0.0
1.5553799867630005 -1.2245899438858032 -1.0160800218582153 0.7856990098953247 -0.6185796856880188 -0.0
1.5553799867630005 -1.2245899438858032 -1.00108003616333 0.7856990098953247 -0.6185796856880188 -0.0
1.5163500308990479 -1.193850040435791 -1.00108003616333 -0.0 0.0 1.0
1.5163500308990479 -1.193850040435791 -1.0160800218582153 -0.7856990098953247 0.6185796856880188 -0.0
1.6521199941635132 -1.0905499458312988 -1.0160800218582153 0.8345591425895691 -0.5508896112442017 -0.0
1.6521199941635132 -1.0905499458312988 -1.00108003616333 0.8345591425895691 -0.5508896112442017 -0.0
1.6106599569320679 -1.0631799697875977 -1.00108003616333 -0.0 0.0 1.0
1.6106599569320679 -1.0631799697875977 -1.0160800218582153 -0.8345591425895691 0.5508896112442017 -0.0
1.7373499870300293 -0.9489150047302246 -1.0160800218582153 0.8775902390480042 -0.47935423254966736 -0.0
1.7373499870300293 -0.9489150047302246 -1.00108003616333 0.8775902390480042 -0.47935423254966736 -0.0
1.693750023841858 -0.9251019954681396 -1.00108003616333 -0.0 0.0 0.999969482421875
1.693750023841858 -0.9251019954681396 -1.0160800218582153 -0.8776207566261292 0.47932371497154236 -0.0
1.8104599714279175 -0.8006619811058044 -1.0160800218582153 0.9145481586456299 -0.4044312834739685 -0.0
1.8104599714279175 -0.8006619811058044 -1.00108003616333 0.9145481586456299 -0.4044312834739685 -0.0
1.7650200128555298 -0.7805690169334412 -1.00108003616333 -0.0 0.0 1.0
1.7650200128555298 -0.7805690169334412 -1.0160800218582153 -0.9145481586456299 0.4044312834739685 -0.0
1.8709399700164795 -0.6468250155448914 -1.0160800218582153 0.9450972080230713 -0.3267311751842499 -0.0
1.8709399700164795 -0.6468250155448914 -1.00108003616333 0.9450972080230713 -0.3267311751842499 -0.0
1.823989987373352 -0.6305930018424988 -1.00108003616333 -0.0 0.0 1.0
1.823989987373352 -0.6305930018424988 -1.0160800218582153 -0.9450972080230713 0.3267311751842499 -0.0
1.9183900356292725 -0.48847898840904236 -1.0160800218582153 0.9690542221069336 -0.2467421442270279 -0.0
1.9183900356292725 -0.48847898840904236 -1.00108003616333 0.9690542221069336 -0.2467421442270279 -0.0
1.8702399730682373 -0.4762200117111206 -1.00108003616333 -0.0 0.0 1.0
1.8702399730682373 -0.4762200117111206 -1.0160800218582153 -0.9690542221069336 0.2467421442270279 -0.0
1.9524500370025635 -0.3267259895801544 -1.0160800218582153 0.9862666726112366 -0.16501358151435852 -0.0
1.9524500370025635 -0.3267259895801544 -1.00108003616333 0.9862666726112366 -0.16501358151435852 -0.0
1.9034500122070312 -0.3185270130634308 -1.00108003616333 -0.0 0.0 1.0
1.9034500122070312 -0.3185270130634308 -1.0160800218582153 -0.9862666726112366 0.16504409909248352 -0.0
1.9729000329971313 -0.1626960039138794 -1.0160800218582153 0.9966124296188354 -0.08218634873628616 -0.0
1.9729000329971313 -0.1626960039138794 -1.00108003616333 0.9966124296188354 -0.08218634873628616 -0.0
1.9233900308609009 -0.15861299633979797 -1.00108003616333 -0.0 0.0 1.0
1.9233900308609009 -0.15861299633979797 -1.0160800218582153 -0.9966124296188354 0.08218634873628616 -0.0
1.979599952697754 0.0024695000611245632 -1.0160800218582153 0.999969482421875 0.0012207403779029846 -0.0
1.979599952697754 0.0024695000611245632 -1.00108003616333 0.999969482421875 0.0012207403779029846 -0.0
1.929919958114624 0.002407530089840293 -1.00108003616333 -0.0 0.0 1.0
1.929919958114624 0.002407530089840293 -1.0160800218582153 -0.999969482421875 -0.0012207403779029846 -0.0
1.9724899530410767 0.16761699318885803 -1.0160800218582153 0.9963988065719604 0.08465834707021713 -0.0
1.9724899530410767 0.16761699318885803 -1.00108003616333 0.9963988065719604 0.08465834707021713 -0.0
1.9229899644851685 0.1634110063314438 -1.00108003616333 -0.0 0.0 1.0
1.9229899644851685 0.1634110063314438 -1.0160800218582153 -0.9963988065719604 -0.08465834707021713 -0.0
1.9516299962997437 0.3315959870815277 -1.0160800218582153 0.9858699440956116 0.1674855798482895 -0.0
1.9516299962997437 0.3315959870815277 -1.00108003616333 0.9858699440956116 0.1674855798482895 -0.0
1.902649998664856 0.32327499985694885 -1.00108003616333 -0.0 0.0 0.999969482421875
1.902649998664856 0.32327499985694885 -1.0160800218582153 -0.9858699440956116 -0.1674855798482895 -0.0
1.9171600341796875 0.49326300621032715 -1.0160800218582153 0.9684438705444336 0.24915310740470886 -0.0
1.9171600341796875 0.49326300621032715 -1.00108003616333 0.9684438705444336 0.24915310740470886 -0.0
1.8690500259399414 0.48088499903678894 -1.00108003616333 -0.0 0.0 1.0
1.8690500259399414 0.48088499903678894 -1.0160800218582153 -0.9684438705444336 -0.24915310740470886 -0.0
1.8693300485610962 0.6514909863471985 -1.0160800218582153 0.9442731738090515 0.32911160588264465 -0.0
1.8693300485610962 0.6514909863471985 -1.00108003616333 0.9442731738090515 0.32908108830451965 -0.0
1.822409987449646 0.6351420283317566 -1.00108003616333 -0.0 0.0 1.0
1.822409987449646 0.6351420283317566 -1.0160800218582153 -0.9442731738090515 -0.32908108830451965 -0.0
1.8084499835968018 0.8051760196685791 -1.0160800218582153 0.9296853542327881 0.36826685070991516 -0.0
1.8084499835968018 0.8051760196685791 -1.00108003616333 0.9296853542327881 0.36826685070991516 -0.0
1.763069987297058 0.7849699854850769 -1.00108003616333 -0.0 0.0 1.0
1.763069987297058 0.7849699854850769 -1.0160800218582153 -0.9297158718109131 -0.36820581555366516 -0.0
1.4296200275421143 -1.3331400156021118 -1.008579969406128 -0.6819971203804016 -0.731315016746521 -0.0
1.7857600450515747 0.7950729727745056 -1.008579969406128 -0.4067506790161133 0.9135105609893799 -0.0
1.4477900266647339 -1.3500800132751465 -1.0574100017547607 0.7591479420661926 -0.6508682370185852 -0.0
1.4477900266647339 -1.3500800132751465 -1.0424100160598755 0.7591479420661926 -0.6508682370185852 -0.0
1.411460041999817 -1.3162000179290771 -1.0424100160598755 -0.0 0.0 0.999969482421875
1.411460041999817 -1.3162000179290771 -1.0574100017547607 -0.7591784596443176 0.6508377194404602 -0.0
1.5553799867630005 -1.2245899438858032 -1.0574100017547607 0.7856990098953247 -0.6185796856880188 -0.0
1.5553799867630005 -1.2245899438858032 -1.0424100160598755 0.7856990098953247 -0.6185796856880188 -0.0
1.5163500308990479 -1.193850040435791 -1.0424100160598755 -0.0 0.0 1.0
1.5163500308990479 -1.193850040435791 -1.0574100017547607 -0.7856990098953247 0.6185796856880188 -0.0
1.6521199941635132 -1.0905499458312988 -1.0574100017547607 0.8345591425895691 -0.5508896112442017 -0.0
1.6521199941635132 -1.0905499458312988 -1.0424100160598755 0.8345591425895691 -0.5508896112442017 -0.0
1.6106599569320679 -1.0631799697875977 -1.0424100160598755 -0.0 0.0 1.0
1.6106599569320679 -1.0631799697875977 -1.0574100017547607 -0.8345591425895691 0.5508896112442017 -0.0
1.7373499870300293 -0.9489150047302246 -1.0574100017547607 0.8775902390480042 -0.47935423254966736 -0.0
1.7373499870300293 -0.9489150047302246 -1.0424100160598755 0.8775902390480042 -0.47935423254966736 -0.0
1.693750023841858 -0.9251019954681396 -1.0424100160598755 -0.0 0.0 0.999969482421875
1.693750023841858 -0.9251019954681396 -1.0574100017547607 -0.8776207566261292 0.47932371497154236 -0.0
1.8104599714279175 -0.8006619811058044 -1.0574100017547607 0.9145481586456299 -0.4044312834739685 -0.0
1.8104599714279175 -0.8006619811058044 -1.0424100160598755 0.9145481586456299 -0.4044312834739685 -0.0
1.7650200128555298 -0.7805690169334412 -1.0424100160598755 -0.0 0.0 1.0
1.7650200128555298 -0.7805690169334412 -1.0574100017547607 -0.9145481586456299 0.4044312834739685 -0.0
1.8709399700164795 -0.6468250155448914 -1.0574100017547607 0.9450972080230713 -0.3267311751842499 -0.0
1.8709399700164795 -0.6468250155448914 -1.0424100160598755 0.9450972080230713 -0.3267311751842499 -0.0
1.823989987373352 -0.6305930018424988 -1.0424100160598755 -0.0 0.0 1.0
1.823989987373352 -0.6305930018424988 -1.0574100017547607 -0.9450972080230713 0.3267311751842499 -0.0
1.9183900356292725 -0.48847898840904236 -1.0574100017547607 0.9690542221069336 -0.2467421442270279 -0.0
1.9183900356292725 -0.48847898840904236 -1.0424100160598755 0.9690542221069336 -0.2467421442270279 -0.0
1.8702399730682373 -0.4762200117111206 -1.0424100160598755 -0.0 0.0 1.0
1.8702399730682373 -0.4762200117111206 -1.0574100017547607 -0.9690542221069336 0.2467421442270279 -0.0
1.9524500370025635 -0.3267259895801544 -1.0574100017547607 0.9862666726112366 -0.16501358151435852 -0.0
1.9524500370025635 -0.3267259895801544 -1.0424100160598755 0.9862666726112366 -0.16501358151435852 -0.0
1.9034500122070312 -0.3185270130634308 -1.0424100160598755 -0.0 0.0 1.0
1.9034500122070312 -0.3185270130634308 -1.0574100017547607 -0.9862666726112366 0.16504409909248352 -0.0
1.9729000329971313 -0.1626960039138794 -1.0574100017547607 0.9966124296188354 -0.08218634873628616 -0.0
1.9729000329971313 -0.1626960039138794 -1.0424100160598755 0.9966124296188354 -0.08218634873628616 -0.0
1.9233900308609009 -0.15861299633979797 -1.0424100160598755 -0.0 0.0 1.0
1.9233900308609009 -0.15861299633979797 -1.0574100017547607 -0.9966124296188354 0.08218634873628616 -0.0
1.979599952697754 0.0024695000611245632 -1.0574100017547607 0.999969482421875 0.0012207403779029846 -0.0
1.979599952697754 0.0024695000611245632 -1.0424100160598755 0.999969482421875 0.0012207403779029846 -0.0
1.929919958114624 0.002407530089840293 -1.0424100160598755 -0.0 0.0 1.0
1.929919958114624 0.002407530089840293 -1.0574100017547607 -0.999969482421875 -0.0012207403779029846 -0.0
1.9724899530410767 0.16761699318885803 -1.0574100017547607 0.9963988065719604 0.08465834707021713 -0.0
1.9724899530410767 0.16761699318885803 -1.0424100160598755 0.9963988065719604 0.08465834707021713 -0.0
1.9229899644851685 0.1634110063314438 -1.0424100160598755 -0.0 0.0 1.0
1.9229899644851685 0.1634110063314438 -1.0574100017547607 -0.9963988065719604 -0.08465834707021713 -0.0
1.9516299962997437 0.3315959870815277 -1.0574100017547607 0.9858699440956116 0.1674855798482895 -0.0
1.9516299962997437 0.3315959870815277 -1.0424100160598755 0.9858699440956116 0.1674855798482895 -0.0
1.902649998664856 0.32327499985694885 -1.0424100160598755 -0.0 0.0 0.999969482421875
1.902649998664856 0.32327499985694885 -1.0574100017547607 -0.9858699440956116 -0.1674855798482895 -0.0
1.9171600341796875 0.49326300621032715 -1.0574100017547607 0.9684438705444336 0.24915310740470886 -0.0
1.9171600341796875 0.49326300621032715 -1.0424100160598755 0.9684438705444336 0.24915310740470886 -0.0
1.8690500259399414 0.48088499903678894 -1.0424100160598755 -0.0 0.0 1.0
1.8690500259399414 0.48088499903678894 -1.0574100017547607 -0.9684438705444336 -0.24915310740470886 -0.0
1.8693300485610962 0.6514909863471985 -1.0574100017547607 0.9442731738090515 0.32908108830451965 -0.0
1.8693300485610962 0.6514909863471985 -1.0424100160598755 0.9442731738090515 0.32908108830451965 -0.0
1.822409987449646 0.6351420283317566 -1.0424100160598755 -0.0 0.0 1.0
1.822409987449646 0.6351420283317566 -1.0574100017547607 -0.9442731738090515 -0.32908108830451965 -0.0
1.8084499835968018 0.8051760196685791 -1.0574100017547607 0.9296853542327881 0.36826685070991516 -0.0
1.8084499835968018 0.8051760196685791 -1.0424100160598755 0.9296853542327881 0.36826685070991516 -0.0
1.763069987297058 0.7849699854850769 -1.0424100160598755 -0.0 0.0 1.0
1.763069987297058 0.7849699854850769 -1.0574100017547607 -0.9297158718109131 -0.36820581555366516 -0.0
1.4296200275421143 -1.3331400156021118 -1.0499099493026733 -0.6819971203804016 -0.731315016746521 -0.0
1.7857600450515747 0.7950729727745056 -1.0499099493026733 -0.4067506790161133 0.9135105609893799 -0.0
1.4477900266647339 -1.3500800132751465 -0.42275598645210266 -0.0 0.0 -1.0
1.4477900266647339 -1.3500800132751465 -0.42275598645210266 -0.6819360852241516 -0.731406569480896 -6.103701889514923e-05
1.4477900266647339 -1.3500800132751465 -0.4077560007572174 -0.0 0.0 1.0
1.4477900266647339 -1.3500800132751465 -0.4077560007572174 -0.6819360852241516 -0.731406569480896 6.103701889514923e-05
1.411460041999817 -1.3162000179290771 -0.4077560007572174 -0.7591784596443176 0.6508377194404602 -0.0
1.411460041999817 -1.3162000179290771 -0.4077560007572174 -0.6820886731147766 -0.731253981590271 6.103701889514923e-05
1.411460041999817 -1.3162000179290771 -0.42275598645210266 -0.0 0.0 -0.999969482421875
1.411460041999817 -1.3162000179290771 -0.42275598645210266 -0.6820886731147766 -0.731253981590271 -6.103701889514923e-05
1.5553799867630005 -1.2245899438858032 -0.42275598645210266 -0.0 0.0 -1.0
1.5553799867630005 -1.2245899438858032 -0.4077560007572174 -0.0 0.0 1.0
1.5163500308990479 -1.193850040435791 -0.4077560007572174 -0.7856990098953247 0.6185796856880188 -0.0
1.5163500308990479 -1.193850040435791 -0.42275598645210266 -0.0 0.0 -1.0
1.6521199941635132 -1.0905499458312988 -0.42275598645210266 -0.0 0.0 -0.999969482421875
1.6521199941635132 -1.0905499458312988 -0.4077560007572174 -0.0 0.0 0.999969482421875
1.6106599569320679 -1.0631799697875977 -0.4077560007572174 -0.8345591425895691 0.5508896112442017 -0.0
1.6106599569320679 -1.0631799697875977 -0.42275598645210266 -0.0 0.0 -1.0
1.7373499870300293 -0.9489150047302246 -0.42275598645210266 -0.0 0.0 -1.0
1.7373499870300293 -0.9489150047302246 -0.4077560007572174 -0.0 0.0 0.999969482421875
1.693750023841858 -0.9251019954681396 -0.4077560007572174 -0.8776207566261292 0.47932371497154236 -0.0
1.693750023841858 -0.9251019954681396 -0.42275598645210266 -0.0 0.0 -1.0
1.8104599714279175 -0.8006619811058044 -0.42275598645210266 -0.0 0.0 -0.999969482421875
1.8104599714279175 -0.8006619811058044 -0.4077560007572174 -0.0 0.0 0.999969482421875
1.7650200128555298 -0.7805690169334412 -0.4077560007572174 -0.9145481586456299 0.4044312834739685 -0.0
1.7650200128555298 -0.7805690169334412 -0.42275598645210266 -0.0 0.0 -1.0
1.8709399700164795 -0.6468250155448914 -0.42275598645210266 -0.0 0.0 -1.0
1.8709399700164795 -0.6468250155448914 -0.4077560007572174 -0.0 0.0 1.0
1.823989987373352 -0.6305930018424988 -0.4077560007572174 -0.9450972080230713 0.3267311751842499 -0.0
1.823989987373352 -0.6305930018424988 -0.42275598645210266 -0.0 0.0 -1.0
1.9183900356292725 -0.48847898840904236 -0.42275598645210266 -0.0 0.0 -1.0
1.9183900356292725 -0.48847898840904236 -0.4077560007572174 -0.0 0.0 1.0
1.8702399730682373 -0.4762200117111206 -0.4077560007572174 -0.9690542221069336 0.2467421442270279 -0.0
1.8702399730682373 -0.4762200117111206 -0.42275598645210266 -0.0 0.0 -1.0
1.9524500370025635 -0.3267259895801544 -0.42275598645210266 -0.0 0.0 -1.0
1.9524500370025635 -0.3267259895801544 -0.4077560007572174 -0.0 0.0 1.0
1.9034500122070312 -0.3185270130634308 -0.4077560007572174 -0.9862666726112366 0.16504409909248352 -0.0
1.9034500122070312 -0.3185270130634308 -0.42275598645210266 -0.0 0.0 -1.0
1.9729000329971313 -0.1626960039138794 -0.42275598645210266 -0.0 0.0 -1.0
1.9729000329971313 -0.1626960039138794 -0.4077560007572174 -0.0 0.0 1.0
1.9233900308609009 -0.15861299633979797 -0.4077560007572174 -0.9966124296188354 0.08218634873628616 -0.0
1.9233900308609009 -0.15861299633979797 -0.42275598645210266 -0.0 0.0 -1.0
1.979599952697754 0.0024695000611245632 -0.42275598645210266 -0.0 0.0 -1.0
1.979599952697754 0.0024695000611245632 -0.4077560007572174 -0.0 0.0 0.999969482421875
1.929919958114624 0.002407530089840293 -0.4077560007572174 -0.999969482421875 -0.0012207403779029846 -0.0
1.929919958114624 0.002407530089840293 -0.42275598645210266 -0.0 0.0 -1.0
1.9724899530410767 0.16761699318885803 -0.42275598645210266 -0.0 0.0 -1.0
1.9724899530410767 0.16761699318885803 -0.4077560007572174 -0.0 0.0 0.999969482421875
1.9229899644851685 0.1634110063314438 -0.4077560007572174 -0.9963988065719604 -0.08465834707021713 -0.0
1.9229899644851685 0.1634110063314438 -0.42275598645210266 -0.0 0.0 -1.0
1.9516299962997437 0.3315959870815277 -0.42275598645210266 -0.0 0.0 -1.0
1.9516299962997437 0.3315959870815277 -0.4077560007572174 -0.0 0.0 1.0
1.902649998664856 0.32327499985694885 -0.4077560007572174 -0.9858699440956116 -0.1674855798482895 -0.0
1.902649998664856 0.32327499985694885 -0.42275598645210266 -0.0 0.0 -1.0
1.9171600341796875 0.49326300621032715 -0.42275598645210266 -0.0 0.0 -1.0
1.9171600341796875 0.49326300621032715 -0.4077560007572174 -0.0 0.0 1.0
1.8690500259399414 0.48088499903678894 -0.4077560007572174 -0.9684438705444336 -0.24915310740470886 -0.0
1.8690500259399414 0.48088499903678894 -0.42275598645210266 -0.0 0.0 -0.999969482421875
1.8693300485610962 0.6514909863471985 -0.42275598645210266 -0.0 0.0 -0.999969482421875
1.8693300485610962 0.6514909863471985 -0.4077560007572174 -0.0 0.0 0.999969482421875
1.822409987449646 0.6351420283317566 -0.4077560007572174 -0.9442731738090515 -0.32908108830451965 -0.0
1.822409987449646 0.6351420283317566 -0.42275598645210266 -0.0 0.0 -1.0
1.8084499835968018 0.8051760196685791 -0.42275598645210266 -0.0 0.0 -1.0
1.8084499835968018 0.8051760196685791 -0.42275598645210266 -0.4067506790161133 0.9135105609893799 -0.0
1.8084499835968018 0.8051760196685791 -0.4077560007572174 -0.0 0.0 0.999969482421875
1.8084499835968018 0.8051760196685791 -0.4077560007572174 -0.4067506790161133 0.9135105609893799 -0.0
1.763069987297058 0.7849699854850769 -0.4077560007572174 -0.9297158718109131 -0.36820581555366516 -0.0
1.763069987297058 0.7849699854850769 -0.4077560007572174 -0.4067506790161133 0.9135105609893799 -0.0
1.763069987297058 0.7849699854850769 -0.42275598645210266 -0.0 0.0 -0.999969482421875
1.763069987297058 0.7849699854850769 -0.42275598645210266 -0.4067506790161133 0.9135105609893799 -0.0
1.4477900266647339 -1.3500800132751465 -0.2322079986333847 -0.0 0.0 -1.0
1.4477900266647339 -1.3500800132751465 -0.2322079986333847 -0.6819360852241516 -0.731406569480896 -6.103701889514923e-05
1.4477900266647339 -1.3500800132751465 -0.21720799803733826 -0.0 0.0 1.0
1.4477900266647339 -1.3500800132751465 -0.21720799803733826 -0.6819360852241516 -0.731406569480896 6.103701889514923e-05
1.411460041999817 -1.3162000179290771 -0.21720799803733826 -0.7591784596443176 0.6508377194404602 -0.0
1.411460041999817 -1.3162000179290771 -0.21720799803733826 -0.6820886731147766 -0.731253981590271 6.103701889514923e-05
1.411460041999817 -1.3162000179290771 -0.2322079986333847 -0.0 0.0 -0.999969482421875
1.411460041999817 -1.3162000179290771 -0.2322079986333847 -0.6820886731147766 -0.731253981590271 -6.103701889514923e-05
1.5553799867630005 -1.2245899438858032 -0.2322079986333847 -0.0 0.0 -1.0
1.5553799867630005 -1.2245899438858032 -0.21720799803733826 -0.0 0.0 1.0
1.5163500308990479 -1.193850040435791 -0.21720799803733826 -0.7856990098953247 0.6185796856880188 -0.0
1.5163500308990479 -1.193850040435791 -0.2322079986333847 -0.0 0.0 -1.0
1.6521199941635132 -1.0905499458312988 -0.2322079986333847 -0.0 0.0 -0.999969482421875
1.6521199941635132 -1.0905499458312988 -0.21720799803733826 -0.0 0.0 0.999969482421875
1.6106599569320679 -1.0631799697875977 -0.21720799803733826 -0.8345591425895691 0.5508896112442017 -0.0
1.6106599569320679 -1.0631799697875977 -0.2322079986333847 -0.0 0.0 -1.0
1.7373499870300293 -0.9489150047302246 -0.2322079986333847 -0.0 0.0 -1.0
1.7373499870300293 -0.9489150047302246 -0.21720799803733826 -0.0 0.0 0.999969482421875
1.693750023841858 -0.9251019954681396 -0.21720799803733826 -0.8776207566261292 0.47932371497154236 -0.0
1.693750023841858 -0.9251019954681396 -0.2322079986333847 -0.0 0.0 -1.0
1.8104599714279175 -0.8006619811058044 -0.2322079986333847 -0.0 0.0 -0.999969482421875
1.8104599714279175 -0.8006619811058044 -0.21720799803733826 -0.0 0.0 0.999969482421875
1.7650200128555298 -0.7805690169334412 -0.21720799803733826 -0.9145481586456299 0.4044312834739685 -0.0
1.7650200128555298 -0.7805690169334412 -0.2322079986333847 -0.0 0.0 -1.0
1.8709399700164795 -0.6468250155448914 -0.2322079986333847 -0.0 0.0 -1.0
1.8709399700164795 -0.6468250155448914 -0.21720799803733826 -0.0 0.0 1.0
1.823989987373352 -0.6305930018424988 -0.21720799803733826 -0.9450972080230713 0.3267311751842499 -0.0
1.823989987373352 -0.6305930018424988 -0.2322079986333847 -0.0 0.0 -1.0
1.9183900356292725 -0.48847898840904236 -0.2322079986333847 -0.0 0.0 -1.0
1.9183900356292725 -0.48847898840904236 -0.21720799803733826 -0.0 0.0 1.0
1.8702399730682373 -0.4762200117111206 -0.21720799803733826 -0.9690542221069336 0.2467421442270279 -0.0
1.8702399730682373 -0.4762200117111206 -0.2322079986333847 -0.0 0.0 -1.0
1.9524500370025635 -0.3267259895801544 -0.2322079986333847 -0.0 0.0 -1.0
1.9524500370025635 -0.3267259895801544 -0.21720799803733826 -0.0 0.0 1.0
1.9034500122070312 -0.3185270130634308 -0.21720799803733826 -0.9862666726112366 0.16504409909248352 -0.0
1.9034500122070312 -0.3185270130634308 -0.2322079986333847 -0.0 0.0 -1.0
1.9729000329971313 -0.1626960039138794 -0.2322079986333847 -0.0 0.0 -1.0
1.9729000329971313 -0.1626960039138794 -0.21720799803733826 -0.0 0.0 1.0
1.9233900308609009 -0.15861299633979797 -0.21720799803733826 -0.9966124296188354 0.08218634873628616 -0.0
1.9233900308609009 -0.15861299633979797 -0.2322079986333847 -0.0 0.0 -1.0
1.979599952697754 0.002469470025971532 -0.2322079986333847 -0.0 0.0 -0.999969482421875
1.979599952697754 0.002469470025971532 -0.21720799803733826 -0.0 0.0 0.999969482421875
1.929919958114624 0.0024075000546872616 -0.21720799803733826 -0.999969482421875 -0.0012207403779029846 -0.0
1.929919958114624 0.0024075000546872616 -0.2322079986333847 -0.0 0.0 -1.0
1.9724899530410767 0.16761699318885803 -0.2322079986333847 -0.0 0.0 -1.0
1.9724899530410767 0.16761699318885803 -0.21720799803733826 -0.0 0.0 0.999969482421875
1.9229899644851685 0.1634110063314438 -0.21720799803733826 -0.9963988065719604 -0.08465834707021713 -0.0
1.9229899644851685 0.1634110063314438 -0.2322079986333847 -0.0 0.0 -1.0
1.9516299962997437 0.3315959870815277 -0.2322079986333847 -0.0 0.0 -1.0
1.9516299962997437 0.3315959870815277 -0.21720799803733826 -0.0 0.0 1.0
1.902649998664856 0.32327499985694885 -0.21720799803733826 -0.9858699440956116 -0.1674855798482895 -0.0
1.902649998664856 0.32327499985694885 -0.2322079986333847 -0.0 0.0 -1.0
1.9171600341796875 0.49326300621032715 -0.2322079986333847 -0.0 0.0 -1.0
1.9171600341796875 0.49326300621032715 -0.21720799803733826 -0.0 0.0 1.0
1.8690500259399414 0.48088499903678894 -0.21720799803733826 -0.9684438705444336 -0.24915310740470886 -0.0
1.8690500259399414 0.48088499903678894 -0.2322079986333847 -0.0 0.0 -0.999969482421875
1.8693300485610962 0.6514909863471985 -0.2322079986333847 -0.0 0.0 -0.999969482421875
1.8693300485610962 0.6514909863471985 -0.21720799803733826 -0.0 0.0 1.0
1.822409987449646 0.6351410150527954 -0.21720799803733826 -0.9442731738090515 -0.32908108830451965 -0.0
1.822409987449646 0.6351410150527954 -0.2322079986333847 -0.0 0.0 -1.0
1.8084499835968018 0.8051760196685791 -0.2322079986333847 -0.0 0.0 -0.999969482421875
1.8084499835968018 0.8051760196685791 -0.2322079986333847 -0.4067506790161133 0.9135105609893799 -0.0
1.8084499835968018 0.8051760196685791 -0.21720799803733826 -0.0 0.0 0.999969482421875
1.8084499835968018 0.8051760196685791 -0.21720799803733826 -0.4067506790161133 0.9135105609893799 -0.0
1.763069987297058 0.7849699854850769 -0.21720799803733826 -0.9297158718109131 -0.36820581555366516 -0.0
1.763069987297058 0.7849699854850769 -0.21720799803733826 -0.4067506790161133 0.9135105609893799 -0.0
1.763069987297058 0.7849699854850769 -0.2322079986333847 -0.0 0.0 -1.0
1.763069987297058 0.7849699854850769 -0.2322079986333847 -0.4067506790161133 0.9135105609893799 -0.0
1.4477900266647339 -1.3500800132751465 -0.048051901161670685 -0.0 0.0 -1.0
1.4477900266647339 -1.3500800132751465 -0.048051901161670685 -0.6819360852241516 -0.731406569480896 -6.103701889514923e-05
1.4477900266647339 -1.3500800132751465 -0.03305190056562424 -0.0 0.0 1.0
1.4477900266647339 -1.3500800132751465 -0.03305190056562424 -0.6819360852241516 -0.731406569480896 6.103701889514923e-05
1.411460041999817 -1.3162000179290771 -0.03305190056562424 -0.7591784596443176 0.6508377194404602 -0.0
1.411460041999817 -1.3162000179290771 -0.03305190056562424 -0.6820886731147766 -0.731253981590271 6.103701889514923e-05
1.411460041999817 -1.3162000179290771 -0.048051901161670685 -0.0 0.0 -0.999969482421875
1.411460041999817 -1.3162000179290771 -0.048051901161670685 -0.6820886731147766 -0.731253981590271 -6.103701889514923e-05
1.5553799867630005 -1.2245899438858032 -0.048051901161670685 -0.0 0.0 -1.0
1.5553799867630005 -1.2245899438858032 -0.03305190056562424 -0.0 0.0 1.0
1.5163500308990479 -1.193850040435791 -0.03305190056562424 -0.7856990098953247 0.6185796856880188 -0.0
1.5163500308990479 -1.193850040435791 -0.048051901161670685 -0.0 0.0 -1.0
1.6521199941635132 -1.0905499458312988 -0.048051901161670685 -0.0 0.0 -0.999969482421875
1.6521199941635132 -1.0905499458312988 -0.03305190056562424 -0.0 0.0 0.999969482421875
1.6106599569320679 -1.0631799697875977 -0.03305190056562424 -0.8345591425895691 0.5508896112442017 -0.0
1.6106599569320679 -1.0631799697875977 -0.048051901161670685 -0.0 0.0 -1.0
1.7373499870300293 -0.9489150047302246 -0.048051901161670685 -0.0 0.0 -1.0
1.7373499870300293 -0.9489150047302246 -0.03305190056562424 -0.0 0.0 0.999969482421875
1.693750023841858 -0.9251019954681396 -0.03305190056562424 -0.8776207566261292 0.47932371497154236 -0.0
1.693750023841858 -0.9251019954681396 -0.048051901161670685 -0.0 0.0 -1.0
1.8104599714279175 -0.8006619811058044 -0.048051901161670685 -0.0 0.0 -0.999969482421875
1.8104599714279175 -0.8006619811058044 -0.03305190056562424 -0.0 0.0 0.999969482421875
1.7650200128555298 -0.7805690169334412 -0.03305190056562424 -0.9145481586456299 0.4044312834739685 -0.0
1.7650200128555298 -0.7805690169334412 -0.048051901161670685 -0.0 0.0 -1.0
1.8709399700164795 -0.6468250155448914 -0.048051901161670685 -0.0 0.0 -1.0
1.8709399700164795 -0.6468250155448914 -0.03305190056562424 -0.0 0.0 1.0
1.823989987373352 -0.6305930018424988 -0.03305190056562424 -0.9450972080230713 0.3267311751842499 -0.0
1.823989987373352 -0.6305930018424988 -0.048051901161670685 -0.0 0.0 -1.0
1.9183900356292725 -0.48847898840904236 -0.048051901161670685 -0.0 0.0 -1.0
1.9183900356292725 -0.48847898840904236 -0.03305190056562424 -0.0 0.0 1.0
1.8702399730682373 -0.4762200117111206 -0.03305190056562424 -0.9690542221069336 0.2467421442270279 -0.0
1.8702399730682373 -0.4762200117111206 -0.048051901161670685 -0.0 0.0 -1.0
1.9524500370025635 -0.3267259895801544 -0.048051901161670685 -0.0 0.0 -1.0
1.9524500370025635 -0.3267259895801544 -0.03305190056562424 -0.0 0.0 1.0
1.9034500122070312 -0.3185270130634308 -0.03305190056562424 -0.9862666726112366 0.16504409909248352 -0.0
1.9034500122070312 -0.3185270130634308 -0.048051901161670685 -0.0 0.0 -1.0
1.9729000329971313 -0.1626960039138794 -0.048051901161670685 -0.0 0.0 -1.0
1.9729000329971313 -0.1626960039138794 -0.03305190056562424 -0.0 0.0 1.0
1.9233900308609009 -0.15861299633979797 -0.03305190056562424 -0.9966124296188354 0.08218634873628616 -0.0
1.9233900308609009 -0.15861299633979797 -0.048051901161670685 -0.0 0.0 -1.0
1.979599952697754 0.002469470025971532 -0.048051901161670685 -0.0 0.0 -0.999969482421875
1.979599952697754 0.002469470025971532 -0.03305190056562424 -0.0 0.0 0.999969482421875
1.929919958114624 0.0024075000546872616 -0.03305190056562424 -0.999969482421875 -0.0012207403779029846 -0.0
1.929919958114624 0.0024075000546872616 -0.048051901161670685 -0.0 0.0 -1.0
1.9724899530410767 0.16761699318885803 -0.048051901161670685 -0.0 0.0 -1.0
1.9724899530410767 0.16761699318885803 -0.03305190056562424 -0.0 0.0 0.999969482421875
1.9229899644851685 0.1634110063314438 -0.03305190056562424 -0.9963988065719604 -0.08465834707021713 -0.0
1.9229899644851685 0.1634110063314438 -0.048051901161670685 -0.0 0.0 -1.0
1.9516299962997437 0.3315959870815277 -0.048051901161670685 -0.0 0.0 -1.0
1.9516299962997437 0.3315959870815277 -0.03305190056562424 -0.0 0.0 1.0
1.902649998664856 0.32327499985694885 -0.03305190056562424 -0.9858699440956116 -0.1674855798482895 -0.0
1.902649998664856 0.32327499985694885 -0.048051901161670685 -0.0 0.0 -1.0
1.9171600341796875 0.49326300621032715 -0.048051901161670685 -0.0 0.0 -1.0
1.9171600341796875 0.49326300621032715 -0.03305190056562424 -0.0 0.0 1.0
1.8690500259399414 0.48088499903678894 -0.03305190056562424 -0.9684438705444336 -0.24915310740470886 -0.0
1.8690500259399414 0.48088499903678894 -0.048051901161670685 -0.0 0.0 -0.999969482421875
1.8693300485610962 0.6514909863471985 -0.048051901161670685 -0.0 0.0 -0.999969482421875
1.8693300485610962 0.6514909863471985 -0.03305190056562424 -0.0 0.0 1.0
1.822409987449646 0.6351410150527954 -0.03305190056562424 -0.9442731738090515 -0.32908108830451965 -0.0
1.822409987449646 0.6351410150527954 -0.048051901161670685 -0.0 0.0 -1.0
1.8084499835968018 0.8051760196685791 -0.048051901161670685 -0.0 0.0 -0.999969482421875
1.8084499835968018 0.8051760196685791 -0.048051901161670685 -0.4067506790161133 0.9135105609893799 -0.0
1.8084499835968018 0.8051760196685791 -0.03305190056562424 -0.0 0.0 0.999969482421875
1.8084499835968018 0.8051760196685791 -0.03305190056562424 -0.4067506790161133 0.9135105609893799 -0.0
1.763069987297058 0.7849699854850769 -0.03305190056562424 -0.9297158718109131 -0.36820581555366516 -0.0
1.763069987297058 0.7849699854850769 -0.03305190056562424 -0.4067506790161133 0.9135105609893799 -0.0
1.763069987297058 0.7849699854850769 -0.048051901161670685 -0.0 0.0 -1.0
1.763069987297058 0.7849699854850769 -0.048051901161670685 -0.4067506790161133 0.9135105609893799 -0.0
1.4477900266647339 -1.3500800132751465 0.004409850109368563 -0.0 0.0 -1.0
1.4477900266647339 -1.3500800132751465 0.004409850109368563 -0.6819360852241516 -0.731406569480896 -6.103701889514923e-05
1.4477900266647339 -1.3500800132751465 0.019409799948334694 -0.0 0.0 1.0
1.4477900266647339 -1.3500800132751465 0.019409799948334694 -0.6819360852241516 -0.731406569480896 6.103701889514923e-05
1.411460041999817 -1.3162000179290771 0.019409799948334694 -0.7591784596443176 0.6508377194404602 -0.0
1.411460041999817 -1.3162000179290771 0.019409799948334694 -0.6820886731147766 -0.731253981590271 6.103701889514923e-05
1.411460041999817 -1.3162000179290771 0.004409850109368563 -0.0 0.0 -0.999969482421875
1.411460041999817 -1.3162000179290771 0.004409850109368563 -0.6820886731147766 -0.731253981590271 -6.103701889514923e-05
1.5553799867630005 -1.2245899438858032 0.004409850109368563 -0.0 0.0 -1.0
1.5553799867630005 -1.2245899438858032 0.019409799948334694 -0.0 0.0 1.0
1.5163500308990479 -1.193850040435791 0.019409799948334694 -0.7856990098953247 0.6185796856880188 -0.0
1.5163500308990479 -1.193850040435791 0.004409850109368563 -0.0 0.0 -1.0
1.6521199941635132 -1.0905499458312988 0.004409850109368563 -0.0 0.0 -0.999969482421875
1.6521199941635132 -1.0905499458312988 0.019409799948334694 -0.0 0.0 0.999969482421875
1.6106599569320679 -1.0631799697875977 0.019409799948334694 -0.8345591425895691 0.5508896112442017 -0.0
1.6106599569320679 -1.0631799697875977 0.004409850109368563 -0.0 0.0 -1.0
1.7373499870300293 -0.9489150047302246 0.004409850109368563 -0.0 0.0 -1.0
1.7373499870300293 -0.9489150047302246 0.019409799948334694 -0.0 0.0 0.999969482421875
1.693750023841858 -0.9251019954681396 0.019409799948334694 -0.8776207566261292 0.47932371497154236 -0.0
1.693750023841858 -0.9251019954681396 0.004409850109368563 -0.0 0.0 -1.0
1.8104599714279175 -0.8006619811058044 0.004409850109368563 -0.0 0.0 -0.999969482421875
1.8104599714279175 -0.8006619811058044 0.019409799948334694 -0.0 0.0 0.999969482421875
1.7650200128555298 -0.7805690169334412 0.019409799948334694 -0.9145481586456299 0.4044312834739685 -0.0
1.7650200128555298 -0.7805690169334412 0.004409850109368563 -0.0 0.0 -1.0
1.8709399700164795 -0.6468250155448914 0.004409850109368563 -0.0 0.0 -1.0
1.8709399700164795 -0.6468250155448914 0.019409799948334694 -0.0 0.0 1.0
1.823989987373352 -0.6305930018424988 0.019409799948334694 -0.9450972080230713 0.3267311751842499 -0.0
1.823989987373352 -0.6305930018424988 0.004409850109368563 -0.0 0.0 -1.0
1.9183900356292725 -0.48847898840904236 0.004409850109368563 -0.0 0.0 -1.0
1.9183900356292725 -0.48847898840904236 0.019409799948334694 -0.0 0.0 1.0
1.8702399730682373 -0.4762200117111206 0.019409799948334694 -0.9690542221069336 0.2467421442270279 -0.0
1.8702399730682373 -0.4762200117111206 0.004409850109368563 -0.0 0.0 -1.0
1.9524500370025635 -0.3267259895801544 0.004409850109368563 -0.0 0.0 -1.0
1.9524500370025635 -0.3267259895801544 0.019409799948334694 -0.0 0.0 1.0
1.9034500122070312 -0.3185270130634308 0.019409799948334694 -0.9862666726112366 0.16504409909248352 -0.0
1.9034500122070312 -0.3185270130634308 0.004409850109368563 -0.0 0.0 -1.0
1.9729000329971313 -0.1626960039138794 0.004409850109368563 -0.0 0.0 -1.0
1.9729000329971313 -0.1626960039138794 0.019409799948334694 -0.0 0.0 1.0
1.9233900308609009 -0.15861299633979797 0.019409799948334694 -0.9966124296188354 0.08218634873628616 -0.0
1.9233900308609009 -0.15861299633979797 0.004409850109368563 -0.0 0.0 -1.0
1.979599952697754 0.002469470025971532 0.004409850109368563 -0.0 0.0 -0.999969482421875
1.979599952697754 0.002469470025971532 0.019409799948334694 -0.0 0.0 0.999969482421875
1.929919958114624 0.0024075000546872616 0.019409799948334694 -0.999969482421875 -0.0012207403779029846 -0.0
1.929919958114624 0.0024075000546872616 0.004409850109368563 -0.0 0.0 -1.0
1.9724899530410767 0.16761699318885803 0.004409850109368563 -0.0 0.0 -1.0
1.9724899530410767 0.16761699318885803 0.019409799948334694 -0.0 0.0 0.999969482421875
1.9229899644851685 0.1634110063314438 0.019409799948334694 -0.9963988065719604 -0.08465834707021713 -0.0
1.9229899644851685 0.1634110063314438 0.004409850109368563 -0.0 0.0 -1.0
1.9516299962997437 0.3315959870815277 0.004409850109368563 -0.0 0.0 -1.0
1.9516299962997437 0.3315959870815277 0.019409799948334694 -0.0 0.0 1.0
1.902649998664856 0.32327499985694885 0.019409799948334694 -0.9858699440956116 -0.1674855798482895 -0.0
1.902649998664856 0.32327499985694885 0.004409850109368563 -0.0 0.0 -1.0
1.9171600341796875 0.49326300621032715 0.004409850109368563 -0.0 0.0 -1.0
1.9171600341796875 0.49326300621032715 0.019409799948334694 -0.0 0.0 1.0
1.8690500259399414 0.48088499903678894 0.019409799948334694 -0.9684438705444336 -0.24915310740470886 -0.0
1.8690500259399414 0.48088499903678894 0.004409850109368563 -0.0 0.0 -0.999969482421875
1.8693300485610962 0.6514909863471985 0.004409850109368563 -0.0 0.0 -0.999969482421875
1.8693300485610962 0.6514909863471985 0.019409799948334694 -0.0 0.0 1.0
1.822409987449646 0.6351410150527954 0.019409799948334694 -0.9442731738090515 -0.32908108830451965 -0.0
1.822409987449646 0.6351410150527954 0.004409850109368563 -0.0 0.0 -1.0
1.8084499835968018 0.8051760196685791 0.004409850109368563 -0.0 0.0 -0.999969482421875
1.8084499835968018 0.8051760196685791 0.004409850109368563 -0.4067506790161133 0.9135105609893799 -0.0
1.8084499835968018 0.8051760196685791 0.019409799948334694 -0.0 0.0 0.999969482421875
1.8084499835968018 0.8051760196685791 0.019409799948334694 -0.4067506790161133 0.9135105609893799 -0.0
1.763069987297058 0.7849699854850769 0.019409799948334694 -0.9297158718109131 -0.36820581555366516 -0.0
1.763069987297058 0.7849699854850769 0.019409799948334694 -0.4067506790161133 0.9135105609893799 -0.0
1.763069987297058 0.7849699854850769 0.004409850109368563 -0.0 0.0 -1.0
1.763069987297058 0.7849699854850769 0.004409850109368563 -0.4067506790161133 0.9135105609893799 -0.0
1.4477900266647339 -1.3500800132751465 -0.6264690160751343 -0.0 0.0 -1.0
1.4477900266647339 -1.3500800132751465 -0.6264690160751343 -0.6819360852241516 -0.731406569480896 -6.103701889514923e-05
1.4477900266647339 -1.3500800132751465 -0.6114689707756042 -0.0 0.0 1.0
1.4477900266647339 -1.3500800132751465 -0.6114689707756042 -0.6819360852241516 -0.731406569480896 6.103701889514923e-05
1.411460041999817 -1.3162000179290771 -0.6114689707756042 -0.7591784596443176 0.6508377194404602 -0.0
1.411460041999817 -1.3162000179290771 -0.6114689707756042 -0.6820886731147766 -0.731253981590271 6.103701889514923e-05
1.411460041999817 -1.3162000179290771 -0.6264690160751343 -0.0 0.0 -0.999969482421875
1.411460041999817 -1.3162000179290771 -0.6264690160751343 -0.6820886731147766 -0.731253981590271 -6.103701889514923e-05
1.5553799867630005 -1.2245899438858032 -0.6264690160751343 -0.0 0.0 -1.0
1.5553799867630005 -1.2245899438858032 -0.6114689707756042 -0.0 0.0 1.0
1.5163500308990479 -1.193850040435791 -0.6114689707756042 -0.7856990098953247 0.6185796856880188 -0.0
1.5163500308990479 -1.193850040435791 -0.6264690160751343 -0.0 0.0 -1.0
1.6521199941635132 -1.0905499458312988 -0.6264690160751343 -0.0 0.0 -0.999969482421875
1.6521199941635132 -1.0905499458312988 -0.6114689707756042 -0.0 0.0 0.999969482421875
1.6106599569320679 -1.0631799697875977 -0.6114689707756042 -0.8345591425895691 0.5508896112442017 -0.0
1.6106599569320679 -1.0631799697875977 -0.6264690160751343 -0.0 0.0 -1.0
1.7373499870300293 -0.9489150047302246 -0.6264690160751343 -0.0 0.0 -1.0
1.7373499870300293 -0.9489150047302246 -0.6114689707756042 -0.0 0.0 0.999969482421875
1.693750023841858 -0.9251019954681396 -0.6114689707756042 -0.8776207566261292 0.47932371497154236 -0.0
1.693750023841858 -0.9251019954681396 -0.6264690160751343 -0.0 0.0 -1.0
1.8104599714279175 -0.8006619811058044 -0.6264690160751343 -0.0 0.0 -0.999969482421875
1.8104599714279175 -0.8006619811058044 -0.6114689707756042 -0.0 0.0 0.999969482421875
1.7650200128555298 -0.7805690169334412 -0.6114689707756042 -0.9145481586456299 0.4044312834739685 -0.0
1.7650200128555298 -0.7805690169334412 -0.6264690160751343 -0.0 0.0 -1.0
1.8709399700164795 -0.6468250155448914 -0.6264690160751343 -0.0 0.0 -1.0
1.8709399700164795 -0.6468250155448914 -0.6114689707756042 -0.0 0.0 1.0
1.823989987373352 -0.6305930018424988 -0.6114689707756042 -0.9450972080230713 0.3267311751842499 -0.0
1.823989987373352 -0.6305930018424988 -0.6264690160751343 -0.0 0.0 -1.0
1.9183900356292725 -0.48847898840904236 -0.6264690160751343 -0.0 0.0 -1.0
1.9183900356292725 -0.48847898840904236 -0.6114689707756042 -0.0 0.0 1.0
1.8702399730682373 -0.4762200117111206 -0.6114689707756042 -0.9690542221069336 0.2467421442270279 -0.0
1.8702399730682373 -0.4762200117111206 -0.6264690160751343 -0.0 0.0 -1.0
1.9524500370025635 -0.3267259895801544 -0.6264690160751343 -0.0 0.0 -1.0
1.9524500370025635 -0.3267259895801544 -0.6114689707756042 -0.0 0.0 1.0
1.9034500122070312 -0.3185270130634308 -0.6114689707756042 -0.9862666726112366 0.16504409909248352 -0.0
1.9034500122070312 -0.3185270130634308 -0.6264690160751343 -0.0 0.0 -1.0
1.9729000329971313 -0.1626960039138794 -0.6264690160751343 -0.0 0.0 -1.0
1.9729000329971313 -0.1626960039138794 -0.6114689707756042 -0.0 0.0 1.0
1.9233900308609009 -0.15861299633979797 -0.6114689707756042 -0.9966124296188354 0.08218634873628616 -0.0
1.9233900308609009 -0.15861299633979797 -0.6264690160751343 -0.0 0.0 -1.0
1.979599952697754 0.0024695000611245632 -0.6264690160751343 -0.0 0.0 -1.0
1.979599952697754 0.0024695000611245632 -0.6114689707756042 -0.0 0.0 0.999969482421875
1.929919958114624 0.002407530089840293 -0.6114689707756042 -0.999969482421875 -0.0012207403779029846 -0.0
1.929919958114624 0.002407530089840293 -0.6264690160751343 -0.0 0.0 -1.0
1.9724899530410767 0.16761699318885803 -0.6264690160751343 -0.0 0.0 -1.0
1.9724899530410767 0.16761699318885803 -0.6114689707756042 -0.0 0.0 0.999969482421875
1.9229899644851685 0.1634110063314438 -0.6114689707756042 -0.9963988065719604 -0.08465834707021713 -0.0
1.9229899644851685 0.1634110063314438 -0.6264690160751343 -0.0 0.0 -1.0
1.9516299962997437 0.3315959870815277 -0.6264690160751343 -0.0 0.0 -1.0
1.9516299962997437 0.3315959870815277 -0.6114689707756042 -0.0 0.0 1.0
1.902649998664856 0.32327499985694885 -0.6114689707756042 -0.9858699440956116 -0.1674855798482895 -0.0
1.902649998664856 0.32327499985694885 -0.6264690160751343 -0.0 0.0 -1.0
1.9171600341796875 0.49326300621032715 -0.6264690160751343 -0.0 0.0 -1.0
1.9171600341796875 0.49326300621032715 -0.6114689707756042 -0.0 0.0 1.0
1.8690500259399414 0.48088499903678894 -0.6114689707756042 -0.9684438705444336 -0.24915310740470886 -0.0
1.8690500259399414 0.48088499903678894 -0.6264690160751343 -0.0 0.0 -0.999969482421875
1.8693300485610962 0.6514909863471985 -0.6264690160751343 -0.0 0.0 -0.999969482421875
1.8693300485610962 0.6514909863471985 -0.6114689707756042 -0.0 0.0 0.999969482421875
1.822409987449646 0.6351420283317566 -0.6114689707756042 -0.9442731738090515 -0.32908108830451965 -0.0
1.822409987449646 0.6351420283317566 -0.6264690160751343 -0.0 0.0 -1.0
1.8084499835968018 0.8051760196685791 -0.6264690160751343 -0.0 0.0 -1.0
1.8084499835968018 0.8051760196685791 -0.6264690160751343 -0.4067506790161133 0.9135105609893799 -0.0
1.8084499835968018 0.8051760196685791 -0.6114689707756042 -0.0 0.0 0.999969482421875
1.8084499835968018 0.8051760196685791 -0.6114689707756042 -0.4067506790161133 0.9135105609893799 -0.0
1.763069987297058 0.7849699854850769 -0.6114689707756042 -0.9297158718109131 -0.36820581555366516 -0.0
1.763069987297058 0.7849699854850769 -0.6114689707756042 -0.4067506790161133 0.9135105609893799 -0.0
1.763069987297058 0.7849699854850769 -0.6264690160751343 -0.0 0.0 -0.999969482421875
1.763069987297058 0.7849699854850769 -0.6264690160751343 -0.4067506790161133 0.9135105609893799 -0.0
1.4477900266647339 -1.3500800132751465 -0.8183019757270813 -0.0 0.0 -1.0
1.4477900266647339 -1.3500800132751465 -0.8183019757270813 -0.6819360852241516 -0.731406569480896 -6.103701889514923e-05
1.4477900266647339 -1.3500800132751465 -0.803301990032196 -0.0 0.0 1.0
1.4477900266647339 -1.3500800132751465 -0.803301990032196 -0.6819360852241516 -0.731406569480896 6.103701889514923e-05
1.411460041999817 -1.3162000179290771 -0.803301990032196 -0.7591784596443176 0.6508377194404602 -0.0
1.411460041999817 -1.3162000179290771 -0.803301990032196 -0.6820886731147766 -0.731253981590271 6.103701889514923e-05
1.411460041999817 -1.3162000179290771 -0.8183019757270813 -0.0 0.0 -0.999969482421875
1.411460041999817 -1.3162000179290771 -0.8183019757270813 -0.6820886731147766 -0.731253981590271 -6.103701889514923e-05
1.5553799867630005 -1.2245899438858032 -0.8183019757270813 -0.0 0.0 -1.0
1.5553799867630005 -1.2245899438858032 -0.803301990032196 -0.0 0.0 1.0
1.5163500308990479 -1.193850040435791 -0.803301990032196 -0.7856990098953247 0.6185796856880188 -0.0
1.5163500308990479 -1.193850040435791 -0.8183019757270813 -0.0 0.0 -1.0
1.6521199941635132 -1.0905499458312988 -0.8183019757270813 -0.0 0.0 -0.999969482421875
1.6521199941635132 -1.0905499458312988 -0.803301990032196 -0.0 0.0 0.999969482421875
1.6106599569320679 -1.0631799697875977 -0.803301990032196 -0.8345591425895691 0.5508896112442017 -0.0
1.6106599569320679 -1.0631799697875977 -0.8183019757270813 -0.0 0.0 -1.0
1.7373499870300293 -0.9489150047302246 -0.8183019757270813 -0.0 0.0 -1.0
1.7373499870300293 -0.9489150047302246 -0.803301990032196 -0.0 0.0 0.999969482421875
1.693750023841858 -0.9251019954681396 -0.803301990032196 -0.8776207566261292 0.47932371497154236 -0.0
1.693750023841858 -0.9251019954681396 -0.8183019757270813 -0.0 0.0 -1.0
1.8104599714279175 -0.8006619811058044 -0.8183019757270813 -0.0 0.0 -0.999969482421875
1.8104599714279175 -0.8006619811058044 -0.803301990032196 -0.0 0.0 0.999969482421875
1.7650200128555298 -0.7805690169334412 -0.803301990032196 -0.9145481586456299 0.4044312834739685 -0.0
1.7650200128555298 -0.7805690169334412 -0.8183019757270813 -0.0 0.0 -1.0
1.8709399700164795 -0.6468250155448914 -0.8183019757270813 -0.0 0.0 -1.0
1.8709399700164795 -0.6468250155448914 -0.803301990032196 -0.0 0.0 1.0
1.823989987373352 -0.6305930018424988 -0.803301990032196 -0.9450972080230713 0.3267311751842499 -0.0
1.823989987373352 -0.6305930018424988 -0.8183019757270813 -0.0 0.0 -1.0
1.9183900356292725 -0.48847898840904236 -0.8183019757270813 -0.0 0.0 -1.0
1.9183900356292725 -0.48847898840904236 -0.803301990032196 -0.0 0.0 1.0
1.8702399730682373 -0.4762200117111206 -0.803301990032196 -0.9690542221069336 0.2467421442270279 -0.0
1.8702399730682373 -0.4762200117111206 -0.8183019757270813 -0.0 0.0 -1.0
1.9524500370025635 -0.3267259895801544 -0.8183019757270813 -0.0 0.0 -1.0
1.9524500370025635 -0.3267259895801544 -0.803301990032196 -0.0 0.0 1.0
1.9034500122070312 -0.3185270130634308 -0.803301990032196 -0.9862666726112366 0.16504409909248352 -0.0
1.9034500122070312 -0.3185270130634308 -0.8183019757270813 -0.0 0.0 -1.0
1.9729000329971313 -0.1626960039138794 -0.8183019757270813 -0.0 0.0 -1.0
1.9729000329971313 -0.1626960039138794 -0.803301990032196 -0.0 0.0 1.0
1.9233900308609009 -0.15861299633979797 -0.803301990032196 -0.9966124296188354 0.08218634873628616 -0.0
1.9233900308609009 -0.15861299633979797 -0.8183019757270813 -0.0 0.0 -1.0
1.979599952697754 0.0024695000611245632 -0.8183019757270813 -0.0 0.0 -1.0
1.979599952697754 0.0024695000611245632 -0.803301990032196 -0.0 0.0 0.999969482421875
1.929919958114624 0.002407530089840293 -0.803301990032196 -0.999969482421875 -0.0012207403779029846 -0.0
1.929919958114624 0.002407530089840293 -0.8183019757270813 -0.0 0.0 -1.0
1.9724899530410767 0.16761699318885803 -0.8183019757270813 -0.0 0.0 -1.0
1.9724899530410767 0.16761699318885803 -0.803301990032196 -0.0 0.0 0.999969482421875
1.9229899644851685 0.1634110063314438 -0.803301990032196 -0.9963988065719604 -0.08465834707021713 -0.0
1.9229899644851685 0.1634110063314438 -0.8183019757270813 -0.0 0.0 -1.0
1.9516299962997437 0.3315959870815277 -0.8183019757270813 -0.0 0.0 -1.0
1.9516299962997437 0.3315959870815277 -0.803301990032196 -0.0 0.0 1.0
1.902649998664856 0.32327499985694885 -0.803301990032196 -0.9858699440956116 -0.1674855798482895 -0.0
1.902649998664856 0.32327499985694885 -0.8183019757270813 -0.0 0.0 -1.0
1.9171600341796875 0.49326300621032715 -0.8183019757270813 -0.0 0.0 -1.0
1.9171600341796875 0.49326300621032715 -0.803301990032196 -0.0 0.0 1.0
1.8690500259399414 0.48088499903678894 -0.803301990032196 -0.9684438705444336 -0.24915310740470886 -0.0
1.8690500259399414 0.48088499903678894 -0.8183019757270813 -0.0 0.0 -0.999969482421875
1.8693300485610962 0.6514909863471985 -0.8183019757270813 -0.0 0.0 -0.999969482421875
1.8693300485610962 0.6514909863471985 -0.803301990032196 -0.0 0.0 0.999969482421875
1.822409987449646 0.6351420283317566 -0.803301990032196 -0.9442731738090515 -0.32908108830451965 -0.0
1.822409987449646 0.6351420283317566 -0.8183019757270813 -0.0 0.0 -1.0
1.8084499835968018 0.8051760196685791 -0.8183019757270813 -0.0 0.0 -1.0
1.8084499835968018 0.8051760196685791 -0.8183019757270813 -0.4067506790161133 0.9135105609893799 -0.0
1.8084499835968018 0.8051760196685791 -0.803301990032196 -0.0 0.0 0.999969482421875
1.8084499835968018 0.8051760196685791 -0.803301990032196 -0.4067506790161133 0.9135105609893799 -0.0
1.763069987297058 0.7849699854850769 -0.803301990032196 -0.9297158718109131 -0.36820581555366516 -0.0
1.763069987297058 0.7849699854850769 -0.803301990032196 -0.4067506790161133 0.9135105609893799 -0.0
1.763069987297058 0.7849699854850769 -0.8183019757270813 -0.0 0.0 -0.999969482421875
1.763069987297058 0.7849699854850769 -0.8183019757270813 -0.4067506790161133 0.9135105609893799 -0.0
1.4477900266647339 -1.3500800132751465 -1.0160800218582153 -0.0 0.0 -1.0
1.4477900266647339 -1.3500800132751465 -1.0160800218582153 -0.6819055676460266 -0.731406569480896 -6.103701889514923e-05
1.4477900266647339 -1.3500800132751465 -1.00108003616333 -0.0 0.0 1.0
1.4477900266647339 -1.3500800132751465 -1.00108003616333 -0.6819055676460266 -0.731406569480896 6.103701889514923e-05
1.411460041999817 -1.3162000179290771 -1.00108003616333 -0.7591784596443176 0.6508377194404602 -0.0
1.411460041999817 -1.3162000179290771 -1.00108003616333 -0.6820886731147766 -0.731253981590271 6.103701889514923e-05
1.411460041999817 -1.3162000179290771 -1.0160800218582153 -0.0 0.0 -0.999969482421875
1.411460041999817 -1.3162000179290771 -1.0160800218582153 -0.6820886731147766 -0.731253981590271 -6.103701889514923e-05
1.5553799867630005 -1.2245899438858032 -1.0160800218582153 -0.0 0.0 -1.0
1.5553799867630005 -1.2245899438858032 -1.00108003616333 -0.0 0.0 1.0
1.5163500308990479 -1.193850040435791 -1.00108003616333 -0.7856990098953247 0.6185796856880188 -0.0
1.5163500308990479 -1.193850040435791 -1.0160800218582153 -0.0 0.0 -1.0
1.6521199941635132 -1.0905499458312988 -1.0160800218582153 -0.0 0.0 -0.999969482421875
1.6521199941635132 -1.0905499458312988 -1.00108003616333 -0.0 0.0 0.999969482421875
1.6106599569320679 -1.0631799697875977 -1.00108003616333 -0.8345591425895691 0.5508896112442017 -0.0
1.6106599569320679 -1.0631799697875977 -1.0160800218582153 -0.0 0.0 -1.0
1.7373499870300293 -0.9489150047302246 -1.0160800218582153 -0.0 0.0 -1.0
1.7373499870300293 -0.9489150047302246 -1.00108003616333 -0.0 0.0 0.999969482421875
1.693750023841858 -0.9251019954681396 -1.00108003616333 -0.8776207566261292 0.47932371497154236 -0.0
1.693750023841858 -0.9251019954681396 -1.0160800218582153 -0.0 0.0 -1.0
1.8104599714279175 -0.8006619811058044 -1.0160800218582153 -0.0 0.0 -0.999969482421875
1.8104599714279175 -0.8006619811058044 -1.00108003616333 -0.0 0.0 0.999969482421875
1.7650200128555298 -0.7805690169334412 -1.00108003616333 -0.9145481586456299 0.4044312834739685 -0.0
1.7650200128555298 -0.7805690169334412 -1.0160800218582153 -0.0 0.0 -1.0
1.8709399700164795 -0.6468250155448914 -1.0160800218582153 -0.0 0.0 -1.0
1.8709399700164795 -0.6468250155448914 -1.00108003616333 -0.0 0.0 1.0
1.823989987373352 -0.6305930018424988 -1.00108003616333 -0.9450972080230713 0.3267311751842499 -0.0
1.823989987373352 -0.6305930018424988 -1.0160800218582153 -0.0 0.0 -1.0
1.9183900356292725 -0.48847898840904236 -1.0160800218582153 -0.0 0.0 -1.0
1.9183900356292725 -0.48847898840904236 -1.00108003616333 -0.0 0.0 1.0
1.8702399730682373 -0.4762200117111206 -1.00108003616333 -0.9690542221069336 0.2467421442270279 -0.0
1.8702399730682373 -0.4762200117111206 -1.0160800218582153 -0.0 0.0 -1.0
1.9524500370025635 -0.3267259895801544 -1.0160800218582153 -0.0 0.0 -1.0
1.9524500370025635 -0.3267259895801544 -1.00108003616333 -0.0 0.0 1.0
1.9034500122070312 -0.3185270130634308 -1.00108003616333 -0.9862666726112366 0.16504409909248352 -0.0
1.9034500122070312 -0.3185270130634308 -1.0160800218582153 -0.0 0.0 -1.0
1.9729000329971313 -0.1626960039138794 -1.0160800218582153 -0.0 0.0 -1.0
1.9729000329971313 -0.1626960039138794 -1.00108003616333 -0.0 0.0 1.0
1.9233900308609009 -0.15861299633979797 -1.00108003616333 -0.9966124296188354 0.08218634873628616 -0.0
1.9233900308609009 -0.15861299633979797 -1.0160800218582153 -0.0 0.0 -1.0
1.979599952697754 0.0024695000611245632 -1.0160800218582153 -0.0 0.0 -1.0
1.979599952697754 0.0024695000611245632 -1.00108003616333 -0.0 0.0 0.999969482421875
1.929919958114624 0.002407530089840293 -1.00108003616333 -0.999969482421875 -0.0012207403779029846 -0.0
1.929919958114624 0.002407530089840293 -1.0160800218582153 -0.0 0.0 -1.0
1.9724899530410767 0.16761699318885803 -1.0160800218582153 -0.0 0.0 -1.0
1.9724899530410767 0.16761699318885803 -1.00108003616333 -0.0 0.0 0.999969482421875
1.9229899644851685 0.1634110063314438 -1.00108003616333 -0.9963988065719604 -0.08465834707021713 -0.0
1.9229899644851685 0.1634110063314438 -1.0160800218582153 -0.0 0.0 -1.0
1.9516299962997437 0.3315959870815277 -1.0160800218582153 -0.0 0.0 -1.0
1.9516299962997437 0.3315959870815277 -1.00108003616333 -0.0 0.0 1.0
1.902649998664856 0.32327499985694885 -1.00108003616333 -0.9858699440956116 -0.1674855798482895 -0.0
1.902649998664856 0.32327499985694885 -1.0160800218582153 -0.0 0.0 -1.0
1.9171600341796875 0.49326300621032715 -1.0160800218582153 -0.0 0.0 -1.0
1.9171600341796875 0.49326300621032715 -1.00108003616333 -0.0 0.0 1.0
1.8690500259399414 0.48088499903678894 -1.00108003616333 -0.9684438705444336 -0.24915310740470886 -0.0
1.8690500259399414 0.48088499903678894 -1.0160800218582153 -0.0 0.0 -0.999969482421875
1.8693300485610962 0.6514909863471985 -1.0160800218582153 -0.0 0.0 -0.999969482421875
1.8693300485610962 0.6514909863471985 -1.00108003616333 -0.0 0.0 0.999969482421875
1.822409987449646 0.6351420283317566 -1.00108003616333 -0.9442731738090515 -0.32908108830451965 -0.0
1.822409987449646 0.6351420283317566 -1.0160800218582153 -0.0 0.0 -1.0
1.8084499835968018 0.8051760196685791 -1.0160800218582153 -0.0 0.0 -1.0
1.8084499835968018 0.8051760196685791 -1.0160800218582153 -0.4067506790161133 0.9135105609893799 -0.0
1.8084499835968018 0.8051760196685791 -1.00108003616333 -0.0 0.0 0.999969482421875
1.8084499835968018 0.8051760196685791 -1.00108003616333 -0.4067506790161133 0.9135105609893799 -0.0
1.763069987297058 0.7849699854850769 -1.00108003616333 -0.9297158718109131 -0.36820581555366516 -0.0
1.763069987297058 0.7849699854850769 -1.00108003616333 -0.4067506790161133 0.9135105609893799 -0.0
1.763069987297058 0.7849699854850769 -1.0160800218582153 -0.0 0.0 -0.999969482421875
1.763069987297058 0.7849699854850769 -1.0160800218582153 -0.4067506790161133 0.9135105609893799 -0.0
1.4477900266647339 -1.3500800132751465 -1.0574100017547607 -0.0 0.0 -1.0
1.4477900266647339 -1.3500800132751465 -1.0574100017547607 -0.6819360852241516 -0.731406569480896 -6.103701889514923e-05
1.4477900266647339 -1.3500800132751465 -1.0424100160598755 -0.0 0.0 1.0
1.4477900266647339 -1.3500800132751465 -1.0424100160598755 -0.6819360852241516 -0.731406569480896 6.103701889514923e-05
1.411460041999817 -1.3162000179290771 -1.0424100160598755 -0.7591784596443176 0.6508377194404602 -0.0
1.411460041999817 -1.3162000179290771 -1.0424100160598755 -0.6820886731147766 -0.731253981590271 6.103701889514923e-05
1.411460041999817 -1.3162000179290771 -1.0574100017547607 -0.0 0.0 -0.999969482421875
1.411460041999817 -1.3162000179290771 -1.0574100017547607 -0.6820886731147766 -0.731253981590271 -6.103701889514923e-05
1.5553799867630005 -1.2245899438858032 -1.0574100017547607 -0.0 0.0 -1.0
1.5553799867630005 -1.2245899438858032 -1.0424100160598755 -0.0 0.0 1.0
1.5163500308990479 -1.193850040435791 -1.0424100160598755 -0.7856990098953247 0.6185796856880188 -0.0
1.5163500308990479 -1.193850040435791 -1.0574100017547607 -0.0 0.0 -1.0
1.6521199941635132 -1.0905499458312988 -1.0574100017547607 -0.0 0.0 -0.999969482421875
1.6521199941635132 -1.0905499458312988 -1.0424100160598755 -0.0 0.0 0.999969482421875
1.6106599569320679 -1.0631799697875977 -1.0424100160598755 -0.8345591425895691 0.5508896112442017 -0.0
1.6106599569320679 -1.0631799697875977 -1.0574100017547607 -0.0 0.0 -1.0
1.7373499870300293 -0.9489150047302246 -1.0574100017547607 -0.0 0.0 -1.0
1.7373499870300293 -0.9489150047302246 -1.0424100160598755 -0.0 0.0 0.999969482421875
1.693750023841858 -0.9251019954681396 -1.0424100160598755 -0.8776207566261292 0.47932371497154236 -0.0
1.693750023841858 -0.9251019954681396 -1.0574100017547607 -0.0 0.0 -1.0
1.8104599714279175 -0.8006619811058044 -1.0574100017547607 -0.0 0.0 -0.999969482421875
1.8104599714279175 -0.8006619811058044 -1.0424100160598755 -0.0 0.0 0.999969482421875
1.7650200128555298 -0.7805690169334412 -1.0424100160598755 -0.9145481586456299 0.4044312834739685 -0.0
1.7650200128555298 -0.7805690169334412 -1.0574100017547607 -0.0 0.0 -1.0
1.8709399700164795 -0.6468250155448914 -1.0574100017547607 -0.0 0.0 -1.0
1.8709399700164795 -0.6468250155448914 -1.0424100160598755 -0.0 0.0 1.0
1.823989987373352 -0.6305930018424988 -1.0424100160598755 -0.9450972080230713 0.3267311751842499 -0.0
1.823989987373352 -0.6305930018424988 -1.0574100017547607 -0.0 0.0 -1.0
1.9183900356292725 -0.48847898840904236 -1.0574100017547607 -0.0 0.0 -1.0
1.9183900356292725 -0.48847898840904236 -1.0424100160598755 -0.0 0.0 1.0
1.8702399730682373 -0.4762200117111206 -1.0424100160598755 -0.9690542221069336 0.2467421442270279 -0.0
1.8702399730682373 -0.4762200117111206 -1.0574100017547607 -0.0 0.0 -1.0
1.9524500370025635 -0.3267259895801544 -1.0574100017547607 -0.0 0.0 -1.0
1.9524500370025635 -0.3267259895801544 -1.0424100160598755 -0.0 0.0 1.0
1.9034500122070312 -0.3185270130634308 -1.0424100160598755 -0.9862666726112366 0.16504409909248352 -0.0
1.9034500122070312 -0.3185270130634308 -1.0574100017547607 -0.0 0.0 -1.0
1.9729000329971313 -0.1626960039138794 -1.0574100017547607 -0.0 0.0 -1.0
1.9729000329971313 -0.1626960039138794 -1.0424100160598755 -0.0 0.0 1.0
1.9233900308609009 -0.15861299633979797 -1.0424100160598755 -0.9966124296188354 0.08218634873628616 -0.0
1.9233900308609009 -0.15861299633979797 -1.0574100017547607 -0.0 0.0 -1.0
1.979599952697754 0.0024695000611245632 -1.0574100017547607 -0.0 0.0 -1.0
1.979599952697754 0.0024695000611245632 -1.0424100160598755 -0.0 0.0 0.999969482421875
1.929919958114624 0.002407530089840293 -1.0424100160598755 -0.999969482421875 -0.0012207403779029846 -0.0
1.929919958114624 0.002407530089840293 -1.0574100017547607 -0.0 0.0 -1.0
1.9724899530410767 0.16761699318885803 -1.0574100017547607 -0.0 0.0 -1.0
1.9724899530410767 0.16761699318885803 -1.0424100160598755 -0.0 0.0 0.999969482421875
1.9229899644851685 0.1634110063314438 -1.0424100160598755 -0.9963988065719604 -0.08465834707021713 -0.0
1.9229899644851685 0.1634110063314438 -1.0574100017547607 -0.0 0.0 -1.0
1.9516299962997437 0.3315959870815277 -1.0574100017547607 -0.0 0.0 -1.0
1.9516299962997437 0.3315959870815277 -1.0424100160598755 -0.0 0.0 1.0
1.902649998664856 0.32327499985694885 -1.0424100160598755 -0.9858699440956116 -0.1674855798482895 -0.0
1.902649998664856 0.32327499985694885 -1.0574100017547607 -0.0 0.0 -1.0
1.9171600341796875 0.49326300621032715 -1.0574100017547607 -0.0 0.0 -1.0
1.9171600341796875 0.49326300621032715 -1.0424100160598755 -0.0 0.0 1.0
1.8690500259399414 0.48088499903678894 -1.0424100160598755 -0.9684438705444336 -0.24915310740470886 -0.0
1.8690500259399414 0.48088499903678894 -1.0574100017547607 -0.0 0.0 -0.999969482421875
1.8693300485610962 0.6514909863471985 -1.0574100017547607 -0.0 0.0 -0.999969482421875
1.8693300485610962 0.6514909863471985 -1.0424100160598755 -0.0 0.0 0.999969482421875
1.822409987449646 0.6351420283317566 -1.0424100160598755 -0.9442731738090515 -0.32908108830451965 -0.0
1.822409987449646 0.6351420283317566 -1.0574100017547607 -0.0 0.0 -1.0
1.8084499835968018 0.8051760196685791 -1.0574100017547607 -0.0 0.0 -1.0
1.8084499835968018 0.8051760196685791 -1.0574100017547607 -0.4067506790161133 0.9135105609893799 -0.0
1.8084499835968018 0.8051760196685791 -1.0424100160598755 -0.0 0.0 0.999969482421875
1.8084499835968018 0.8051760196685791 -1.0424100160598755 -0.4067506790161133 0.9135105609893799 -0.0
1.763069987297058 0.7849699854850769 -1.0424100160598755 -0.9297158718109131 -0.36820581555366516 -0.0
1.763069987297058 0.7849699854850769 -1.0424100160598755 -0.4067506790161133 0.9135105609893799 -0.0
1.763069987297058 0.7849699854850769 -1.0574100017547607 -0.0 0.0 -0.999969482421875
1.763069987297058 0.7849699854850769 -1.0574100017547607 -0.4067506790161133 0.9135105609893799 -0.0
0 4 5
0 5 1
498 505 6
498 6 2
500 506 7
500 7 3
502 507 504
502 504 496
4 8 9
4 9 5
505 509 10
505 10 6
506 510 11
506 11 7
507 511 508
507 508 504
8 12 13
8 13 9
509 513 14
509 14 10
510 514 15
510 15 11
511 515 512
511 512 508
12 16 17
12 17 13
513 517 18
513 18 14
514 518 19
514 19 15
515 519 516
515 516 512
16 20 21
16 21 17
517 521 22
517 22 18
518 522 23
518 23 19
519 523 520
519 520 516
20 24 25
20 25 21
521 525 26
521 26 22
522 526 27
522 27 23
523 527 524
523 524 520
24 28 29
24 29 25
525 529 30
525 30 26
526 530 31
526 31 27
527 531 528
527 528 524
28 32 33
28 33 29
529 533 34
529 34 30
530 534 35
530 35 31
531 535 532
531 532 528
32 36 37
32 37 33
533 537 38
533 38 34
534 538 39
534 39 35
535 539 536
535 536 532
36 40 41
36 41 37
537 541 42
537 42 38
538 542 43
538 43 39
539 543 540
539 540 536
40 44 45
40 45 41
541 545 46
541 46 42
542 546 47
542 47 43
543 547 544
543 544 540
44 48 49
44 49 45
545 549 50
545 50 46
546 550 51
546 51 47
547 551 548
547 548 544
48 52 53
48 53 49
549 553 54
549 54 50
550 554 55
550 55 51
551 555 552
551 552 548
52 56 57
52 57 53
553 558 58
553 58 54
554 560 59
554 59 55
555 562 556
555 556 552
60 497 499
60 499 501
60 501 503
60 503 497
61 559 557
61 561 559
61 563 561
61 557 563
62 66 67
62 67 63
566 573 68
566 68 64
568 574 69
568 69 65
570 575 572
570 572 564
66 70 71
66 71 67
573 577 72
573 72 68
574 578 73
574 73 69
575 579 576
575 576 572
70 74 75
70 75 71
577 581 76
577 76 72
578 582 77
578 77 73
579 583 580
579 580 576
74 78 79
74 79 75
581 585 80
581 80 76
582 586 81
582 81 77
583 587 584
583 584 580
78 82 83
78 83 79
585 589 84
585 84 80
586 590 85
586 85 81
587 591 588
587 588 584
82 86 87
82 87 83
589 593 88
589 88 84
590 594 89
590 89 85
591 595 592
591 592 588
86 90 91
86 91 87
593 597 92
593 92 88
594 598 93
594 93 89
595 599 596
595 596 592
90 94 95
90 95 91
597 601 96
597 96 92
598 602 97
598 97 93
599 603 600
599 600 596
94 98 99
94 99 95
601 605 100
601 100 96
602 606 101
602 101 97
603 607 604
603 604 600
98 102 103
98 103 99
605 609 104
605 104 100
606 610 105
606 105 101
607 611 608
607 608 604
102 106 107
102 107 103
609 613 108
609 108 104
610 614 109
610 109 105
611 615 612
611 612 608
106 110 111
106 111 107
613 617 112
613 112 108
614 618 113
614 113 109
615 619 616
615 616 612
110 114 115
110 115 111
617 621 116
617 116 112
618 622 117
618 117 113
619 623 620
619 620 616
114 118 119
114 119 115
621 626 120
621 120 116
622 628 121
622 121 117
623 630 624
623 624 620
122 565 567
122 567 569
122 569 571
122 571 565
123 627 625
123 629 627
123 631 629
123 625 631
124 128 129
124 129 125
634 641 130
634 130 126
636 642 131
636 131 127
638 643 640
638 640 632
128 132 133
128 133 129
641 645 134
641 134 130
642 646 135
642 135 131
643 647 644
643 644 640
132 136 137
132 137 133
645 649 138
645 138 134
646 650 139
646 139 135
647 651 648
647 648 644
136 140 141
136 141 137
649 653 142
649 142 138
650 654 143
650 143 139
651 655 652
651 652 648
140 144 145
140 145 141
653 657 146
653 146 142
654 658 147
654 147 143
655 659 656
655 656 652
144 148 149
144 149 145
657 661 150
657 150 146
658 662 151
658 151 147
659 663 660
659 660 656
148 152 153
148 153 149
661 665 154
661 154 150
662 666 155
662 155 151
663 667 664
663 664 660
152 156 157
152 157 153
665 669 158
665 158 154
666 670 159
666 159 155
667 671 668
667 668 664
156 160 161
156 161 157
669 673 162
669 162 158
670 674 163
670 163 159
671 675 672
671 672 668
160 164 165
160 165 161
673 677 166
673 166 162
674 678 167
674 167 163
675 679 676
675 676 672
164 168 169
164 169 165
677 681 170
677 170 166
678 682 171
678 171 167
679 683 680
679 680 676
168 172 173
168 173 169
681 685 174
681 174 170
682 686 175
682 175 171
683 687 684
683 684 680
172 176 177
172 177 173
685 689 178
685 178 174
686 690 179
686 179 175
687 691 688
687 688 684
176 180 181
176 181 177
689 694 182
689 182 178
690 696 183
690 183 179
691 698 692
691 692 688
184 633 635
184 635 637
184 637 639
184 639 633
185 695 693
185 697 695
185 699 697
185 693 699
186 190 191
186 191 187
702 709 192
702 192 188
704 710 193
704 193 189
706 711 708
706 708 700
190 194 195
190 195 191
709 713 196
709 196 192
710 714 197
710 197 193
711 715 712
711 712 708
194 198 199
194 199 195
713 717 200
713 200 196
714 718 201
714 201 197
715 719 716
715 716 712
198 202 203
198 203 199
717 721 204
717 204 200
718 722 205
718 205 201
719 723 720
719 720 716
202 206 207
202 207 203
721 725 208
721 208 204
722 726 209
722 209 205
723 727 724
723 724 720
206 210 211
206 211 207
725 729 212
725 212 208
726 730 213
726 213 209
727 731 728
727 728 724
210 214 215
210 215 211
729 733 216
729 216 212
730 734 217
730 217 213
731 735 732
731 732 728
214 218 219
214 219 215
733 737 220
733 220 216
734 738 221
734 221 217
735 739 736
735 736 732
218 222 223
218 223 219
737 741 224
737 224 220
738 742 225
738 225 221
739 743 740
739 740 736
222 226 227
222 227 223
741 745 228
741 228 224
742 746 229
742 229 225
743 747 744
743 744 740
226 230 231
226 231 227
745 749 232
745 232 228
746 750 233
746 233 229
747 751 748
747 748 744
230 234 235
230 235 231
749 753 236
749 236 232
750 754 237
750 237 233
751 755 752
751 752 748
234 238 239
234 239 235
753 757 240
753 240 236
754 758 241
754 241 237
755 759 756
755 756 752
238 242 243
238 243 239
757 762 244
757 244 240
758 764 245
758 245 241
759 766 760
759 760 756
246 701 703
246 703 705
246 705 707
246 707 701
247 763 761
247 765 763
247 767 765
247 761 767
248 252 253
248 253 249
770 777 254
770 254 250
772 778 255
772 255 251
774 779 776
774 776 768
252 256 257
252 257 253
777 781 258
777 258 254
778 782 259
778 259 255
779 783 780
779 780 776
256 260 261
256 261 257
781 785 262
781 262 258
782 786 263
782 263 259
783 787 784
783 784 780
260 264 265
260 265 261
785 789 266
785 266 262
786 790 267
786 267 263
787 791 788
787 788 784
264 268 269
264 269 265
789 793 270
789 270 266
790 794 271
790 271 267
791 795 792
791 792 788
268 272 273
268 273 269
793 797 274
793 274 270
794 798 275
794 275 271
795 799 796
795 796 792
272 276 277
272 277 273
797 801 278
797 278 274
798 802 279
798 279 275
799 803 800
799 800 796
276 280 281
276 281 277
801 805 282
801 282 278
802 806 283
802 283 279
803 807 804
803 804 800
280 284 285
280 285 281
805 809 286
805 286 282
806 810 287
806 287 283
807 811 808
807 808 804
284 288 289
284 289 285
809 813 290
809 290 286
810 814 291
810 291 287
811 815 812
811 812 808
288 292 293
288 293 289
813 817 294
813 294 290
814 818 295
814 295 291
815 819 816
815 816 812
292 296 297
292 297 293
817 821 298
817 298 294
818 822 299
818 299 295
819 823 820
819 820 816
296 300 301
296 301 297
821 825 302
821 302 298
822 826 303
822 303 299
823 827 824
823 824 820
300 304 305
300 305 301
825 830 306
825 306 302
826 832 307
826 307 303
827 834 828
827 828 824
308 769 771
308 771 773
308 773 775
308 775 769
309 831 829
309 833 831
309 835 833
309 829 835
310 314 315
310 315 311
838 845 316
838 316 312
840 846 317
840 317 313
842 847 844
842 844 836
314 318 319
314 319 315
845 849 320
845 320 316
846 850 321
846 321 317
847 851 848
847 848 844
318 322 323
318 323 319
849 853 324
849 324 320
850 854 325
850 325 321
851 855 852
851 852 848
322 326 327
322 327 323
853 857 328
853 328 324
854 858 329
854 329 325
855 859 856
855 856 852
326 330 331
326 331 327
857 861 332
857 332 328
858 862 333
858 333 329
859 863 860
859 860 856
330 334 335
330 335 331
861 865 336
861 336 332
862 866 337
862 337 333
863 867 864
863 864 860
334 338 339
334 339 335
865 869 340
865 340 336
866 870 341
866 341 337
867 871 868
867 868 864
338 342 343
338 343 339
869 873 344
869 344 340
870 874 345
870 345 341
871 875 872
871 872 868
342 346 347
342 347 343
873 877 348
873 348 344
874 878 349
874 349 345
875 879 876
875 876 872
346 350 351
346 351 347
877 881 352
877 352 348
878 882 353
878 353 349
879 883 880
879 880 876
350 354 355
350 355 351
881 885 356
881 356 352
882 886 357
882 357 353
883 887 884
883 884 880
354 358 359
354 359 355
885 889 360
885 360 356
886 890 361
886 361 357
887 891 888
887 888 884
358 362 363
358 363 359
889 893 364
889 364 360
890 894 365
890 365 361
891 895 892
891 892 888
362 366 367
362 367 363
893 898 368
893 368 364
894 900 369
894 369 365
895 902 896
895 896 892
370 837 839
370 839 841
370 841 843
370 843 837
371 899 897
371 901 899
371 903 901
371 897 903
372 376 377
372 377 373
906 913 378
906 378 374
908 914 379
908 379 375
910 915 912
910 912 904
376 380 381
376 381 377
913 917 382
913 382 378
914 918 383
914 383 379
915 919 916
915 916 912
380 384 385
380 385 381
917 921 386
917 386 382
918 922 387
918 387 383
919 923 920
919 920 916
384 388 389
384 389 385
921 925 390
921 390 386
922 926 391
922 391 387
923 927 924
923 924 920
388 392 393
388 393 389
925 929 394
925 394 390
926 930 395
926 395 391
927 931 928
927 928 924
392 396 397
392 397 393
929 933 398
929 398 394
930 934 399
930 399 395
931 935 932
931 932 928
396 400 401
396 401 397
933 937 402
933 402 398
934 938 403
934 403 399
935 939 936
935 936 932
400 404 405
400 405 401
937 941 406
937 406 402
938 942 407
938 407 403
939 943 940
939 940 936
404 408 409
404 409 405
941 945 410
941 410 406
942 946 411
942 411 407
943 947 944
943 944 940
408 412 413
408 413 409
945 949 414
945 414 410
946 950 415
946 415 411
947 951 948
947 948 944
412 416 417
412 417 413
949 953 418
949 418 414
950 954 419
950 419 415
951 955 952
951 952 948
416 420 421
416 421 417
953 957 422
953 422 418
954 958 423
954 423 419
955 959 956
955 956 952
420 424 425
420 425 421
957 961 426
957 426 422
958 962 427
958 427 423
959 963 960
959 960 956
424 428 429
424 429 425
961 966 430
961 430 426
962 968 431
962 431 427
963 970 964
963 964 960
432 905 907
432 907 909
432 909 911
432 911 905
433 967 965
433 969 967
433 971 969
433 965 971
434 438 439
434 439 435
974 981 440
974 440 436
976 982 441
976 441 437
978 983 980
978 980 972
438 442 443
438 443 439
981 985 444
981 444 440
982 986 445
982 445 441
983 987 984
983 984 980
442 446 447
442 447 443
985 989 448
985 448 444
986 990 449
986 449 445
987 991 988
987 988 984
446 450 451
446 451 447
989 993 452
989 452 448
990 994 453
990 453 449
991 995 992
991 992 988
450 454 455
450 455 451
993 997 456
993 456 452
994 998 457
994 457 453
995 999 996
995 996 992
454 458 459
454 459 455
997 1001 460
997 460 456
998 1002 461
998 461 457
999 1003 1000
999 1000 996
458 462 463
458 463 459
1001 1005 464
1001 464 460
1002 1006 465
1002 465 461
1003 1007 1004
1003 1004 1000
462 466 467
462 467 463
1005 1009 468
1005 468 464
1006 1010 469
1006 469 465
1007 1011 1008
1007 1008 1004
466 470 471
466 471 467
1009 1013 472
1009 472 468
1010 1014 473
1010 473 469
1011 1015 1012
1011 1012 1008
470 474 475
470 475 471
1013 1017 476
1013 476 472
1014 1018 477
1014 477 473
1015 1019 1016
1015 1016 1012
474 478 479
474 479 475
1017 1021 480
1017 480 476
1018 1022 481
1018 481 477
1019 1023 1020
1019 1020 1016
478 482 483
478 483 479
1021 1025 484
1021 484 480
1022 1026 485
1022 485 481
1023 1027 1024
1023 1024 1020
482 486 487
482 487 483
1025 1029 488
1025 488 484
1026 1030 489
1026 489 485
1027 1031 1028
1027 1028 1024
486 490 491
486 491 487
1029 1034 492
1029 492 488
1030 1036 493
1030 493 489
1031 1038 1032
1031 1032 1028
494 973 975
494 975 977
494 977 979
494 979 973
495 1035 1033
495 1037 1035
495 1039 1037
495 1033 1039
LABEL ORBGroup5
MATERIAL 5
TEXTURE 0
GEOM 260 240
1.433459997177124 -1.336709976196289 -1.0790799856185913 0.7595751881599426 -0.6503799557685852 -0.0
1.433459997177124 -1.336709976196289 -0.19018499553203583 0.7595751881599426 -0.6503799557685852 -0.0
1.4115999937057495 -1.3163299560546875 -0.19018499553203583 -0.0 0.0 0.999969482421875
1.4115999937057495 -1.3163299560546875 -1.0790799856185913 -0.7596057057380676 0.6503494381904602 -0.0
1.5414899587631226 -1.2105400562286377 -1.0790799856185913 0.7864620089530945 -0.617603063583374 -0.0
1.5414899587631226 -1.2105400562286377 -0.19018499553203583 0.7864620089530945 -0.617603063583374 -0.0
1.5179799795150757 -1.192080020904541 -0.19018499553203583 -0.0 0.0 0.999969482421875
1.5179799795150757 -1.192080020904541 -1.0790799856185913 -0.7864620089530945 0.617603063583374 -0.0
1.638450026512146 -1.0756700038909912 -1.0790799856185913 0.8359324932098389 -0.5488143563270569 -0.0
1.638450026512146 -1.0756700038909912 -0.19018499553203583 0.8359324932098389 -0.5488143563270569 -0.0
1.6134699583053589 -1.0592700242996216 -0.19018499553203583 -0.0 0.0 0.999969482421875
1.6134699583053589 -1.0592700242996216 -1.0790799856185913 -0.8359019756317139 0.5488143563270569 -0.0
1.7236499786376953 -0.9330809712409973 -1.0790799856185913 0.8793908357620239 -0.4760582149028778 -0.0
1.7236499786376953 -0.9330809712409973 -0.19018499553203583 0.8793908357620239 -0.4760582149028778 -0.0
1.6973700523376465 -0.9188529849052429 -0.19018499553203583 -0.0 0.0 0.999969482421875
1.6973700523376465 -0.9188529849052429 -1.0790799856185913 -0.8793908357620239 0.4760582149028778 -0.0
1.7964600324630737 -0.7837859988212585 -1.0790799856185913 0.9165318608283997 -0.39988401532173157 -0.0
1.7964600324630737 -0.7837859988212585 -0.19018499553203583 0.9165318608283997 -0.39988401532173157 -0.0
1.769070029258728 -0.7718350291252136 -0.19018499553203583 -0.0 0.0 0.999969482421875
1.769070029258728 -0.7718350291252136 -1.0790799856185913 -0.9165623784065247 0.39985349774360657 -0.0
1.8563799858093262 -0.6288629770278931 -1.0790799856185913 0.9471114277839661 -0.32084110379219055 -0.0
1.8563799858093262 -0.6288629770278931 -0.19018499553203583 0.9471114277839661 -0.32084110379219055 -0.0
1.828070044517517 -0.6192740201950073 -0.19018499553203583 -0.0 0.0 1.0
1.828070044517517 -0.6192740201950073 -1.0790799856185913 -0.9471114277839661 0.32084110379219055 -0.0
1.902959942817688 -0.46942201256752014 -1.0790799856185913 0.9708853363990784 -0.23947873711585999 -0.0
1.902959942817688 -0.46942201256752014 -0.19018499553203583 0.9708853363990784 -0.23947873711585999 -0.0
1.8739399909973145 -0.4622640013694763 -0.19018499553203583 -0.0 0.0 1.0
1.8739399909973145 -0.4622640013694763 -1.0790799856185913 -0.9708853363990784 0.23947873711585999 -0.0
1.9358700513839722 -0.30660998821258545 -1.0790799856185913 0.9876705408096313 -0.15640735626220703 -0.0
1.9358700513839722 -0.30660998821258545 -0.19018499553203583 0.9876705408096313 -0.15640735626220703 -0.0
1.906350016593933 -0.30193498730659485 -0.19018499553203583 -0.0 0.0 1.0
1.906350016593933 -0.30193498730659485 -1.0790799856185913 -0.9876705408096313 0.15640735626220703 -0.0
1.9548799991607666 -0.1415960043668747 -1.0790799856185913 0.9973754286766052 -0.07223731279373169 -0.0
1.9548799991607666 -0.1415960043668747 -0.19018499553203583 0.9973754286766052 -0.07223731279373169 -0.0
1.92507004737854 -0.1394370049238205 -0.19018499553203583 -0.0 0.0 0.999969482421875
1.92507004737854 -0.1394370049238205 -1.0790799856185913 -0.9973754286766052 0.07220679521560669 -0.0
1.9598499536514282 0.024435099214315414 -1.0790799856185913 0.999908447265625 0.012451551854610443 -0.0
1.9598499536514282 0.024435099214315414 -0.19018499553203583 0.999908447265625 0.012451551854610443 -0.0
1.929960012435913 0.024062499403953552 -0.19018499553203583 -0.0 0.0 1.0
1.929960012435913 0.024062499403953552 -1.0790799856185913 -0.999908447265625 -0.012451551854610443 -0.0
1.9507399797439575 0.19029100239276886 -1.0790799856185913 0.9952696561813354 0.09707938134670258 -0.0
1.9507399797439575 0.19029100239276886 -0.19018499553203583 0.9952696561813354 0.09707938134670258 -0.0
1.9210000038146973 0.18738900125026703 -0.19018499553203583 -0.0 0.0 1.0
1.9210000038146973 0.18738900125026703 -1.0790799856185913 -0.9952696561813354 -0.09704886376857758 -0.0
1.9276200532913208 0.3547790050506592 -1.0790799856185913 0.9834589958190918 0.18100528419017792 -0.0
1.9276200532913208 0.3547790050506592 -0.19018499553203583 0.9834589958190918 0.18100528419017792 -0.0
1.898229956626892 0.34937000274658203 -0.19018499553203583 -0.0 0.0 0.999969482421875
1.898229956626892 0.34937000274658203 -1.0790799856185913 -0.9834589958190918 -0.18100528419017792 -0.0
1.890660047531128 0.5167199969291687 -1.0790799856185913 0.964598536491394 0.2636188864707947 -0.0
1.890660047531128 0.5167199969291687 -0.19018499553203583 0.964598536491394 0.2636188864707947 -0.0
1.8618299961090088 0.5088409781455994 -0.19018499553203583 -0.0 0.0 1.0
1.8618299961090088 0.5088409781455994 -1.0790799856185913 -0.964598536491394 -0.2636188864707947 -0.0
1.8401199579238892 0.6749500036239624 -1.0790799856185913 0.938810408115387 0.34434035420417786 -0.0
1.8401199579238892 0.6749500036239624 -0.19018499553203583 0.938810408115387 0.34434035420417786 -0.0
1.812059998512268 0.6646580100059509 -0.19018499553203583 -0.0 0.0 0.999969482421875
1.812059998512268 0.6646580100059509 -1.0790799856185913 -0.938840925693512 -0.34434035420417786 -0.0
1.776360034942627 0.8283320069313049 -1.0790799856185913 0.9233680367469788 0.38383129239082336 -0.0
1.776360034942627 0.8283320069313049 -0.19018499553203583 0.9233680367469788 0.38383129239082336 -0.0
1.7492799758911133 0.8157010078430176 -0.19018499553203583 -0.0 0.0 0.999969482421875
1.7492799758911133 0.8157010078430176 -1.0790799856185913 -0.9233985543251038 -0.38380077481269836 -0.0
1.4225300550460815 -1.3265199661254883 -0.6346349716186523 -0.6819055676460266 -0.731406569480896 -0.0
1.7628200054168701 0.8220170140266418 -0.6346349716186523 -0.42271187901496887 0.9062471389770508 -0.0
1.433459997177124 -1.336709976196289 -0.07908490300178528 0.7595751881599426 -0.6503799557685852 -0.0
1.433459997177124 -1.336709976196289 0.0598158985376358 0.7595751881599426 -0.6503799557685852 -0.0
1.4115999937057495 -1.3163299560546875 0.0598158985376358 -0.0 0.0 0.999969482421875
1.4115999937057495 -1.3163299560546875 -0.07908490300178528 -0.7596057057380676 0.6503494381904602 -0.0
1.5414899587631226 -1.2105400562286377 -0.07908490300178528 0.7864620089530945 -0.617603063583374 -0.0
1.5414899587631226 -1.2105400562286377 0.0598158985376358 0.7864620089530945 -0.617603063583374 -0.0
1.5179799795150757 -1.192080020904541 0.0598158985376358 -0.0 0.0 0.999969482421875
1.5179799795150757 -1.192080020904541 -0.07908490300178528 -0.7864620089530945 0.617603063583374 -0.0
1.638450026512146 -1.0756700038909912 -0.07908490300178528 0.8359324932098389 -0.5488143563270569 -0.0
1.638450026512146 -1.0756700038909912 0.0598158985376358 0.8359324932098389 -0.5488143563270569 -0.0
1.6134699583053589 -1.0592700242996216 0.0598158985376358 -0.0 0.0 0.999969482421875
1.6134699583053589 -1.0592700242996216 -0.07908490300178528 -0.8359019756317139 0.5488143563270569 -0.0
1.7236499786376953 -0.9330809712409973 -0.07908490300178528 0.8793908357620239 -0.4760582149028778 -0.0
1.7236499786376953 -0.9330809712409973 0.0598158985376358 0.8793908357620239 -0.4760582149028778 -0.0
1.6973700523376465 -0.9188529849052429 0.0598158985376358 -0.0 0.0 0.999969482421875
1.6973700523376465 -0.9188529849052429 -0.07908490300178528 -0.8793908357620239 0.4760582149028778 -0.0
1.7964600324630737 -0.7837859988212585 -0.07908490300178528 0.9165318608283997 -0.39988401532173157 -0.0
1.7964600324630737 -0.7837859988212585 0.0598158985376358 0.9165318608283997 -0.39988401532173157 -0.0
1.769070029258728 -0.7718350291252136 0.0598158985376358 -0.0 0.0 0.999969482421875
1.769070029258728 -0.7718350291252136 -0.07908490300178528 -0.9165623784065247 0.39985349774360657 -0.0
1.8563799858093262 -0.6288629770278931 -0.07908490300178528 0.9471114277839661 -0.32084110379219055 -0.0
1.8563799858093262 -0.6288629770278931 0.0598158985376358 0.9471114277839661 -0.32084110379219055 -0.0
1.828070044517517 -0.6192740201950073 0.0598158985376358 -0.0 0.0 1.0
1.828070044517517 -0.6192740201950073 -0.07908490300178528 -0.9471114277839661 0.32084110379219055 -0.0
1.902959942817688 -0.46942201256752014 -0.07908490300178528 0.9708853363990784 -0.23947873711585999 -0.0
1.902959942817688 -0.46942201256752014 0.0598158985376358 0.9708853363990784 -0.23947873711585999 -0.0
1.8739399909973145 -0.4622640013694763 0.0598158985376358 -0.0 0.0 1.0
1.8739399909973145 -0.4622640013694763 -0.07908490300178528 -0.9708853363990784 0.23947873711585999 -0.0
1.9358700513839722 -0.30660998821258545 -0.07908490300178528 0.9876705408096313 -0.15640735626220703 -0.0
1.9358700513839722 -0.30660998821258545 0.0598158985376358 0.9876705408096313 -0.15640735626220703 -0.0
1.906350016593933 -0.30193498730659485 0.0598158985376358 -0.0 0.0 1.0
1.906350016593933 -0.30193498730659485 -0.07908490300178528 -0.9876705408096313 0.15640735626220703 -0.0
1.9548799991607666 -0.1415960043668747 -0.07908490300178528 0.9973754286766052 -0.07223731279373169 -0.0
1.9548799991607666 -0.1415960043668747 0.0598158985376358 0.9973754286766052 -0.07223731279373169 -0.0
1.92507004737854 -0.1394370049238205 0.0598158985376358 -0.0 0.0 0.999969482421875
1.92507004737854 -0.1394370049238205 -0.07908490300178528 -0.9973754286766052 0.07220679521560669 -0.0
1.9598499536514282 0.024435099214315414 -0.07908490300178528 0.999908447265625 0.012451551854610443 -0.0
1.9598499536514282 0.024435099214315414 0.0598158985376358 0.999908447265625 0.012451551854610443 -0.0
1.929960012435913 0.024062499403953552 0.0598158985376358 -0.0 0.0 1.0
1.929960012435913 0.024062499403953552 -0.07908490300178528 -0.999908447265625 -0.012451551854610443 -0.0
1.9507399797439575 0.19029100239276886 -0.07908490300178528 0.9952696561813354 0.09707938134670258 -0.0
1.9507399797439575 0.19029100239276886 0.0598158985376358 0.9952696561813354 0.09707938134670258 -0.0
1.9210000038146973 0.18738900125026703 0.0598158985376358 -0.0 0.0 1.0
1.9210000038146973 0.18738900125026703 -0.07908490300178528 -0.9952696561813354 -0.09704886376857758 -0.0
1.9276200532913208 0.3547790050506592 -0.07908490300178528 0.9834589958190918 0.18100528419017792 -0.0
1.9276200532913208 0.3547790050506592 0.0598158985376358 0.9834589958190918 0.18100528419017792 -0.0
1.898229956626892 0.34937000274658203 0.0598158985376358 -0.0 0.0 0.999969482421875
1.898229956626892 0.34937000274658203 -0.07908490300178528 -0.9834589958190918 -0.18100528419017792 -0.0
1.890660047531128 0.5167199969291687 -0.07908490300178528 0.964598536491394 0.2636188864707947 -0.0
1.890660047531128 0.5167199969291687 0.0598158985376358 0.964598536491394 0.2636188864707947 -0.0
1.8618299961090088 0.5088409781455994 0.0598158985376358 -0.0 0.0 1.0
1.8618299961090088 0.5088409781455994 -0.07908490300178528 -0.964598536491394 -0.2636188864707947 -0.0
1.8401199579238892 0.6749500036239624 -0.07908490300178528 0.938810408115387 0.34434035420417786 -0.0
1.8401199579238892 0.6749500036239624 0.0598158985376358 0.938810408115387 0.34434035420417786 -0.0
1.812059998512268 0.6646580100059509 0.0598158985376358 -0.0 0.0 0.999969482421875
1.812059998512268 0.6646580100059509 -0.07908490300178528 -0.938840925693512 -0.34434035420417786 -0.0
1.776360034942627 0.8283320069313049 -0.07908490300178528 0.9233680367469788 0.38383129239082336 -0.0
1.776360034942627 0.8283320069313049 0.0598158985376358 0.9233680367469788 0.38383129239082336 -0.0
1.7492799758911133 0.8157010078430176 0.0598158985376358 -0.0 0.0 0.999969482421875
1.7492799758911133 0.8157010078430176 -0.07908490300178528 -0.9233985543251038 -0.38380077481269836 -0.0
1.4225300550460815 -1.3265199661254883 -0.009634490124881268 -0.6819055676460266 -0.731406569480896 -0.0
1.7628200054168701 0.8220170140266418 -0.009634490124881268 -0.42268136143684387 0.9062471389770508 -0.0
1.433459997177124 -1.336709976196289 -1.0790799856185913 -0.0 0.0 -1.0
1.433459997177124 -1.336709976196289 -1.0790799856185913 -0.6819055676460266 -0.731406569480896 -0.0
1.433459997177124 -1.336709976196289 -0.19018499553203583 -0.0 0.0 1.0
1.433459997177124 -1.336709976196289 -0.19018499553203583 -0.6819055676460266 -0.731406569480896 -0.0
1.4115999937057495 -1.3163299560546875 -0.19018499553203583 -0.7596057057380676 0.6503494381904602 -0.0
1.4115999937057495 -1.3163299560546875 -0.19018499553203583 -0.6819055676460266 -0.731406569480896 -0.0
1.4115999937057495 -1.3163299560546875 -1.0790799856185913 -0.0 0.0 -1.0
1.4115999937057495 -1.3163299560546875 -1.0790799856185913 -0.6819055676460266 -0.731406569480896 -0.0
1.5414899587631226 -1.2105400562286377 -1.0790799856185913 -0.0 0.0 -1.0
1.5414899587631226 -1.2105400562286377 -0.19018499553203583 -0.0 0.0 1.0
1.5179799795150757 -1.192080020904541 -0.19018499553203583 -0.7864620089530945 0.617603063583374 -0.0
1.5179799795150757 -1.192080020904541 -1.0790799856185913 -0.0 0.0 -0.999969482421875
1.638450026512146 -1.0756700038909912 -1.0790799856185913 -0.0 0.0 -1.0
1.638450026512146 -1.0756700038909912 -0.19018499553203583 -0.0 0.0 0.999969482421875
1.6134699583053589 -1.0592700242996216 -0.19018499553203583 -0.8359019756317139 0.5488143563270569 -0.0
1.6134699583053589 -1.0592700242996216 -1.0790799856185913 -0.0 0.0 -0.999969482421875
1.7236499786376953 -0.9330809712409973 -1.0790799856185913 -0.0 0.0 -1.0
1.7236499786376953 -0.9330809712409973 -0.19018499553203583 -0.0 0.0 1.0
1.6973700523376465 -0.9188529849052429 -0.19018499553203583 -0.8793908357620239 0.4760582149028778 -0.0
1.6973700523376465 -0.9188529849052429 -1.0790799856185913 -0.0 0.0 -1.0
1.7964600324630737 -0.7837859988212585 -1.0790799856185913 -0.0 0.0 -0.999969482421875
1.7964600324630737 -0.7837859988212585 -0.19018499553203583 -0.0 0.0 1.0
1.769070029258728 -0.7718350291252136 -0.19018499553203583 -0.9165623784065247 0.39985349774360657 -0.0
1.769070029258728 -0.7718350291252136 -1.0790799856185913 -0.0 0.0 -1.0
1.8563799858093262 -0.6288629770278931 -1.0790799856185913 -0.0 0.0 -1.0
1.8563799858093262 -0.6288629770278931 -0.19018499553203583 -0.0 0.0 1.0
1.828070044517517 -0.6192740201950073 -0.19018499553203583 -0.9471114277839661 0.32084110379219055 -0.0
1.828070044517517 -0.6192740201950073 -1.0790799856185913 -0.0 0.0 -1.0
1.902959942817688 -0.46942201256752014 -1.0790799856185913 -0.0 0.0 -1.0
1.902959942817688 -0.46942201256752014 -0.19018499553203583 -0.0 0.0 1.0
1.8739399909973145 -0.4622640013694763 -0.19018499553203583 -0.9708853363990784 0.23947873711585999 -0.0
1.8739399909973145 -0.4622640013694763 -1.0790799856185913 -0.0 0.0 -1.0
1.9358700513839722 -0.30660998821258545 -1.0790799856185913 -0.0 0.0 -1.0
1.9358700513839722 -0.30660998821258545 -0.19018499553203583 -0.0 0.0 1.0
1.906350016593933 -0.30193498730659485 -0.19018499553203583 -0.9876705408096313 0.15640735626220703 -0.0
1.906350016593933 -0.30193498730659485 -1.0790799856185913 -0.0 0.0 -1.0
1.9548799991607666 -0.1415960043668747 -1.0790799856185913 -0.0 0.0 -1.0
1.9548799991607666 -0.1415960043668747 -0.19018499553203583 -0.0 0.0 1.0
1.92507004737854 -0.1394370049238205 -0.19018499553203583 -0.9973754286766052 0.07220679521560669 -0.0
1.92507004737854 -0.1394370049238205 -1.0790799856185913 -0.0 0.0 -1.0
1.9598499536514282 0.024435099214315414 -1.0790799856185913 -0.0 0.0 -1.0
1.9598499536514282 0.024435099214315414 -0.19018499553203583 -0.0 0.0 0.999969482421875
1.929960012435913 0.024062499403953552 -0.19018499553203583 -0.999908447265625 -0.012451551854610443 -0.0
1.929960012435913 0.024062499403953552 -1.0790799856185913 -0.0 0.0 -1.0
1.9507399797439575 0.19029100239276886 -1.0790799856185913 -0.0 0.0 -1.0
1.9507399797439575 0.19029100239276886 -0.19018499553203583 -0.0 0.0 1.0
1.9210000038146973 0.18738900125026703 -0.19018499553203583 -0.9952696561813354 -0.09704886376857758 -0.0
1.9210000038146973 0.18738900125026703 -1.0790799856185913 -0.0 0.0 -0.999969482421875
1.9276200532913208 0.3547790050506592 -1.0790799856185913 -0.0 0.0 -1.0
1.9276200532913208 0.3547790050506592 -0.19018499553203583 -0.0 0.0 1.0
1.898229956626892 0.34937000274658203 -0.19018499553203583 -0.9834589958190918 -0.18100528419017792 -0.0
1.898229956626892 0.34937000274658203 -1.0790799856185913 -0.0 0.0 -1.0
1.890660047531128 0.5167199969291687 -1.0790799856185913 -0.0 0.0 -1.0
1.890660047531128 0.5167199969291687 -0.19018499553203583 -0.0 0.0 1.0
1.8618299961090088 0.5088409781455994 -0.19018499553203583 -0.964598536491394 -0.2636188864707947 -0.0
1.8618299961090088 0.5088409781455994 -1.0790799856185913 -0.0 0.0 -1.0
1.8401199579238892 0.6749500036239624 -1.0790799856185913 -0.0 0.0 -1.0
1.8401199579238892 0.6749500036239624 -0.19018499553203583 -0.0 0.0 1.0
1.812059998512268 0.6646580100059509 -0.19018499553203583 -0.938840925693512 -0.34434035420417786 -0.0
1.812059998512268 0.6646580100059509 -1.0790799856185913 -0.0 0.0 -1.0
1.776360034942627 0.8283320069313049 -1.0790799856185913 -0.0 0.0 -1.0
1.776360034942627 0.8283320069313049 -1.0790799856185913 -0.42268136143684387 0.9062471389770508 -0.0
1.776360034942627 0.8283320069313049 -0.19018499553203583 -0.0 0.0 1.0
1.776360034942627 0.8283320069313049 -0.19018499553203583 -0.42268136143684387 0.9062471389770508 -0.0
1.7492799758911133 0.8157010078430176 -0.19018499553203583 -0.9233985543251038 -0.38380077481269836 -0.0
1.7492799758911133 0.8157010078430176 -0.19018499553203583 -0.42271187901496887 0.9062471389770508 -0.0
1.7492799758911133 0.8157010078430176 -1.0790799856185913 -0.0 0.0 -1.0
1.7492799758911133 0.8157010078430176 -1.0790799856185913 -0.42271187901496887 0.9062471389770508 -0.0
1.433459997177124 -1.336709976196289 -0.07908490300178528 -0.0 0.0 -1.0
1.433459997177124 -1.336709976196289 -0.07908490300178528 -0.6819055676460266 -0.731406569480896 -0.0
1.433459997177124 -1.336709976196289 0.0598158985376358 -0.0 0.0 1.0
1.433459997177124 -1.336709976196289 0.0598158985376358 -0.6819055676460266 -0.731406569480896 -0.0
1.4115999937057495 -1.3163299560546875 0.0598158985376358 -0.7596057057380676 0.6503494381904602 -0.0
1.4115999937057495 -1.3163299560546875 0.0598158985376358 -0.6819055676460266 -0.731406569480896 -0.0
1.4115999937057495 -1.3163299560546875 -0.07908490300178528 -0.0 0.0 -1.0
1.4115999937057495 -1.3163299560546875 -0.07908490300178528 -0.6819055676460266 -0.731406569480896 -0.0
1.5414899587631226 -1.2105400562286377 -0.07908490300178528 -0.0 0.0 -1.0
1.5414899587631226 -1.2105400562286377 0.0598158985376358 -0.0 0.0 1.0
1.5179799795150757 -1.192080020904541 0.0598158985376358 -0.7864620089530945 0.617603063583374 -0.0
1.5179799795150757 -1.192080020904541 -0.07908490300178528 -0.0 0.0 -0.999969482421875
1.638450026512146 -1.0756700038909912 -0.07908490300178528 -0.0 0.0 -1.0
1.638450026512146 -1.0756700038909912 0.0598158985376358 -0.0 0.0 0.999969482421875
1.6134699583053589 -1.0592700242996216 0.0598158985376358 -0.8359019756317139 0.5488143563270569 -0.0
1.6134699583053589 -1.0592700242996216 -0.07908490300178528 -0.0 0.0 -0.999969482421875
1.7236499786376953 -0.9330809712409973 -0.07908490300178528 -0.0 0.0 -1.0
1.7236499786376953 -0.9330809712409973 0.0598158985376358 -0.0 0.0 1.0
1.6973700523376465 -0.9188529849052429 0.0598158985376358 -0.8793908357620239 0.4760582149028778 -0.0
1.6973700523376465 -0.9188529849052429 -0.07908490300178528 -0.0 0.0 -1.0
1.7964600324630737 -0.7837859988212585 -0.07908490300178528 -0.0 0.0 -0.999969482421875
1.7964600324630737 -0.7837859988212585 0.0598158985376358 -0.0 0.0 1.0
1.769070029258728 -0.7718350291252136 0.0598158985376358 -0.9165623784065247 0.39985349774360657 -0.0
1.769070029258728 -0.7718350291252136 -0.07908490300178528 -0.0 0.0 -1.0
1.8563799858093262 -0.6288629770278931 -0.07908490300178528 -0.0 0.0 -1.0
1.8563799858093262 -0.6288629770278931 0.0598158985376358 -0.0 0.0 1.0
1.828070044517517 -0.6192740201950073 0.0598158985376358 -0.9471114277839661 0.32084110379219055 -0.0
1.828070044517517 -0.6192740201950073 -0.07908490300178528 -0.0 0.0 -1.0
1.902959942817688 -0.46942201256752014 -0.07908490300178528 -0.0 0.0 -1.0
1.902959942817688 -0.46942201256752014 0.0598158985376358 -0.0 0.0 1.0
1.8739399909973145 -0.4622640013694763 0.0598158985376358 -0.9708853363990784 0.23947873711585999 -0.0
1.8739399909973145 -0.4622640013694763 -0.07908490300178528 -0.0 0.0 -1.0
1.9358700513839722 -0.30660998821258545 -0.07908490300178528 -0.0 0.0 -1.0
1.9358700513839722 -0.30660998821258545 0.0598158985376358 -0.0 0.0 1.0
1.906350016593933 -0.30193498730659485 0.0598158985376358 -0.9876705408096313 0.15640735626220703 -0.0
1.906350016593933 -0.30193498730659485 -0.07908490300178528 -0.0 0.0 -1.0
1.9548799991607666 -0.1415960043668747 -0.07908490300178528 -0.0 0.0 -1.0
1.9548799991607666 -0.1415960043668747 0.0598158985376358 -0.0 0.0 1.0
1.92507004737854 -0.1394370049238205 0.0598158985376358 -0.9973754286766052 0.07220679521560669 -0.0
1.92507004737854 -0.1394370049238205 -0.07908490300178528 -0.0 0.0 -1.0
1.9598499536514282 0.024435099214315414 -0.07908490300178528 -0.0 0.0 -1.0
1.9598499536514282 0.024435099214315414 0.0598158985376358 -0.0 0.0 0.999969482421875
1.929960012435913 0.024062499403953552 0.0598158985376358 -0.999908447265625 -0.012451551854610443 -0.0
1.929960012435913 0.024062499403953552 -0.07908490300178528 -0.0 0.0 -1.0
1.9507399797439575 0.19029100239276886 -0.07908490300178528 -0.0 0.0 -1.0
1.9507399797439575 0.19029100239276886 0.0598158985376358 -0.0 0.0 1.0
1.9210000038146973 0.18738900125026703 0.0598158985376358 -0.9952696561813354 -0.09704886376857758 -0.0
1.9210000038146973 0.18738900125026703 -0.07908490300178528 -0.0 0.0 -0.999969482421875
1.9276200532913208 0.3547790050506592 -0.07908490300178528 -0.0 0.0 -1.0
1.9276200532913208 0.3547790050506592 0.0598158985376358 -0.0 0.0 1.0
1.898229956626892 0.34937000274658203 0.0598158985376358 -0.9834589958190918 -0.18100528419017792 -0.0
1.898229956626892 0.34937000274658203 -0.07908490300178528 -0.0 0.0 -1.0
1.890660047531128 0.5167199969291687 -0.07908490300178528 -0.0 0.0 -1.0
1.890660047531128 0.5167199969291687 0.0598158985376358 -0.0 0.0 1.0
1.8618299961090088 0.5088409781455994 0.0598158985376358 -0.964598536491394 -0.2636188864707947 -0.0
1.8618299961090088 0.5088409781455994 -0.07908490300178528 -0.0 0.0 -1.0
1.8401199579238892 0.6749500036239624 -0.07908490300178528 -0.0 0.0 -1.0
1.8401199579238892 0.6749500036239624 0.0598158985376358 -0.0 0.0 1.0
1.812059998512268 0.6646580100059509 0.0598158985376358 -0.938840925693512 -0.34434035420417786 -0.0
1.812059998512268 0.6646580100059509 -0.07908490300178528 -0.0 0.0 -1.0
1.776360034942627 0.8283320069313049 -0.07908490300178528 -0.0 0.0 -1.0
1.776360034942627 0.8283320069313049 -0.07908490300178528 -0.42268136143684387 0.9062471389770508 -0.0
1.776360034942627 0.8283320069313049 0.0598158985376358 -0.0 0.0 1.0
1.776360034942627 0.8283320069313049 0.0598158985376358 -0.42268136143684387 0.9062471389770508 -0.0
1.7492799758911133 0.8157010078430176 0.0598158985376358 -0.9233985543251038 -0.38380077481269836 -0.0
1.7492799758911133 0.8157010078430176 0.0598158985376358 -0.42271187901496887 0.9062471389770508 -0.0
1.7492799758911133 0.8157010078430176 -0.07908490300178528 -0.0 0.0 -1.0
1.7492799758911133 0.8157010078430176 -0.07908490300178528 -0.42271187901496887 0.9062471389770508 -0.0
0 4 5
0 5 1
126 133 6
126 6 2
128 134 7
128 7 3
130 135 132
130 132 124
4 8 9
4 9 5
133 137 10
133 10 6
134 138 11
134 11 7
135 139 136
135 136 132
8 12 13
8 13 9
137 141 14
137 14 10
138 142 15
138 15 11
139 143 140
139 140 136
12 16 17
12 17 13
141 145 18
141 18 14
142 146 19
142 19 15
143 147 144
143 144 140
16 20 21
16 21 17
145 149 22
145 22 18
146 150 23
146 23 19
147 151 148
147 148 144
20 24 25
20 25 21
149 153 26
149 26 22
150 154 27
150 27 23
151 155 152
151 152 148
24 28 29
24 29 25
153 157 30
153 30 26
154 158 31
154 31 27
155 159 156
155 156 152
28 32 33
28 33 29
157 161 34
157 34 30
158 162 35
158 35 31
159 163 160
159 160 156
32 36 37
32 37 33
161 165 38
161 38 34
162 166 39
162 39 35
163 167 164
163 164 160
36 40 41
36 41 37
165 169 42
165 42 38
166 170 43
166 43 39
167 171 168
167 168 164
40 44 45
40 45 41
169 173 46
169 46 42
170 174 47
170 47 43
171 175 172
171 172 168
44 48 49
44 49 45
173 177 50
173 50 46
174 178 51
174 51 47
175 179 176
175 176 172
48 52 53
48 53 49
177 181 54
177 54 50
178 182 55
178 55 51
179 183 180
179 180 176
52 56 57
52 57 53
181 186 58
181 58 54
182 188 59
182 59 55
183 190 184
183 184 180
60 125 127
60 127 129
60 129 131
60 131 125
61 187 185
61 189 187
61 191 189
61 185 191
62 66 67
62 67 63
194 201 68
194 68 64
196 202 69
196 69 65
198 203 200
198 200 192
66 70 71
66 71 67
201 205 72
201 72 68
202 206 73
202 73 69
203 207 204
203 204 200
70 74 75
70 75 71
205 209 76
205 76 72
206 210 77
206 77 73
207 211 208
207 208 204
74 78 79
74 79 75
209 213 80
209 80 76
210 214 81
210 81 77
211 215 212
211 212 208
78 82 83
78 83 79
213 217 84
213 84 80
214 218 85
214 85 81
215 219 216
215 216 212
82 86 87
82 87 83
217 221 88
217 88 84
218 222 89
218 89 85
219 223 220
219 220 216
86 90 91
86 91 87
221 225 92
221 92 88
222 226 93
222 93 89
223 227 224
223 224 220
90 94 95
90 95 91
225 229 96
225 96 92
226 230 97
226 97 93
227 231 228
227 228 224
94 98 99
94 99 95
229 233 100
229 100 96
230 234 101
230 101 97
231 235 232
231 232 228
98 102 103
98 103 99
233 237 104
233 104 100
234 238 105
234 105 101
235 239 236
235 236 232
102 106 107
102 107 103
237 241 108
237 108 104
238 242 109
238 109 105
239 243 240
239 240 236
106 110 111
106 111 107
241 245 112
241 112 108
242 246 113
242 113 109
243 247 244
243 244 240
110 114 115
110 115 111
245 249 116
245 116 112
246 250 117
246 117 113
247 251 248
247 248 244
114 118 119
114 119 115
249 254 120
249 120 116
250 256 121
250 121 117
251 258 252
251 252 248
122 193 195
122 195 197
122 197 199
122 199 193
123 255 253
123 257 255
123 259 257
123 253 259
LABEL ORBGroup6
MATERIAL 6
TEXTURE 0
GEOM 80 75
1.4417099952697754 -1.322160005569458 -1.2673900127410889 0.7933286428451538 -0.6087527275085449 -0.0
1.4417099952697754 -1.322160005569458 0.13199999928474426 0.7933286428451538 -0.6087527275085449 -0.0
1.4417099952697754 -1.322160005569458 2.73088002204895 0.7933286428451538 -0.6087527275085449 -0.0
1.4229999780654907 -1.3050099611282349 2.73088002204895 -0.0 0.0 0.999969482421875
1.4229999780654907 -1.3050099611282349 0.13199999928474426 -0.7933286428451538 0.6087527275085449 -0.0
1.4229999780654907 -1.3050099611282349 -1.2673900127410889 -0.7933286428451538 0.6087527275085449 -0.0
1.6490999460220337 -1.0518800020217896 -1.2673900127410889 0.843379020690918 -0.5372783541679382 -0.0
1.6490999460220337 -1.0518800020217896 0.13199999928474426 0.843379020690918 -0.5372783541679382 -0.0
1.6490999460220337 -1.0518800020217896 2.73088002204895 0.843379020690918 -0.5372783541679382 -0.0
1.6276999711990356 -1.0382399559020996 2.73088002204895 -0.0 0.0 1.0
1.6276999711990356 -1.0382399559020996 0.13199999928474426 -0.843379020690918 0.5372783541679382 -0.0
1.6276999711990356 -1.0382399559020996 -1.2673900127410889 -0.843379020690918 0.5372783541679382 -0.0
1.8064199686050415 -0.7496860027313232 -1.2673900127410889 0.9238563179969788 -0.382671594619751 -0.0
1.8064199686050415 -0.7496860027313232 0.13199999928474426 0.9238563179969788 -0.382671594619751 -0.0
1.8064199686050415 -0.7496860027313232 2.73088002204895 0.9238563179969788 -0.382671594619751 -0.0
1.7829699516296387 -0.7399730086326599 2.73088002204895 -0.0 0.0 1.0
1.7829699516296387 -0.7399730086326599 0.13199999928474426 -0.9238563179969788 0.382671594619751 -0.0
1.7829699516296387 -0.7399730086326599 -1.2673900127410889 -0.9238563179969788 0.382671594619751 -0.0
1.9088599681854248 -0.42476901412010193 -1.2673900127410889 0.9762871265411377 -0.21640674769878387 -0.0
1.9088599681854248 -0.42476901412010193 0.13199999928474426 0.9762871265411377 -0.21640674769878387 -0.0
1.9088599681854248 -0.42476901412010193 2.73088002204895 0.9762871265411377 -0.21640674769878387 -0.0
1.8840800523757935 -0.4192749857902527 2.73088002204895 -0.0 0.0 0.999969482421875
1.8840800523757935 -0.4192749857902527 0.13199999928474426 -0.9762871265411377 0.21640674769878387 -0.0
1.8840800523757935 -0.4192749857902527 -1.2673900127410889 -0.9762871265411377 0.21640674769878387 -0.0
1.9533300399780273 -0.08699870109558105 -1.2673900127410889 0.9990233778953552 -0.04361094906926155 -0.0
1.9533300399780273 -0.08699870109558105 0.13199999928474426 0.9973449110984802 -0.07272560894489288 -0.0
1.9533300399780273 -0.08699870109558105 2.73088002204895 0.9914243221282959 -0.13052766025066376 -0.0
1.927970051765442 -0.08589150011539459 2.73088002204895 -0.0 0.0 0.999969482421875
1.927970051765442 -0.08589150011539459 0.13199999928474426 -0.9973449110984802 0.07272560894489288 -0.0
1.927970051765442 -0.08589150011539459 -1.2673900127410889 -0.9990233778953552 0.04361094906926155 -0.0
1.9384700059890747 0.2533619999885559 -1.2673900127410889 0.9914243221282959 0.13049714267253876 -0.0
1.9384700059890747 0.2533619999885559 0.13199999928474426 0.9914243221282959 0.13049714267253876 -0.0
1.9133100509643555 0.25004899501800537 0.13199999928474426 -0.9914243221282959 -0.13052766025066376 -0.0
1.9133100509643555 0.25004899501800537 -1.2673900127410889 -0.9914243221282959 -0.13052766025066376 -0.0
1.864740014076233 0.5859709978103638 -1.2673900127410889 0.9537034034729004 0.3006988763809204 -0.0
1.864740014076233 0.5859709978103638 0.13199999928474426 0.9537034034729004 0.3006988763809204 -0.0
1.8405200242996216 0.5783389806747437 0.13199999928474426 -0.9537034034729004 -0.3006988763809204 -0.0
1.8405200242996216 0.5783389806747437 -1.2673900127410889 -0.9537034034729004 -0.3006988763809204 -0.0
1.7343599796295166 0.9007220268249512 -1.2673900127410889 0.9238563179969788 0.382671594619751 -0.0
1.7343599796295166 0.9007220268249512 0.13199999928474426 0.9238563179969788 0.382671594619751 -0.0
1.711840033531189 0.8890020251274109 0.13199999928474426 -0.9238563179969788 -0.382671594619751 -0.0
1.711840033531189 0.8890020251274109 -1.2673900127410889 -0.9238563179969788 -0.382671594619751 -0.0
1.432360053062439 -1.31358003616333 0.13199999928474426 -0.6756798028945923 -0.7371440529823303 -0.0
1.723099946975708 0.8948670029640198 0.13199999928474426 -0.4616229832172394 0.887050986289978 -0.0
1.4417099952697754 -1.322160005569458 -1.2673900127410889 -0.0 0.0 -1.0
1.4417099952697754 -1.322160005569458 -1.2673900127410889 -0.6757103204727173 -0.7371440529823303 -0.0
1.4417099952697754 -1.322160005569458 0.13199999928474426 -0.6761070489883423 -0.7367778420448303 -0.0
1.4417099952697754 -1.322160005569458 2.73088002204895 -0.0 0.0 1.0
1.4417099952697754 -1.322160005569458 2.73088002204895 -0.6757103204727173 -0.7371440529823303 -0.0
1.4229999780654907 -1.3050099611282349 2.73088002204895 -0.7933286428451538 0.6087527275085449 -0.0
1.4229999780654907 -1.3050099611282349 2.73088002204895 -0.6756798028945923 -0.7371440529823303 -0.0
1.4229999780654907 -1.3050099611282349 0.13199999928474426 -0.6752830743789673 -0.7375408411026001 -0.0
1.4229999780654907 -1.3050099611282349 -1.2673900127410889 -0.0 0.0 -1.0
1.4229999780654907 -1.3050099611282349 -1.2673900127410889 -0.6756798028945923 -0.7371440529823303 -0.0
1.6490999460220337 -1.0518800020217896 -1.2673900127410889 -0.0 0.0 -0.999969482421875
1.6490999460220337 -1.0518800020217896 2.73088002204895 -0.0 0.0 1.0
1.6276999711990356 -1.0382399559020996 2.73088002204895 -0.843379020690918 0.5372783541679382 -0.0
1.6276999711990356 -1.0382399559020996 -1.2673900127410889 -0.0 0.0 -1.0
1.8064199686050415 -0.7496860027313232 -1.2673900127410889 -0.0 0.0 -1.0
1.8064199686050415 -0.7496860027313232 2.73088002204895 -0.0 0.0 0.999969482421875
1.7829699516296387 -0.7399730086326599 2.73088002204895 -0.9238563179969788 0.382671594619751 -0.0
1.7829699516296387 -0.7399730086326599 -1.2673900127410889 -0.0 0.0 -1.0
1.9088599681854248 -0.42476901412010193 -1.2673900127410889 -0.0 0.0 -0.999969482421875
1.9088599681854248 -0.42476901412010193 2.73088002204895 -0.0 0.0 1.0
1.8840800523757935 -0.4192749857902527 2.73088002204895 -0.9762871265411377 0.21640674769878387 -0.0
1.8840800523757935 -0.4192749857902527 -1.2673900127410889 -0.0 0.0 -1.0
1.9533300399780273 -0.08699870109558105 -1.2673900127410889 -0.0 0.0 -1.0
1.9533300399780273 -0.08699870109558105 2.73088002204895 -0.0 0.0 1.0
1.927970051765442 -0.08589150011539459 2.73088002204895 -0.9914243221282959 0.13049714267253876 -0.0
1.927970051765442 -0.08589150011539459 -1.2673900127410889 -0.0 0.0 -1.0
1.9384700059890747 0.2533619999885559 -1.2673900127410889 -0.0 0.0 -1.0
1.9133100509643555 0.25004899501800537 -1.2673900127410889 -0.0 0.0 -1.0
1.864740014076233 0.5859709978103638 -1.2673900127410889 -0.0 0.0 -1.0
1.8405200242996216 0.5783389806747437 -1.2673900127410889 -0.0 0.0 -1.0
1.7343599796295166 0.9007220268249512 -1.2673900127410889 -0.0 0.0 -1.0
1.7343599796295166 0.9007220268249512 -1.2673900127410889 -0.4616229832172394 0.887050986289978 -0.0
1.7343599796295166 0.9007220268249512 0.13199999928474426 -0.461317777633667 0.887203574180603 -0.0
1.711840033531189 0.8890020251274109 0.13199999928474426 -0.4619281589984894 0.886898398399353 -0.0
1.711840033531189 0.8890020251274109 -1.2673900127410889 -0.0 0.0 -1.0
1.711840033531189 0.8890020251274109 -1.2673900127410889 -0.4616229832172394 0.887050986289978 -0.0
0 6 7
0 7 1
1 7 8
1 8 2
47 55 9
47 9 3
49 56 10
49 10 4
4 10 11
4 11 5
52 57 54
52 54 44
6 12 13
6 13 7
7 13 14
7 14 8
55 59 15
55 15 9
56 60 16
56 16 10
10 16 17
10 17 11
57 61 58
57 58 54
12 18 19
12 19 13
13 19 20
13 20 14
59 63 21
59 21 15
60 64 22
60 22 16
16 22 23
16 23 17
61 65 62
61 62 58
18 24 25
18 25 19
19 25 26
19 26 20
63 67 27
63 27 21
64 68 28
64 28 22
22 28 29
22 29 23
65 69 66
65 66 62
24 30 31
24 31 25
28 32 33
28 33 29
69 71 70
69 70 66
30 34 35
30 35 31
32 36 37
32 37 33
71 73 72
71 72 70
34 38 39
34 39 35
36 40 41
36 41 37
73 78 74
73 74 72
42 45 46
42 46 48
42 48 50
42 50 51
42 51 53
42 53 45
43 76 75
43 79 77
43 75 79
MATERIALS 6
Mtl #8
Mtl #4 with Tex: ProjectApollo/us
Mtl #5 with Tex: ProjectApollo/usflag
Mtl #1
Mtl #0
Mtl #3
MATERIAL Mtl #8
1.0 0.9803919792175293 0.4352940022945404 1.0
1.0 0.9803919792175293 0.4352940022945404 1.0
0.8999999761581421 0.8999999761581421 0.8999999761581421 1.0 1
0.8052286505699158 0.7894397104549 0.3505112020688106 1.0
MATERIAL Mtl #4 with Tex: ProjectApollo/us
1.0 1.0 1.0 1.0
1.0 1.0 1.0 1.0
0.9137259721755981 0.9137259721755981 0.9137259721755981 1.0 41
0.0 0.0 0.0 1.0
MATERIAL Mtl #5 with Tex: ProjectApollo/usflag
0.8039219975471497 0.8039219975471497 0.8039219975471497 1.0
0.8039219975471497 0.8039219975471497 0.8039219975471497 1.0
0.7058820128440857 0.7058820128440857 0.7058820128440857 1.0 8
0.0 0.0 0.0 1.0
MATERIAL Mtl #1
0.8431370258331299 0.8431370258331299 0.8431370258331299 1.0
0.8431370258331299 0.8431370258331299 0.8431370258331299 1.0
0.8999999761581421 0.8999999761581421 0.8999999761581421 1.0 1
0.0 0.0 0.0 1.0
MATERIAL Mtl #0
1.0 1.0 1.0 1.0
1.0 1.0 1.0 1.0
0.7803919911384583 0.7803919911384583 0.7803919911384583 1.0 1
0.0 0.0 0.0 1.0
MATERIAL Mtl #3
0.764706015586853 0.764706015586853 0.764706015586853 1.0
0.764706015586853 0.764706015586853 0.764706015586853 1.0
0.47843098640441895 0.47843098640441895 0.47843098640441895 1.0 8
0.0 0.0 0.0 1.0
TEXTURES 2
ProjectApollo\us.dds
ProjectApollo\usflag.dds
