MSHX1
GROUPS 6
LABEL ORBGroup1
MATERIAL 1
TEXTURE 1
GEOM 4 2
-1.441249966621399 1.3197400569915771 1.9230400323867798 -0.6846217513084412 0.7288735508918762 -0.0 0.7266650199890137 0.9664050005376339
-1.3665000200271606 1.3899500370025635 1.9230400323867798 -0.6846217513084412 0.7288735508918762 -0.0 0.9871839880943298 0.9664050005376339
-1.441249966621399 1.3197400569915771 2.1253700256347656 -0.6846217513084412 0.7288735508918762 -0.0 0.7266650199890137 0.016555726528167725
-1.3665000200271606 1.3899500370025635 2.1253700256347656 -0.6846217513084412 0.7288735508918762 -0.0 0.9871839880943298 0.0165557861328125
2 3 0
1 0 3
LABEL ORBGroup2
MATERIAL 2
TEXTURE 0
GEOM 872 800
0.34356099367141724 1.950659990310669 -0.42275598645210266 0.1830195039510727 0.983092725276947 -0.0
0.34356099367141724 1.950659990310669 -0.4077560007572174 0.1830195039510727 0.983092725276947 -0.0
0.3341430127620697 1.9018800258636475 -0.4077560007572174 -0.0 0.0 1.0
0.3341430127620697 1.9018800258636475 -0.42275598645210266 -0.18417920172214508 -0.982879102230072 -0.0
0.21335600316524506 1.9749000072479248 -0.42275598645210266 0.12442396581172943 0.9922177791595459 -0.0
0.21335600316524506 1.9749000072479248 -0.4077560007572174 0.12442396581172943 0.9922177791595459 -0.0
0.2080399990081787 1.925510048866272 -0.4077560007572174 -0.0 0.0 0.999969482421875
0.2080399990081787 1.925510048866272 -0.42275598645210266 -0.12500381469726562 -0.9921262264251709 -0.0
0.048409100621938705 1.9857100248336792 -0.42275598645210266 0.0236823633313179 0.99969482421875 -0.0
0.048409100621938705 1.9857100248336792 -0.4077560007572174 0.0236823633313179 0.99969482421875 -0.0
0.047232501208782196 1.9360500574111938 -0.4077560007572174 -0.0 0.0 1.0
0.047232501208782196 1.9360500574111938 -0.42275598645210266 -0.0236823633313179 -0.99969482421875 -0.0
-0.11686500161886215 1.9827300310134888 -0.42275598645210266 -0.059785760939121246 0.9981994032859802 -0.0
-0.11686500161886215 1.9827300310134888 -0.4077560007572174 -0.059785760939121246 0.9981994032859802 -0.0
-0.11389300227165222 1.9331400394439697 -0.4077560007572174 -0.0 0.0 1.0
-0.11389300227165222 1.9331400394439697 -0.42275598645210266 0.059785760939121246 -0.9981994032859802 -0.0
-0.2813130021095276 1.9659600257873535 -0.42275598645210266 -0.1428876668214798 0.9897152781486511 -0.0
-0.2813130021095276 1.9659600257873535 -0.4077560007572174 -0.1428876668214798 0.9897152781486511 -0.0
-0.2742150127887726 1.9167900085449219 -0.4077560007572174 -0.0 0.0 0.999969482421875
-0.2742150127887726 1.9167900085449219 -0.42275598645210266 0.1428571492433548 -0.9897152781486511 -0.0
-0.443789005279541 1.9355299472808838 -0.42275598645210266 -0.22492142021656036 0.9743644595146179 -0.0
-0.443789005279541 1.9355299472808838 -0.4077560007572174 -0.22492142021656036 0.9743644595146179 -0.0
-0.43261298537254333 1.8871300220489502 -0.4077560007572174 -0.0 0.0 0.999969482421875
-0.43261298537254333 1.8871300220489502 -0.42275598645210266 0.22495193779468536 -0.9743644595146179 -0.0
-0.60316002368927 1.8916599750518799 -0.42275598645210266 -0.30542925000190735 0.9522080421447754 -0.0
-0.60316002368927 1.8916599750518799 -0.4077560007572174 -0.30542925000190735 0.9522080421447754 -0.0
-0.5879849791526794 1.844349980354309 -0.4077560007572174 -0.0 0.0 1.0
-0.5879849791526794 1.844349980354309 -0.42275598645210266 0.30545976758003235 -0.9521775245666504 -0.0
-0.7583150267601013 1.8346400260925293 -0.42275598645210266 -0.38383129239082336 0.9233680367469788 -0.0
-0.7583150267601013 1.8346400260925293 -0.4077560007572174 -0.38383129239082336 0.9233680367469788 -0.0
-0.7392460107803345 1.7887599468231201 -0.4077560007572174 -0.0 0.0 0.999969482421875
-0.7392460107803345 1.7887599468231201 -0.42275598645210266 0.38380077481269836 -0.9233985543251038 -0.0
-0.9081720113754272 1.764870047569275 -0.42275598645210266 -0.4595477283000946 0.8881496787071228 -0.0
-0.9081720113754272 1.764870047569275 -0.4077560007572174 -0.4595477283000946 0.8881496787071228 -0.0
-0.885342001914978 1.7207499742507935 -0.4077560007572174 -0.0 0.0 0.999969482421875
-0.885342001914978 1.7207499742507935 -0.42275598645210266 0.4595172107219696 -0.8881496787071228 -0.0
-1.0516899824142456 1.6828399896621704 -0.42275598645210266 -0.5320291519165039 0.8467055559158325 -0.0
-1.0516899824142456 1.6828399896621704 -0.4077560007572174 -0.5320291519165039 0.8467055559158325 -0.0
-1.02524995803833 1.640779972076416 -0.4077560007572174 -0.0 0.0 1.0
-1.02524995803833 1.640779972076416 -0.42275598645210266 0.5320291519165039 -0.8467055559158325 -0.0
-1.1878600120544434 1.5891300439834595 -0.42275598645210266 -0.6007874011993408 0.7993713021278381 -0.0
-1.1878600120544434 1.5891300439834595 -0.4077560007572174 -0.6007874011993408 0.7993713021278381 -0.0
-1.1580100059509277 1.5494199991226196 -0.4077560007572174 -0.0 0.0 1.0
-1.1580100059509277 1.5494199991226196 -0.42275598645210266 0.6007874011993408 -0.7993713021278381 -0.0
-1.3157299757003784 1.4843900203704834 -0.42275598645210266 -0.6641743183135986 0.747550904750824 -0.0
-1.3157299757003784 1.4843900203704834 -0.4077560007572174 -0.6641743183135986 0.747550904750824 -0.0
-1.2826800346374512 1.4472999572753906 -0.4077560007572174 -0.0 0.0 1.0
-1.2826800346374512 1.4472999572753906 -0.42275598645210266 0.6641438007354736 -0.747581422328949 -0.0
-1.4508899450302124 1.3542399406433105 -0.42275598645210266 -0.6936246752738953 0.7203283905982971 -0.0
-1.4508899450302124 1.3542399406433105 -0.4077560007572174 -0.6936246752738953 0.7203283905982971 -0.0
-1.4148600101470947 1.320039987564087 -0.4077560007572174 -0.0 0.0 1.0
-1.4148600101470947 1.320039987564087 -0.42275598645210266 0.6935636401176453 -0.7203589081764221 -0.0
-1.4328800439834595 1.3371399641036987 -0.41525599360466003 -0.6884365081787109 -0.7252723574638367 -0.0
0.34356099367141724 1.950659990310669 -0.2322079986333847 0.1830195039510727 0.983092725276947 -0.0
0.34356099367141724 1.950659990310669 -0.21720799803733826 0.1830195039510727 0.983092725276947 -0.0
0.3341430127620697 1.9018800258636475 -0.21720799803733826 -0.0 0.0 1.0
0.3341430127620697 1.9018800258636475 -0.2322079986333847 -0.18417920172214508 -0.982879102230072 -0.0
0.21335600316524506 1.9749000072479248 -0.2322079986333847 0.12442396581172943 0.9922177791595459 -0.0
0.21335600316524506 1.9749000072479248 -0.21720799803733826 0.12442396581172943 0.9922177791595459 -0.0
0.2080399990081787 1.925510048866272 -0.21720799803733826 -0.0 0.0 0.999969482421875
0.2080399990081787 1.925510048866272 -0.2322079986333847 -0.12500381469726562 -0.9921262264251709 -0.0
0.048409100621938705 1.9857100248336792 -0.2322079986333847 0.0236823633313179 0.99969482421875 -0.0
0.048409100621938705 1.9857100248336792 -0.21720799803733826 0.0236823633313179 0.99969482421875 -0.0
0.047232601791620255 1.9360500574111938 -0.21720799803733826 -0.0 0.0 1.0
0.047232601791620255 1.9360500574111938 -0.2322079986333847 -0.0236823633313179 -0.99969482421875 -0.0
-0.11686500161886215 1.9827300310134888 -0.2322079986333847 -0.059785760939121246 0.9981994032859802 -0.0
-0.11686500161886215 1.9827300310134888 -0.21720799803733826 -0.059785760939121246 0.9981994032859802 -0.0
-0.11389300227165222 1.9331400394439697 -0.21720799803733826 -0.0 0.0 1.0
-0.11389300227165222 1.9331400394439697 -0.2322079986333847 0.059785760939121246 -0.9981994032859802 -0.0
-0.2813130021095276 1.9659600257873535 -0.2322079986333847 -0.1428876668214798 0.9897152781486511 -0.0
-0.2813130021095276 1.9659600257873535 -0.21720799803733826 -0.1428876668214798 0.9897152781486511 -0.0
-0.2742150127887726 1.9167900085449219 -0.21720799803733826 -0.0 0.0 0.999969482421875
-0.2742150127887726 1.9167900085449219 -0.2322079986333847 0.1428571492433548 -0.9897152781486511 -0.0
-0.443789005279541 1.9355299472808838 -0.2322079986333847 -0.22492142021656036 0.9743644595146179 -0.0
-0.443789005279541 1.9355299472808838 -0.21720799803733826 -0.22492142021656036 0.9743644595146179 -0.0
-0.43261298537254333 1.8871300220489502 -0.21720799803733826 -0.0 0.0 0.999969482421875
-0.43261298537254333 1.8871300220489502 -0.2322079986333847 0.22492142021656036 -0.9743644595146179 -0.0
-0.60316002368927 1.8916599750518799 -0.2322079986333847 -0.30542925000190735 0.9522080421447754 -0.0
-0.60316002368927 1.8916599750518799 -0.21720799803733826 -0.30542925000190735 0.9522080421447754 -0.0
-0.5879849791526794 1.844349980354309 -0.21720799803733826 -0.0 0.0 1.0
-0.5879849791526794 1.844349980354309 -0.2322079986333847 0.30545976758003235 -0.9521775245666504 -0.0
-0.7583150267601013 1.8346400260925293 -0.2322079986333847 -0.38383129239082336 0.9233680367469788 -0.0
-0.7583150267601013 1.8346400260925293 -0.21720799803733826 -0.38383129239082336 0.9233680367469788 -0.0
-0.7392460107803345 1.7887599468231201 -0.21720799803733826 -0.0 0.0 0.999969482421875
-0.7392460107803345 1.7887599468231201 -0.2322079986333847 0.38380077481269836 -0.9233985543251038 -0.0
-0.9081720113754272 1.764870047569275 -0.2322079986333847 -0.4595477283000946 0.8881496787071228 -0.0
-0.9081720113754272 1.764870047569275 -0.21720799803733826 -0.4595477283000946 0.8881496787071228 -0.0
-0.885342001914978 1.7207499742507935 -0.21720799803733826 -0.0 0.0 0.999969482421875
-0.885342001914978 1.7207499742507935 -0.2322079986333847 0.4595172107219696 -0.8881496787071228 -0.0
-1.0516899824142456 1.6828399896621704 -0.2322079986333847 -0.5320291519165039 0.8467055559158325 -0.0
-1.0516899824142456 1.6828399896621704 -0.21720799803733826 -0.5320291519165039 0.8467055559158325 -0.0
-1.02524995803833 1.640779972076416 -0.21720799803733826 -0.0 0.0 1.0
-1.02524995803833 1.640779972076416 -0.2322079986333847 0.5320291519165039 -0.8467055559158325 -0.0
-1.1878600120544434 1.5891300439834595 -0.2322079986333847 -0.6007874011993408 0.7993713021278381 -0.0
-1.1878600120544434 1.5891300439834595 -0.21720799803733826 -0.6007874011993408 0.7993713021278381 -0.0
-1.1580100059509277 1.5494199991226196 -0.21720799803733826 -0.0 0.0 1.0
-1.1580100059509277 1.5494199991226196 -0.2322079986333847 0.6007874011993408 -0.7993713021278381 -0.0
-1.3157299757003784 1.4843900203704834 -0.2322079986333847 -0.6641743183135986 0.747550904750824 -0.0
-1.3157299757003784 1.4843900203704834 -0.21720799803733826 -0.6641743183135986 0.747550904750824 -0.0
-1.2826800346374512 1.4472999572753906 -0.21720799803733826 -0.0 0.0 1.0
-1.2826800346374512 1.4472999572753906 -0.2322079986333847 0.6641438007354736 -0.747581422328949 -0.0
-1.4508899450302124 1.3542399406433105 -0.2322079986333847 -0.6936246752738953 0.7203283905982971 -0.0
-1.4508899450302124 1.3542399406433105 -0.21720799803733826 -0.6936246752738953 0.7203283905982971 -0.0
-1.4148600101470947 1.320039987564087 -0.21720799803733826 -0.0 0.0 1.0
-1.4148600101470947 1.320039987564087 -0.2322079986333847 0.6935636401176453 -0.7203589081764221 -0.0
-1.4328800439834595 1.3371399641036987 -0.22470800578594208 -0.6884365081787109 -0.7252723574638367 -0.0
0.34356099367141724 1.950659990310669 -0.048051901161670685 0.1830195039510727 0.983092725276947 -0.0
0.34356099367141724 1.950659990310669 -0.03305190056562424 0.1830195039510727 0.983092725276947 -0.0
0.3341430127620697 1.9018800258636475 -0.03305190056562424 -0.0 0.0 1.0
0.3341430127620697 1.9018800258636475 -0.048051901161670685 -0.18417920172214508 -0.982879102230072 -0.0
0.21335600316524506 1.9749000072479248 -0.048051901161670685 0.12442396581172943 0.9922177791595459 -0.0
0.21335600316524506 1.9749000072479248 -0.03305190056562424 0.12442396581172943 0.9922177791595459 -0.0
0.2080399990081787 1.925510048866272 -0.03305190056562424 -0.0 0.0 0.999969482421875
0.2080399990081787 1.925510048866272 -0.048051901161670685 -0.12500381469726562 -0.9921262264251709 -0.0
0.048409100621938705 1.9857100248336792 -0.048051901161670685 0.0236823633313179 0.99969482421875 -0.0
0.048409100621938705 1.9857100248336792 -0.03305190056562424 0.0236823633313179 0.99969482421875 -0.0
0.047232601791620255 1.9360500574111938 -0.03305190056562424 -0.0 0.0 1.0
0.047232601791620255 1.9360500574111938 -0.048051901161670685 -0.0236823633313179 -0.99969482421875 -0.0
-0.11686500161886215 1.9827300310134888 -0.048051901161670685 -0.059785760939121246 0.9981994032859802 -0.0
-0.11686500161886215 1.9827300310134888 -0.03305190056562424 -0.059785760939121246 0.9981994032859802 -0.0
-0.11389300227165222 1.9331400394439697 -0.03305190056562424 -0.0 0.0 1.0
-0.11389300227165222 1.9331400394439697 -0.048051901161670685 0.059785760939121246 -0.9981994032859802 -0.0
-0.2813130021095276 1.9659600257873535 -0.048051901161670685 -0.1428876668214798 0.9897152781486511 -0.0
-0.2813130021095276 1.9659600257873535 -0.03305190056562424 -0.1428876668214798 0.9897152781486511 -0.0
-0.2742150127887726 1.9167900085449219 -0.03305190056562424 -0.0 0.0 0.999969482421875
-0.2742150127887726 1.9167900085449219 -0.048051901161670685 0.1428571492433548 -0.9897152781486511 -0.0
-0.443789005279541 1.9355299472808838 -0.048051901161670685 -0.22492142021656036 0.9743644595146179 -0.0
-0.443789005279541 1.9355299472808838 -0.03305190056562424 -0.22492142021656036 0.9743644595146179 -0.0
-0.43261298537254333 1.8871300220489502 -0.03305190056562424 -0.0 0.0 0.999969482421875
-0.43261298537254333 1.8871300220489502 -0.048051901161670685 0.22495193779468536 -0.9743644595146179 -0.0
-0.60316002368927 1.8916599750518799 -0.048051901161670685 -0.30542925000190735 0.9522080421447754 -0.0
-0.60316002368927 1.8916599750518799 -0.03305190056562424 -0.30542925000190735 0.9522080421447754 -0.0
-0.5879849791526794 1.844349980354309 -0.03305190056562424 -0.0 0.0 1.0
-0.5879849791526794 1.844349980354309 -0.048051901161670685 0.30545976758003235 -0.9521775245666504 -0.0
-0.7583150267601013 1.8346400260925293 -0.048051901161670685 -0.38383129239082336 0.9233680367469788 -0.0
-0.7583150267601013 1.8346400260925293 -0.03305190056562424 -0.38383129239082336 0.9233680367469788 -0.0
-0.7392460107803345 1.7887599468231201 -0.03305190056562424 -0.0 0.0 0.999969482421875
-0.7392460107803345 1.7887599468231201 -0.048051901161670685 0.38380077481269836 -0.9233985543251038 -0.0
-0.9081720113754272 1.764870047569275 -0.048051901161670685 -0.4595477283000946 0.8881496787071228 -0.0
-0.9081720113754272 1.764870047569275 -0.03305190056562424 -0.4595477283000946 0.8881496787071228 -0.0
-0.885342001914978 1.7207499742507935 -0.03305190056562424 -0.0 0.0 0.999969482421875
-0.885342001914978 1.7207499742507935 -0.048051901161670685 0.4595172107219696 -0.8881496787071228 -0.0
-1.0516899824142456 1.6828399896621704 -0.048051901161670685 -0.5320291519165039 0.8467055559158325 -0.0
-1.0516899824142456 1.6828399896621704 -0.03305190056562424 -0.5320291519165039 0.8467055559158325 -0.0
-1.02524995803833 1.640779972076416 -0.03305190056562424 -0.0 0.0 1.0
-1.02524995803833 1.640779972076416 -0.048051901161670685 0.5320291519165039 -0.8467055559158325 -0.0
-1.1878600120544434 1.5891300439834595 -0.048051901161670685 -0.6007874011993408 0.7993713021278381 -0.0
-1.1878600120544434 1.5891300439834595 -0.03305190056562424 -0.6007874011993408 0.7993713021278381 -0.0
-1.1580100059509277 1.5494199991226196 -0.03305190056562424 -0.0 0.0 1.0
-1.1580100059509277 1.5494199991226196 -0.048051901161670685 0.6007874011993408 -0.7993713021278381 -0.0
-1.3157299757003784 1.4843900203704834 -0.048051901161670685 -0.6641743183135986 0.747550904750824 -0.0
-1.3157299757003784 1.4843900203704834 -0.03305190056562424 -0.6641743183135986 0.747550904750824 -0.0
-1.2826800346374512 1.4472999572753906 -0.03305190056562424 -0.0 0.0 1.0
-1.2826800346374512 1.4472999572753906 -0.048051901161670685 0.6641438007354736 -0.747581422328949 -0.0
-1.4508899450302124 1.3542399406433105 -0.048051901161670685 -0.6936246752738953 0.7203283905982971 -0.0
-1.4508899450302124 1.3542399406433105 -0.03305190056562424 -0.6936246752738953 0.7203283905982971 -0.0
-1.4148600101470947 1.320039987564087 -0.03305190056562424 -0.0 0.0 1.0
-1.4148600101470947 1.320039987564087 -0.048051901161670685 0.6935636401176453 -0.7203589081764221 -0.0
-1.4328800439834595 1.3371399641036987 -0.04055190086364746 -0.6884365081787109 -0.7252723574638367 -0.0
0.34356099367141724 1.950659990310669 0.004409850109368563 0.1830195039510727 0.983092725276947 -0.0
0.34356099367141724 1.950659990310669 0.019409799948334694 0.1830195039510727 0.983092725276947 -0.0
0.3341430127620697 1.9018800258636475 0.019409799948334694 -0.0 0.0 1.0
0.3341430127620697 1.9018800258636475 0.004409850109368563 -0.18417920172214508 -0.982879102230072 -0.0
0.21335600316524506 1.9749000072479248 0.004409850109368563 0.12442396581172943 0.9922177791595459 -0.0
0.21335600316524506 1.9749000072479248 0.019409799948334694 0.12442396581172943 0.9922177791595459 -0.0
0.2080399990081787 1.925510048866272 0.019409799948334694 -0.0 0.0 0.999969482421875
0.2080399990081787 1.925510048866272 0.004409850109368563 -0.12500381469726562 -0.9921262264251709 -0.0
0.048409100621938705 1.9857100248336792 0.004409850109368563 0.0236823633313179 0.99969482421875 -0.0
0.048409100621938705 1.9857100248336792 0.019409799948334694 0.0236823633313179 0.99969482421875 -0.0
0.047232601791620255 1.9360500574111938 0.019409799948334694 -0.0 0.0 1.0
0.047232601791620255 1.9360500574111938 0.004409850109368563 -0.0236823633313179 -0.99969482421875 -0.0
-0.11686500161886215 1.9827300310134888 0.004409850109368563 -0.059785760939121246 0.9981994032859802 -0.0
-0.11686500161886215 1.9827300310134888 0.019409799948334694 -0.059785760939121246 0.9981994032859802 -0.0
-0.11389300227165222 1.9331400394439697 0.019409799948334694 -0.0 0.0 1.0
-0.11389300227165222 1.9331400394439697 0.004409850109368563 0.059785760939121246 -0.9981994032859802 -0.0
-0.2813130021095276 1.9659600257873535 0.004409850109368563 -0.1428876668214798 0.9897152781486511 -0.0
-0.2813130021095276 1.9659600257873535 0.019409799948334694 -0.1428876668214798 0.9897152781486511 -0.0
-0.2742150127887726 1.9167900085449219 0.019409799948334694 -0.0 0.0 0.999969482421875
-0.2742150127887726 1.9167900085449219 0.004409850109368563 0.1428571492433548 -0.9897152781486511 -0.0
-0.443789005279541 1.9355299472808838 0.004409850109368563 -0.22492142021656036 0.9743644595146179 -0.0
-0.443789005279541 1.9355299472808838 0.019409799948334694 -0.22492142021656036 0.9743644595146179 -0.0
-0.43261298537254333 1.8871300220489502 0.019409799948334694 -0.0 0.0 0.999969482421875
-0.43261298537254333 1.8871300220489502 0.004409850109368563 0.22492142021656036 -0.9743644595146179 -0.0
-0.60316002368927 1.8916599750518799 0.004409850109368563 -0.30542925000190735 0.9522080421447754 -0.0
-0.60316002368927 1.8916599750518799 0.019409799948334694 -0.30542925000190735 0.9522080421447754 -0.0
-0.5879849791526794 1.844349980354309 0.019409799948334694 -0.0 0.0 1.0
-0.5879849791526794 1.844349980354309 0.004409850109368563 0.30545976758003235 -0.9521775245666504 -0.0
-0.7583150267601013 1.8346400260925293 0.004409850109368563 -0.38383129239082336 0.9233680367469788 -0.0
-0.7583150267601013 1.8346400260925293 0.019409799948334694 -0.38383129239082336 0.9233680367469788 -0.0
-0.7392460107803345 1.7887599468231201 0.019409799948334694 -0.0 0.0 0.999969482421875
-0.7392460107803345 1.7887599468231201 0.004409850109368563 0.38380077481269836 -0.9233985543251038 -0.0
-0.9081720113754272 1.764870047569275 0.004409850109368563 -0.4595477283000946 0.8881496787071228 -0.0
-0.9081720113754272 1.764870047569275 0.019409799948334694 -0.4595477283000946 0.8881496787071228 -0.0
-0.885342001914978 1.7207499742507935 0.019409799948334694 -0.0 0.0 0.999969482421875
-0.885342001914978 1.7207499742507935 0.004409850109368563 0.4595172107219696 -0.8881496787071228 -0.0
-1.0516899824142456 1.6828399896621704 0.004409850109368563 -0.5320291519165039 0.8467055559158325 -0.0
-1.0516899824142456 1.6828399896621704 0.019409799948334694 -0.5320291519165039 0.8467055559158325 -0.0
-1.02524995803833 1.640779972076416 0.019409799948334694 -0.0 0.0 1.0
-1.02524995803833 1.640779972076416 0.004409850109368563 0.5320291519165039 -0.8467055559158325 -0.0
-1.1878600120544434 1.5891300439834595 0.004409850109368563 -0.6007874011993408 0.7993713021278381 -0.0
-1.1878600120544434 1.5891300439834595 0.019409799948334694 -0.6007874011993408 0.7993713021278381 -0.0
-1.1580100059509277 1.5494199991226196 0.019409799948334694 -0.0 0.0 1.0
-1.1580100059509277 1.5494199991226196 0.004409850109368563 0.6007874011993408 -0.7993713021278381 -0.0
-1.3157299757003784 1.4843900203704834 0.004409850109368563 -0.6641743183135986 0.747550904750824 -0.0
-1.3157299757003784 1.4843900203704834 0.019409799948334694 -0.6641743183135986 0.747550904750824 -0.0
-1.2826800346374512 1.4472999572753906 0.019409799948334694 -0.0 0.0 1.0
-1.2826800346374512 1.4472999572753906 0.004409850109368563 0.6641438007354736 -0.747581422328949 -0.0
-1.4508899450302124 1.3542399406433105 0.004409850109368563 -0.6936246752738953 0.7203283905982971 -0.0
-1.4508899450302124 1.3542399406433105 0.019409799948334694 -0.6936246752738953 0.7203283905982971 -0.0
-1.4148600101470947 1.320039987564087 0.019409799948334694 -0.0 0.0 1.0
-1.4148600101470947 1.320039987564087 0.004409850109368563 0.6935636401176453 -0.7203589081764221 -0.0
-1.4328800439834595 1.3371399641036987 0.01190979965031147 -0.6884365081787109 -0.7252723574638367 -0.0
0.34356099367141724 1.950659990310669 -0.6264690160751343 0.1830195039510727 0.983092725276947 -0.0
0.34356099367141724 1.950659990310669 -0.6114689707756042 0.1830195039510727 0.983092725276947 -0.0
0.3341430127620697 1.9018800258636475 -0.6114689707756042 -0.0 0.0 1.0
0.3341430127620697 1.9018800258636475 -0.6264690160751343 -0.18417920172214508 -0.982879102230072 -0.0
0.21335600316524506 1.9749000072479248 -0.6264690160751343 0.12442396581172943 0.9922177791595459 -0.0
0.21335600316524506 1.9749000072479248 -0.6114689707756042 0.12442396581172943 0.9922177791595459 -0.0
0.2080399990081787 1.925510048866272 -0.6114689707756042 -0.0 0.0 0.999969482421875
0.2080399990081787 1.925510048866272 -0.6264690160751343 -0.12500381469726562 -0.9921262264251709 -0.0
0.048409100621938705 1.9857100248336792 -0.6264690160751343 0.0236823633313179 0.99969482421875 -0.0
0.048409100621938705 1.9857100248336792 -0.6114689707756042 0.0236823633313179 0.99969482421875 -0.0
0.047232501208782196 1.9360500574111938 -0.6114689707756042 -0.0 0.0 1.0
0.047232501208782196 1.9360500574111938 -0.6264690160751343 -0.0236823633313179 -0.99969482421875 -0.0
-0.11686500161886215 1.9827300310134888 -0.6264690160751343 -0.059785760939121246 0.9981994032859802 -0.0
-0.11686500161886215 1.9827300310134888 -0.6114689707756042 -0.059785760939121246 0.9981994032859802 -0.0
-0.11389300227165222 1.9331400394439697 -0.6114689707756042 -0.0 0.0 1.0
-0.11389300227165222 1.9331400394439697 -0.6264690160751343 0.059785760939121246 -0.9981994032859802 -0.0
-0.2813130021095276 1.9659600257873535 -0.6264690160751343 -0.1428876668214798 0.9897152781486511 -0.0
-0.2813130021095276 1.9659600257873535 -0.6114689707756042 -0.1428876668214798 0.9897152781486511 -0.0
-0.2742150127887726 1.9167900085449219 -0.6114689707756042 -0.0 0.0 0.999969482421875
-0.2742150127887726 1.9167900085449219 -0.6264690160751343 0.1428571492433548 -0.9897152781486511 -0.0
-0.443789005279541 1.9355299472808838 -0.6264690160751343 -0.22492142021656036 0.9743644595146179 -0.0
-0.443789005279541 1.9355299472808838 -0.6114689707756042 -0.22492142021656036 0.9743644595146179 -0.0
-0.43261298537254333 1.8871300220489502 -0.6114689707756042 -0.0 0.0 0.999969482421875
-0.43261298537254333 1.8871300220489502 -0.6264690160751343 0.22492142021656036 -0.9743644595146179 -0.0
-0.60316002368927 1.8916599750518799 -0.6264690160751343 -0.30542925000190735 0.9522080421447754 -0.0
-0.60316002368927 1.8916599750518799 -0.6114689707756042 -0.30542925000190735 0.9522080421447754 -0.0
-0.5879849791526794 1.844349980354309 -0.6114689707756042 -0.0 0.0 1.0
-0.5879849791526794 1.844349980354309 -0.6264690160751343 0.30545976758003235 -0.9521775245666504 -0.0
-0.7583150267601013 1.8346400260925293 -0.6264690160751343 -0.38383129239082336 0.9233680367469788 -0.0
-0.7583150267601013 1.8346400260925293 -0.6114689707756042 -0.38383129239082336 0.9233680367469788 -0.0
-0.7392460107803345 1.7887599468231201 -0.6114689707756042 -0.0 0.0 0.999969482421875
-0.7392460107803345 1.7887599468231201 -0.6264690160751343 0.38380077481269836 -0.9233985543251038 -0.0
-0.9081720113754272 1.764870047569275 -0.6264690160751343 -0.4595477283000946 0.8881496787071228 -0.0
-0.9081720113754272 1.764870047569275 -0.6114689707756042 -0.4595477283000946 0.8881496787071228 -0.0
-0.885342001914978 1.7207499742507935 -0.6114689707756042 -0.0 0.0 0.999969482421875
-0.885342001914978 1.7207499742507935 -0.6264690160751343 0.4595172107219696 -0.8881496787071228 -0.0
-1.0516899824142456 1.6828399896621704 -0.6264690160751343 -0.5320291519165039 0.8467055559158325 -0.0
-1.0516899824142456 1.6828399896621704 -0.6114689707756042 -0.5320291519165039 0.8467055559158325 -0.0
-1.02524995803833 1.640779972076416 -0.6114689707756042 -0.0 0.0 1.0
-1.02524995803833 1.640779972076416 -0.6264690160751343 0.5320291519165039 -0.8467055559158325 -0.0
-1.1878600120544434 1.5891300439834595 -0.6264690160751343 -0.6007874011993408 0.7993713021278381 -0.0
-1.1878600120544434 1.5891300439834595 -0.6114689707756042 -0.6007874011993408 0.7993713021278381 -0.0
-1.1580100059509277 1.5494199991226196 -0.6114689707756042 -0.0 0.0 1.0
-1.1580100059509277 1.5494199991226196 -0.6264690160751343 0.6007874011993408 -0.7993713021278381 -0.0
-1.3157299757003784 1.4843900203704834 -0.6264690160751343 -0.6641743183135986 0.747550904750824 -0.0
-1.3157299757003784 1.4843900203704834 -0.6114689707756042 -0.6641743183135986 0.747550904750824 -0.0
-1.2826800346374512 1.4472999572753906 -0.6114689707756042 -0.0 0.0 1.0
-1.2826800346374512 1.4472999572753906 -0.6264690160751343 0.6641438007354736 -0.747581422328949 -0.0
-1.4508899450302124 1.3542399406433105 -0.6264690160751343 -0.6936246752738953 0.7203283905982971 -0.0
-1.4508899450302124 1.3542399406433105 -0.6114689707756042 -0.6936246752738953 0.7203283905982971 -0.0
-1.4148600101470947 1.320039987564087 -0.6114689707756042 -0.0 0.0 1.0
-1.4148600101470947 1.320039987564087 -0.6264690160751343 0.6935636401176453 -0.7203589081764221 -0.0
-1.4328800439834595 1.3371399641036987 -0.6189690232276917 -0.6884365081787109 -0.7252723574638367 -0.0
0.34356099367141724 1.950659990310669 -0.8183019757270813 0.1830195039510727 0.983092725276947 -0.0
0.34356099367141724 1.950659990310669 -0.803301990032196 0.1830195039510727 0.983092725276947 -0.0
0.3341430127620697 1.9018800258636475 -0.803301990032196 -0.0 0.0 1.0
0.3341430127620697 1.9018800258636475 -0.8183019757270813 -0.18417920172214508 -0.982879102230072 -0.0
0.21335600316524506 1.9749000072479248 -0.8183019757270813 0.12442396581172943 0.9922177791595459 -0.0
0.21335600316524506 1.9749000072479248 -0.803301990032196 0.12442396581172943 0.9922177791595459 -0.0
0.2080399990081787 1.925510048866272 -0.803301990032196 -0.0 0.0 0.999969482421875
0.2080399990081787 1.925510048866272 -0.8183019757270813 -0.12500381469726562 -0.9921262264251709 -0.0
0.048409100621938705 1.9857100248336792 -0.8183019757270813 0.0236823633313179 0.99969482421875 -0.0
0.048409100621938705 1.9857100248336792 -0.803301990032196 0.0236823633313179 0.99969482421875 -0.0
0.047232501208782196 1.9360500574111938 -0.803301990032196 -0.0 0.0 1.0
0.047232501208782196 1.9360500574111938 -0.8183019757270813 -0.0236823633313179 -0.99969482421875 -0.0
-0.11686500161886215 1.9827300310134888 -0.8183019757270813 -0.059785760939121246 0.9981994032859802 -0.0
-0.11686500161886215 1.9827300310134888 -0.803301990032196 -0.059785760939121246 0.9981994032859802 -0.0
-0.11389300227165222 1.9331400394439697 -0.803301990032196 -0.0 0.0 1.0
-0.11389300227165222 1.9331400394439697 -0.8183019757270813 0.059785760939121246 -0.9981994032859802 -0.0
-0.2813130021095276 1.9659600257873535 -0.8183019757270813 -0.1428876668214798 0.9897152781486511 -0.0
-0.2813130021095276 1.9659600257873535 -0.803301990032196 -0.1428876668214798 0.9897152781486511 -0.0
-0.2742150127887726 1.9167900085449219 -0.803301990032196 -0.0 0.0 0.999969482421875
-0.2742150127887726 1.9167900085449219 -0.8183019757270813 0.1428571492433548 -0.9897152781486511 -0.0
-0.443789005279541 1.9355299472808838 -0.8183019757270813 -0.22492142021656036 0.9743644595146179 -0.0
-0.443789005279541 1.9355299472808838 -0.803301990032196 -0.22492142021656036 0.9743644595146179 -0.0
-0.43261298537254333 1.8871300220489502 -0.803301990032196 -0.0 0.0 0.999969482421875
-0.43261298537254333 1.8871300220489502 -0.8183019757270813 0.22495193779468536 -0.9743644595146179 -0.0
-0.60316002368927 1.8916599750518799 -0.8183019757270813 -0.30542925000190735 0.9522080421447754 -0.0
-0.60316002368927 1.8916599750518799 -0.803301990032196 -0.30542925000190735 0.9522080421447754 -0.0
-0.5879849791526794 1.844349980354309 -0.803301990032196 -0.0 0.0 1.0
-0.5879849791526794 1.844349980354309 -0.8183019757270813 0.30545976758003235 -0.9521775245666504 -0.0
-0.7583150267601013 1.8346400260925293 -0.8183019757270813 -0.38383129239082336 0.9233680367469788 -0.0
-0.7583150267601013 1.8346400260925293 -0.803301990032196 -0.38383129239082336 0.9233680367469788 -0.0
-0.7392460107803345 1.7887599468231201 -0.803301990032196 -0.0 0.0 0.999969482421875
-0.7392460107803345 1.7887599468231201 -0.8183019757270813 0.38380077481269836 -0.9233985543251038 -0.0
-0.9081720113754272 1.764870047569275 -0.8183019757270813 -0.4595477283000946 0.8881496787071228 -0.0
-0.9081720113754272 1.764870047569275 -0.803301990032196 -0.4595477283000946 0.8881496787071228 -0.0
-0.885342001914978 1.7207499742507935 -0.803301990032196 -0.0 0.0 0.999969482421875
-0.885342001914978 1.7207499742507935 -0.8183019757270813 0.4595172107219696 -0.8881496787071228 -0.0
-1.0516899824142456 1.6828399896621704 -0.8183019757270813 -0.5320291519165039 0.8467055559158325 -0.0
-1.0516899824142456 1.6828399896621704 -0.803301990032196 -0.5320291519165039 0.8467055559158325 -0.0
-1.02524995803833 1.640779972076416 -0.803301990032196 -0.0 0.0 1.0
-1.02524995803833 1.640779972076416 -0.8183019757270813 0.5320291519165039 -0.8467055559158325 -0.0
-1.1878600120544434 1.5891300439834595 -0.8183019757270813 -0.6007874011993408 0.7993713021278381 -0.0
-1.1878600120544434 1.5891300439834595 -0.803301990032196 -0.6007874011993408 0.7993713021278381 -0.0
-1.1580100059509277 1.5494199991226196 -0.803301990032196 -0.0 0.0 1.0
-1.1580100059509277 1.5494199991226196 -0.8183019757270813 0.6007874011993408 -0.7993713021278381 -0.0
-1.3157299757003784 1.4843900203704834 -0.8183019757270813 -0.6641743183135986 0.747550904750824 -0.0
-1.3157299757003784 1.4843900203704834 -0.803301990032196 -0.6641743183135986 0.747550904750824 -0.0
-1.2826800346374512 1.4472999572753906 -0.803301990032196 -0.0 0.0 1.0
-1.2826800346374512 1.4472999572753906 -0.8183019757270813 0.6641438007354736 -0.747581422328949 -0.0
-1.4508899450302124 1.3542399406433105 -0.8183019757270813 -0.6936246752738953 0.7203283905982971 -0.0
-1.4508899450302124 1.3542399406433105 -0.803301990032196 -0.6936246752738953 0.7203283905982971 -0.0
-1.4148600101470947 1.320039987564087 -0.803301990032196 -0.0 0.0 1.0
-1.4148600101470947 1.320039987564087 -0.8183019757270813 0.6935636401176453 -0.7203589081764221 -0.0
-1.4328800439834595 1.3371399641036987 -0.8108019828796387 -0.6884365081787109 -0.7252723574638367 -0.0
0.34356099367141724 1.950659990310669 -1.0160800218582153 0.1830195039510727 0.983092725276947 -0.0
0.34356099367141724 1.950659990310669 -1.00108003616333 0.1830195039510727 0.983092725276947 -0.0
0.3341430127620697 1.9018800258636475 -1.00108003616333 -0.0 0.0 1.0
0.3341430127620697 1.9018800258636475 -1.0160800218582153 -0.18417920172214508 -0.982879102230072 -0.0
0.21335600316524506 1.9749000072479248 -1.0160800218582153 0.12442396581172943 0.9922177791595459 -0.0
0.21335600316524506 1.9749000072479248 -1.00108003616333 0.12442396581172943 0.9922177791595459 -0.0
0.2080399990081787 1.925510048866272 -1.00108003616333 -0.0 0.0 0.999969482421875
0.2080399990081787 1.925510048866272 -1.0160800218582153 -0.12500381469726562 -0.9921262264251709 -0.0
0.048409100621938705 1.9857100248336792 -1.0160800218582153 0.0236823633313179 0.99969482421875 -0.0
0.048409100621938705 1.9857100248336792 -1.00108003616333 0.0236823633313179 0.99969482421875 -0.0
0.047232501208782196 1.9360500574111938 -1.00108003616333 -0.0 0.0 1.0
0.047232501208782196 1.9360500574111938 -1.0160800218582153 -0.0236823633313179 -0.99969482421875 -0.0
-0.11686500161886215 1.9827300310134888 -1.0160800218582153 -0.059785760939121246 0.9981994032859802 -0.0
-0.11686500161886215 1.9827300310134888 -1.00108003616333 -0.059785760939121246 0.9981994032859802 -0.0
-0.11389300227165222 1.9331400394439697 -1.00108003616333 -0.0 0.0 1.0
-0.11389300227165222 1.9331400394439697 -1.0160800218582153 0.059785760939121246 -0.9981994032859802 -0.0
-0.2813130021095276 1.9659600257873535 -1.0160800218582153 -0.1428876668214798 0.9897152781486511 -0.0
-0.2813130021095276 1.9659600257873535 -1.00108003616333 -0.1428876668214798 0.9897152781486511 -0.0
-0.2742150127887726 1.9167900085449219 -1.00108003616333 -0.0 0.0 0.999969482421875
-0.2742150127887726 1.9167900085449219 -1.0160800218582153 0.1428571492433548 -0.9897152781486511 -0.0
-0.443789005279541 1.9355299472808838 -1.0160800218582153 -0.22492142021656036 0.9743644595146179 -0.0
-0.443789005279541 1.9355299472808838 -1.00108003616333 -0.22492142021656036 0.9743644595146179 -0.0
-0.43261298537254333 1.8871300220489502 -1.00108003616333 -0.0 0.0 0.999969482421875
-0.43261298537254333 1.8871300220489502 -1.0160800218582153 0.22495193779468536 -0.9743644595146179 -0.0
-0.60316002368927 1.8916599750518799 -1.0160800218582153 -0.30542925000190735 0.9522080421447754 -0.0
-0.60316002368927 1.8916599750518799 -1.00108003616333 -0.30542925000190735 0.9522080421447754 -0.0
-0.5879849791526794 1.844349980354309 -1.00108003616333 -0.0 0.0 1.0
-0.5879849791526794 1.844349980354309 -1.0160800218582153 0.30545976758003235 -0.9521775245666504 -0.0
-0.7583150267601013 1.8346400260925293 -1.0160800218582153 -0.38383129239082336 0.9233680367469788 -0.0
-0.7583150267601013 1.8346400260925293 -1.00108003616333 -0.38383129239082336 0.9233680367469788 -0.0
-0.7392460107803345 1.7887599468231201 -1.00108003616333 -0.0 0.0 0.999969482421875
-0.7392460107803345 1.7887599468231201 -1.0160800218582153 0.38380077481269836 -0.9233985543251038 -0.0
-0.9081720113754272 1.764870047569275 -1.0160800218582153 -0.4595477283000946 0.8881496787071228 -0.0
-0.9081720113754272 1.764870047569275 -1.00108003616333 -0.4595477283000946 0.8881496787071228 -0.0
-0.885342001914978 1.7207499742507935 -1.00108003616333 -0.0 0.0 0.999969482421875
-0.885342001914978 1.7207499742507935 -1.0160800218582153 0.4595172107219696 -0.8881496787071228 -0.0
-1.0516899824142456 1.6828399896621704 -1.0160800218582153 -0.5320291519165039 0.8467055559158325 -0.0
-1.0516899824142456 1.6828399896621704 -1.00108003616333 -0.5320291519165039 0.8467055559158325 -0.0
-1.02524995803833 1.640779972076416 -1.00108003616333 -0.0 0.0 1.0
-1.02524995803833 1.640779972076416 -1.0160800218582153 0.5320291519165039 -0.8467055559158325 -0.0
-1.1878600120544434 1.5891300439834595 -1.0160800218582153 -0.6007874011993408 0.7993713021278381 -0.0
-1.1878600120544434 1.5891300439834595 -1.00108003616333 -0.6007874011993408 0.7993713021278381 -0.0
-1.1580100059509277 1.5494199991226196 -1.00108003616333 -0.0 0.0 1.0
-1.1580100059509277 1.5494199991226196 -1.0160800218582153 0.6007874011993408 -0.7993713021278381 -0.0
-1.3157299757003784 1.4843900203704834 -1.0160800218582153 -0.6641743183135986 0.747550904750824 -0.0
-1.3157299757003784 1.4843900203704834 -1.00108003616333 -0.6641743183135986 0.747550904750824 -0.0
-1.2826800346374512 1.4472999572753906 -1.00108003616333 -0.0 0.0 1.0
-1.2826800346374512 1.4472999572753906 -1.0160800218582153 0.6641438007354736 -0.747581422328949 -0.0
-1.4508899450302124 1.3542399406433105 -1.0160800218582153 -0.6936246752738953 0.7203283905982971 -0.0
-1.4508899450302124 1.3542399406433105 -1.00108003616333 -0.6936246752738953 0.7203283905982971 -0.0
-1.4148600101470947 1.320039987564087 -1.00108003616333 -0.0 0.0 1.0
-1.4148600101470947 1.320039987564087 -1.0160800218582153 0.6935636401176453 -0.7203589081764221 -0.0
-1.4328800439834595 1.3371399641036987 -1.008579969406128 -0.6884365081787109 -0.7252723574638367 -0.0
0.34356099367141724 1.950659990310669 -1.0574100017547607 0.1830195039510727 0.983092725276947 -0.0
0.34356099367141724 1.950659990310669 -1.0424100160598755 0.1830195039510727 0.983092725276947 -0.0
0.3341430127620697 1.9018800258636475 -1.0424100160598755 -0.0 0.0 1.0
0.3341430127620697 1.9018800258636475 -1.0574100017547607 -0.18417920172214508 -0.982879102230072 -0.0
0.21335600316524506 1.9749000072479248 -1.0574100017547607 0.12442396581172943 0.9922177791595459 -0.0
0.21335600316524506 1.9749000072479248 -1.0424100160598755 0.12442396581172943 0.9922177791595459 -0.0
0.2080399990081787 1.925510048866272 -1.0424100160598755 -0.0 0.0 0.999969482421875
0.2080399990081787 1.925510048866272 -1.0574100017547607 -0.12500381469726562 -0.9921262264251709 -0.0
0.048409100621938705 1.9857100248336792 -1.0574100017547607 0.0236823633313179 0.99969482421875 -0.0
0.048409100621938705 1.9857100248336792 -1.0424100160598755 0.0236823633313179 0.99969482421875 -0.0
0.047232501208782196 1.9360500574111938 -1.0424100160598755 -0.0 0.0 1.0
0.047232501208782196 1.9360500574111938 -1.0574100017547607 -0.0236823633313179 -0.99969482421875 -0.0
-0.11686500161886215 1.9827300310134888 -1.0574100017547607 -0.059785760939121246 0.9981994032859802 -0.0
-0.11686500161886215 1.9827300310134888 -1.0424100160598755 -0.059785760939121246 0.9981994032859802 -0.0
-0.11389300227165222 1.9331400394439697 -1.0424100160598755 -0.0 0.0 1.0
-0.11389300227165222 1.9331400394439697 -1.0574100017547607 0.059785760939121246 -0.9981994032859802 -0.0
-0.2813130021095276 1.9659600257873535 -1.0574100017547607 -0.1428876668214798 0.9897152781486511 -0.0
-0.2813130021095276 1.9659600257873535 -1.0424100160598755 -0.1428876668214798 0.9897152781486511 -0.0
-0.2742150127887726 1.9167900085449219 -1.0424100160598755 -0.0 0.0 0.999969482421875
-0.2742150127887726 1.9167900085449219 -1.0574100017547607 0.1428571492433548 -0.9897152781486511 -0.0
-0.443789005279541 1.9355299472808838 -1.0574100017547607 -0.22492142021656036 0.9743644595146179 -0.0
-0.443789005279541 1.9355299472808838 -1.0424100160598755 -0.22492142021656036 0.9743644595146179 -0.0
-0.43261298537254333 1.8871300220489502 -1.0424100160598755 -0.0 0.0 0.999969482421875
-0.43261298537254333 1.8871300220489502 -1.0574100017547607 0.22495193779468536 -0.9743644595146179 -0.0
-0.60316002368927 1.8916599750518799 -1.0574100017547607 -0.30542925000190735 0.9522080421447754 -0.0
-0.60316002368927 1.8916599750518799 -1.0424100160598755 -0.30542925000190735 0.9522080421447754 -0.0
-0.5879849791526794 1.844349980354309 -1.0424100160598755 -0.0 0.0 1.0
-0.5879849791526794 1.844349980354309 -1.0574100017547607 0.30545976758003235 -0.9521775245666504 -0.0
-0.7583150267601013 1.8346400260925293 -1.0574100017547607 -0.38383129239082336 0.9233680367469788 -0.0
-0.7583150267601013 1.8346400260925293 -1.0424100160598755 -0.38383129239082336 0.9233680367469788 -0.0
-0.7392460107803345 1.7887599468231201 -1.0424100160598755 -0.0 0.0 0.999969482421875
-0.7392460107803345 1.7887599468231201 -1.0574100017547607 0.38380077481269836 -0.9233985543251038 -0.0
-0.9081720113754272 1.764870047569275 -1.0574100017547607 -0.4595477283000946 0.8881496787071228 -0.0
-0.9081720113754272 1.764870047569275 -1.0424100160598755 -0.4595477283000946 0.8881496787071228 -0.0
-0.885342001914978 1.7207499742507935 -1.0424100160598755 -0.0 0.0 0.999969482421875
-0.885342001914978 1.7207499742507935 -1.0574100017547607 0.4595172107219696 -0.8881496787071228 -0.0
-1.0516899824142456 1.6828399896621704 -1.0574100017547607 -0.5320291519165039 0.8467055559158325 -0.0
-1.0516899824142456 1.6828399896621704 -1.0424100160598755 -0.5320291519165039 0.8467055559158325 -0.0
-1.02524995803833 1.640779972076416 -1.0424100160598755 -0.0 0.0 1.0
-1.02524995803833 1.640779972076416 -1.0574100017547607 0.5320291519165039 -0.8467055559158325 -0.0
-1.1878600120544434 1.5891300439834595 -1.0574100017547607 -0.6007874011993408 0.7993713021278381 -0.0
-1.1878600120544434 1.5891300439834595 -1.0424100160598755 -0.6007874011993408 0.7993713021278381 -0.0
-1.1580100059509277 1.5494199991226196 -1.0424100160598755 -0.0 0.0 1.0
-1.1580100059509277 1.5494199991226196 -1.0574100017547607 0.6007874011993408 -0.7993713021278381 -0.0
-1.3157299757003784 1.4843900203704834 -1.0574100017547607 -0.6641743183135986 0.747550904750824 -0.0
-1.3157299757003784 1.4843900203704834 -1.0424100160598755 -0.6641743183135986 0.747550904750824 -0.0
-1.2826800346374512 1.4472999572753906 -1.0424100160598755 -0.0 0.0 1.0
-1.2826800346374512 1.4472999572753906 -1.0574100017547607 0.6641438007354736 -0.747581422328949 -0.0
-1.4508899450302124 1.3542399406433105 -1.0574100017547607 -0.6936246752738953 0.7203283905982971 -0.0
-1.4508899450302124 1.3542399406433105 -1.0424100160598755 -0.6936246752738953 0.7203283905982971 -0.0
-1.4148600101470947 1.320039987564087 -1.0424100160598755 -0.0 0.0 1.0
-1.4148600101470947 1.320039987564087 -1.0574100017547607 0.6935636401176453 -0.7203894257545471 -0.0
-1.4328800439834595 1.3371399641036987 -1.0499099493026733 -0.6884365081787109 -0.7252723574638367 -0.0
0.34356099367141724 1.950659990310669 -0.42275598645210266 -0.0 0.0 -1.0
0.34356099367141724 1.950659990310669 -0.4077560007572174 -0.0 0.0 1.0
0.3341430127620697 1.9018800258636475 -0.4077560007572174 -0.18417920172214508 -0.982879102230072 -0.0
0.3341430127620697 1.9018800258636475 -0.42275598645210266 -0.0 0.0 -1.0
0.21335600316524506 1.9749000072479248 -0.42275598645210266 -0.0 0.0 -0.999969482421875
0.21335600316524506 1.9749000072479248 -0.4077560007572174 -0.0 0.0 1.0
0.2080399990081787 1.925510048866272 -0.4077560007572174 -0.12500381469726562 -0.9921262264251709 -0.0
0.2080399990081787 1.925510048866272 -0.42275598645210266 -0.0 0.0 -1.0
0.048409100621938705 1.9857100248336792 -0.42275598645210266 -0.0 0.0 -1.0
0.048409100621938705 1.9857100248336792 -0.4077560007572174 -0.0 0.0 1.0
0.047232601791620255 1.9360500574111938 -0.4077560007572174 -0.0236823633313179 -0.99969482421875 -0.0
0.047232601791620255 1.9360500574111938 -0.42275598645210266 -0.0 0.0 -1.0
-0.11686500161886215 1.9827300310134888 -0.42275598645210266 -0.0 0.0 -1.0
-0.11686500161886215 1.9827300310134888 -0.4077560007572174 -0.0 0.0 1.0
-0.11389300227165222 1.9331400394439697 -0.4077560007572174 0.059785760939121246 -0.9981994032859802 -0.0
-0.11389300227165222 1.9331400394439697 -0.42275598645210266 -0.0 0.0 -1.0
-0.2813130021095276 1.9659600257873535 -0.42275598645210266 -0.0 0.0 -1.0
-0.2813130021095276 1.9659600257873535 -0.4077560007572174 -0.0 0.0 1.0
-0.2742150127887726 1.9167900085449219 -0.4077560007572174 0.1428571492433548 -0.9897152781486511 -0.0
-0.2742150127887726 1.9167900085449219 -0.42275598645210266 -0.0 0.0 -1.0
-0.443789005279541 1.9355299472808838 -0.42275598645210266 -0.0 0.0 -1.0
-0.443789005279541 1.9355299472808838 -0.4077560007572174 -0.0 0.0 1.0
-0.43261298537254333 1.8871300220489502 -0.4077560007572174 0.22495193779468536 -0.9743644595146179 -0.0
-0.43261298537254333 1.8871300220489502 -0.42275598645210266 -0.0 0.0 -0.999969482421875
-0.60316002368927 1.8916599750518799 -0.42275598645210266 -0.0 0.0 -0.999969482421875
-0.60316002368927 1.8916599750518799 -0.4077560007572174 -0.0 0.0 1.0
-0.5879849791526794 1.844349980354309 -0.4077560007572174 0.30545976758003235 -0.9521775245666504 -0.0
-0.5879849791526794 1.844349980354309 -0.42275598645210266 -0.0 0.0 -0.999969482421875
-0.7583150267601013 1.8346400260925293 -0.42275598645210266 -0.0 0.0 -1.0
-0.7583150267601013 1.8346400260925293 -0.4077560007572174 -0.0 0.0 1.0
-0.7392460107803345 1.7887599468231201 -0.4077560007572174 0.38380077481269836 -0.9233985543251038 -0.0
-0.7392460107803345 1.7887599468231201 -0.42275598645210266 -0.0 0.0 -0.999969482421875
-0.9081720113754272 1.764870047569275 -0.42275598645210266 -0.0 0.0 -1.0
-0.9081720113754272 1.764870047569275 -0.4077560007572174 -0.0 0.0 1.0
-0.885342001914978 1.7207499742507935 -0.4077560007572174 0.4595172107219696 -0.8881496787071228 -0.0
-0.885342001914978 1.7207499742507935 -0.42275598645210266 -0.0 0.0 -0.999969482421875
-1.0516899824142456 1.6828399896621704 -0.42275598645210266 -0.0 0.0 -0.999969482421875
-1.0516899824142456 1.6828399896621704 -0.4077560007572174 -0.0 0.0 1.0
-1.02524995803833 1.640779972076416 -0.4077560007572174 0.5320291519165039 -0.8467055559158325 -0.0
-1.02524995803833 1.640779972076416 -0.42275598645210266 -0.0 0.0 -1.0
-1.1878600120544434 1.5891300439834595 -0.42275598645210266 -0.0 0.0 -0.999969482421875
-1.1878600120544434 1.5891300439834595 -0.4077560007572174 -0.0 0.0 0.999969482421875
-1.1580100059509277 1.5494199991226196 -0.4077560007572174 0.6007874011993408 -0.7993713021278381 -0.0
-1.1580100059509277 1.5494199991226196 -0.42275598645210266 -0.0 0.0 -1.0
-1.3157299757003784 1.4843900203704834 -0.42275598645210266 -0.0 0.0 -1.0
-1.3157299757003784 1.4843900203704834 -0.4077560007572174 -0.0 0.0 0.999969482421875
-1.2826800346374512 1.4472999572753906 -0.4077560007572174 0.6641438007354736 -0.747581422328949 -0.0
-1.2826800346374512 1.4472999572753906 -0.42275598645210266 -0.0 0.0 -1.0
-1.4508899450302124 1.3542399406433105 -0.42275598645210266 -0.0 0.0 -1.0
-1.4508899450302124 1.3542399406433105 -0.42275598645210266 -0.6885281205177307 -0.7251808047294617 -6.103701889514923e-05
-1.4508899450302124 1.3542399406433105 -0.4077560007572174 -0.0 0.0 1.0
-1.4508899450302124 1.3542399406433105 -0.4077560007572174 -0.6885281205177307 -0.7251808047294617 6.103701889514923e-05
-1.4148600101470947 1.320039987564087 -0.4077560007572174 0.6935636401176453 -0.7203589081764221 -0.0
-1.4148600101470947 1.320039987564087 -0.4077560007572174 -0.6883449554443359 -0.7253639101982117 6.103701889514923e-05
-1.4148600101470947 1.320039987564087 -0.42275598645210266 -0.0 0.0 -1.0
-1.4148600101470947 1.320039987564087 -0.42275598645210266 -0.6883449554443359 -0.7253639101982117 -6.103701889514923e-05
0.34356099367141724 1.950659990310669 -0.2322079986333847 -0.0 0.0 -1.0
0.34356099367141724 1.950659990310669 -0.21720799803733826 -0.0 0.0 1.0
0.3341430127620697 1.9018800258636475 -0.21720799803733826 -0.18417920172214508 -0.982879102230072 -0.0
0.3341430127620697 1.9018800258636475 -0.2322079986333847 -0.0 0.0 -1.0
0.21335600316524506 1.9749000072479248 -0.2322079986333847 -0.0 0.0 -0.999969482421875
0.21335600316524506 1.9749000072479248 -0.21720799803733826 -0.0 0.0 0.999969482421875
0.2080399990081787 1.925510048866272 -0.21720799803733826 -0.12500381469726562 -0.9921262264251709 -0.0
0.2080399990081787 1.925510048866272 -0.2322079986333847 -0.0 0.0 -1.0
0.048409100621938705 1.9857100248336792 -0.2322079986333847 -0.0 0.0 -1.0
0.048409100621938705 1.9857100248336792 -0.21720799803733826 -0.0 0.0 1.0
0.047232601791620255 1.9360500574111938 -0.21720799803733826 -0.0236823633313179 -0.99969482421875 -0.0
0.047232601791620255 1.9360500574111938 -0.2322079986333847 -0.0 0.0 -1.0
-0.11686500161886215 1.9827300310134888 -0.2322079986333847 -0.0 0.0 -1.0
-0.11686500161886215 1.9827300310134888 -0.21720799803733826 -0.0 0.0 1.0
-0.11389300227165222 1.9331400394439697 -0.21720799803733826 0.059785760939121246 -0.9981994032859802 -0.0
-0.11389300227165222 1.9331400394439697 -0.2322079986333847 -0.0 0.0 -1.0
-0.2813130021095276 1.9659600257873535 -0.2322079986333847 -0.0 0.0 -1.0
-0.2813130021095276 1.9659600257873535 -0.21720799803733826 -0.0 0.0 1.0
-0.2742150127887726 1.9167900085449219 -0.21720799803733826 0.1428571492433548 -0.9897152781486511 -0.0
-0.2742150127887726 1.9167900085449219 -0.2322079986333847 -0.0 0.0 -1.0
-0.443789005279541 1.9355299472808838 -0.2322079986333847 -0.0 0.0 -1.0
-0.443789005279541 1.9355299472808838 -0.21720799803733826 -0.0 0.0 1.0
-0.43261298537254333 1.8871300220489502 -0.21720799803733826 0.22495193779468536 -0.9743644595146179 -0.0
-0.43261298537254333 1.8871300220489502 -0.2322079986333847 -0.0 0.0 -0.999969482421875
-0.60316002368927 1.8916599750518799 -0.2322079986333847 -0.0 0.0 -0.999969482421875
-0.60316002368927 1.8916599750518799 -0.21720799803733826 -0.0 0.0 1.0
-0.5879849791526794 1.844349980354309 -0.21720799803733826 0.30545976758003235 -0.9521775245666504 -0.0
-0.5879849791526794 1.844349980354309 -0.2322079986333847 -0.0 0.0 -0.999969482421875
-0.7583150267601013 1.8346400260925293 -0.2322079986333847 -0.0 0.0 -1.0
-0.7583150267601013 1.8346400260925293 -0.21720799803733826 -0.0 0.0 1.0
-0.7392460107803345 1.7887599468231201 -0.21720799803733826 0.38380077481269836 -0.9233985543251038 -0.0
-0.7392460107803345 1.7887599468231201 -0.2322079986333847 -0.0 0.0 -0.999969482421875
-0.9081720113754272 1.764870047569275 -0.2322079986333847 -0.0 0.0 -1.0
-0.9081720113754272 1.764870047569275 -0.21720799803733826 -0.0 0.0 1.0
-0.885342001914978 1.7207499742507935 -0.21720799803733826 0.4595172107219696 -0.8881496787071228 -0.0
-0.885342001914978 1.7207499742507935 -0.2322079986333847 -0.0 0.0 -0.999969482421875
-1.0516899824142456 1.6828399896621704 -0.2322079986333847 -0.0 0.0 -0.999969482421875
-1.0516899824142456 1.6828399896621704 -0.21720799803733826 -0.0 0.0 1.0
-1.02524995803833 1.640779972076416 -0.21720799803733826 0.5320291519165039 -0.8467055559158325 -0.0
-1.02524995803833 1.640779972076416 -0.2322079986333847 -0.0 0.0 -1.0
-1.1878600120544434 1.5891300439834595 -0.2322079986333847 -0.0 0.0 -0.999969482421875
-1.1878600120544434 1.5891300439834595 -0.21720799803733826 -0.0 0.0 0.999969482421875
-1.1580100059509277 1.5494199991226196 -0.21720799803733826 0.6007874011993408 -0.7993713021278381 -0.0
-1.1580100059509277 1.5494199991226196 -0.2322079986333847 -0.0 0.0 -1.0
-1.3157299757003784 1.4843900203704834 -0.2322079986333847 -0.0 0.0 -1.0
-1.3157299757003784 1.4843900203704834 -0.21720799803733826 -0.0 0.0 0.999969482421875
-1.2826800346374512 1.4472999572753906 -0.21720799803733826 0.6641438007354736 -0.747581422328949 -0.0
-1.2826800346374512 1.4472999572753906 -0.2322079986333847 -0.0 0.0 -1.0
-1.4508899450302124 1.3542399406433105 -0.2322079986333847 -0.0 0.0 -1.0
-1.4508899450302124 1.3542399406433105 -0.2322079986333847 -0.6885281205177307 -0.7251808047294617 -6.103701889514923e-05
-1.4508899450302124 1.3542399406433105 -0.21720799803733826 -0.0 0.0 1.0
-1.4508899450302124 1.3542399406433105 -0.21720799803733826 -0.6885281205177307 -0.7251808047294617 6.103701889514923e-05
-1.4148600101470947 1.320039987564087 -0.21720799803733826 0.6935636401176453 -0.7203589081764221 -0.0
-1.4148600101470947 1.320039987564087 -0.21720799803733826 -0.6883449554443359 -0.7253639101982117 6.103701889514923e-05
-1.4148600101470947 1.320039987564087 -0.2322079986333847 -0.0 0.0 -1.0
-1.4148600101470947 1.320039987564087 -0.2322079986333847 -0.6883449554443359 -0.7253639101982117 -6.103701889514923e-05
0.34356099367141724 1.950659990310669 -0.048051901161670685 -0.0 0.0 -1.0
0.34356099367141724 1.950659990310669 -0.03305190056562424 -0.0 0.0 1.0
0.3341430127620697 1.9018800258636475 -0.03305190056562424 -0.18417920172214508 -0.982879102230072 -0.0
0.3341430127620697 1.9018800258636475 -0.048051901161670685 -0.0 0.0 -1.0
0.21335600316524506 1.9749000072479248 -0.048051901161670685 -0.0 0.0 -0.999969482421875
0.21335600316524506 1.9749000072479248 -0.03305190056562424 -0.0 0.0 0.999969482421875
0.2080399990081787 1.925510048866272 -0.03305190056562424 -0.12500381469726562 -0.9921262264251709 -0.0
0.2080399990081787 1.925510048866272 -0.048051901161670685 -0.0 0.0 -1.0
0.048409100621938705 1.9857100248336792 -0.048051901161670685 -0.0 0.0 -1.0
0.048409100621938705 1.9857100248336792 -0.03305190056562424 -0.0 0.0 1.0
0.047232601791620255 1.9360500574111938 -0.03305190056562424 -0.0236823633313179 -0.99969482421875 -0.0
0.047232601791620255 1.9360500574111938 -0.048051901161670685 -0.0 0.0 -1.0
-0.11686500161886215 1.9827300310134888 -0.048051901161670685 -0.0 0.0 -1.0
-0.11686500161886215 1.9827300310134888 -0.03305190056562424 -0.0 0.0 1.0
-0.11389300227165222 1.9331400394439697 -0.03305190056562424 0.059785760939121246 -0.9981994032859802 -0.0
-0.11389300227165222 1.9331400394439697 -0.048051901161670685 -0.0 0.0 -1.0
-0.2813130021095276 1.9659600257873535 -0.048051901161670685 -0.0 0.0 -1.0
-0.2813130021095276 1.9659600257873535 -0.03305190056562424 -0.0 0.0 1.0
-0.2742150127887726 1.9167900085449219 -0.03305190056562424 0.1428571492433548 -0.9897152781486511 -0.0
-0.2742150127887726 1.9167900085449219 -0.048051901161670685 -0.0 0.0 -1.0
-0.443789005279541 1.9355299472808838 -0.048051901161670685 -0.0 0.0 -1.0
-0.443789005279541 1.9355299472808838 -0.03305190056562424 -0.0 0.0 1.0
-0.43261298537254333 1.8871300220489502 -0.03305190056562424 0.22495193779468536 -0.9743644595146179 -0.0
-0.43261298537254333 1.8871300220489502 -0.048051901161670685 -0.0 0.0 -0.999969482421875
-0.60316002368927 1.8916599750518799 -0.048051901161670685 -0.0 0.0 -0.999969482421875
-0.60316002368927 1.8916599750518799 -0.03305190056562424 -0.0 0.0 1.0
-0.5879849791526794 1.844349980354309 -0.03305190056562424 0.30545976758003235 -0.9521775245666504 -0.0
-0.5879849791526794 1.844349980354309 -0.048051901161670685 -0.0 0.0 -0.999969482421875
-0.7583150267601013 1.8346400260925293 -0.048051901161670685 -0.0 0.0 -1.0
-0.7583150267601013 1.8346400260925293 -0.03305190056562424 -0.0 0.0 1.0
-0.7392460107803345 1.7887599468231201 -0.03305190056562424 0.38380077481269836 -0.9233985543251038 -0.0
-0.7392460107803345 1.7887599468231201 -0.048051901161670685 -0.0 0.0 -0.999969482421875
-0.9081720113754272 1.764870047569275 -0.048051901161670685 -0.0 0.0 -1.0
-0.9081720113754272 1.764870047569275 -0.03305190056562424 -0.0 0.0 1.0
-0.885342001914978 1.7207499742507935 -0.03305190056562424 0.4595172107219696 -0.8881496787071228 -0.0
-0.885342001914978 1.7207499742507935 -0.048051901161670685 -0.0 0.0 -0.999969482421875
-1.0516899824142456 1.6828399896621704 -0.048051901161670685 -0.0 0.0 -0.999969482421875
-1.0516899824142456 1.6828399896621704 -0.03305190056562424 -0.0 0.0 1.0
-1.02524995803833 1.640779972076416 -0.03305190056562424 0.5320291519165039 -0.8467055559158325 -0.0
-1.02524995803833 1.640779972076416 -0.048051901161670685 -0.0 0.0 -1.0
-1.1878600120544434 1.5891300439834595 -0.048051901161670685 -0.0 0.0 -0.999969482421875
-1.1878600120544434 1.5891300439834595 -0.03305190056562424 -0.0 0.0 0.999969482421875
-1.1580100059509277 1.5494199991226196 -0.03305190056562424 0.6007874011993408 -0.7993713021278381 -0.0
-1.1580100059509277 1.5494199991226196 -0.048051901161670685 -0.0 0.0 -1.0
-1.3157299757003784 1.4843900203704834 -0.048051901161670685 -0.0 0.0 -1.0
-1.3157299757003784 1.4843900203704834 -0.03305190056562424 -0.0 0.0 0.999969482421875
-1.2826800346374512 1.4472999572753906 -0.03305190056562424 0.6641438007354736 -0.747581422328949 -0.0
-1.2826800346374512 1.4472999572753906 -0.048051901161670685 -0.0 0.0 -1.0
-1.4508899450302124 1.3542399406433105 -0.048051901161670685 -0.0 0.0 -1.0
-1.4508899450302124 1.3542399406433105 -0.048051901161670685 -0.6885281205177307 -0.7251808047294617 -6.103701889514923e-05
-1.4508899450302124 1.3542399406433105 -0.03305190056562424 -0.0 0.0 1.0
-1.4508899450302124 1.3542399406433105 -0.03305190056562424 -0.6885281205177307 -0.7251808047294617 6.103701889514923e-05
-1.4148600101470947 1.320039987564087 -0.03305190056562424 0.6935636401176453 -0.7203589081764221 -0.0
-1.4148600101470947 1.320039987564087 -0.03305190056562424 -0.6883449554443359 -0.7253639101982117 6.103701889514923e-05
-1.4148600101470947 1.320039987564087 -0.048051901161670685 -0.0 0.0 -1.0
-1.4148600101470947 1.320039987564087 -0.048051901161670685 -0.6883449554443359 -0.7253639101982117 -6.103701889514923e-05
0.34356099367141724 1.950659990310669 0.004409850109368563 -0.0 0.0 -1.0
0.34356099367141724 1.950659990310669 0.019409799948334694 -0.0 0.0 1.0
0.3341430127620697 1.9018800258636475 0.019409799948334694 -0.18417920172214508 -0.982879102230072 -0.0
0.3341430127620697 1.9018800258636475 0.004409850109368563 -0.0 0.0 -1.0
0.21335600316524506 1.9749000072479248 0.004409850109368563 -0.0 0.0 -0.999969482421875
0.21335600316524506 1.9749000072479248 0.019409799948334694 -0.0 0.0 0.999969482421875
0.2080399990081787 1.925510048866272 0.019409799948334694 -0.12500381469726562 -0.9921262264251709 -0.0
0.2080399990081787 1.925510048866272 0.004409850109368563 -0.0 0.0 -1.0
0.048409100621938705 1.9857100248336792 0.004409850109368563 -0.0 0.0 -1.0
0.048409100621938705 1.9857100248336792 0.019409799948334694 -0.0 0.0 1.0
0.047232601791620255 1.9360500574111938 0.019409799948334694 -0.0236823633313179 -0.99969482421875 -0.0
0.047232601791620255 1.9360500574111938 0.004409850109368563 -0.0 0.0 -1.0
-0.11686500161886215 1.9827300310134888 0.004409850109368563 -0.0 0.0 -1.0
-0.11686500161886215 1.9827300310134888 0.019409799948334694 -0.0 0.0 1.0
-0.11389300227165222 1.9331400394439697 0.019409799948334694 0.059785760939121246 -0.9981994032859802 -0.0
-0.11389300227165222 1.9331400394439697 0.004409850109368563 -0.0 0.0 -1.0
-0.2813130021095276 1.9659600257873535 0.004409850109368563 -0.0 0.0 -1.0
-0.2813130021095276 1.9659600257873535 0.019409799948334694 -0.0 0.0 1.0
-0.2742150127887726 1.9167900085449219 0.019409799948334694 0.1428571492433548 -0.9897152781486511 -0.0
-0.2742150127887726 1.9167900085449219 0.004409850109368563 -0.0 0.0 -1.0
-0.443789005279541 1.9355299472808838 0.004409850109368563 -0.0 0.0 -1.0
-0.443789005279541 1.9355299472808838 0.019409799948334694 -0.0 0.0 1.0
-0.43261298537254333 1.8871300220489502 0.019409799948334694 0.22492142021656036 -0.9743644595146179 -0.0
-0.43261298537254333 1.8871300220489502 0.004409850109368563 -0.0 0.0 -0.999969482421875
-0.60316002368927 1.8916599750518799 0.004409850109368563 -0.0 0.0 -0.999969482421875
-0.60316002368927 1.8916599750518799 0.019409799948334694 -0.0 0.0 1.0
-0.5879849791526794 1.844349980354309 0.019409799948334694 0.30545976758003235 -0.9521775245666504 -0.0
-0.5879849791526794 1.844349980354309 0.004409850109368563 -0.0 0.0 -0.999969482421875
-0.7583150267601013 1.8346400260925293 0.004409850109368563 -0.0 0.0 -1.0
-0.7583150267601013 1.8346400260925293 0.019409799948334694 -0.0 0.0 1.0
-0.7392460107803345 1.7887599468231201 0.019409799948334694 0.38380077481269836 -0.9233985543251038 -0.0
-0.7392460107803345 1.7887599468231201 0.004409850109368563 -0.0 0.0 -0.999969482421875
-0.9081720113754272 1.764870047569275 0.004409850109368563 -0.0 0.0 -1.0
-0.9081720113754272 1.764870047569275 0.019409799948334694 -0.0 0.0 1.0
-0.885342001914978 1.7207499742507935 0.019409799948334694 0.4595172107219696 -0.8881496787071228 -0.0
-0.885342001914978 1.7207499742507935 0.004409850109368563 -0.0 0.0 -0.999969482421875
-1.0516899824142456 1.6828399896621704 0.004409850109368563 -0.0 0.0 -0.999969482421875
-1.0516899824142456 1.6828399896621704 0.019409799948334694 -0.0 0.0 1.0
-1.02524995803833 1.640779972076416 0.019409799948334694 0.5320291519165039 -0.8467055559158325 -0.0
-1.02524995803833 1.640779972076416 0.004409850109368563 -0.0 0.0 -1.0
-1.1878600120544434 1.5891300439834595 0.004409850109368563 -0.0 0.0 -0.999969482421875
-1.1878600120544434 1.5891300439834595 0.019409799948334694 -0.0 0.0 0.999969482421875
-1.1580100059509277 1.5494199991226196 0.019409799948334694 0.6007874011993408 -0.7993713021278381 -0.0
-1.1580100059509277 1.5494199991226196 0.004409850109368563 -0.0 0.0 -1.0
-1.3157299757003784 1.4843900203704834 0.004409850109368563 -0.0 0.0 -1.0
-1.3157299757003784 1.4843900203704834 0.019409799948334694 -0.0 0.0 0.999969482421875
-1.2826800346374512 1.4472999572753906 0.019409799948334694 0.6641438007354736 -0.747581422328949 -0.0
-1.2826800346374512 1.4472999572753906 0.004409850109368563 -0.0 0.0 -1.0
-1.4508899450302124 1.3542399406433105 0.004409850109368563 -0.0 0.0 -1.0
-1.4508899450302124 1.3542399406433105 0.004409850109368563 -0.6885281205177307 -0.7251808047294617 -6.103701889514923e-05
-1.4508899450302124 1.3542399406433105 0.019409799948334694 -0.0 0.0 1.0
-1.4508899450302124 1.3542399406433105 0.019409799948334694 -0.6885281205177307 -0.7251808047294617 6.103701889514923e-05
-1.4148600101470947 1.320039987564087 0.019409799948334694 0.6935636401176453 -0.7203589081764221 -0.0
-1.4148600101470947 1.320039987564087 0.019409799948334694 -0.6883449554443359 -0.7253639101982117 6.103701889514923e-05
-1.4148600101470947 1.320039987564087 0.004409850109368563 -0.0 0.0 -1.0
-1.4148600101470947 1.320039987564087 0.004409850109368563 -0.6883449554443359 -0.7253639101982117 -6.103701889514923e-05
0.34356099367141724 1.950659990310669 -0.6264690160751343 -0.0 0.0 -1.0
0.34356099367141724 1.950659990310669 -0.6114689707756042 -0.0 0.0 1.0
0.3341430127620697 1.9018800258636475 -0.6114689707756042 -0.18417920172214508 -0.982879102230072 -0.0
0.3341430127620697 1.9018800258636475 -0.6264690160751343 -0.0 0.0 -1.0
0.21335600316524506 1.9749000072479248 -0.6264690160751343 -0.0 0.0 -0.999969482421875
0.21335600316524506 1.9749000072479248 -0.6114689707756042 -0.0 0.0 1.0
0.2080399990081787 1.925510048866272 -0.6114689707756042 -0.12500381469726562 -0.9921262264251709 -0.0
0.2080399990081787 1.925510048866272 -0.6264690160751343 -0.0 0.0 -1.0
0.048409100621938705 1.9857100248336792 -0.6264690160751343 -0.0 0.0 -1.0
0.048409100621938705 1.9857100248336792 -0.6114689707756042 -0.0 0.0 1.0
0.047232601791620255 1.9360500574111938 -0.6114689707756042 -0.0236823633313179 -0.99969482421875 -0.0
0.047232601791620255 1.9360500574111938 -0.6264690160751343 -0.0 0.0 -1.0
-0.11686500161886215 1.9827300310134888 -0.6264690160751343 -0.0 0.0 -1.0
-0.11686500161886215 1.9827300310134888 -0.6114689707756042 -0.0 0.0 1.0
-0.11389300227165222 1.9331400394439697 -0.6114689707756042 0.059785760939121246 -0.9981994032859802 -0.0
-0.11389300227165222 1.9331400394439697 -0.6264690160751343 -0.0 0.0 -1.0
-0.2813130021095276 1.9659600257873535 -0.6264690160751343 -0.0 0.0 -1.0
-0.2813130021095276 1.9659600257873535 -0.6114689707756042 -0.0 0.0 1.0
-0.2742150127887726 1.9167900085449219 -0.6114689707756042 0.1428571492433548 -0.9897152781486511 -0.0
-0.2742150127887726 1.9167900085449219 -0.6264690160751343 -0.0 0.0 -1.0
-0.443789005279541 1.9355299472808838 -0.6264690160751343 -0.0 0.0 -1.0
-0.443789005279541 1.9355299472808838 -0.6114689707756042 -0.0 0.0 1.0
-0.43261298537254333 1.8871300220489502 -0.6114689707756042 0.22492142021656036 -0.9743644595146179 -0.0
-0.43261298537254333 1.8871300220489502 -0.6264690160751343 -0.0 0.0 -0.999969482421875
-0.60316002368927 1.8916599750518799 -0.6264690160751343 -0.0 0.0 -0.999969482421875
-0.60316002368927 1.8916599750518799 -0.6114689707756042 -0.0 0.0 1.0
-0.5879849791526794 1.844349980354309 -0.6114689707756042 0.30545976758003235 -0.9521775245666504 -0.0
-0.5879849791526794 1.844349980354309 -0.6264690160751343 -0.0 0.0 -0.999969482421875
-0.7583150267601013 1.8346400260925293 -0.6264690160751343 -0.0 0.0 -1.0
-0.7583150267601013 1.8346400260925293 -0.6114689707756042 -0.0 0.0 1.0
-0.7392460107803345 1.7887599468231201 -0.6114689707756042 0.38380077481269836 -0.9233985543251038 -0.0
-0.7392460107803345 1.7887599468231201 -0.6264690160751343 -0.0 0.0 -0.999969482421875
-0.9081720113754272 1.764870047569275 -0.6264690160751343 -0.0 0.0 -1.0
-0.9081720113754272 1.764870047569275 -0.6114689707756042 -0.0 0.0 1.0
-0.885342001914978 1.7207499742507935 -0.6114689707756042 0.4595172107219696 -0.8881496787071228 -0.0
-0.885342001914978 1.7207499742507935 -0.6264690160751343 -0.0 0.0 -0.999969482421875
-1.0516899824142456 1.6828399896621704 -0.6264690160751343 -0.0 0.0 -0.999969482421875
-1.0516899824142456 1.6828399896621704 -0.6114689707756042 -0.0 0.0 1.0
-1.02524995803833 1.640779972076416 -0.6114689707756042 0.5320291519165039 -0.8467055559158325 -0.0
-1.02524995803833 1.640779972076416 -0.6264690160751343 -0.0 0.0 -1.0
-1.1878600120544434 1.5891300439834595 -0.6264690160751343 -0.0 0.0 -0.999969482421875
-1.1878600120544434 1.5891300439834595 -0.6114689707756042 -0.0 0.0 0.999969482421875
-1.1580100059509277 1.5494199991226196 -0.6114689707756042 0.6007874011993408 -0.7993713021278381 -0.0
-1.1580100059509277 1.5494199991226196 -0.6264690160751343 -0.0 0.0 -1.0
-1.3157299757003784 1.4843900203704834 -0.6264690160751343 -0.0 0.0 -1.0
-1.3157299757003784 1.4843900203704834 -0.6114689707756042 -0.0 0.0 0.999969482421875
-1.2826800346374512 1.4472999572753906 -0.6114689707756042 0.6641438007354736 -0.747581422328949 -0.0
-1.2826800346374512 1.4472999572753906 -0.6264690160751343 -0.0 0.0 -1.0
-1.4508899450302124 1.3542399406433105 -0.6264690160751343 -0.0 0.0 -1.0
-1.4508899450302124 1.3542399406433105 -0.6264690160751343 -0.6884975433349609 -0.7252113223075867 -6.103701889514923e-05
-1.4508899450302124 1.3542399406433105 -0.6114689707756042 -0.0 0.0 1.0
-1.4508899450302124 1.3542399406433105 -0.6114689707756042 -0.6884975433349609 -0.7251808047294617 6.103701889514923e-05
-1.4148600101470947 1.320039987564087 -0.6114689707756042 0.6935636401176453 -0.7203589081764221 -0.0
-1.4148600101470947 1.320039987564087 -0.6114689707756042 -0.6883449554443359 -0.7253333926200867 6.103701889514923e-05
-1.4148600101470947 1.320039987564087 -0.6264690160751343 -0.0 0.0 -1.0
-1.4148600101470947 1.320039987564087 -0.6264690160751343 -0.6883449554443359 -0.7253333926200867 -6.103701889514923e-05
0.34356099367141724 1.950659990310669 -0.8183019757270813 -0.0 0.0 -1.0
0.34356099367141724 1.950659990310669 -0.803301990032196 -0.0 0.0 1.0
0.3341430127620697 1.9018800258636475 -0.803301990032196 -0.18417920172214508 -0.982879102230072 -0.0
0.3341430127620697 1.9018800258636475 -0.8183019757270813 -0.0 0.0 -1.0
0.21335600316524506 1.9749000072479248 -0.8183019757270813 -0.0 0.0 -0.999969482421875
0.21335600316524506 1.9749000072479248 -0.803301990032196 -0.0 0.0 1.0
0.2080399990081787 1.925510048866272 -0.803301990032196 -0.12500381469726562 -0.9921262264251709 -0.0
0.2080399990081787 1.925510048866272 -0.8183019757270813 -0.0 0.0 -1.0
0.048409100621938705 1.9857100248336792 -0.8183019757270813 -0.0 0.0 -1.0
0.048409100621938705 1.9857100248336792 -0.803301990032196 -0.0 0.0 1.0
0.047232601791620255 1.9360500574111938 -0.803301990032196 -0.0236823633313179 -0.99969482421875 -0.0
0.047232601791620255 1.9360500574111938 -0.8183019757270813 -0.0 0.0 -1.0
-0.11686500161886215 1.9827300310134888 -0.8183019757270813 -0.0 0.0 -1.0
-0.11686500161886215 1.9827300310134888 -0.803301990032196 -0.0 0.0 1.0
-0.11389300227165222 1.9331400394439697 -0.803301990032196 0.059785760939121246 -0.9981994032859802 -0.0
-0.11389300227165222 1.9331400394439697 -0.8183019757270813 -0.0 0.0 -1.0
-0.2813130021095276 1.9659600257873535 -0.8183019757270813 -0.0 0.0 -1.0
-0.2813130021095276 1.9659600257873535 -0.803301990032196 -0.0 0.0 1.0
-0.2742150127887726 1.9167900085449219 -0.803301990032196 0.1428571492433548 -0.9897152781486511 -0.0
-0.2742150127887726 1.9167900085449219 -0.8183019757270813 -0.0 0.0 -1.0
-0.443789005279541 1.9355299472808838 -0.8183019757270813 -0.0 0.0 -1.0
-0.443789005279541 1.9355299472808838 -0.803301990032196 -0.0 0.0 1.0
-0.43261298537254333 1.8871300220489502 -0.803301990032196 0.22495193779468536 -0.9743644595146179 -0.0
-0.43261298537254333 1.8871300220489502 -0.8183019757270813 -0.0 0.0 -0.999969482421875
-0.60316002368927 1.8916599750518799 -0.8183019757270813 -0.0 0.0 -0.999969482421875
-0.60316002368927 1.8916599750518799 -0.803301990032196 -0.0 0.0 1.0
-0.5879849791526794 1.844349980354309 -0.803301990032196 0.30545976758003235 -0.9521775245666504 -0.0
-0.5879849791526794 1.844349980354309 -0.8183019757270813 -0.0 0.0 -0.999969482421875
-0.7583150267601013 1.8346400260925293 -0.8183019757270813 -0.0 0.0 -1.0
-0.7583150267601013 1.8346400260925293 -0.803301990032196 -0.0 0.0 1.0
-0.7392460107803345 1.7887599468231201 -0.803301990032196 0.38380077481269836 -0.9233985543251038 -0.0
-0.7392460107803345 1.7887599468231201 -0.8183019757270813 -0.0 0.0 -0.999969482421875
-0.9081720113754272 1.764870047569275 -0.8183019757270813 -0.0 0.0 -1.0
-0.9081720113754272 1.764870047569275 -0.803301990032196 -0.0 0.0 1.0
-0.885342001914978 1.7207499742507935 -0.803301990032196 0.4595172107219696 -0.8881496787071228 -0.0
-0.885342001914978 1.7207499742507935 -0.8183019757270813 -0.0 0.0 -0.999969482421875
-1.0516899824142456 1.6828399896621704 -0.8183019757270813 -0.0 0.0 -0.999969482421875
-1.0516899824142456 1.6828399896621704 -0.803301990032196 -0.0 0.0 1.0
-1.02524995803833 1.640779972076416 -0.803301990032196 0.5320291519165039 -0.8467055559158325 -0.0
-1.02524995803833 1.640779972076416 -0.8183019757270813 -0.0 0.0 -1.0
-1.1878600120544434 1.5891300439834595 -0.8183019757270813 -0.0 0.0 -0.999969482421875
-1.1878600120544434 1.5891300439834595 -0.803301990032196 -0.0 0.0 0.999969482421875
-1.1580100059509277 1.5494199991226196 -0.803301990032196 0.6007874011993408 -0.7993713021278381 -0.0
-1.1580100059509277 1.5494199991226196 -0.8183019757270813 -0.0 0.0 -1.0
-1.3157299757003784 1.4843900203704834 -0.8183019757270813 -0.0 0.0 -1.0
-1.3157299757003784 1.4843900203704834 -0.803301990032196 -0.0 0.0 0.999969482421875
-1.2826800346374512 1.4472999572753906 -0.803301990032196 0.6641438007354736 -0.747581422328949 -0.0
-1.2826800346374512 1.4472999572753906 -0.8183019757270813 -0.0 0.0 -1.0
-1.4508899450302124 1.3542399406433105 -0.8183019757270813 -0.0 0.0 -1.0
-1.4508899450302124 1.3542399406433105 -0.8183019757270813 -0.6885281205177307 -0.7251808047294617 -6.103701889514923e-05
-1.4508899450302124 1.3542399406433105 -0.803301990032196 -0.0 0.0 1.0
-1.4508899450302124 1.3542399406433105 -0.803301990032196 -0.6885281205177307 -0.7251808047294617 6.103701889514923e-05
-1.4148600101470947 1.320039987564087 -0.803301990032196 0.6935636401176453 -0.7203589081764221 -0.0
-1.4148600101470947 1.320039987564087 -0.803301990032196 -0.6883449554443359 -0.7253639101982117 6.103701889514923e-05
-1.4148600101470947 1.320039987564087 -0.8183019757270813 -0.0 0.0 -1.0
-1.4148600101470947 1.320039987564087 -0.8183019757270813 -0.6883449554443359 -0.7253333926200867 -6.103701889514923e-05
0.34356099367141724 1.950659990310669 -1.0160800218582153 -0.0 0.0 -1.0
0.34356099367141724 1.950659990310669 -1.00108003616333 -0.0 0.0 1.0
0.3341430127620697 1.9018800258636475 -1.00108003616333 -0.18417920172214508 -0.982879102230072 -0.0
0.3341430127620697 1.9018800258636475 -1.0160800218582153 -0.0 0.0 -1.0
0.21335600316524506 1.9749000072479248 -1.0160800218582153 -0.0 0.0 -0.999969482421875
0.21335600316524506 1.9749000072479248 -1.00108003616333 -0.0 0.0 1.0
0.2080399990081787 1.925510048866272 -1.00108003616333 -0.12500381469726562 -0.9921262264251709 -0.0
0.2080399990081787 1.925510048866272 -1.0160800218582153 -0.0 0.0 -1.0
0.048409100621938705 1.9857100248336792 -1.0160800218582153 -0.0 0.0 -1.0
0.048409100621938705 1.9857100248336792 -1.00108003616333 -0.0 0.0 1.0
0.047232601791620255 1.9360500574111938 -1.00108003616333 -0.0236823633313179 -0.99969482421875 -0.0
0.047232601791620255 1.9360500574111938 -1.0160800218582153 -0.0 0.0 -1.0
-0.11686500161886215 1.9827300310134888 -1.0160800218582153 -0.0 0.0 -1.0
-0.11686500161886215 1.9827300310134888 -1.00108003616333 -0.0 0.0 1.0
-0.11389300227165222 1.9331400394439697 -1.00108003616333 0.059785760939121246 -0.9981994032859802 -0.0
-0.11389300227165222 1.9331400394439697 -1.0160800218582153 -0.0 0.0 -1.0
-0.2813130021095276 1.9659600257873535 -1.0160800218582153 -0.0 0.0 -1.0
-0.2813130021095276 1.9659600257873535 -1.00108003616333 -0.0 0.0 1.0
-0.2742150127887726 1.9167900085449219 -1.00108003616333 0.1428571492433548 -0.9897152781486511 -0.0
-0.2742150127887726 1.9167900085449219 -1.0160800218582153 -0.0 0.0 -1.0
-0.443789005279541 1.9355299472808838 -1.0160800218582153 -0.0 0.0 -1.0
-0.443789005279541 1.9355299472808838 -1.00108003616333 -0.0 0.0 1.0
-0.43261298537254333 1.8871300220489502 -1.00108003616333 0.22495193779468536 -0.9743644595146179 -0.0
-0.43261298537254333 1.8871300220489502 -1.0160800218582153 -0.0 0.0 -0.999969482421875
-0.60316002368927 1.8916599750518799 -1.0160800218582153 -0.0 0.0 -0.999969482421875
-0.60316002368927 1.8916599750518799 -1.00108003616333 -0.0 0.0 1.0
-0.5879849791526794 1.844349980354309 -1.00108003616333 0.30545976758003235 -0.9521775245666504 -0.0
-0.5879849791526794 1.844349980354309 -1.0160800218582153 -0.0 0.0 -0.999969482421875
-0.7583150267601013 1.8346400260925293 -1.0160800218582153 -0.0 0.0 -1.0
-0.7583150267601013 1.8346400260925293 -1.00108003616333 -0.0 0.0 1.0
-0.7392460107803345 1.7887599468231201 -1.00108003616333 0.38380077481269836 -0.9233985543251038 -0.0
-0.7392460107803345 1.7887599468231201 -1.0160800218582153 -0.0 0.0 -0.999969482421875
-0.9081720113754272 1.764870047569275 -1.0160800218582153 -0.0 0.0 -1.0
-0.9081720113754272 1.764870047569275 -1.00108003616333 -0.0 0.0 1.0
-0.885342001914978 1.7207499742507935 -1.00108003616333 0.4595172107219696 -0.8881496787071228 -0.0
-0.885342001914978 1.7207499742507935 -1.0160800218582153 -0.0 0.0 -0.999969482421875
-1.0516899824142456 1.6828399896621704 -1.0160800218582153 -0.0 0.0 -0.999969482421875
-1.0516899824142456 1.6828399896621704 -1.00108003616333 -0.0 0.0 1.0
-1.02524995803833 1.640779972076416 -1.00108003616333 0.5320291519165039 -0.8467055559158325 -0.0
-1.02524995803833 1.640779972076416 -1.0160800218582153 -0.0 0.0 -1.0
-1.1878600120544434 1.5891300439834595 -1.0160800218582153 -0.0 0.0 -0.999969482421875
-1.1878600120544434 1.5891300439834595 -1.00108003616333 -0.0 0.0 0.999969482421875
-1.1580100059509277 1.5494199991226196 -1.00108003616333 0.6007874011993408 -0.7993713021278381 -0.0
-1.1580100059509277 1.5494199991226196 -1.0160800218582153 -0.0 0.0 -1.0
-1.3157299757003784 1.4843900203704834 -1.0160800218582153 -0.0 0.0 -1.0
-1.3157299757003784 1.4843900203704834 -1.00108003616333 -0.0 0.0 0.999969482421875
-1.2826800346374512 1.4472999572753906 -1.00108003616333 0.6641438007354736 -0.747581422328949 -0.0
-1.2826800346374512 1.4472999572753906 -1.0160800218582153 -0.0 0.0 -1.0
-1.4508899450302124 1.3542399406433105 -1.0160800218582153 -0.0 0.0 -1.0
-1.4508899450302124 1.3542399406433105 -1.0160800218582153 -0.6884975433349609 -0.7251808047294617 -6.103701889514923e-05
-1.4508899450302124 1.3542399406433105 -1.00108003616333 -0.0 0.0 1.0
-1.4508899450302124 1.3542399406433105 -1.00108003616333 -0.6884975433349609 -0.7251808047294617 6.103701889514923e-05
-1.4148600101470947 1.320039987564087 -1.00108003616333 0.6935636401176453 -0.7203589081764221 -0.0
-1.4148600101470947 1.320039987564087 -1.00108003616333 -0.6883449554443359 -0.7253639101982117 6.103701889514923e-05
-1.4148600101470947 1.320039987564087 -1.0160800218582153 -0.0 0.0 -1.0
-1.4148600101470947 1.320039987564087 -1.0160800218582153 -0.6883449554443359 -0.7253639101982117 -6.103701889514923e-05
0.34356099367141724 1.950659990310669 -1.0574100017547607 -0.0 0.0 -1.0
0.34356099367141724 1.950659990310669 -1.0424100160598755 -0.0 0.0 1.0
0.3341430127620697 1.9018800258636475 -1.0424100160598755 -0.18417920172214508 -0.982879102230072 -0.0
0.3341430127620697 1.9018800258636475 -1.0574100017547607 -0.0 0.0 -1.0
0.21335600316524506 1.9749000072479248 -1.0574100017547607 -0.0 0.0 -0.999969482421875
0.21335600316524506 1.9749000072479248 -1.0424100160598755 -0.0 0.0 1.0
0.2080399990081787 1.925510048866272 -1.0424100160598755 -0.12500381469726562 -0.9921262264251709 -0.0
0.2080399990081787 1.925510048866272 -1.0574100017547607 -0.0 0.0 -1.0
0.048409100621938705 1.9857100248336792 -1.0574100017547607 -0.0 0.0 -1.0
0.048409100621938705 1.9857100248336792 -1.0424100160598755 -0.0 0.0 1.0
0.047232601791620255 1.9360500574111938 -1.0424100160598755 -0.0236823633313179 -0.99969482421875 -0.0
0.047232601791620255 1.9360500574111938 -1.0574100017547607 -0.0 0.0 -1.0
-0.11686500161886215 1.9827300310134888 -1.0574100017547607 -0.0 0.0 -1.0
-0.11686500161886215 1.9827300310134888 -1.0424100160598755 -0.0 0.0 1.0
-0.11389300227165222 1.9331400394439697 -1.0424100160598755 0.059785760939121246 -0.9981994032859802 -0.0
-0.11389300227165222 1.9331400394439697 -1.0574100017547607 -0.0 0.0 -1.0
-0.2813130021095276 1.9659600257873535 -1.0574100017547607 -0.0 0.0 -1.0
-0.2813130021095276 1.9659600257873535 -1.0424100160598755 -0.0 0.0 1.0
-0.2742150127887726 1.9167900085449219 -1.0424100160598755 0.1428571492433548 -0.9897152781486511 -0.0
-0.2742150127887726 1.9167900085449219 -1.0574100017547607 -0.0 0.0 -1.0
-0.443789005279541 1.9355299472808838 -1.0574100017547607 -0.0 0.0 -1.0
-0.443789005279541 1.9355299472808838 -1.0424100160598755 -0.0 0.0 1.0
-0.43261298537254333 1.8871300220489502 -1.0424100160598755 0.22495193779468536 -0.9743644595146179 -0.0
-0.43261298537254333 1.8871300220489502 -1.0574100017547607 -0.0 0.0 -0.999969482421875
-0.60316002368927 1.8916599750518799 -1.0574100017547607 -0.0 0.0 -0.999969482421875
-0.60316002368927 1.8916599750518799 -1.0424100160598755 -0.0 0.0 1.0
-0.5879849791526794 1.844349980354309 -1.0424100160598755 0.30545976758003235 -0.9521775245666504 -0.0
-0.5879849791526794 1.844349980354309 -1.0574100017547607 -0.0 0.0 -0.999969482421875
-0.7583150267601013 1.8346400260925293 -1.0574100017547607 -0.0 0.0 -1.0
-0.7583150267601013 1.8346400260925293 -1.0424100160598755 -0.0 0.0 1.0
-0.7392460107803345 1.7887599468231201 -1.0424100160598755 0.38380077481269836 -0.9233985543251038 -0.0
-0.7392460107803345 1.7887599468231201 -1.0574100017547607 -0.0 0.0 -0.999969482421875
-0.9081720113754272 1.764870047569275 -1.0574100017547607 -0.0 0.0 -1.0
-0.9081720113754272 1.764870047569275 -1.0424100160598755 -0.0 0.0 1.0
-0.885342001914978 1.7207499742507935 -1.0424100160598755 0.4595172107219696 -0.8881496787071228 -0.0
-0.885342001914978 1.7207499742507935 -1.0574100017547607 -0.0 0.0 -0.999969482421875
-1.0516899824142456 1.6828399896621704 -1.0574100017547607 -0.0 0.0 -0.999969482421875
-1.0516899824142456 1.6828399896621704 -1.0424100160598755 -0.0 0.0 1.0
-1.02524995803833 1.640779972076416 -1.0424100160598755 0.5320291519165039 -0.8467055559158325 -0.0
-1.02524995803833 1.640779972076416 -1.0574100017547607 -0.0 0.0 -1.0
-1.1878600120544434 1.5891300439834595 -1.0574100017547607 -0.0 0.0 -0.999969482421875
-1.1878600120544434 1.5891300439834595 -1.0424100160598755 -0.0 0.0 0.999969482421875
-1.1580100059509277 1.5494199991226196 -1.0424100160598755 0.6007874011993408 -0.7993713021278381 -0.0
-1.1580100059509277 1.5494199991226196 -1.0574100017547607 -0.0 0.0 -1.0
-1.3157299757003784 1.4843900203704834 -1.0574100017547607 -0.0 0.0 -1.0
-1.3157299757003784 1.4843900203704834 -1.0424100160598755 -0.0 0.0 0.999969482421875
-1.2826800346374512 1.4472999572753906 -1.0424100160598755 0.6641438007354736 -0.747581422328949 -0.0
-1.2826800346374512 1.4472999572753906 -1.0574100017547607 -0.0 0.0 -1.0
-1.4508899450302124 1.3542399406433105 -1.0574100017547607 -0.0 0.0 -1.0
-1.4508899450302124 1.3542399406433105 -1.0574100017547607 -0.6885281205177307 -0.7251808047294617 -6.103701889514923e-05
-1.4508899450302124 1.3542399406433105 -1.0424100160598755 -0.0 0.0 1.0
-1.4508899450302124 1.3542399406433105 -1.0424100160598755 -0.6885281205177307 -0.7251808047294617 6.103701889514923e-05
-1.4148600101470947 1.320039987564087 -1.0424100160598755 0.6935636401176453 -0.7203894257545471 -0.0
-1.4148600101470947 1.320039987564087 -1.0424100160598755 -0.6883449554443359 -0.7253333926200867 6.103701889514923e-05
-1.4148600101470947 1.320039987564087 -1.0574100017547607 -0.0 0.0 -1.0
-1.4148600101470947 1.320039987564087 -1.0574100017547607 -0.6883449554443359 -0.7253333926200867 -6.103701889514923e-05
0 4 5
0 5 1
425 429 6
425 6 2
426 430 7
426 7 3
427 431 428
427 428 424
4 8 9
4 9 5
429 433 10
429 10 6
430 434 11
430 11 7
431 435 432
431 432 428
8 12 13
8 13 9
433 437 14
433 14 10
434 438 15
434 15 11
435 439 436
435 436 432
12 16 17
12 17 13
437 441 18
437 18 14
438 442 19
438 19 15
439 443 440
439 440 436
16 20 21
16 21 17
441 445 22
441 22 18
442 446 23
442 23 19
443 447 444
443 444 440
20 24 25
20 25 21
445 449 26
445 26 22
446 450 27
446 27 23
447 451 448
447 448 444
24 28 29
24 29 25
449 453 30
449 30 26
450 454 31
450 31 27
451 455 452
451 452 448
28 32 33
28 33 29
453 457 34
453 34 30
454 458 35
454 35 31
455 459 456
455 456 452
32 36 37
32 37 33
457 461 38
457 38 34
458 462 39
458 39 35
459 463 460
459 460 456
36 40 41
36 41 37
461 465 42
461 42 38
462 466 43
462 43 39
463 467 464
463 464 460
40 44 45
40 45 41
465 469 46
465 46 42
466 470 47
466 47 43
467 471 468
467 468 464
44 48 49
44 49 45
469 474 50
469 50 46
470 476 51
470 51 47
471 478 472
471 472 468
52 475 473
52 477 475
52 479 477
52 473 479
53 57 58
53 58 54
481 485 59
481 59 55
482 486 60
482 60 56
483 487 484
483 484 480
57 61 62
57 62 58
485 489 63
485 63 59
486 490 64
486 64 60
487 491 488
487 488 484
61 65 66
61 66 62
489 493 67
489 67 63
490 494 68
490 68 64
491 495 492
491 492 488
65 69 70
65 70 66
493 497 71
493 71 67
494 498 72
494 72 68
495 499 496
495 496 492
69 73 74
69 74 70
497 501 75
497 75 71
498 502 76
498 76 72
499 503 500
499 500 496
73 77 78
73 78 74
501 505 79
501 79 75
502 506 80
502 80 76
503 507 504
503 504 500
77 81 82
77 82 78
505 509 83
505 83 79
506 510 84
506 84 80
507 511 508
507 508 504
81 85 86
81 86 82
509 513 87
509 87 83
510 514 88
510 88 84
511 515 512
511 512 508
85 89 90
85 90 86
513 517 91
513 91 87
514 518 92
514 92 88
515 519 516
515 516 512
89 93 94
89 94 90
517 521 95
517 95 91
518 522 96
518 96 92
519 523 520
519 520 516
93 97 98
93 98 94
521 525 99
521 99 95
522 526 100
522 100 96
523 527 524
523 524 520
97 101 102
97 102 98
525 530 103
525 103 99
526 532 104
526 104 100
527 534 528
527 528 524
105 531 529
105 533 531
105 535 533
105 529 535
106 110 111
106 111 107
537 541 112
537 112 108
538 542 113
538 113 109
539 543 540
539 540 536
110 114 115
110 115 111
541 545 116
541 116 112
542 546 117
542 117 113
543 547 544
543 544 540
114 118 119
114 119 115
545 549 120
545 120 116
546 550 121
546 121 117
547 551 548
547 548 544
118 122 123
118 123 119
549 553 124
549 124 120
550 554 125
550 125 121
551 555 552
551 552 548
122 126 127
122 127 123
553 557 128
553 128 124
554 558 129
554 129 125
555 559 556
555 556 552
126 130 131
126 131 127
557 561 132
557 132 128
558 562 133
558 133 129
559 563 560
559 560 556
130 134 135
130 135 131
561 565 136
561 136 132
562 566 137
562 137 133
563 567 564
563 564 560
134 138 139
134 139 135
565 569 140
565 140 136
566 570 141
566 141 137
567 571 568
567 568 564
138 142 143
138 143 139
569 573 144
569 144 140
570 574 145
570 145 141
571 575 572
571 572 568
142 146 147
142 147 143
573 577 148
573 148 144
574 578 149
574 149 145
575 579 576
575 576 572
146 150 151
146 151 147
577 581 152
577 152 148
578 582 153
578 153 149
579 583 580
579 580 576
150 154 155
150 155 151
581 586 156
581 156 152
582 588 157
582 157 153
583 590 584
583 584 580
158 587 585
158 589 587
158 591 589
158 585 591
159 163 164
159 164 160
593 597 165
593 165 161
594 598 166
594 166 162
595 599 596
595 596 592
163 167 168
163 168 164
597 601 169
597 169 165
598 602 170
598 170 166
599 603 600
599 600 596
167 171 172
167 172 168
601 605 173
601 173 169
602 606 174
602 174 170
603 607 604
603 604 600
171 175 176
171 176 172
605 609 177
605 177 173
606 610 178
606 178 174
607 611 608
607 608 604
175 179 180
175 180 176
609 613 181
609 181 177
610 614 182
610 182 178
611 615 612
611 612 608
179 183 184
179 184 180
613 617 185
613 185 181
614 618 186
614 186 182
615 619 616
615 616 612
183 187 188
183 188 184
617 621 189
617 189 185
618 622 190
618 190 186
619 623 620
619 620 616
187 191 192
187 192 188
621 625 193
621 193 189
622 626 194
622 194 190
623 627 624
623 624 620
191 195 196
191 196 192
625 629 197
625 197 193
626 630 198
626 198 194
627 631 628
627 628 624
195 199 200
195 200 196
629 633 201
629 201 197
630 634 202
630 202 198
631 635 632
631 632 628
199 203 204
199 204 200
633 637 205
633 205 201
634 638 206
634 206 202
635 639 636
635 636 632
203 207 208
203 208 204
637 642 209
637 209 205
638 644 210
638 210 206
639 646 640
639 640 636
211 643 641
211 645 643
211 647 645
211 641 647
212 216 217
212 217 213
649 653 218
649 218 214
650 654 219
650 219 215
651 655 652
651 652 648
216 220 221
216 221 217
653 657 222
653 222 218
654 658 223
654 223 219
655 659 656
655 656 652
220 224 225
220 225 221
657 661 226
657 226 222
658 662 227
658 227 223
659 663 660
659 660 656
224 228 229
224 229 225
661 665 230
661 230 226
662 666 231
662 231 227
663 667 664
663 664 660
228 232 233
228 233 229
665 669 234
665 234 230
666 670 235
666 235 231
667 671 668
667 668 664
232 236 237
232 237 233
669 673 238
669 238 234
670 674 239
670 239 235
671 675 672
671 672 668
236 240 241
236 241 237
673 677 242
673 242 238
674 678 243
674 243 239
675 679 676
675 676 672
240 244 245
240 245 241
677 681 246
677 246 242
678 682 247
678 247 243
679 683 680
679 680 676
244 248 249
244 249 245
681 685 250
681 250 246
682 686 251
682 251 247
683 687 684
683 684 680
248 252 253
248 253 249
685 689 254
685 254 250
686 690 255
686 255 251
687 691 688
687 688 684
252 256 257
252 257 253
689 693 258
689 258 254
690 694 259
690 259 255
691 695 692
691 692 688
256 260 261
256 261 257
693 698 262
693 262 258
694 700 263
694 263 259
695 702 696
695 696 692
264 699 697
264 701 699
264 703 701
264 697 703
265 269 270
265 270 266
705 709 271
705 271 267
706 710 272
706 272 268
707 711 708
707 708 704
269 273 274
269 274 270
709 713 275
709 275 271
710 714 276
710 276 272
711 715 712
711 712 708
273 277 278
273 278 274
713 717 279
713 279 275
714 718 280
714 280 276
715 719 716
715 716 712
277 281 282
277 282 278
717 721 283
717 283 279
718 722 284
718 284 280
719 723 720
719 720 716
281 285 286
281 286 282
721 725 287
721 287 283
722 726 288
722 288 284
723 727 724
723 724 720
285 289 290
285 290 286
725 729 291
725 291 287
726 730 292
726 292 288
727 731 728
727 728 724
289 293 294
289 294 290
729 733 295
729 295 291
730 734 296
730 296 292
731 735 732
731 732 728
293 297 298
293 298 294
733 737 299
733 299 295
734 738 300
734 300 296
735 739 736
735 736 732
297 301 302
297 302 298
737 741 303
737 303 299
738 742 304
738 304 300
739 743 740
739 740 736
301 305 306
301 306 302
741 745 307
741 307 303
742 746 308
742 308 304
743 747 744
743 744 740
305 309 310
305 310 306
745 749 311
745 311 307
746 750 312
746 312 308
747 751 748
747 748 744
309 313 314
309 314 310
749 754 315
749 315 311
750 756 316
750 316 312
751 758 752
751 752 748
317 755 753
317 757 755
317 759 757
317 753 759
318 322 323
318 323 319
761 765 324
761 324 320
762 766 325
762 325 321
763 767 764
763 764 760
322 326 327
322 327 323
765 769 328
765 328 324
766 770 329
766 329 325
767 771 768
767 768 764
326 330 331
326 331 327
769 773 332
769 332 328
770 774 333
770 333 329
771 775 772
771 772 768
330 334 335
330 335 331
773 777 336
773 336 332
774 778 337
774 337 333
775 779 776
775 776 772
334 338 339
334 339 335
777 781 340
777 340 336
778 782 341
778 341 337
779 783 780
779 780 776
338 342 343
338 343 339
781 785 344
781 344 340
782 786 345
782 345 341
783 787 784
783 784 780
342 346 347
342 347 343
785 789 348
785 348 344
786 790 349
786 349 345
787 791 788
787 788 784
346 350 351
346 351 347
789 793 352
789 352 348
790 794 353
790 353 349
791 795 792
791 792 788
350 354 355
350 355 351
793 797 356
793 356 352
794 798 357
794 357 353
795 799 796
795 796 792
354 358 359
354 359 355
797 801 360
797 360 356
798 802 361
798 361 357
799 803 800
799 800 796
358 362 363
358 363 359
801 805 364
801 364 360
802 806 365
802 365 361
803 807 804
803 804 800
362 366 367
362 367 363
805 810 368
805 368 364
806 812 369
806 369 365
807 814 808
807 808 804
370 811 809
370 813 811
370 815 813
370 809 815
371 375 376
371 376 372
817 821 377
817 377 373
818 822 378
818 378 374
819 823 820
819 820 816
375 379 380
375 380 376
821 825 381
821 381 377
822 826 382
822 382 378
823 827 824
823 824 820
379 383 384
379 384 380
825 829 385
825 385 381
826 830 386
826 386 382
827 831 828
827 828 824
383 387 388
383 388 384
829 833 389
829 389 385
830 834 390
830 390 386
831 835 832
831 832 828
387 391 392
387 392 388
833 837 393
833 393 389
834 838 394
834 394 390
835 839 836
835 836 832
391 395 396
391 396 392
837 841 397
837 397 393
838 842 398
838 398 394
839 843 840
839 840 836
395 399 400
395 400 396
841 845 401
841 401 397
842 846 402
842 402 398
843 847 844
843 844 840
399 403 404
399 404 400
845 849 405
845 405 401
846 850 406
846 406 402
847 851 848
847 848 844
403 407 408
403 408 404
849 853 409
849 409 405
850 854 410
850 410 406
851 855 852
851 852 848
407 411 412
407 412 408
853 857 413
853 413 409
854 858 414
854 414 410
855 859 856
855 856 852
411 415 416
411 416 412
857 861 417
857 417 413
858 862 418
858 418 414
859 863 860
859 860 856
415 419 420
415 420 416
861 866 421
861 421 417
862 868 422
862 422 418
863 870 864
863 864 860
423 867 865
423 869 867
423 871 869
423 865 871
LABEL ORBGroup3
MATERIAL 3
TEXTURE 0
GEOM 234 216
0.3974570035934448 1.904099941253662 -1.0790799856185913 0.4523148238658905 0.8918424248695374 -0.0
0.3974570035934448 1.904099941253662 -0.19018499553203583 0.4523148238658905 0.8918424248695374 -0.0
0.389398992061615 1.8753199577331543 -0.19018499553203583 -0.0 0.0 1.0
0.389398992061615 1.8753199577331543 -1.0790799856185913 -0.461378812789917 -0.887173056602478 -0.0
0.3428809940814972 1.9317799806594849 -1.0790799856185913 0.3161412477493286 0.9486984014511108 -0.0
0.3428809940814972 1.9317799806594849 -0.19018499553203583 0.3161412477493286 0.9486984014511108 -0.0
0.3372890055179596 1.9024200439453125 -0.19018499553203583 -0.0 0.0 1.0
0.3372890055179596 1.9024200439453125 -1.0790799856185913 -0.32120731472969055 -0.9469893574714661 -0.0
0.20397000014781952 1.9561899900436401 -1.0790799856185913 0.11722159385681152 0.9931027889251709 -0.0
0.20397000014781952 1.9561899900436401 -0.19018499553203583 0.11722159385681152 0.9931027889251709 -0.0
0.20088300108909607 1.9264600276947021 -0.19018499553203583 -0.0 0.0 0.999969482421875
0.20088300108909607 1.9264600276947021 -1.0790799856185913 -0.11749625951051712 -0.9930417537689209 -0.0
0.03817399963736534 1.9663300514221191 -1.0790799856185913 0.018677327781915665 0.99981689453125 -0.0
0.03817399963736534 1.9663300514221191 -0.19018499553203583 0.018677327781915665 0.99981689453125 -0.0
0.03761519864201546 1.9364500045776367 -0.19018499553203583 -0.0 0.0 1.0
0.03761519864201546 1.9364500045776367 -1.0790799856185913 -0.018677327781915665 -0.99981689453125 -0.0
-0.12788499891757965 1.9623899459838867 -1.0790799856185913 -0.06601153314113617 0.9978026747703552 -0.0
-0.12788499891757965 1.9623899459838867 -0.19018499553203583 -0.06604205071926117 0.9978026747703552 -0.0
-0.12591199576854706 1.932569980621338 -0.19018499553203583 -0.0 0.0 1.0
-0.12591199576854706 1.932569980621338 -1.0790799856185913 0.06601153314113617 -0.9978026747703552 -0.0
-0.2930139899253845 1.944409966468811 -1.0790799856185913 -0.1502731442451477 0.9886165857315063 -0.0
-0.2930139899253845 1.944409966468811 -0.19018499553203583 -0.1502731442451477 0.9886165857315063 -0.0
-0.28852298855781555 1.914870023727417 -0.19018499553203583 -0.0 0.0 1.0
-0.28852298855781555 1.914870023727417 -1.0790799856185913 0.1502731442451477 -0.9886165857315063 -0.0
-0.456028014421463 1.9125100374221802 -1.0790799856185913 -0.23340556025505066 0.9723502397537231 -0.0
-0.456028014421463 1.9125100374221802 -0.19018499553203583 -0.23343607783317566 0.9723502397537231 -0.0
-0.44905099272727966 1.8834500312805176 -0.19018499553203583 -0.0 0.0 0.999969482421875
-0.44905099272727966 1.8834500312805176 -1.0790799856185913 0.23346659541130066 -0.9723502397537231 -0.0
-0.6157559752464294 1.8669300079345703 -1.0790799856185913 -0.31492048501968384 0.9490951299667358 -0.0
-0.6157559752464294 1.8669300079345703 -0.19018499553203583 -0.31492048501968384 0.9490951299667358 -0.0
-0.6063439846038818 1.8385599851608276 -0.19018499553203583 -0.0 0.0 1.0
-0.6063439846038818 1.8385599851608276 -1.0790799856185913 0.31488996744155884 -0.9490951299667358 -0.0
-0.771049976348877 1.807979941368103 -1.0790799856185913 -0.39414656162261963 0.9190344214439392 -0.0
-0.771049976348877 1.807979941368103 -0.19018499553203583 -0.39414656162261963 0.9190344214439392 -0.0
-0.7592700123786926 1.780519962310791 -0.19018499553203583 -0.0 0.0 1.0
-0.7592700123786926 1.780519962310791 -1.0790799856185913 0.39414656162261963 -0.9190344214439392 -0.0
-0.9207959771156311 1.7360999584197998 -1.0790799856185913 -0.47056490182876587 0.8823511600494385 -0.0
-0.9207959771156311 1.7360999584197998 -0.19018499553203583 -0.47056490182876587 0.8823511600494385 -0.0
-0.9067320227622986 1.7097300291061401 -0.19018499553203583 -0.0 0.0 1.0
-0.9067320227622986 1.7097300291061401 -1.0790799856185913 0.47056490182876587 -0.8823511600494385 -0.0
-1.063920021057129 1.6517900228500366 -1.0790799856185913 -0.5435956716537476 0.8393200635910034 -0.0
-1.063920021057129 1.6517900228500366 -0.19018499553203583 -0.5435956716537476 0.8393200635910034 -0.0
-1.0476700067520142 1.626710057258606 -0.19018499553203583 -0.0 0.0 1.0
-1.0476700067520142 1.626710057258606 -1.0790799856185913 0.5435956716537476 -0.8393200635910034 -0.0
-1.1993900537490845 1.5556700229644775 -1.0790799856185913 -0.6126896142959595 0.790307343006134 -0.0
-1.1993900537490845 1.5556700229644775 -0.19018499553203583 -0.6126896142959595 0.790307343006134 -0.0
-1.1810699701309204 1.5320500135421753 -0.19018499553203583 -0.0 0.0 1.0
-1.1810699701309204 1.5320500135421753 -1.0790799856185913 0.6127201318740845 -0.790276825428009 -0.0
-1.3262300491333008 1.4484299421310425 -1.0790799856185913 -0.6773888468742371 0.7355876564979553 -0.0
-1.3262300491333008 1.4484299421310425 -0.19018499553203583 -0.6773888468742371 0.7355876564979553 -0.0
-1.3059799671173096 1.4264400005340576 -0.19018499553203583 -0.0 0.0 1.0
-1.3059799671173096 1.4264400005340576 -1.0790799856185913 0.6773888468742371 -0.7355876564979553 -0.0
-1.4435399770736694 1.3308299779891968 -1.0790799856185913 -0.7079683542251587 0.7062288522720337 -0.0
-1.4435399770736694 1.3308299779891968 -0.19018499553203583 -0.7079683542251587 0.7062288522720337 -0.0
-1.4214999675750732 1.3106399774551392 -0.19018499553203583 -0.0 0.0 1.0
-1.4214999675750732 1.3106399774551392 -1.0790799856185913 0.7079378366470337 -0.7062288522720337 -0.0
-1.4325200319290161 1.3207299709320068 -0.6346349716186523 -0.6754661798477173 -0.7373577356338501 -0.0
0.3974570035934448 1.904099941253662 -0.07908490300178528 0.4523148238658905 0.8918424248695374 -0.0
0.3974570035934448 1.904099941253662 0.0598158985376358 0.4523148238658905 0.8918424248695374 -0.0
0.389398992061615 1.8753199577331543 0.0598158985376358 -0.0 0.0 1.0
0.389398992061615 1.8753199577331543 -0.07908490300178528 -0.461378812789917 -0.887173056602478 -0.0
0.3428809940814972 1.9317799806594849 -0.07908490300178528 0.3161412477493286 0.9486984014511108 -0.0
0.3428809940814972 1.9317799806594849 0.0598158985376358 0.3161412477493286 0.9486984014511108 -0.0
0.3372890055179596 1.9024200439453125 0.0598158985376358 -0.0 0.0 1.0
0.3372890055179596 1.9024200439453125 -0.07908490300178528 -0.32120731472969055 -0.9469893574714661 -0.0
0.20397000014781952 1.9561899900436401 -0.07908490300178528 0.11722159385681152 0.9931027889251709 -0.0
0.20397000014781952 1.9561899900436401 0.0598158985376358 0.11722159385681152 0.9931027889251709 -0.0
0.20088300108909607 1.9264600276947021 0.0598158985376358 -0.0 0.0 0.999969482421875
0.20088300108909607 1.9264600276947021 -0.07908490300178528 -0.11749625951051712 -0.9930417537689209 -0.0
0.03817399963736534 1.9663300514221191 -0.07908490300178528 0.018677327781915665 0.99981689453125 -0.0
0.03817399963736534 1.9663300514221191 0.0598158985376358 0.018677327781915665 0.99981689453125 -0.0
0.03761519864201546 1.9364500045776367 0.0598158985376358 -0.0 0.0 1.0
0.03761519864201546 1.9364500045776367 -0.07908490300178528 -0.018677327781915665 -0.99981689453125 -0.0
-0.12788499891757965 1.9623899459838867 -0.07908490300178528 -0.06601153314113617 0.9978026747703552 -0.0
-0.12788499891757965 1.9623899459838867 0.0598158985376358 -0.06601153314113617 0.9978026747703552 -0.0
-0.12591199576854706 1.932569980621338 0.0598158985376358 -0.0 0.0 1.0
-0.12591199576854706 1.932569980621338 -0.07908490300178528 0.06601153314113617 -0.9978026747703552 -0.0
-0.2930139899253845 1.944409966468811 -0.07908490300178528 -0.1502731442451477 0.9886165857315063 -0.0
-0.2930139899253845 1.944409966468811 0.0598158985376358 -0.1502731442451477 0.9886165857315063 -0.0
-0.28852298855781555 1.914870023727417 0.0598158985376358 -0.0 0.0 1.0
-0.28852298855781555 1.914870023727417 -0.07908490300178528 0.1502731442451477 -0.9886165857315063 -0.0
-0.456028014421463 1.9125100374221802 -0.07908490300178528 -0.23340556025505066 0.9723502397537231 -0.0
-0.456028014421463 1.9125100374221802 0.0598158985376358 -0.23340556025505066 0.9723502397537231 -0.0
-0.44905099272727966 1.8834500312805176 0.0598158985376358 -0.0 0.0 0.999969482421875
-0.44905099272727966 1.8834500312805176 -0.07908490300178528 0.23346659541130066 -0.9723502397537231 -0.0
-0.6157559752464294 1.8669300079345703 -0.07908490300178528 -0.31492048501968384 0.9490951299667358 -0.0
-0.6157559752464294 1.8669300079345703 0.0598158985376358 -0.31492048501968384 0.9490951299667358 -0.0
-0.6063439846038818 1.8385599851608276 0.0598158985376358 -0.0 0.0 1.0
-0.6063439846038818 1.8385599851608276 -0.07908490300178528 0.31488996744155884 -0.9490951299667358 -0.0
-0.771049976348877 1.807979941368103 -0.07908490300178528 -0.39414656162261963 0.9190344214439392 -0.0
-0.771049976348877 1.807979941368103 0.0598158985376358 -0.39414656162261963 0.9190344214439392 -0.0
-0.7592700123786926 1.780519962310791 0.0598158985376358 -0.0 0.0 1.0
-0.7592700123786926 1.780519962310791 -0.07908490300178528 0.39414656162261963 -0.9190344214439392 -0.0
-0.9207959771156311 1.7360999584197998 -0.07908490300178528 -0.47056490182876587 0.8823511600494385 -0.0
-0.9207959771156311 1.7360999584197998 0.0598158985376358 -0.47056490182876587 0.8823511600494385 -0.0
-0.9067320227622986 1.7097300291061401 0.0598158985376358 -0.0 0.0 1.0
-0.9067320227622986 1.7097300291061401 -0.07908490300178528 0.47056490182876587 -0.8823511600494385 -0.0
-1.063920021057129 1.6517900228500366 -0.07908490300178528 -0.5435956716537476 0.8393200635910034 -0.0
-1.063920021057129 1.6517900228500366 0.0598158985376358 -0.5435956716537476 0.8393200635910034 -0.0
-1.0476700067520142 1.626710057258606 0.0598158985376358 -0.0 0.0 1.0
-1.0476700067520142 1.626710057258606 -0.07908490300178528 0.5435956716537476 -0.8393200635910034 -0.0
-1.1993900537490845 1.5556700229644775 -0.07908490300178528 -0.6126896142959595 0.790307343006134 -0.0
-1.1993900537490845 1.5556700229644775 0.0598158985376358 -0.6126896142959595 0.790307343006134 -0.0
-1.1810699701309204 1.5320500135421753 0.0598158985376358 -0.0 0.0 1.0
-1.1810699701309204 1.5320500135421753 -0.07908490300178528 0.6127201318740845 -0.790276825428009 -0.0
-1.3262300491333008 1.4484299421310425 -0.07908490300178528 -0.6773888468742371 0.7355876564979553 -0.0
-1.3262300491333008 1.4484299421310425 0.0598158985376358 -0.6773888468742371 0.7355876564979553 -0.0
-1.3059799671173096 1.4264400005340576 0.0598158985376358 -0.0 0.0 1.0
-1.3059799671173096 1.4264400005340576 -0.07908490300178528 0.6773888468742371 -0.7355876564979553 -0.0
-1.4435399770736694 1.3308299779891968 -0.07908490300178528 -0.7079683542251587 0.7062288522720337 -0.0
-1.4435399770736694 1.3308299779891968 0.0598158985376358 -0.7079683542251587 0.7062288522720337 -0.0
-1.4214999675750732 1.3106399774551392 0.0598158985376358 -0.0 0.0 1.0
-1.4214999675750732 1.3106399774551392 -0.07908490300178528 0.7079378366470337 -0.7062288522720337 -0.0
-1.4325200319290161 1.3207299709320068 -0.009634490124881268 -0.6754661798477173 -0.7373577356338501 -0.0
0.3974570035934448 1.904099941253662 -1.0790799856185913 -0.0 0.0 -1.0
0.3974570035934448 1.904099941253662 -0.19018499553203583 -0.0 0.0 0.999969482421875
0.389398992061615 1.8753199577331543 -0.19018499553203583 -0.461378812789917 -0.887173056602478 -0.0
0.389398992061615 1.8753199577331543 -1.0790799856185913 -0.0 0.0 -1.0
0.3428809940814972 1.9317799806594849 -1.0790799856185913 -0.0 0.0 -1.0
0.3428809940814972 1.9317799806594849 -0.19018499553203583 -0.0 0.0 1.0
0.3372890055179596 1.9024200439453125 -0.19018499553203583 -0.32120731472969055 -0.9469893574714661 -0.0
0.3372890055179596 1.9024200439453125 -1.0790799856185913 -0.0 0.0 -1.0
0.20397000014781952 1.9561899900436401 -1.0790799856185913 -0.0 0.0 -1.0
0.20397000014781952 1.9561899900436401 -0.19018499553203583 -0.0 0.0 1.0
0.20088300108909607 1.9264600276947021 -0.19018499553203583 -0.11749625951051712 -0.9930417537689209 -0.0
0.20088300108909607 1.9264600276947021 -1.0790799856185913 -0.0 0.0 -0.999969482421875
0.03817399963736534 1.9663300514221191 -1.0790799856185913 -0.0 0.0 -1.0
0.03817399963736534 1.9663300514221191 -0.19018499553203583 -0.0 0.0 0.999969482421875
0.037615299224853516 1.9364500045776367 -0.19018499553203583 -0.018677327781915665 -0.99981689453125 -0.0
0.037615299224853516 1.9364500045776367 -1.0790799856185913 -0.0 0.0 -1.0
-0.12788499891757965 1.9623899459838867 -1.0790799856185913 -0.0 0.0 -0.999969482421875
-0.12788499891757965 1.9623899459838867 -0.19018499553203583 -0.0 0.0 0.999969482421875
-0.12591199576854706 1.932569980621338 -0.19018499553203583 0.06601153314113617 -0.9978026747703552 -0.0
-0.12591199576854706 1.932569980621338 -1.0790799856185913 -0.0 0.0 -1.0
-0.2930139899253845 1.944409966468811 -1.0790799856185913 -0.0 0.0 -1.0
-0.2930139899253845 1.944409966468811 -0.19018499553203583 -0.0 0.0 1.0
-0.28852298855781555 1.914870023727417 -0.19018499553203583 0.1502731442451477 -0.9886165857315063 -0.0
-0.28852298855781555 1.914870023727417 -1.0790799856185913 -0.0 0.0 -1.0
-0.456028014421463 1.9125100374221802 -1.0790799856185913 -0.0 0.0 -1.0
-0.456028014421463 1.9125100374221802 -0.19018499553203583 -0.0 0.0 1.0
-0.44905099272727966 1.8834500312805176 -0.19018499553203583 0.23346659541130066 -0.9723502397537231 -0.0
-0.44905099272727966 1.8834500312805176 -1.0790799856185913 -0.0 0.0 -1.0
-0.6157559752464294 1.8669300079345703 -1.0790799856185913 -0.0 0.0 -1.0
-0.6157559752464294 1.8669300079345703 -0.19018499553203583 -0.0 0.0 1.0
-0.6063429713249207 1.8385599851608276 -0.19018499553203583 0.31488996744155884 -0.9490951299667358 -0.0
-0.6063429713249207 1.8385599851608276 -1.0790799856185913 -0.0 0.0 -1.0
-0.771049976348877 1.807979941368103 -1.0790799856185913 -0.0 0.0 -1.0
-0.771049976348877 1.807979941368103 -0.19018499553203583 -0.0 0.0 1.0
-0.7592700123786926 1.780519962310791 -0.19018499553203583 0.39414656162261963 -0.9190344214439392 -0.0
-0.7592700123786926 1.780519962310791 -1.0790799856185913 -0.0 0.0 -1.0
-0.9207959771156311 1.7360999584197998 -1.0790799856185913 -0.0 0.0 -1.0
-0.9207959771156311 1.7360999584197998 -0.19018499553203583 -0.0 0.0 1.0
-0.9067320227622986 1.7097300291061401 -0.19018499553203583 0.47056490182876587 -0.8823511600494385 -0.0
-0.9067320227622986 1.7097300291061401 -1.0790799856185913 -0.0 0.0 -1.0
-1.063920021057129 1.6517900228500366 -1.0790799856185913 -0.0 0.0 -1.0
-1.063920021057129 1.6517900228500366 -0.19018499553203583 -0.0 0.0 0.999969482421875
-1.0476700067520142 1.626710057258606 -0.19018499553203583 0.5435956716537476 -0.8393200635910034 -0.0
-1.0476700067520142 1.626710057258606 -1.0790799856185913 -0.0 0.0 -1.0
-1.1993900537490845 1.5556700229644775 -1.0790799856185913 -0.0 0.0 -1.0
-1.1993900537490845 1.5556700229644775 -0.19018499553203583 -0.0 0.0 1.0
-1.1810699701309204 1.5320500135421753 -0.19018499553203583 0.6127201318740845 -0.790276825428009 -0.0
-1.1810699701309204 1.5320500135421753 -1.0790799856185913 -0.0 0.0 -1.0
-1.3262300491333008 1.4484299421310425 -1.0790799856185913 -0.0 0.0 -1.0
-1.3262300491333008 1.4484299421310425 -0.19018499553203583 -0.0 0.0 0.999969482421875
-1.3059799671173096 1.4264400005340576 -0.19018499553203583 0.6773888468742371 -0.7355876564979553 -0.0
-1.3059799671173096 1.4264400005340576 -1.0790799856185913 -0.0 0.0 -0.999969482421875
-1.4435399770736694 1.3308299779891968 -1.0790799856185913 -0.0 0.0 -1.0
-1.4435399770736694 1.3308299779891968 -1.0790799856185913 -0.6754661798477173 -0.7373577356338501 -0.0
-1.4435399770736694 1.3308299779891968 -0.19018499553203583 -0.0 0.0 1.0
-1.4435399770736694 1.3308299779891968 -0.19018499553203583 -0.6754661798477173 -0.7373577356338501 -0.0
-1.4214999675750732 1.3106399774551392 -0.19018499553203583 0.7079378366470337 -0.7062288522720337 -0.0
-1.4214999675750732 1.3106399774551392 -0.19018499553203583 -0.6754661798477173 -0.7373577356338501 -0.0
-1.4214999675750732 1.3106399774551392 -1.0790799856185913 -0.0 0.0 -1.0
-1.4214999675750732 1.3106399774551392 -1.0790799856185913 -0.6754661798477173 -0.7373577356338501 -0.0
0.3974570035934448 1.904099941253662 -0.07908490300178528 -0.0 0.0 -1.0
0.3974570035934448 1.904099941253662 0.0598158985376358 -0.0 0.0 0.999969482421875
0.389398992061615 1.8753199577331543 0.0598158985376358 -0.461378812789917 -0.887173056602478 -0.0
0.389398992061615 1.8753199577331543 -0.07908490300178528 -0.0 0.0 -1.0
0.3428809940814972 1.9317799806594849 -0.07908490300178528 -0.0 0.0 -1.0
0.3428809940814972 1.9317799806594849 0.0598158985376358 -0.0 0.0 1.0
0.3372890055179596 1.9024200439453125 0.0598158985376358 -0.32120731472969055 -0.9469893574714661 -0.0
0.3372890055179596 1.9024200439453125 -0.07908490300178528 -0.0 0.0 -1.0
0.20397000014781952 1.9561899900436401 -0.07908490300178528 -0.0 0.0 -1.0
0.20397000014781952 1.9561899900436401 0.0598158985376358 -0.0 0.0 1.0
0.20088300108909607 1.9264600276947021 0.0598158985376358 -0.11749625951051712 -0.9930417537689209 -0.0
0.20088300108909607 1.9264600276947021 -0.07908490300178528 -0.0 0.0 -0.999969482421875
0.03817399963736534 1.9663300514221191 -0.07908490300178528 -0.0 0.0 -1.0
0.03817399963736534 1.9663300514221191 0.0598158985376358 -0.0 0.0 0.999969482421875
0.037615299224853516 1.9364500045776367 0.0598158985376358 -0.018677327781915665 -0.99981689453125 -0.0
0.037615299224853516 1.9364500045776367 -0.07908490300178528 -0.0 0.0 -1.0
-0.12788499891757965 1.9623899459838867 -0.07908490300178528 -0.0 0.0 -0.999969482421875
-0.12788499891757965 1.9623899459838867 0.0598158985376358 -0.0 0.0 0.999969482421875
-0.12591199576854706 1.932569980621338 0.0598158985376358 0.06601153314113617 -0.9978026747703552 -0.0
-0.12591199576854706 1.932569980621338 -0.07908490300178528 -0.0 0.0 -1.0
-0.2930139899253845 1.944409966468811 -0.07908490300178528 -0.0 0.0 -1.0
-0.2930139899253845 1.944409966468811 0.0598158985376358 -0.0 0.0 1.0
-0.28852298855781555 1.914870023727417 0.0598158985376358 0.1502731442451477 -0.9886165857315063 -0.0
-0.28852298855781555 1.914870023727417 -0.07908490300178528 -0.0 0.0 -1.0
-0.456028014421463 1.9125100374221802 -0.07908490300178528 -0.0 0.0 -1.0
-0.456028014421463 1.9125100374221802 0.0598158985376358 -0.0 0.0 1.0
-0.44905099272727966 1.8834500312805176 0.0598158985376358 0.23346659541130066 -0.9723502397537231 -0.0
-0.44905099272727966 1.8834500312805176 -0.07908490300178528 -0.0 0.0 -1.0
-0.6157559752464294 1.8669300079345703 -0.07908490300178528 -0.0 0.0 -1.0
-0.6157559752464294 1.8669300079345703 0.0598158985376358 -0.0 0.0 1.0
-0.6063429713249207 1.8385599851608276 0.0598158985376358 0.31488996744155884 -0.9490951299667358 -0.0
-0.6063429713249207 1.8385599851608276 -0.07908490300178528 -0.0 0.0 -1.0
-0.771049976348877 1.807979941368103 -0.07908490300178528 -0.0 0.0 -1.0
-0.771049976348877 1.807979941368103 0.0598158985376358 -0.0 0.0 1.0
-0.7592700123786926 1.780519962310791 0.0598158985376358 0.39414656162261963 -0.9190344214439392 -0.0
-0.7592700123786926 1.780519962310791 -0.07908490300178528 -0.0 0.0 -1.0
-0.9207959771156311 1.7360999584197998 -0.07908490300178528 -0.0 0.0 -1.0
-0.9207959771156311 1.7360999584197998 0.0598158985376358 -0.0 0.0 1.0
-0.9067320227622986 1.7097300291061401 0.0598158985376358 0.47056490182876587 -0.8823511600494385 -0.0
-0.9067320227622986 1.7097300291061401 -0.07908490300178528 -0.0 0.0 -1.0
-1.063920021057129 1.6517900228500366 -0.07908490300178528 -0.0 0.0 -1.0
-1.063920021057129 1.6517900228500366 0.0598158985376358 -0.0 0.0 0.999969482421875
-1.0476700067520142 1.626710057258606 0.0598158985376358 0.5435956716537476 -0.8393200635910034 -0.0
-1.0476700067520142 1.626710057258606 -0.07908490300178528 -0.0 0.0 -1.0
-1.1993900537490845 1.5556700229644775 -0.07908490300178528 -0.0 0.0 -1.0
-1.1993900537490845 1.5556700229644775 0.0598158985376358 -0.0 0.0 1.0
-1.1810699701309204 1.5320500135421753 0.0598158985376358 0.6127201318740845 -0.790276825428009 -0.0
-1.1810699701309204 1.5320500135421753 -0.07908490300178528 -0.0 0.0 -1.0
-1.3262300491333008 1.4484299421310425 -0.07908490300178528 -0.0 0.0 -1.0
-1.3262300491333008 1.4484299421310425 0.0598158985376358 -0.0 0.0 0.999969482421875
-1.3059799671173096 1.4264400005340576 0.0598158985376358 0.6773888468742371 -0.7355876564979553 -0.0
-1.3059799671173096 1.4264400005340576 -0.07908490300178528 -0.0 0.0 -0.999969482421875
-1.4435399770736694 1.3308299779891968 -0.07908490300178528 -0.0 0.0 -1.0
-1.4435399770736694 1.3308299779891968 -0.07908490300178528 -0.6754966974258423 -0.7373272180557251 -3.0518509447574615e-05
-1.4435399770736694 1.3308299779891968 0.0598158985376358 -0.0 0.0 1.0
-1.4435399770736694 1.3308299779891968 0.0598158985376358 -0.6754966974258423 -0.7373272180557251 3.0518509447574615e-05
-1.4214999675750732 1.3106399774551392 0.0598158985376358 0.7079378366470337 -0.7062288522720337 -0.0
-1.4214999675750732 1.3106399774551392 0.0598158985376358 -0.6754356622695923 -0.7373882532119751 3.0518509447574615e-05
-1.4214999675750732 1.3106399774551392 -0.07908490300178528 -0.0 0.0 -1.0
-1.4214999675750732 1.3106399774551392 -0.07908490300178528 -0.6754356622695923 -0.7373882532119751 -3.0518509447574615e-05
0 4 5
0 5 1
115 119 6
115 6 2
116 120 7
116 7 3
117 121 118
117 118 114
4 8 9
4 9 5
119 123 10
119 10 6
120 124 11
120 11 7
121 125 122
121 122 118
8 12 13
8 13 9
123 127 14
123 14 10
124 128 15
124 15 11
125 129 126
125 126 122
12 16 17
12 17 13
127 131 18
127 18 14
128 132 19
128 19 15
129 133 130
129 130 126
16 20 21
16 21 17
131 135 22
131 22 18
132 136 23
132 23 19
133 137 134
133 134 130
20 24 25
20 25 21
135 139 26
135 26 22
136 140 27
136 27 23
137 141 138
137 138 134
24 28 29
24 29 25
139 143 30
139 30 26
140 144 31
140 31 27
141 145 142
141 142 138
28 32 33
28 33 29
143 147 34
143 34 30
144 148 35
144 35 31
145 149 146
145 146 142
32 36 37
32 37 33
147 151 38
147 38 34
148 152 39
148 39 35
149 153 150
149 150 146
36 40 41
36 41 37
151 155 42
151 42 38
152 156 43
152 43 39
153 157 154
153 154 150
40 44 45
40 45 41
155 159 46
155 46 42
156 160 47
156 47 43
157 161 158
157 158 154
44 48 49
44 49 45
159 163 50
159 50 46
160 164 51
160 51 47
161 165 162
161 162 158
48 52 53
48 53 49
163 168 54
163 54 50
164 170 55
164 55 51
165 172 166
165 166 162
56 169 167
56 171 169
56 173 171
56 167 173
57 61 62
57 62 58
175 179 63
175 63 59
176 180 64
176 64 60
177 181 178
177 178 174
61 65 66
61 66 62
179 183 67
179 67 63
180 184 68
180 68 64
181 185 182
181 182 178
65 69 70
65 70 66
183 187 71
183 71 67
184 188 72
184 72 68
185 189 186
185 186 182
69 73 74
69 74 70
187 191 75
187 75 71
188 192 76
188 76 72
189 193 190
189 190 186
73 77 78
73 78 74
191 195 79
191 79 75
192 196 80
192 80 76
193 197 194
193 194 190
77 81 82
77 82 78
195 199 83
195 83 79
196 200 84
196 84 80
197 201 198
197 198 194
81 85 86
81 86 82
199 203 87
199 87 83
200 204 88
200 88 84
201 205 202
201 202 198
85 89 90
85 90 86
203 207 91
203 91 87
204 208 92
204 92 88
205 209 206
205 206 202
89 93 94
89 94 90
207 211 95
207 95 91
208 212 96
208 96 92
209 213 210
209 210 206
93 97 98
93 98 94
211 215 99
211 99 95
212 216 100
212 100 96
213 217 214
213 214 210
97 101 102
97 102 98
215 219 103
215 103 99
216 220 104
216 104 100
217 221 218
217 218 214
101 105 106
101 106 102
219 223 107
219 107 103
220 224 108
220 108 104
221 225 222
221 222 218
105 109 110
105 110 106
223 228 111
223 111 107
224 230 112
224 112 108
225 232 226
225 226 222
113 229 227
113 231 229
113 233 231
113 227 233
LABEL ORBGroup4
MATERIAL 4
TEXTURE 0
GEOM 70 63
0.4237540066242218 1.9063899517059326 -1.2673900127410889 0.13052766025066376 0.9914243221282959 -0.0
0.4237540066242218 1.9063899517059326 0.13199999928474426 0.13052766025066376 0.9914243221282959 -0.0
0.41826000809669495 1.881600022315979 0.13199999928474426 -0.13052766025066376 -0.9914243221282959 -0.0
0.41826000809669495 1.881600022315979 -1.2673900127410889 -0.13052766025066376 -0.9914243221282959 -0.0
0.0859839990735054 1.9508600234985352 -1.2673900127410889 0.04361094906926155 0.9990233778953552 -0.0
0.0859839990735054 1.9508600234985352 0.13199999928474426 0.04361094906926155 0.9990233778953552 -0.0
0.08487699925899506 1.9255000352859497 0.13199999928474426 -0.04361094906926155 -0.9990233778953552 -0.0
0.08487699925899506 1.9255000352859497 -1.2673900127410889 -0.04361094906926155 -0.9990233778953552 -0.0
-0.25437700748443604 1.9359999895095825 -1.2673900127410889 -0.13052766025066376 0.9914243221282959 -0.0
-0.25437700748443604 1.9359999895095825 0.13199999928474426 -0.13052766025066376 0.9914243221282959 -0.0
-0.2510640025138855 1.910830020904541 0.13199999928474426 0.13052766025066376 -0.9914243221282959 -0.0
-0.2510640025138855 1.910830020904541 -1.2673900127410889 0.13052766025066376 -0.9914243221282959 -0.0
-0.5869860053062439 1.8622599840164185 -1.2673900127410889 -0.3006988763809204 0.9537034034729004 -0.0
-0.5869860053062439 1.8622599840164185 0.13199999928474426 -0.32837915420532227 0.9445173740386963 -0.0
-0.5869860053062439 1.8622599840164185 2.73088002204895 -0.382671594619751 0.9238563179969788 -0.0
-0.5793539881706238 1.8380500078201294 2.73088002204895 -0.0 0.0 0.999969482421875
-0.5793539881706238 1.8380500078201294 0.13199999928474426 0.32837915420532227 -0.9445173740386963 -0.0
-0.5793539881706238 1.8380500078201294 -1.2673900127410889 0.3006988763809204 -0.9537034034729004 -0.0
-0.9017390012741089 1.7318799495697021 -1.2673900127410889 -0.4617450535297394 0.886989951133728 -0.0
-0.9017390012741089 1.7318799495697021 0.13199999928474426 -0.4617450535297394 0.886989951133728 -0.0
-0.9017390012741089 1.7318799495697021 2.73088002204895 -0.4617450535297394 0.886989951133728 -0.0
-0.8900179862976074 1.7093600034713745 2.73088002204895 -0.0 0.0 1.0
-0.8900179862976074 1.7093600034713745 0.13199999928474426 0.4617450535297394 -0.886989951133728 -0.0
-0.8900179862976074 1.7093600034713745 -1.2673900127410889 0.4617450535297394 -0.886989951133728 -0.0
-1.1890699863433838 1.5488300323486328 -1.2673900127410889 -0.6087527275085449 0.7933286428451538 -0.0
-1.1890699863433838 1.5488300323486328 0.13199999928474426 -0.6087527275085449 0.7933286428451538 -0.0
-1.1890699863433838 1.5488300323486328 2.73088002204895 -0.6087527275085449 0.7933286428451538 -0.0
-1.1736199855804443 1.528689980506897 2.73088002204895 -0.0 0.0 1.0
-1.1736199855804443 1.528689980506897 0.13199999928474426 0.6087222099304199 -0.7933591604232788 -0.0
-1.1736199855804443 1.528689980506897 -1.2673900127410889 0.6087222099304199 -0.7933591604232788 -0.0
-1.440250039100647 1.3186700344085693 -1.2673900127410889 -0.6755577325820923 0.7372661232948303 -0.0
-1.440250039100647 1.3186700344085693 0.13199999928474426 -0.6755577325820923 0.7372661232948303 -0.0
-1.440250039100647 1.3186700344085693 2.73088002204895 -0.6755577325820923 0.7372661232948303 -0.0
-1.4215400218963623 1.3015199899673462 2.73088002204895 -0.0 0.0 1.0
-1.4215400218963623 1.3015199899673462 0.13199999928474426 0.6755577325820923 -0.7372661232948303 -0.0
-1.4215400218963623 1.3015199899673462 -1.2673900127410889 0.6755577325820923 -0.7372661232948303 -0.0
0.4210070073604584 1.8939900398254395 0.13199999928474426 0.9762871265411377 -0.21634571254253387 -0.0
-1.4308899641036987 1.3100999593734741 0.13199999928474426 -0.6756798028945923 -0.7371440529823303 -0.0
0.4237540066242218 1.9063899517059326 -1.2673900127410889 -0.0 0.0 -1.0
0.4237540066242218 1.9063899517059326 -1.2673900127410889 0.9762871265411377 -0.21634571254253387 -0.0
0.4237540066242218 1.9063899517059326 0.13199999928474426 0.9763176441192627 -0.21628467738628387 -0.0
0.41826000809669495 1.881600022315979 0.13199999928474426 0.9762871265411377 -0.21643726527690887 -0.0
0.41826000809669495 1.881600022315979 -1.2673900127410889 -0.0 0.0 -1.0
0.41826000809669495 1.881600022315979 -1.2673900127410889 0.9762871265411377 -0.21634571254253387 -0.0
0.0859839990735054 1.9508600234985352 -1.2673900127410889 -0.0 0.0 -1.0
0.08487699925899506 1.9255000352859497 -1.2673900127410889 -0.0 0.0 -1.0
-0.25437700748443604 1.9359999895095825 -1.2673900127410889 -0.0 0.0 -0.999969482421875
-0.2510640025138855 1.910830020904541 -1.2673900127410889 -0.0 0.0 -0.999969482421875
-0.5869860053062439 1.8622599840164185 -1.2673900127410889 -0.0 0.0 -1.0
-0.5869860053062439 1.8622599840164185 2.73088002204895 -0.0 0.0 1.0
-0.5793539881706238 1.8380500078201294 2.73088002204895 0.382702112197876 -0.9238563179969788 -0.0
-0.5793539881706238 1.8380500078201294 -1.2673900127410889 -0.0 0.0 -1.0
-0.9017390012741089 1.7318799495697021 -1.2673900127410889 -0.0 0.0 -1.0
-0.9017390012741089 1.7318799495697021 2.73088002204895 -0.0 0.0 1.0
-0.8900179862976074 1.7093600034713745 2.73088002204895 0.4617450535297394 -0.886989951133728 -0.0
-0.8900179862976074 1.7093600034713745 -1.2673900127410889 -0.0 0.0 -1.0
-1.1890699863433838 1.5488300323486328 -1.2673900127410889 -0.0 0.0 -0.999969482421875
-1.1890699863433838 1.5488300323486328 2.73088002204895 -0.0 0.0 1.0
-1.1736199855804443 1.528689980506897 2.73088002204895 0.6087222099304199 -0.7933591604232788 -0.0
-1.1736199855804443 1.528689980506897 -1.2673900127410889 -0.0 0.0 -1.0
-1.440250039100647 1.3186700344085693 -1.2673900127410889 -0.0 0.0 -1.0
-1.440250039100647 1.3186700344085693 -1.2673900127410889 -0.6756798028945923 -0.7371440529823303 -0.0
-1.440250039100647 1.3186700344085693 0.13199999928474426 -0.6752830743789673 -0.7375408411026001 -0.0
-1.440250039100647 1.3186700344085693 2.73088002204895 -0.0 0.0 1.0
-1.440250039100647 1.3186700344085693 2.73088002204895 -0.6756798028945923 -0.7371440529823303 -0.0
-1.4215400218963623 1.3015199899673462 2.73088002204895 0.6755577325820923 -0.7372661232948303 -0.0
-1.4215400218963623 1.3015199899673462 2.73088002204895 -0.6756798028945923 -0.7371440529823303 -0.0
-1.4215400218963623 1.3015199899673462 0.13199999928474426 -0.6761070489883423 -0.7367778420448303 -0.0
-1.4215400218963623 1.3015199899673462 -1.2673900127410889 -0.0 0.0 -1.0
-1.4215400218963623 1.3015199899673462 -1.2673900127410889 -0.6756798028945923 -0.7371440529823303 -0.0
0 4 5
0 5 1
2 6 7
2 7 3
42 45 44
42 44 38
4 8 9
4 9 5
6 10 11
6 11 7
45 47 46
45 46 44
8 12 13
8 13 9
10 16 17
10 17 11
47 51 48
47 48 46
12 18 19
12 19 13
13 19 20
13 20 14
49 53 21
49 21 15
50 54 22
50 22 16
16 22 23
16 23 17
51 55 52
51 52 48
18 24 25
18 25 19
19 25 26
19 26 20
53 57 27
53 27 21
54 58 28
54 28 22
22 28 29
22 29 23
55 59 56
55 56 52
24 30 31
24 31 25
25 31 32
25 32 26
57 63 33
57 33 27
58 65 34
58 34 28
28 34 35
28 35 29
59 68 60
59 60 56
36 39 40
36 41 43
36 43 39
37 62 61
37 64 62
37 66 64
37 67 66
37 69 67
37 61 69
LABEL ORBGroup5
MATERIAL 5
TEXTURE 2
GEOM 4 2
-1.441249966621399 1.3197400569915771 2.2594099044799805 -0.6796166896820068 0.7335124015808105 -0.0 0.5839099884033203 0.9500150009989738
-1.2840499877929688 1.4653899669647217 2.2594099044799805 -0.6796166896820068 0.7335124015808105 -0.0 0.9158430099487305 0.9500159993767738
-1.441249966621399 1.3197400569915771 2.669569969177246 -0.6796166896820068 0.7335124015808105 -0.0 0.5839099884033203 0.04998457431793213
-1.2840499877929688 1.4653899669647217 2.669569969177246 -0.6796166896820068 0.7335124015808105 -0.0 0.9158430099487305 0.04998469352722168
2 3 0
1 0 3
LABEL ORBGroup6
MATERIAL 6
TEXTURE 0
GEOM 24 12
-1.3794502019882202 1.4062743186950684 -1.1527005434036255 0.7078462839126587 0.7063509225845337 -0.0
-1.3616912364959717 1.3884775638580322 -1.1527005434036255 0.7078462839126587 0.7063509225845337 -0.0
-1.3794502019882202 1.4062743186950684 -1.1988104581832886 0.7078462839126587 0.7063509225845337 -0.0
-1.3616912364959717 1.3884775638580322 -1.1988104581832886 0.7078462839126587 0.7063509225845337 -0.0
-1.4055546522140503 1.38016939163208 -1.152700424194336 -0.7075411081314087 -0.7066560983657837 -0.0
-1.3877995014190674 1.3623923063278198 -1.152700424194336 -0.7075411081314087 -0.7066560983657837 -0.0
-1.4055546522140503 1.38016939163208 -1.198810338973999 -0.7075411081314087 -0.7066560983657837 -0.0
-1.3877995014190674 1.3623923063278198 -1.198810338973999 -0.7075411081314087 -0.7066560983657837 -0.0
-1.3794502019882202 1.4062743186950684 -1.1527005434036255 -0.0 0.0 1.0
-1.3794502019882202 1.4062743186950684 -1.1527005434036255 -0.7071138620376587 0.7070833444595337 -0.0
-1.3616912364959717 1.3884775638580322 -1.1527005434036255 -0.0 0.0 1.0
-1.3616912364959717 1.3884775638580322 -1.1527005434036255 0.7067781686782837 -0.7073885202407837 -0.0
-1.3794502019882202 1.4062743186950684 -1.1988104581832886 -0.0 0.0 -0.999969482421875
-1.3794502019882202 1.4062743186950684 -1.1988104581832886 -0.7071138620376587 0.7070833444595337 -0.0
-1.3616912364959717 1.3884775638580322 -1.1988104581832886 0.7067781686782837 -0.7073885202407837 -0.0
-1.3616912364959717 1.3884775638580322 -1.1988104581832886 -0.0 0.0 -1.0
-1.4055546522140503 1.38016939163208 -1.152700424194336 -0.0 0.0 1.0
-1.4055546522140503 1.38016939163208 -1.152700424194336 -0.7071138620376587 0.7070833444595337 -0.0
-1.3877995014190674 1.3623923063278198 -1.152700424194336 -0.0 0.0 1.0
-1.3877995014190674 1.3623923063278198 -1.152700424194336 0.7067781686782837 -0.7073885202407837 -0.0
-1.4055546522140503 1.38016939163208 -1.198810338973999 -0.0 0.0 -1.0
-1.4055546522140503 1.38016939163208 -1.198810338973999 -0.7071138620376587 0.7070833444595337 -0.0
-1.3877995014190674 1.3623923063278198 -1.198810338973999 0.7067781686782837 -0.7073885202407837 -0.0
-1.3877995014190674 1.3623923063278198 -1.198810338973999 -0.0 0.0 -1.0
22 11 19
11 22 14
0 3 2
3 0 1
20 15 23
15 20 12
18 8 16
8 18 10
7 4 6
4 7 5
17 13 21
13 17 9
MATERIALS 6
Mtl #5 with Tex: ProjectApollo/usflag
Mtl #1
Mtl #0
Mtl #3
Mtl #4 with Tex: ProjectApollo/us
Mtl #7
MATERIAL Mtl #5 with Tex: ProjectApollo/usflag
0.8039219975471497 0.8039219975471497 0.8039219975471497 1.0
0.8039219975471497 0.8039219975471497 0.8039219975471497 1.0
0.7058820128440857 0.7058820128440857 0.7058820128440857 1.0 8
0.0 0.0 0.0 1.0
MATERIAL Mtl #1
0.8431370258331299 0.8431370258331299 0.8431370258331299 1.0
0.8431370258331299 0.8431370258331299 0.8431370258331299 1.0
0.8999999761581421 0.8999999761581421 0.8999999761581421 1.0 1
0.0 0.0 0.0 1.0
MATERIAL Mtl #0
1.0 1.0 1.0 1.0
1.0 1.0 1.0 1.0
0.7803919911384583 0.7803919911384583 0.7803919911384583 1.0 1
0.0 0.0 0.0 1.0
MATERIAL Mtl #3
0.764706015586853 0.764706015586853 0.764706015586853 1.0
0.764706015586853 0.764706015586853 0.764706015586853 1.0
0.47843098640441895 0.47843098640441895 0.47843098640441895 1.0 8
0.0 0.0 0.0 1.0
MATERIAL Mtl #4 with Tex: ProjectApollo/us
1.0 1.0 1.0 1.0
1.0 1.0 1.0 1.0
0.9137259721755981 0.9137259721755981 0.9137259721755981 1.0 41
0.0 0.0 0.0 1.0
MATERIAL Mtl #7
1.0 0.0 0.0 1.0
1.0 0.0 0.0 1.0
0.8999999761581421 0.8999999761581421 0.8999999761581421 1.0 1
0.3333333432674408 0.0 0.0 1.0
TEXTURES 2
ProjectApollo\usflag.dds
ProjectApollo\us.dds
