MSHX1
GROUPS 49
LABEL Group0
MATERIAL 1
TEXTURE 0
GEOM 230 198
1.0059826374053955 1.2594441175460815 0.5366799235343933 0.6117740273475647 0.791009247303009 -0.0
1.0059826374053955 1.2594441175460815 0.9724531173706055 -0.791009247303009 0.6117740273475647 -0.0
0.7969517111778259 0.9891801476478577 0.5366799235343933 -0.6117740273475647 -0.791009247303009 -0.0
0.7969493865966797 0.9891820549964905 0.824589729309082 -0.6117740273475647 -0.791009247303009 -0.0
1.3820544481277466 0.9685728549957275 0.5366798639297485 0.6117740273475647 0.791009247303009 -0.0
1.3820544481277466 0.9685728549957275 0.9724530577659607 -0.0 0.0 0.999969482421875
1.1730211973190308 0.6983106136322021 0.5366798639297485 0.791009247303009 -0.6117740273475647 -0.0
1.1730211973190308 0.6983106136322021 0.8245896697044373 -0.4531083106994629 -0.5858333110809326 0.6718955039978027
0.8790206909179688 1.0952932834625244 0.5366799831390381 -0.791009247303009 0.6117740273475647 -0.0
0.8790207505226135 1.0952932834625244 0.9724531173706055 -0.4531083106994629 -0.5858333110809326 0.6718955039978027
1.2550925016403198 0.8044220209121704 0.5366799235343933 0.791009247303009 -0.6117740273475647 -0.0
1.2550925016403198 0.8044219017028809 0.9724530577659607 -0.4531083106994629 -0.5858333110809326 0.6718955039978027
0.8624208569526672 0.9385433793067932 0.5366799235343933 -0.6117740273475647 -0.791009247303009 -0.0
0.8992880582809448 0.9100285768508911 0.824589729309082 -0.6117740273475647 -0.791009247303009 -0.0
1.0714540481567383 1.2088054418563843 0.5366799235343933 0.791009247303009 -0.6117740273475647 -0.0
1.1083214282989502 1.180290699005127 0.9724531173706055 -0.0 0.0 1.0
0.9813594222068787 1.0161398649215698 0.9724531173706055 -0.4531083106994629 -0.5858333110809326 0.6718955039978027
1.0706825256347656 0.7774641513824463 0.824589729309082 -0.4531083106994629 -0.5858333110809326 0.6718955039978027
1.3165829181671143 1.0192115306854248 0.5366799235343933 -0.791009247303009 0.6117740273475647 -0.0
1.1527538299560547 0.8835755586624146 0.9724531173706055 -0.4531083106994629 -0.5858333110809326 0.6718955039978027
1.1075496673583984 0.748949408531189 0.5366799235343933 -0.6117740273475647 -0.791009247303009 -0.0
1.2797157764434814 1.0477262735366821 0.9724531173706055 0.6117740273475647 0.791009247303009 -0.0
1.0059826374053955 1.2594441175460815 0.9364069700241089 -0.791009247303009 0.6117740273475647 -0.0
0.7969493865966797 0.9891820549964905 0.7885434627532959 -0.6117740273475647 -0.791009247303009 -0.0
1.1730211973190308 0.6983106136322021 0.7885434031486511 0.791009247303009 -0.6117740273475647 -0.0
1.3820544481277466 0.9685728549957275 0.9364069104194641 0.6117740273475647 0.791009247303009 -0.0
1.2550925016403198 0.8044219017028809 0.9364069104194641 0.791009247303009 -0.6117740273475647 -0.0
0.8790207505226135 1.0952932834625244 0.9364069700241089 -0.791009247303009 0.6117740273475647 -0.0
1.1083214282989502 1.180290699005127 0.9364069700241089 -0.0 0.0 -1.0
0.8992880582809448 0.9100285768508911 0.7885434627532959 -0.6117740273475647 -0.791009247303009 -0.0
1.2797157764434814 1.0477262735366821 0.9364069700241089 -0.0 0.0 -1.0
1.0706825256347656 0.7774641513824463 0.7885434627532959 -0.6117740273475647 -0.791009247303009 -0.0
0.7969493865966797 0.9891820549964905 0.772422730922699 -0.6117740273475647 -0.791009247303009 -0.0
1.1730211973190308 0.6983106136322021 0.7724226713180542 0.791009247303009 -0.6117740273475647 -0.0
1.3820544481277466 0.9685728549957275 0.7724226713180542 0.6117740273475647 0.791009247303009 -0.0
1.2550926208496094 0.8044220209121704 0.772422730922699 0.791009247303009 -0.6117740273475647 -0.0
0.8790206909179688 1.0952932834625244 0.7724227905273438 -0.791009247303009 0.6117740273475647 -0.0
1.0714541673660278 1.2088054418563843 0.772422730922699 0.7834101319313049 -0.6059449911117554 -0.13800470530986786
0.8624208569526672 0.9385433793067932 0.772422730922699 -0.6117740273475647 -0.791009247303009 -0.0
1.3165830373764038 1.0192115306854248 0.772422730922699 0.6117740273475647 0.791009247303009 -0.0
1.1075496673583984 0.7489492893218994 0.772422730922699 -0.6117740273475647 -0.791009247303009 -0.0
1.0059826374053955 1.2594441175460815 0.772422730922699 0.6117740273475647 0.791009247303009 -0.0
0.99372398853302 1.108307123184204 0.5366799831390381 0.6117740273475647 0.790978729724884 -0.0025940733030438423
1.2388527393341064 0.9187130928039551 0.5366799831390381 0.6117740273475647 0.790978729724884 -0.0025940733030438423
1.03118896484375 1.080565094947815 0.9364069700241089 0.6117740273475647 0.790978729724884 -0.0025940733030438423
1.2025833129882812 0.9480006098747253 0.9364069700241089 0.6117740273475647 0.790978729724884 -0.0025940733030438423
0.9943217039108276 1.1090798377990723 0.7724227905273438 0.6117740273475647 0.790978729724884 -0.0025940733030438423
1.2394505739212036 0.9194859266281128 0.7724227905273438 0.6117740273475647 0.790978729724884 -0.0025940733030438423
1.465496301651001 1.1008847951889038 0.3502553403377533 -0.0 0.0 -1.0
1.465496301651001 1.1008847951889038 0.531506359577179 -0.0 0.0 1.0
1.1130727529525757 1.3734654188156128 0.35025542974472046 -0.0 0.0 -0.999969482421875
1.1130728721618652 1.3734654188156128 0.5315064191818237 -0.0 0.0 1.0
1.4675512313842773 1.1035414934158325 0.3502553403377533 0.790978729724884 -0.6118045449256897 -0.0
1.4675511121749878 1.1035414934158325 0.531506359577179 -0.0 0.0 1.0
1.1151275634765625 1.376122236251831 0.35025542974472046 -0.790978729724884 0.6118045449256897 -0.0
1.115127682685852 1.376121997833252 0.5315064191818237 -0.0 0.0 1.0
1.465496301651001 1.1008846759796143 -0.18239614367485046 0.791009247303009 -0.6117740273475647 -0.0
1.1130727529525757 1.3734652996063232 -0.18239611387252808 -0.791039764881134 0.6117435097694397 -0.0
1.465496301651001 1.1008847951889038 0.3455369174480438 -0.0 0.0 1.0
1.1130727529525757 1.3734654188156128 0.3455369472503662 -0.0 0.0 0.999969482421875
1.4675511121749878 1.1035414934158325 -0.18239615857601166 -0.0 0.0 -0.999969482421875
1.1151275634765625 1.3761221170425415 -0.18239612877368927 -0.0 0.0 -1.0
1.4675512313842773 1.1035414934158325 0.3455369174480438 0.791009247303009 -0.6117740273475647 -0.0
1.1151275634765625 1.376122236251831 0.3455369472503662 -0.0 0.0 1.0
1.579652190208435 0.941412091255188 -0.6174759864807129 0.6117740273475647 0.791009247303009 -0.0
1.5796518325805664 0.9414117932319641 1.2702103853225708 0.6117740273475647 0.791009247303009 -0.0
1.569169521331787 0.946631669998169 -0.6174759864807129 0.2625202238559723 0.964903712272644 -0.0
1.569169282913208 0.9466313719749451 1.2702103853225708 0.2625202238559723 0.964903712272644 -0.0
1.5574874877929688 0.9474425315856934 -0.6174759864807129 -0.1267128586769104 0.9919126033782959 -0.0
1.5574871301651 0.9474421739578247 1.2702103853225708 -0.1267128586769104 0.9919126033782959 -0.0
1.546384334564209 0.9437209367752075 -0.6174759864807129 -0.49665823578834534 0.8679158687591553 -0.0
1.5463840961456299 0.9437206983566284 1.2702103853225708 -0.49665823578834534 0.8679158687591553 -0.0
1.537550449371338 0.9360337853431702 -0.6174759864807129 -0.791009247303009 0.6117740273475647 -0.0
1.5375503301620483 0.9360334873199463 1.2702103853225708 -0.791009247303009 0.6117740273475647 -0.0
1.5323309898376465 0.925551176071167 -0.6174759864807129 -0.964903712272644 0.2625202238559723 -0.0
1.5323307514190674 0.9255509376525879 1.2702103853225708 -0.964903712272644 0.2625202238559723 -0.0
1.5315202474594116 0.9138690233230591 -0.6174759864807129 -0.9919126033782959 -0.1267128586769104 -0.0
1.531519889831543 0.91386878490448 1.2702103853225708 -0.9919126033782959 -0.1267128586769104 -0.0
1.535241723060608 0.9027658700942993 -0.6174759864807129 -0.8679158687591553 -0.49665823578834534 -0.0
1.5352416038513184 0.902765691280365 1.2702103853225708 -0.8679158687591553 -0.49665823578834534 -0.0
1.54292893409729 0.8939321041107178 -0.6174759864807129 -0.6117740273475647 -0.791009247303009 -0.0
1.542928695678711 0.8939318060874939 1.2702103853225708 -0.6117740273475647 -0.791009247303009 -0.0
1.5534114837646484 0.8887125253677368 -0.6174759864807129 -0.2625202238559723 -0.964903712272644 -0.0
1.5534113645553589 0.8887124061584473 1.2702103853225708 -0.2625202238559723 -0.964903712272644 -0.0
1.5650936365127563 0.887901782989502 -0.6174759864807129 0.1267128586769104 -0.9919126033782959 -0.0
1.5650932788848877 0.8879015445709229 1.2702103853225708 0.1267128586769104 -0.9919126033782959 -0.0
1.5761966705322266 0.8916233777999878 -0.6174759864807129 0.49665823578834534 -0.8679158687591553 -0.0
1.5761966705322266 0.8916231393814087 1.2702103853225708 0.49665823578834534 -0.8679158687591553 -0.0
1.5850305557250977 0.8993105888366699 -0.6174759864807129 0.790978729724884 -0.6118045449256897 -0.0
1.5850303173065186 0.8993102312088013 1.2702103853225708 0.790978729724884 -0.6118045449256897 -0.0
1.5902501344680786 0.9097931385040283 -0.6174759864807129 0.964903712272644 -0.2625202238559723 -0.0
1.590250015258789 0.9097929000854492 1.2702103853225708 0.964903712272644 -0.2625202238559723 -0.0
1.5910608768463135 0.9214752912521362 -0.6174759864807129 0.9919126033782959 0.1267128586769104 -0.0
1.5910606384277344 0.9214749336242676 1.2702103853225708 0.9919126033782959 0.1267128586769104 -0.0
1.5873394012451172 0.9325783252716064 -0.6174759864807129 0.8679158687591553 0.49665823578834534 -0.0
1.5873390436172485 0.9325780868530273 1.2702103853225708 0.8679158687591553 0.49665823578834534 -0.0
0.8893674612045288 1.423633337020874 0.16509291529655457 -0.6117740273475647 -0.791009247303009 -0.0
0.4153118133544922 1.7902895212173462 0.1650930792093277 -0.6117740273475647 -0.791009247303009 -0.0
0.8898733854293823 1.4242874383926392 0.16925057768821716 -0.5652027726173401 -0.730796217918396 0.382671594619751
0.4158177375793457 1.7909436225891113 0.1692507416009903 -0.5652027726173401 -0.730796217918396 0.382671594619751
0.8913142681121826 1.4261504411697388 0.17277535796165466 -0.43259987235069275 -0.5593127012252808 0.7070833444595337
0.41725873947143555 1.792806625366211 0.17277540266513824 -0.43259987235069275 -0.5593127012252808 0.7070833444595337
0.8934706449508667 1.4289385080337524 0.1751304566860199 -0.23410747945308685 -0.3027130961418152 0.9238563179969788
0.41941511631011963 1.7955946922302246 0.17513062059879303 -0.23410747945308685 -0.3027130961418152 0.9238563179969788
0.8960143327713013 1.4322272539138794 0.17595753073692322 -0.0 0.0 0.999969482421875
0.4219588041305542 1.7988834381103516 0.17595769464969635 -0.0 0.0 0.999969482421875
0.8985580205917358 1.4355159997940063 0.1751304417848587 0.23410747945308685 0.3026825785636902 0.9238563179969788
0.42450249195098877 1.802172303199768 0.17513060569763184 0.23410747945308685 0.3027130961418152 0.9238563179969788
0.9007145166397095 1.4383041858673096 0.17277534306049347 0.43259987235069275 0.5593127012252808 0.7070833444595337
0.42665886878967285 1.8049603700637817 0.17277538776397705 0.43259987235069275 0.5593127012252808 0.7070833444595337
0.9021553993225098 1.4401670694351196 0.16925056278705597 0.5652027726173401 0.730796217918396 0.382671594619751
0.42809975147247314 1.8068232536315918 0.1692507266998291 0.5652027726173401 0.730796217918396 0.382671594619751
0.9026613235473633 1.4408212900161743 0.16509290039539337 0.6117740273475647 0.791009247303009 -0.0
0.4286057949066162 1.8074774742126465 0.1650930643081665 0.6117740273475647 0.791009247303009 -0.0
0.9021553993225098 1.4401670694351196 0.16093523800373077 0.5652027726173401 0.730796217918396 -0.382671594619751
0.4280998706817627 1.8068233728408813 0.1609354019165039 0.5652027726173401 0.730796217918396 -0.382671594619751
0.9007145166397095 1.4383041858673096 0.15741057693958282 0.43259987235069275 0.5593127012252808 -0.7070833444595337
0.42665886878967285 1.8049603700637817 0.1574106216430664 0.43259987235069275 0.5593127012252808 -0.7070833444595337
0.8985581398010254 1.435516119003296 0.15505535900592804 0.23410747945308685 0.3026825785636902 -0.9238563179969788
0.42450249195098877 1.802172303199768 0.15505552291870117 0.23410747945308685 0.3026825785636902 -0.9238563179969788
0.8960143327713013 1.4322272539138794 0.15422841906547546 -0.0 0.0 -1.0
0.4219588041305542 1.7988834381103516 0.15422846376895905 -0.0 0.0 -1.0
0.8934706449508667 1.4289385080337524 0.15505537390708923 -0.23410747945308685 -0.3026825785636902 -0.9238563179969788
0.41941511631011963 1.7955946922302246 0.15505553781986237 -0.23410747945308685 -0.3026825785636902 -0.9238563179969788
0.8913142681121826 1.4261504411697388 0.15741059184074402 -0.43259987235069275 -0.5593127012252808 -0.7070833444595337
0.41725873947143555 1.792806625366211 0.1574106365442276 -0.43259987235069275 -0.5593127012252808 -0.7070833444595337
0.8898733854293823 1.4242874383926392 0.16093525290489197 -0.5652027726173401 -0.730796217918396 -0.382671594619751
0.4158177375793457 1.7909436225891113 0.16093529760837555 -0.5652027726173401 -0.730796217918396 -0.382671594619751
0.9290637373924255 1.4446072578430176 -0.6174759268760681 0.6118045449256897 0.790978729724884 -0.0
0.9290635585784912 1.4446070194244385 1.2702102661132812 0.6118045449256897 0.790978729724884 -0.0
0.9185811281204224 1.449826717376709 -0.6174759268760681 0.2625202238559723 0.964903712272644 -0.0
0.9185808897018433 1.4498265981674194 1.2702102661132812 0.2625202238559723 0.964903712272644 -0.0
0.9068989753723145 1.4506375789642334 -0.6174759268760681 -0.1267128586769104 0.9919126033782959 -0.0
0.9068987369537354 1.4506374597549438 1.2702102661132812 -0.1267128586769104 0.9919126033782959 -0.0
0.8957958817481995 1.4469159841537476 -0.6174759268760681 -0.49665823578834534 0.8679158687591553 -0.0
0.8957957029342651 1.446915864944458 1.2702102661132812 -0.49665823578834534 0.8679158687591553 -0.0
0.8869620561599731 1.439228892326355 -0.6174759268760681 -0.790978729724884 0.6118045449256897 -0.0
0.8869618773460388 1.4392286539077759 1.2702102661132812 -0.790978729724884 0.6118045449256897 -0.0
0.881742537021637 1.428746223449707 -0.6174759268760681 -0.964903712272644 0.2625202238559723 -0.0
0.8817422389984131 1.428745985031128 1.2702102661132812 -0.964903712272644 0.2625202238559723 -0.0
0.8809318542480469 1.4170641899108887 -0.6174759268760681 -0.9919126033782959 -0.1267128586769104 -0.0
0.8809314966201782 1.4170639514923096 1.2702102661132812 -0.9919126033782959 -0.1267128586769104 -0.0
0.8846533298492432 1.405961036682129 -0.6174759268760681 -0.8679158687591553 -0.49665823578834534 -0.0
0.8846530914306641 1.4059607982635498 1.2702102661132812 -0.8679158687591553 -0.49665823578834534 -0.0
0.8923404812812805 1.3971271514892578 -0.6174759268760681 -0.6117740273475647 -0.791009247303009 -0.0
0.8923403024673462 1.3971270322799683 1.2702102661132812 -0.6117740273475647 -0.791009247303009 -0.0
0.9028230905532837 1.3919076919555664 -0.6174759268760681 -0.2625202238559723 -0.964903712272644 -0.0
0.9028229117393494 1.3919074535369873 1.2702102661132812 -0.2625202238559723 -0.964903712272644 -0.0
0.9145053029060364 1.3910969495773315 -0.6174759268760681 0.1267128586769104 -0.9919126033782959 -0.0
0.9145050048828125 1.391096591949463 1.2702102661132812 0.1267128586769104 -0.9919126033782959 -0.0
0.9256083369255066 1.3948184251785278 -0.6174759268760681 0.49665823578834534 -0.8679158687591553 -0.0
0.9256080389022827 1.3948181867599487 1.2702102661132812 0.49665823578834534 -0.8679158687591553 -0.0
0.9344421625137329 1.40250563621521 -0.6174759268760681 0.790978729724884 -0.6118045449256897 -0.0
0.9344418048858643 1.4025053977966309 1.2702102661132812 0.790978729724884 -0.6118045449256897 -0.0
0.9396616816520691 1.4129881858825684 -0.6174759268760681 0.964903712272644 -0.2625202238559723 -0.0
0.9396615028381348 1.4129879474639893 1.2702102661132812 0.964903712272644 -0.2625202238559723 -0.0
0.9404725432395935 1.4246703386306763 -0.6174759268760681 0.9919126033782959 0.1267128586769104 -0.0
0.9404722452163696 1.4246701002120972 1.2702102661132812 0.9919126033782959 0.1267128586769104 -0.0
0.9367508888244629 1.4357733726501465 -0.6174759268760681 0.8679158687591553 0.49665823578834534 -0.0
0.9367507100105286 1.435773253440857 1.2702102661132812 0.8679158687591553 0.49665823578834534 -0.0
1.0059826374053955 1.2594441175460815 0.9364069700241089 0.6117740273475647 0.791009247303009 -0.0
1.0059826374053955 1.2594441175460815 0.9724531173706055 0.6117740273475647 0.791009247303009 -0.0
1.0059826374053955 1.2594441175460815 0.9724531173706055 -0.0 0.0 0.999969482421875
0.8790207505226135 1.0952932834625244 0.9724531173706055 -0.791009247303009 0.6117740273475647 -0.0
0.8790207505226135 1.0952932834625244 0.9724531173706055 -0.0 0.0 1.0
0.7969493865966797 0.9891820549964905 0.824589729309082 -0.790978729724884 0.6118045449256897 -0.0
0.7969493865966797 0.9891820549964905 0.824589729309082 -0.4531083106994629 -0.5858333110809326 0.6718955039978027
0.7969493865966797 0.9891820549964905 0.772422730922699 -0.791009247303009 0.6117740273475647 -0.0
0.7969517111778259 0.9891801476478577 0.5366799235343933 -0.791009247303009 0.6117740273475647 -0.0
1.0706825256347656 0.7774641513824463 0.824589729309082 -0.6117740273475647 -0.791009247303009 -0.0
1.1730211973190308 0.6983106136322021 0.8245896697044373 -0.6117740273475647 -0.790978729724884 -0.0
1.1730211973190308 0.6983106136322021 0.8245896697044373 0.791009247303009 -0.6117740273475647 -0.0
1.1730211973190308 0.6983106136322021 0.7724226713180542 -0.6117740273475647 -0.791009247303009 -0.0
1.1730211973190308 0.6983106136322021 0.5366798639297485 -0.6117740273475647 -0.791009247303009 -0.0
1.2550925016403198 0.8044219017028809 0.9724530577659607 0.791009247303009 -0.6117740273475647 -0.0
1.2550925016403198 0.8044219017028809 0.9724530577659607 -0.0 0.0 1.0
1.3820544481277466 0.9685728549957275 0.9724530577659607 0.791009247303009 -0.6117740273475647 -0.0
1.3820544481277466 0.9685728549957275 0.9724530577659607 0.6117740273475647 0.791009247303009 -0.0
1.3820544481277466 0.9685728549957275 0.7724226713180542 0.791009247303009 -0.6117740273475647 -0.0
1.3820544481277466 0.9685728549957275 0.5366798639297485 0.791009247303009 -0.6117740273475647 -0.0
1.1083214282989502 1.180290699005127 0.9724531173706055 0.6117740273475647 0.791009247303009 -0.0
1.1527538299560547 0.8835755586624146 0.9724531173706055 -0.0 0.0 1.0
0.8992880582809448 0.9100285768508911 0.824589729309082 -0.4531083106994629 -0.5858333110809326 0.6718955039978027
1.2797157764434814 1.0477262735366821 0.9724531173706055 -0.0 0.0 1.0
0.9813594222068787 1.0161398649215698 0.9724531173706055 -0.0 0.0 1.0
1.0714541673660278 1.2088054418563843 0.772422730922699 0.6117740273475647 0.791009247303009 -0.0
1.0714540481567383 1.2088054418563843 0.5366799235343933 0.6117740273475647 0.791009247303009 -0.0
1.3165830373764038 1.0192115306854248 0.772422730922699 -0.7834101319313049 0.6059449911117554 -0.13800470530986786
1.3165829181671143 1.0192115306854248 0.5366799235343933 0.6117740273475647 0.791009247303009 -0.0
1.0059826374053955 1.2594441175460815 0.772422730922699 -0.791009247303009 0.6117740273475647 -0.0
0.7969493865966797 0.9891820549964905 0.7885434627532959 -0.791009247303009 0.6117740273475647 -0.0
1.1730211973190308 0.6983106136322021 0.7885434031486511 -0.6117740273475647 -0.791009247303009 -0.0
1.3820544481277466 0.9685728549957275 0.9364069104194641 0.791009247303009 -0.6117740273475647 -0.0
1.2797157764434814 1.0477262735366821 0.9364069700241089 0.6117740273475647 0.791009247303009 -0.0
1.2797157764434814 1.0477262735366821 0.9364069700241089 -0.7608569860458374 0.5884883999824524 -0.27338480949401855
1.1083214282989502 1.180290699005127 0.9364069700241089 0.6117740273475647 0.791009247303009 -0.0
1.1083214282989502 1.180290699005127 0.9364069700241089 0.7608569860458374 -0.5884883999824524 -0.27338480949401855
1.0059826374053955 1.2594441175460815 0.5366799235343933 -0.791009247303009 0.6117740273475647 -0.0
0.9943217039108276 1.1090798377990723 0.7724227905273438 0.7834406495094299 -0.6059449911117554 -0.13782158493995667
0.99372398853302 1.108307123184204 0.5366799831390381 0.791009247303009 -0.6117740273475647 -0.0
1.2394505739212036 0.9194859266281128 0.7724227905273438 -0.7834406495094299 0.6059449911117554 -0.13782158493995667
1.2388527393341064 0.9187130928039551 0.5366799831390381 -0.791009247303009 0.6117740273475647 -0.0
1.2025833129882812 0.9480006098747253 0.9364069700241089 -0.0 0.0 -1.0
1.2025833129882812 0.9480006098747253 0.9364069700241089 -0.7608569860458374 0.5884883999824524 -0.27338480949401855
1.03118896484375 1.080565094947815 0.9364069700241089 -0.0 0.0 -0.999969482421875
1.03118896484375 1.080565094947815 0.9364069700241089 0.7608569860458374 -0.5884883999824524 -0.27338480949401855
1.4675512313842773 1.1035414934158325 0.3502553403377533 0.6117740273475647 0.791009247303009 -0.0
1.4675512313842773 1.1035414934158325 0.3502553403377533 -0.0 0.0 -0.999969482421875
1.4675511121749878 1.1035414934158325 0.531506359577179 0.6117740273475647 0.791009247303009 -0.0
1.4675511121749878 1.1035414934158325 0.531506359577179 0.790978729724884 -0.6118045449256897 -0.0
1.1151275634765625 1.376122236251831 0.35025542974472046 0.6117740273475647 0.791009247303009 -0.0
1.1151275634765625 1.376122236251831 0.35025542974472046 -0.0 0.0 -1.0
1.115127682685852 1.376121997833252 0.5315064191818237 0.6117740273475647 0.791009247303009 -0.0
1.115127682685852 1.376121997833252 0.5315064191818237 -0.790978729724884 0.6118045449256897 -0.0
1.1130727529525757 1.3734654188156128 0.35025542974472046 -0.790978729724884 0.6118045449256897 -0.0
1.465496301651001 1.1008847951889038 0.3502553403377533 0.790978729724884 -0.6118045449256897 -0.0
1.1130728721618652 1.3734654188156128 0.5315064191818237 -0.790978729724884 0.6118045449256897 -0.0
1.465496301651001 1.1008847951889038 0.531506359577179 0.790978729724884 -0.6118045449256897 -0.0
1.4675511121749878 1.1035414934158325 -0.18239615857601166 0.6117740273475647 0.791009247303009 -0.0
1.4675511121749878 1.1035414934158325 -0.18239615857601166 0.791009247303009 -0.6117740273475647 -0.0
1.1151275634765625 1.3761221170425415 -0.18239612877368927 0.6117740273475647 0.791009247303009 -0.0
1.1151275634765625 1.3761221170425415 -0.18239612877368927 -0.791039764881134 0.6117435097694397 -0.0
1.4675512313842773 1.1035414934158325 0.3455369174480438 0.6117740273475647 0.791009247303009 -0.0
1.4675512313842773 1.1035414934158325 0.3455369174480438 -0.0 0.0 0.999969482421875
1.1151275634765625 1.376122236251831 0.3455369472503662 -0.791039764881134 0.6117435097694397 -0.0
1.1151275634765625 1.376122236251831 0.3455369472503662 0.6117740273475647 0.791009247303009 -0.0
1.1130727529525757 1.3734654188156128 0.3455369472503662 -0.791039764881134 0.6117435097694397 -0.0
1.1130727529525757 1.3734652996063232 -0.18239611387252808 -0.0 0.0 -0.999969482421875
1.465496301651001 1.1008847951889038 0.3455369174480438 0.791009247303009 -0.6117740273475647 -0.0
1.465496301651001 1.1008846759796143 -0.18239614367485046 -0.0 0.0 -1.0
27 165 163
165 27 190
31 170 169
170 31 191
26 176 174
176 26 192
195 161 180
161 195 160
184 162 164
162 184 15
182 9 166
9 182 16
24 174 171
174 24 26
22 163 1
163 22 27
17 16 182
16 17 19
181 15 184
15 181 183
193 180 21
180 193 195
23 13 3
13 23 29
25 21 177
21 25 193
175 183 181
183 175 5
7 19 17
19 7 11
29 169 13
169 29 31
38 31 29
31 38 40
34 193 25
193 34 39
32 29 23
29 32 38
18 200 187
200 18 201
189 27 22
27 189 36
33 26 24
26 33 35
185 160 195
160 185 41
35 192 26
192 35 178
40 191 31
191 40 172
36 190 27
190 36 167
8 167 36
167 8 168
20 172 40
172 20 173
10 178 35
178 10 179
41 186 0
186 41 185
6 35 33
35 6 10
197 36 189
36 197 8
187 203 194
203 187 200
2 38 32
38 2 12
4 39 34
39 4 188
12 40 38
40 12 20
196 198 37
198 196 205
37 199 14
199 37 198
30 204 28
204 30 202
46 43 42
43 45 47
45 46 44
43 46 45
48 211 207
211 48 50
208 210 212
210 208 206
214 213 54
213 214 216
217 52 209
52 217 215
51 53 55
53 51 49
57 224 221
224 57 226
222 220 225
220 222 218
59 223 63
223 59 58
228 219 62
219 228 56
229 61 60
61 229 227
64 67 65
67 64 66
66 69 67
69 66 68
68 71 69
71 68 70
70 73 71
73 70 72
72 75 73
75 72 74
74 77 75
77 74 76
76 79 77
79 76 78
78 81 79
81 78 80
80 83 81
83 80 82
82 85 83
85 82 84
84 87 85
87 84 86
86 89 87
89 86 88
88 91 89
91 88 90
90 93 91
93 90 92
92 95 93
95 92 94
94 65 95
65 94 64
96 99 97
99 96 98
98 101 99
101 98 100
100 103 101
103 100 102
102 105 103
105 102 104
104 107 105
107 104 106
106 109 107
109 106 108
108 111 109
111 108 110
110 113 111
113 110 112
112 115 113
115 112 114
114 117 115
117 114 116
116 119 117
119 116 118
118 121 119
121 118 120
120 123 121
123 120 122
122 125 123
125 122 124
124 127 125
127 124 126
126 97 127
97 126 96
128 131 129
131 128 130
130 133 131
133 130 132
132 135 133
135 132 134
134 137 135
137 134 136
136 139 137
139 136 138
138 141 139
141 138 140
140 143 141
143 140 142
142 145 143
145 142 144
144 147 145
147 144 146
146 149 147
149 146 148
148 151 149
151 148 150
150 153 151
153 150 152
152 155 153
155 152 154
154 157 155
157 154 156
156 159 157
159 156 158
158 129 159
129 158 128
LABEL Group1
MATERIAL 2
TEXTURE 0
GEOM 169 312
1.0708485841751099 1.4990283250808716 1.5209840536117554 0.5600146651268005 0.4835047423839569 0.6727194786071777
1.0685149431228638 1.4936689138412476 1.5253578424453735 0.5226600170135498 0.3907284736633301 0.7576830387115479
1.051988959312439 1.5052807331085205 1.528016209602356 0.3565477430820465 0.5074617862701416 0.7844172716140747
1.0552802085876465 1.50996732711792 1.5234884023666382 0.4125186800956726 0.5871456265449524 0.6964324116706848
1.0354617834091187 1.5168933868408203 1.5253578424453735 0.1904354989528656 0.6241645812988281 0.7576830387115479
1.0853551626205444 1.4888354539871216 1.5136399269104004 0.6974700093269348 0.3869136571884155 0.6031373143196106
1.0839146375656128 1.4828485250473022 1.5175610780715942 0.6774803996086121 0.28192999958992004 0.6793420314788818
1.039712905883789 1.5209054946899414 1.5209840536117554 0.26505324244499207 0.6907559633255005 0.6727194786071777
1.0200620889663696 1.527713656425476 1.5175610780715942 0.03558458387851715 0.7329325079917908 0.6793420314788818
1.0978116989135742 1.4800831079483032 1.5019581317901611 0.8154851198196411 0.3039948642253876 0.4924771785736084
1.0971392393112183 1.4735565185546875 1.50515878200531 0.8103885054588318 0.18854334950447083 0.5546739101409912
1.0252063274383545 1.5310983657836914 1.5136399269104004 0.1275978833436966 0.7873470187187195 0.6031373143196106
1.0068374872207642 1.5370057821273804 1.50515878200531 -0.09729300439357758 0.826349675655365 0.5546739101409912
1.1073698997497559 1.4733670949935913 1.486732840538025 0.9060335159301758 0.24039429426193237 0.3482162058353424
1.1072869300842285 1.4664262533187866 1.488997459411621 0.9124118685722351 0.11694692820310593 0.39216285943984985
1.0127499103546143 1.5398507118225098 1.5019581317901611 0.00958281196653843 0.8702658414840698 0.4924771785736084
0.9966909289360046 1.5441352128982544 1.488997459411621 -0.1992553472518921 0.8980071544647217 0.39219337701797485
1.1133790016174316 1.4691449403762817 1.4690032005310059 0.9629810452461243 0.20038452744483948 0.18024231493473053
1.113665223121643 1.4619446992874146 1.47017502784729 0.9765007495880127 0.0718710869550705 0.20300912857055664
1.0031917095184326 1.5465666055679321 1.486732840538025 -0.08096560835838318 0.9338968992233276 0.3482162058353424
0.9903114438056946 1.5486176013946533 1.47017502784729 -0.2633747458457947 0.9430524706840515 0.20303964614868164
1.1154290437698364 1.46770441532135 1.4499772787094116 0.982390820980072 0.18674275279045105 -0.0
1.1158413887023926 1.4604156017303467 1.4499772787094116 0.9983825087547302 0.05648976191878319 -0.0
0.9971825480461121 1.5507888793945312 1.4690032005310059 -0.13788262009620667 0.9738761782646179 0.18024231493473053
0.9881352782249451 1.5501466989517212 1.4499772787094116 -0.2852565050125122 0.9584338068962097 -0.0
1.1133790016174316 1.4691449403762817 1.4309513568878174 0.9629810452461243 0.20035400986671448 -0.18027283251285553
1.113665223121643 1.461944580078125 1.4297795295715332 0.9765007495880127 0.0718405693769455 -0.20303964614868164
0.9951324462890625 1.552229404449463 1.4499772787094116 -0.15729239583015442 0.9875484704971313 -0.0
0.9903114438056946 1.5486176013946533 1.4297795295715332 -0.2633747458457947 0.9430524706840515 -0.20303964614868164
1.1073698997497559 1.4733670949935913 1.413221836090088 0.9060335159301758 0.24033325910568237 -0.3482162058353424
1.1072858572006226 1.4664270877838135 1.4109585285186768 0.9124118685722351 0.11688589304685593 -0.39219337701797485
0.9971825480461121 1.5507888793945312 1.4309513568878174 -0.13788262009620667 0.9738761782646179 -0.18027283251285553
0.9966908693313599 1.5441352128982544 1.4109585285186768 -0.1992858648300171 0.8980071544647217 -0.39219337701797485
1.0978116989135742 1.4800831079483032 1.3979978561401367 0.8154851198196411 0.3039948642253876 -0.4924466609954834
1.0971392393112183 1.4735565185546875 1.3947957754135132 0.8104190230369568 0.18854334950447083 -0.5546433925628662
1.003191590309143 1.5465666055679321 1.413221836090088 -0.08096560835838318 0.9338968992233276 -0.3482162058353424
1.0068374872207642 1.5370057821273804 1.3947957754135132 -0.09729300439357758 0.826349675655365 -0.5546433925628662
1.0853551626205444 1.4888354539871216 1.3863146305084229 0.6974700093269348 0.3869136571884155 -0.6031373143196106
1.0839146375656128 1.4828485250473022 1.382393479347229 0.6774498820304871 0.28192999958992004 -0.6793420314788818
1.0127497911453247 1.5398507118225098 1.3979978561401367 0.009552293457090855 0.8702658414840698 -0.4924466609954834
1.0200620889663696 1.527713656425476 1.382393479347229 0.03561510145664215 0.7329325079917908 -0.6793420314788818
1.0708485841751099 1.4990283250808716 1.3789705038070679 0.5600146651268005 0.4835047423839569 -0.6727194786071777
1.0685149431228638 1.4936689138412476 1.3745980262756348 0.5226600170135498 0.3906674385070801 -0.7577440738677979
1.0252063274383545 1.5310983657836914 1.3863146305084229 0.1275978833436966 0.7873470187187195 -0.6031373143196106
1.0354617834091187 1.5168933868408203 1.3745980262756348 0.1904049813747406 0.6241340637207031 -0.7577440738677979
1.0552812814712524 1.509966492652893 1.3764662742614746 0.4125491976737976 0.5871151089668274 -0.6964629292488098
1.051988959312439 1.5052807331085205 1.3719384670257568 0.3565172255039215 0.5074007511138916 -0.7844477891921997
1.039712905883789 1.5209053754806519 1.3789705038070679 0.26505324244499207 0.6907559633255005 -0.6727194786071777
1.0853805541992188 1.4952679872512817 1.3926825523376465 0.7032380104064941 0.556260883808136 -0.4427014887332916
1.0723258256912231 1.5044407844543457 1.3860735893249512 0.6023437976837158 0.6271553635597229 -0.4937589764595032
1.0583155155181885 1.5142848491668701 1.383819818496704 0.4940946698188782 0.7032074928283691 -0.5111545324325562
1.0443042516708374 1.5241297483444214 1.3860735893249512 0.38584551215171814 0.7792901396751404 -0.4937589764595032
1.0312495231628418 1.5333025455474854 1.3926825523376465 0.2849513292312622 0.8501541018486023 -0.4427014887332916
1.0200377702713013 1.5411802530288696 1.4031965732574463 0.1983092725276947 0.9110385179519653 -0.36146122217178345
1.0965921878814697 1.4873902797698975 1.4031965732574463 0.7898800373077393 0.49537643790245056 -0.36146122217178345
1.0114350318908691 1.5472248792648315 1.4168978929519653 0.13183996081352234 0.9577318429946899 -0.2555925250053406
1.1051949262619019 1.4813456535339355 1.4168978929519653 0.8563493490219116 0.44868311285972595 -0.2555925250053406
1.0060275793075562 1.551024317741394 1.432854413986206 0.09006012231111526 0.9870906472206116 -0.13229773938655853
1.1106024980545044 1.477546215057373 1.432854413986206 0.8981292247772217 0.4193243086338043 -0.13229773938655853
1.0041834115982056 1.552320122718811 1.4499772787094116 0.07580797374248505 0.9971007108688354 -0.0
1.1124465465545654 1.476250410079956 1.4499772787094116 0.9123813509941101 0.40931424498558044 -0.0
1.0060275793075562 1.551024317741394 1.4671002626419067 0.09006012231111526 0.9870906472206116 0.13229773938655853
1.1106024980545044 1.477546215057373 1.4671002626419067 0.8981292247772217 0.4193243086338043 0.13229773938655853
1.0114350318908691 1.5472248792648315 1.4830567836761475 0.13183996081352234 0.9577318429946899 0.2555925250053406
1.1051949262619019 1.4813456535339355 1.4830567836761475 0.8563493490219116 0.44868311285972595 0.2555925250053406
1.0200377702713013 1.5411802530288696 1.496757984161377 0.1983397901058197 0.9110385179519653 0.36146122217178345
1.0965921878814697 1.4873902797698975 1.496757984161377 0.7898495197296143 0.49540695548057556 0.36146122217178345
1.0312495231628418 1.5333025455474854 1.5072720050811768 0.2849818468093872 0.8501541018486023 0.4427014887332916
1.0853805541992188 1.4952679872512817 1.5072720050811768 0.7032380104064941 0.556260883808136 0.4427014887332916
1.0443042516708374 1.5241297483444214 1.513880968093872 0.38584551215171814 0.7792901396751404 0.4937589764595032
1.0723258256912231 1.5044407844543457 1.513880968093872 0.6023743152618408 0.6271553635597229 0.4937589764595032
1.0583155155181885 1.5142848491668701 1.5161361694335938 0.4940946698188782 0.7032074928283691 0.5111850500106812
1.1008422374725342 1.4900590181350708 1.4781084060668945 0.7950682044029236 0.5779900550842285 0.1837214231491089
1.09352707862854 1.4951989650726318 1.4897607564926147 0.747276246547699 0.6115604043006897 0.2598345875740051
1.0839929580688477 1.5018980503082275 1.4987025260925293 0.6850184798240662 0.6552934646606445 0.3182470202445984
1.072889804840088 1.5096995830535889 1.504323124885559 0.6125065088272095 0.7062593698501587 0.35496076941490173
1.0609756708145142 1.5180708169937134 1.5062408447265625 0.5346537828445435 0.7609485387802124 0.3674733638763428
1.049060583114624 1.5264428853988647 1.504323124885559 0.45683157444000244 0.8156377077102661 0.35496076941490173
1.1054422855377197 1.48682701587677 1.464539647102356 0.8250983953475952 0.556871235370636 0.0950956791639328
1.0379573106765747 1.534244418144226 1.4987025260925293 0.38431960344314575 0.8665730953216553 0.3182470202445984
1.1070102453231812 1.4857251644134521 1.4499772787094116 0.8353526592254639 0.5496688485145569 -0.0
1.0284231901168823 1.5409433841705322 1.4897607564926147 0.32203131914138794 0.9103366136550903 0.2598345875740051
1.1054422855377197 1.48682701587677 1.4354149103164673 0.8250983953475952 0.556871235370636 -0.0950956791639328
1.0211080312728882 1.5460833311080933 1.4781084060668945 0.27426984906196594 0.9439069628715515 0.1837214231491089
1.1008422374725342 1.4900590181350708 1.4218461513519287 0.7950682044029236 0.5779900550842285 -0.1837214231491089
1.0165081024169922 1.5493154525756836 1.464539647102356 0.24420911073684692 0.965025782585144 0.0950956791639328
1.09352707862854 1.4951989650726318 1.4101938009262085 0.747276246547699 0.6115604043006897 -0.2598345875740051
1.0149400234222412 1.550417184829712 1.4499772787094116 0.23395489156246185 0.9722281694412231 -0.0
1.0839929580688477 1.5018980503082275 1.401252031326294 0.6850184798240662 0.6552934646606445 -0.3182470202445984
1.0165079832077026 1.5493154525756836 1.4354149103164673 0.24420911073684692 0.965025782585144 -0.0950956791639328
1.0728896856307983 1.5096995830535889 1.3956314325332642 0.6124759912490845 0.7062593698501587 -0.35496076941490173
1.0211080312728882 1.5460833311080933 1.4218461513519287 0.27426984906196594 0.9439069628715515 -0.1837214231491089
1.0609756708145142 1.5180708169937134 1.3937150239944458 0.5346537828445435 0.7609485387802124 -0.3674733638763428
1.0284231901168823 1.5409433841705322 1.4101938009262085 0.32206183671951294 0.9103366136550903 -0.2598345875740051
1.0490604639053345 1.5264428853988647 1.3956314325332642 0.45686209201812744 0.8156377077102661 -0.35496076941490173
1.0379573106765747 1.534244418144226 1.401252031326294 0.38431960344314575 0.8665730953216553 -0.3182470202445984
1.0725189447402954 1.514599323272705 1.4072784185409546 0.6098818778991699 0.7532273530960083 -0.2462538480758667
1.0631580352783203 1.5211766958236694 1.4057718515396118 0.555894672870636 0.791161835193634 -0.2549211084842682
1.0537959337234497 1.527754783630371 1.4072784185409546 0.5019074082374573 0.8290963172912598 -0.2462538480758667
1.0450726747512817 1.533884048461914 1.4116936922073364 0.4515823721885681 0.8644368052482605 -0.22077089548110962
1.0375821590423584 1.5391472578048706 1.4187191724777222 0.40839868783950806 0.8948026895523071 -0.18024231493473053
1.0318338871002197 1.5431861877441406 1.427875280380249 0.3752555847167969 0.9180883169174194 -0.1274758130311966
1.0812422037124634 1.508470058441162 1.4116936922073364 0.6602069139480591 0.7178869247436523 -0.22077089548110962
1.0282200574874878 1.5457253456115723 1.438536524772644 0.35441145300865173 0.9327372312545776 -0.06598101556301117
1.0887327194213867 1.5032069683074951 1.4187191724777222 0.7033905982971191 0.6875209808349609 -0.18024231493473053
1.0269873142242432 1.5465915203094482 1.4499772787094116 0.34730064868927 0.9377422332763672 -0.0
1.0944809913635254 1.4991679191589355 1.427875280380249 0.7365337014198303 0.6642353534698486 -0.1274758130311966
1.0282200574874878 1.5457253456115723 1.4614180326461792 0.35441145300865173 0.9327372312545776 0.06598101556301117
1.0980948209762573 1.496628761291504 1.438536524772644 0.7573778629302979 0.6495864987373352 -0.06598101556301117
1.0318338871002197 1.5431861877441406 1.4720807075500488 0.3752555847167969 0.9180883169174194 0.1274758130311966
1.099327564239502 1.495762586593628 1.4499772787094116 0.7644886374473572 0.6445814371109009 -0.0
1.0375821590423584 1.5391472578048706 1.481235384941101 0.40839868783950806 0.8948026895523071 0.18027283251285553
1.0980948209762573 1.496628761291504 1.4614180326461792 0.7573778629302979 0.6495864987373352 0.06598101556301117
1.0450726747512817 1.533884048461914 1.4882608652114868 0.4515823721885681 0.8644368052482605 0.22077089548110962
1.0944809913635254 1.4991679191589355 1.4720807075500488 0.7365642189979553 0.6642353534698486 0.1274758130311966
1.0537959337234497 1.527754783630371 1.4926761388778687 0.5019074082374573 0.8290963172912598 0.2462538480758667
1.0887327194213867 1.5032069683074951 1.481235384941101 0.7033905982971191 0.6875209808349609 0.18027283251285553
1.0631580352783203 1.5211766958236694 1.494182825088501 0.555894672870636 0.791161835193634 0.2549211084842682
1.0812422037124634 1.508470058441162 1.4882608652114868 0.6602069139480591 0.7178869247436523 0.22077089548110962
1.0725189447402954 1.514599323272705 1.4926761388778687 0.6098818778991699 0.7532273530960083 0.2462538480758667
1.088845133781433 1.5065767765045166 1.4578584432601929 0.695303201675415 0.7174901366233826 0.04190191254019737
1.0863555669784546 1.5083259344100952 1.4652025699615479 0.6820581555366516 0.7267677783966064 0.08096560835838318
1.0823966264724731 1.5111076831817627 1.4715088605880737 0.6610003709793091 0.7415692806243896 0.11450544744729996
1.0772367715835571 1.5147331953048706 1.4763473272323608 0.6335642337799072 0.7608569860458374 0.14023254811763763
1.0712276697158813 1.5189553499221802 1.47938871383667 0.6016113758087158 0.7833185791969299 0.15640735626220703
1.064780354499817 1.523485541343689 1.480426549911499 0.5673085451126099 0.8073976635932922 0.16193121671676636
1.0896943807601929 1.5059800148010254 1.4499772787094116 0.6997894048690796 0.7143162488937378 -0.0
1.058331847190857 1.5280165672302246 1.47938871383667 0.5330057740211487 0.8315073251724243 0.15640735626220703
1.088845133781433 1.5065767765045166 1.4420961141586304 0.695303201675415 0.7174901366233826 -0.04190191254019737
1.0523227453231812 1.5322387218475342 1.4763473272323608 0.5010529160499573 0.8539384007453918 0.14023254811763763
1.0863555669784546 1.5083259344100952 1.4347532987594604 0.6820581555366516 0.7267677783966064 -0.08096560835838318
1.0471628904342651 1.535864233970642 1.4715088605880737 0.47361674904823303 0.8732261061668396 0.11450544744729996
1.0823966264724731 1.5111076831817627 1.4284470081329346 0.6610003709793091 0.7415692806243896 -0.11447492986917496
1.0432039499282837 1.5386459827423096 1.4652025699615479 0.4525589644908905 0.8880276083946228 0.08096560835838318
1.0772367715835571 1.5147331953048706 1.4236072301864624 0.6335642337799072 0.7608569860458374 -0.14023254811763763
1.0407143831253052 1.5403951406478882 1.4578584432601929 0.43931394815444946 0.8973357081413269 0.04190191254019737
1.0712276697158813 1.5189553499221802 1.4205659627914429 0.6016113758087158 0.7833185791969299 -0.15640735626220703
1.0398651361465454 1.5409919023513794 1.4499772787094116 0.4347971975803375 0.9005096554756165 -0.0
1.064780354499817 1.523485541343689 1.4195280075073242 0.5673085451126099 0.8073976635932922 -0.16193121671676636
1.0407143831253052 1.5403951406478882 1.4420961141586304 0.43931394815444946 0.8973357081413269 -0.04190191254019737
1.058331847190857 1.528016448020935 1.4205659627914429 0.5330057740211487 0.8315073251724243 -0.15640735626220703
1.0432039499282837 1.5386459827423096 1.4347532987594604 0.4525589644908905 0.8880276083946228 -0.08096560835838318
1.0523227453231812 1.5322387218475342 1.4236072301864624 0.5010529160499573 0.8539384007453918 -0.14023254811763763
1.0471628904342651 1.535864233970642 1.4284470081329346 0.47361674904823303 0.8732261061668396 -0.11447492986917496
1.0657790899276733 1.524907112121582 1.4344546794891357 0.5730765461921692 0.8156071901321411 -0.079348124563694
1.062490701675415 1.5272175073623657 1.434983730316162 0.556108295917511 0.8274788856506348 -0.07721182703971863
1.0661158561706543 1.5253864526748657 1.4499772787094116 0.574907660484314 0.8182012438774109 -0.0
1.0690662860870361 1.522597312927246 1.434983730316162 0.5899838209152222 0.8036743998527527 -0.07721182703971863
1.059428095817566 1.5293694734573364 1.4365345239639282 0.5412457585334778 0.8379467129707336 -0.06952116638422012
1.0721288919448853 1.520445466041565 1.4365345239639282 0.6048768758773804 0.7932370901107788 -0.06952116638422012
1.0567972660064697 1.5312180519104004 1.439001202583313 0.5263527035713196 0.8484450578689575 -0.0555436871945858
1.074759840965271 1.518596887588501 1.439001202583313 0.6198003888130188 0.7827692627906799 -0.0555436871945858
1.0547789335250854 1.5326361656188965 1.4422153234481812 0.5164036750793457 0.8554033041000366 -0.039979249238967896
1.0767781734466553 1.5171786546707153 1.4422153234481812 0.6297188997268677 0.7757804989814758 -0.039979249238967896
1.0535099506378174 1.5335277318954468 1.4459596872329712 0.5103610157966614 0.8597064018249512 -0.02053895592689514
1.0780470371246338 1.516287088394165 1.4459596872329712 0.6358226537704468 0.7715384364128113 -0.02053895592689514
1.053077220916748 1.5338319540023804 1.4499772787094116 0.5076448917388916 0.861537516117096 -0.0
1.0784798860549927 1.515982985496521 1.4499772787094116 0.6384777426719666 0.7696157693862915 -0.0
1.0535099506378174 1.5335277318954468 1.453994870185852 0.5103610157966614 0.8597064018249512 0.02053895592689514
1.0780470371246338 1.516287088394165 1.453994870185852 0.6358226537704468 0.7715384364128113 0.02053895592689514
1.0547789335250854 1.5326361656188965 1.457739233970642 0.5164036750793457 0.8554033041000366 0.039979249238967896
1.0767781734466553 1.5171786546707153 1.457739233970642 0.6297188997268677 0.7757804989814758 0.039979249238967896
1.0567972660064697 1.5312180519104004 1.4609533548355103 0.5263527035713196 0.8484450578689575 0.0555436871945858
1.074759840965271 1.518596887588501 1.4609533548355103 0.6198003888130188 0.7827692627906799 0.0555436871945858
1.059428095817566 1.5293694734573364 1.4634201526641846 0.5412457585334778 0.8379467129707336 0.06952116638422012
1.0721290111541748 1.520445466041565 1.4634201526641846 0.6048768758773804 0.7932370901107788 0.06952116638422012
1.062490701675415 1.5272176265716553 1.4649709463119507 0.556108295917511 0.8274788856506348 0.07721182703971863
1.0690662860870361 1.522597312927246 1.4649709463119507 0.5899838209152222 0.8036743998527527 0.07721182703971863
1.0657790899276733 1.524907112121582 1.4654998779296875 0.5730765461921692 0.8156071901321411 0.079348124563694
3 1 0
1 3 2
146 152 154
152 146 150
68 9 66
9 68 5
19 12 15
12 19 16
27 20 23
20 27 24
29 26 30
26 29 25
37 34 38
34 37 33
9 6 10
6 9 5
45 42 46
42 45 41
47 40 43
40 47 44
39 32 35
32 39 36
13 10 14
10 13 9
23 16 19
16 23 20
31 24 27
24 31 28
21 18 22
18 21 17
25 22 26
22 25 21
1 5 0
5 1 6
11 4 7
4 11 8
43 36 39
36 43 40
33 30 34
30 33 29
7 2 3
2 7 4
15 8 11
8 15 12
35 28 31
28 35 32
41 38 42
38 41 37
45 44 47
44 45 46
17 14 18
14 17 13
64 17 62
17 64 13
51 43 52
43 51 47
56 33 54
33 56 29
49 45 50
45 49 41
5 70 0
70 5 68
54 37 48
37 54 33
55 39 35
39 55 53
52 39 53
39 52 43
63 23 19
23 63 61
59 31 27
31 59 57
62 21 60
21 62 17
61 27 23
27 61 59
48 41 49
41 48 37
60 25 58
25 60 21
58 29 56
29 58 25
57 35 31
35 57 55
65 19 15
19 65 63
0 71 3
71 0 70
67 15 11
15 67 65
69 3 71
3 69 7
69 11 7
11 69 67
66 13 64
13 66 9
50 47 51
47 50 45
76 70 75
70 76 71
88 54 48
54 88 86
80 62 60
62 80 78
77 71 76
71 77 69
92 49 50
49 92 90
90 48 49
48 90 88
84 58 56
58 84 82
78 64 62
64 78 72
82 60 58
60 82 80
73 64 72
64 73 66
89 59 87
59 89 57
91 57 89
57 91 55
85 63 83
63 85 61
93 55 91
55 93 53
83 65 81
65 83 63
87 61 85
61 87 59
95 53 93
53 95 52
100 91 101
91 100 93
75 68 74
68 75 70
86 56 54
56 86 84
94 50 51
50 94 92
81 67 79
67 81 65
74 66 73
66 74 68
79 69 77
69 79 67
98 95 99
95 98 94
111 83 81
83 111 109
96 92 97
92 96 90
119 74 118
74 119 75
113 81 79
81 113 111
106 86 104
86 106 84
118 73 116
73 118 74
108 84 106
84 108 82
109 85 83
85 109 107
107 87 85
87 107 105
97 94 98
94 97 92
112 80 110
80 112 78
105 89 87
89 105 103
114 78 112
78 114 72
137 107 135
107 137 105
116 72 114
72 116 73
117 75 119
75 117 76
104 88 102
88 104 86
99 93 100
93 99 95
110 82 108
82 110 80
102 90 96
90 102 88
103 91 89
91 103 101
115 79 77
79 115 113
117 77 76
77 117 115
135 109 133
109 135 107
133 111 131
111 133 109
131 113 129
113 131 111
136 102 96
102 136 134
138 96 97
96 138 136
140 97 98
97 140 138
139 105 137
105 139 103
124 118 123
118 124 119
142 100 143
100 142 99
127 117 125
117 127 115
141 103 139
103 141 101
123 116 122
116 123 118
168 124 167
124 168 125
130 108 106
108 130 128
129 115 127
115 129 113
126 112 110
112 126 120
142 98 99
98 142 140
128 110 108
110 128 126
121 112 120
112 121 114
143 101 141
101 143 100
125 119 124
119 125 117
132 106 104
106 132 130
122 114 121
114 122 116
134 104 102
104 134 132
144 140 145
140 144 138
166 125 168
125 166 127
146 166 168
166 146 164
167 146 168
146 167 165
167 123 165
123 167 124
162 133 131
133 162 160
151 134 149
134 151 132
146 148 150
146 151 149
149 136 147
136 149 134
153 132 151
132 153 130
153 146 155
146 153 151
146 160 162
160 146 158
155 130 153
130 155 128
156 139 137
139 156 154
159 126 157
126 159 120
157 128 155
128 157 126
157 146 159
146 157 155
158 137 135
137 158 156
160 135 133
135 160 158
150 142 143
142 150 148
161 120 159
120 161 121
161 146 163
146 161 159
146 145 148
145 146 144
163 121 161
121 163 122
152 143 141
143 152 150
154 141 139
141 154 152
165 122 163
122 165 123
146 162 164
146 165 163
166 129 127
129 166 164
148 140 142
140 148 145
147 146 149
146 147 144
146 156 158
156 146 154
147 138 144
138 147 136
164 131 129
131 164 162
94 52 95
52 94 51
LABEL Group2
MATERIAL 3
TEXTURE 0
GEOM 348 368
0.7218142747879028 1.7169029712677002 1.3012397289276123 0.574907660484314 0.8182012438774109 -0.0
0.7218143343925476 1.7169029712677002 1.4316701889038086 0.574907660484314 0.8182012438774109 -0.0
0.8689604997634888 1.6064616441726685 1.3040482997894287 0.574907660484314 0.8182012438774109 -0.0
0.7209275364875793 1.7104750871658325 1.3040484189987183 0.574907660484314 0.8182012438774109 -0.0
0.7242443561553955 1.7151955366134644 1.3040484189987183 0.574907660484314 0.8182012438774109 -0.0
0.8722772598266602 1.6111820936203003 1.3040482997894287 0.574877142906189 0.8182012438774109 -0.0
0.8747072815895081 1.6094746589660645 1.3012397289276123 0.574877142906189 0.8182012438774109 -0.0
0.8747073411941528 1.6094746589660645 1.4316651821136475 0.574877142906189 0.8182012438774109 -0.0
0.7209275364875793 1.7104750871658325 1.428856611251831 0.574907660484314 0.8182012438774109 -0.0
0.8689604997634888 1.6064616441726685 1.428856611251831 0.574907660484314 0.8182012438774109 -0.0
0.7242443561553955 1.7151955366134644 1.428856611251831 -0.0 0.0 -1.0
0.8722772598266602 1.6111820936203003 1.428856611251831 0.574877142906189 0.8182012438774109 -0.0
0.7558029294013977 1.6865178346633911 1.3084465265274048 0.5754570364952087 0.8178045153617859 -0.002471999265253544
0.7640093564987183 1.6807374954223633 1.3067991733551025 0.5754570364952087 0.8178045153617859 -0.0027161473408341408
0.7723129391670227 1.6748971939086914 1.3074274063110352 0.5754570364952087 0.8178045153617859 -0.0027161473408341408
0.7802975177764893 1.6692880392074585 1.3102997541427612 0.5754570364952087 0.8178045153617859 -0.002471999265253544
0.7481050491333008 1.691946029663086 1.312285304069519 0.5754265189170837 0.8178045153617859 -0.0024414807558059692
0.7515943050384521 1.6897382736206055 1.394033432006836 0.5754570364952087 0.8178045153617859 -0.0024414807558059692
0.7413017749786377 1.696751594543457 1.3181241750717163 0.5754265189170837 0.8178350329399109 -0.0024414807558059692
0.7357325553894043 1.7006916999816895 1.3256711959838867 0.5754265189170837 0.8178045153617859 -0.002471999265253544
0.7316803336143494 1.7035701274871826 1.3345457315444946 0.5754875540733337 0.8177739977836609 -0.002471999265253544
0.7293462753295898 1.70524263381958 1.3443024158477783 0.5754875540733337 0.8178045153617859 -0.002471999265253544
0.7288462519645691 1.705625057220459 1.3544564247131348 0.5754570364952087 0.8178045153617859 -0.002471999265253544
0.7302086353302002 1.7046973705291748 1.3644933700561523 0.5754570364952087 0.8178045153617859 -0.002471999265253544
0.7333605289459229 1.7025080919265747 1.3739135265350342 0.5754875540733337 0.8177739977836609 -0.0025025177747011185
0.7381479740142822 1.699164867401123 1.382242202758789 0.5754875540733337 0.8177739977836609 -0.0025025177747011185
0.7443281412124634 1.694835901260376 1.3890637159347534 0.5753044486045837 0.8178960680961609 -0.002136295661330223
0.8092504143714905 1.6489601135253906 1.3251891136169434 0.5754570364952087 0.8178045153617859 -0.0024414807558059692
0.7805472016334534 1.6694104671478271 1.4089245796203613 0.5754570364952087 0.8178045153617859 -0.0024414807558059692
0.8095000982284546 1.6490824222564697 1.4238139390945435 0.5754570364952087 0.8178045153617859 -0.002471999265253544
0.8382033109664917 1.6286323070526123 1.3400802612304688 0.5754265189170837 0.8178350329399109 -0.002471999265253544
0.8454681634902954 1.6235356330871582 1.3450499773025513 0.5753960013389587 0.8178350329399109 -0.002471999265253544
0.8516506552696228 1.6192069053649902 1.3518714904785156 0.5754265189170837 0.8178350329399109 -0.002471999265253544
0.8564380407333374 1.6158638000488281 1.3602001667022705 0.5754265189170837 0.8178350329399109 -0.002471999265253544
0.8595899343490601 1.6136744022369385 1.3696203231811523 0.5754265189170837 0.8178350329399109 -0.002471999265253544
0.8609514236450195 1.6127455234527588 1.3796589374542236 0.5754265189170837 0.8178045153617859 -0.002471999265253544
0.8604522943496704 1.6131292581558228 1.3898112773895264 0.5754265189170837 0.8178045153617859 -0.002471999265253544
0.8581172227859497 1.6148004531860352 1.3995696306228638 0.5754570364952087 0.8178045153617859 -0.0024109622463583946
0.8540650606155396 1.6176787614822388 1.4084440469741821 0.5754570364952087 0.8178045153617859 -0.0024109622463583946
0.8484967947006226 1.6216204166412354 1.415989637374878 0.5754265189170837 0.8178350329399109 -0.0024414807558059692
0.8416925668716431 1.6264244318008423 1.4218283891677856 0.5754265189170837 0.8178350329399109 -0.0024414807558059692
0.8339946866035461 1.6318527460098267 1.4256671667099 0.5754570364952087 0.8178045153617859 -0.002533036284148693
0.8174846768379211 1.6434733867645264 1.4266862869262695 0.5754570364952087 0.8178045153617859 -0.002533036284148693
0.8257882595062256 1.6376330852508545 1.4273145198822021 0.5754265189170837 0.8178045153617859 -0.003021332435309887
0.7489314675331116 1.6858948469161987 1.394118309020996 -0.35120701789855957 0.2628864347934723 0.8986175060272217
0.7778843641281128 1.6655669212341309 1.4090076684951782 -0.3093661367893219 0.23438215255737305 0.921567440032959
0.8068381547927856 1.6452404260635376 1.42389714717865 -0.26590776443481445 0.20462660491466522 0.9420148134231567
0.8148217797279358 1.63962984085083 1.426769495010376 -0.13165685534477234 0.11252174526453018 0.9848628044128418
0.8231253623962402 1.6337895393371582 1.4273977279663086 0.052003540098667145 -0.014435254968702793 0.9985350966453552
0.8313326835632324 1.628010630607605 1.4257502555847168 0.23303933441638947 -0.14062929153442383 0.9622181057929993
0.8390306234359741 1.6225823163986206 1.421911597251892 0.40238654613494873 -0.2597735524177551 0.8778038620948792
0.8458338975906372 1.617776870727539 1.4160727262496948 0.5515915155410767 -0.3659474551677704 0.7495040893554688
0.8514021635055542 1.613835334777832 1.4085272550582886 0.6732688546180725 -0.4538407623767853 0.5836665034294128
0.8554543256759644 1.6109569072723389 1.3996527194976807 0.7612842321395874 -0.5190283060073853 0.3885616660118103
0.8577893972396851 1.6092857122421265 1.3898944854736328 0.8111819624900818 -0.5582445859909058 0.174077570438385
0.8582894206047058 1.608903408050537 1.37974214553833 0.8205206394195557 -0.5694448947906494 -0.04925687611103058
0.8569283485412598 1.6098300218582153 1.3697035312652588 0.7887203693389893 -0.5521408915519714 -0.2701803743839264
0.853775143623352 1.6120202541351318 1.3602849245071411 0.7172765135765076 -0.5072786808013916 -0.4776146709918976
0.8489877581596375 1.615363597869873 1.351954698562622 0.6098818778991699 -0.4368419349193573 -0.6611835360527039
0.8428075313568115 1.6196925640106201 1.3451331853866577 0.47187718749046326 -0.34437087178230286 -0.8115787506103516
0.8355413675308228 1.6247901916503906 1.3401634693145752 0.35196995735168457 -0.2632526755332947 -0.8981902599334717
0.8065875172615051 1.6451166868209839 1.3252723217010498 0.3094271719455719 -0.23432111740112305 -0.921567440032959
0.7776346206665039 1.6654446125030518 1.3103828430175781 0.26651814579963684 -0.20511490106582642 -0.9417401552200317
0.7696500420570374 1.6710537672042847 1.3075121641159058 0.13263344764709473 -0.11349833756685257 -0.9846186637878418
0.7613474130630493 1.6768953800201416 1.3068840503692627 -0.05139316990971565 0.013672292232513428 -0.9985656142234802
0.7531400918960571 1.6826744079589844 1.3085297346115112 -0.23273415863513947 0.14032410085201263 -0.9623401761054993
0.7454421520233154 1.6881027221679688 1.312368392944336 -0.40247809886932373 0.2598651051521301 -0.8777428269386292
0.7386388778686523 1.6929080486297607 1.3182072639465332 -0.5520188212394714 0.3662526309490204 -0.7490463256835938
0.7330706119537354 1.6968497037887573 1.3257544040679932 -0.6738486886024475 0.4542680084705353 -0.5826898813247681
0.7290174961090088 1.6997267007827759 1.334628939628601 -0.7618030309677124 0.5193945169448853 -0.3870967626571655
0.7266833782196045 1.7013992071151733 1.344387173652649 -0.8114566206932068 0.5584582090377808 -0.17212438583374023
0.7261833548545837 1.7017816305160522 1.3545395135879517 -0.8203680515289307 0.5694754123687744 0.05154576152563095
0.7275457382202148 1.700853943824768 1.3645764589309692 -0.7881405353546143 0.5518357157707214 0.27253028750419617
0.7306989431381226 1.6986637115478516 1.3739967346191406 -0.7163915038108826 0.5065461993217468 0.47972044348716736
0.7354850172996521 1.6953214406967163 1.382325291633606 -0.6086611747741699 0.4358958601951599 0.6629230380058289
0.7416666150093079 1.6909915208816528 1.3891468048095703 -0.47041231393814087 0.34345531463623047 0.8128299713134766
0.8424110412597656 1.6605815887451172 1.3454644680023193 0.01547288428992033 0.01977599412202835 -0.999664306640625
0.8252750039100647 1.6370253562927246 1.344732403755188 0.01355021819472313 0.021179845556616783 -0.999664306640625
0.8371447324752808 1.6285266876220703 1.3476346731185913 0.32154300808906555 -0.20517593622207642 -0.9243751168251038
0.8542807698249817 1.6520830392837524 1.3483668565750122 0.3241981267929077 -0.2071596384048462 -0.9230018258094788
0.847173810005188 1.6212714910507202 1.3559036254882812 0.5809198021888733 -0.40055543184280396 -0.7085482478141785
0.8643097877502441 1.6448278427124023 1.3566358089447021 0.5833002924919128 -0.40238654613494873 -0.7055268883705139
0.8538326025009155 1.6163662672042847 1.3682781457901 0.7520676255226135 -0.5351115465164185 -0.38471633195877075
0.8709686398506165 1.6399224996566772 1.3690102100372314 0.7533189058303833 -0.5361797213554382 -0.3807489275932312
0.8561093211174011 1.6145563125610352 1.3828754425048828 0.808679461479187 -0.5882137417793274 -0.00198370311409235
0.873245358467102 1.6381125450134277 1.3836076259613037 0.808618426322937 -0.5882747769355774 0.0016479995101690292
0.8536575436592102 1.616117238998413 1.3974732160568237 0.7419049739837646 -0.5515304803848267 0.3812372088432312
0.8707935810089111 1.6396734714508057 1.398205280303955 0.5804315209388733 0.8142338395118713 0.010406811721622944
0.8468503952026367 1.6208112239837646 1.4098488092422485 0.5617542266845703 -0.430585652589798 0.7063814401626587
0.8639864325523376 1.6443674564361572 1.4105809926986694 0.5804315209388733 0.8142338395118713 0.010406811721622944
0.8367221355438232 1.6279253959655762 1.4181195497512817 0.29569384455680847 -0.24381236732006073 0.9236121773719788
0.8538581728935242 1.6514816284179688 1.418851613998413 0.5804315209388733 0.8142338395118713 0.010406811721622944
0.8248176574707031 1.6363744735717773 1.421023964881897 -0.01547288428992033 -0.01977599412202835 0.999664306640625
0.8419536352157593 1.65993070602417 1.4217560291290283 -0.01355021819472313 -0.021179845556616783 0.999664306640625
0.8129479289054871 1.6448731422424316 1.4181216955184937 -0.3242286443710327 0.2071596384048462 0.9230018258094788
0.830083966255188 1.6684293746948242 1.418853759765625 -0.32154300808906555 0.20517593622207642 0.9243751168251038
0.8029201626777649 1.6521273851394653 1.4098527431488037 -0.5833002924919128 0.40238654613494873 0.7055574059486389
0.8200562000274658 1.675683617591858 1.410584807395935 -0.5808892846107483 0.40055543184280396 0.7085787653923035
0.7962600588798523 1.6570335626602173 1.3974782228469849 -0.7533189058303833 0.5361491441726685 0.3807794451713562
0.8133960962295532 1.6805899143218994 1.3982102870941162 -0.7520371079444885 0.5351115465164185 0.38474684953689575
0.7939832806587219 1.6588435173034668 1.3828809261322021 -0.808618426322937 0.5882747769355774 -0.0016479995101690292
0.8111193180084229 1.6823997497558594 1.3836129903793335 -0.808679461479187 0.5882137417793274 0.00198370311409235
0.7964350581169128 1.6572825908660889 1.3682831525802612 -0.7410809397697449 0.5510116815567017 -0.38355663418769836
0.8135711550712585 1.680838942527771 1.3690152168273926 0.5804315209388733 0.8142338395118713 0.010406811721622944
0.8032435774803162 1.652587652206421 1.3559074401855469 -0.5612048506736755 0.430219441652298 -0.7070223093032837
0.8203796148300171 1.6761438846588135 1.3566396236419678 0.5804315209388733 0.8142338395118713 0.010406811721622944
0.8133704662322998 1.6454744338989258 1.3476368188858032 -0.29630419611930847 0.24423962831497192 -0.9233070015907288
0.8305065631866455 1.6690306663513184 1.3483688831329346 0.5804315209388733 0.8142338395118713 0.010406811721622944
0.8423854112625122 1.6605452299118042 1.3497329950332642 -0.013855403289198875 -0.017883846536278725 0.999725341796875
0.8529279232025146 1.6529968976974487 1.3523105382919312 -0.3230079114437103 0.20834986865520477 0.9231544137001038
0.8618335127830505 1.6465544700622559 1.359653115272522 -0.5827203989028931 0.40272223949432373 0.7058320641517639
0.8677487373352051 1.6421968936920166 1.3706443309783936 -0.7535325288772583 0.5356303453445435 0.3811151385307312
0.8697708249092102 1.6405894756317139 1.3836078643798828 -0.809594988822937 0.5869625210762024 -0.001342814415693283
0.8675932884216309 1.6419756412506104 1.3965733051300049 0.5804315209388733 0.8142338395118713 0.010406811721622944
0.8615462779998779 1.6461457014083862 1.4075640439987183 0.5804315209388733 0.8142338395118713 0.010406811721622944
0.8525527119636536 1.6524627208709717 1.4149097204208374 0.5804315209388733 0.8142338395118713 0.010406811721622944
0.8419792652130127 1.6599671840667725 1.4174892902374268 0.012268440797924995 0.01901303231716156 -0.999725341796875
0.8314380645751953 1.6675145626068115 1.4149116277694702 0.32081055641174316 -0.206732377409935 -0.9242835640907288
0.8225312232971191 1.6739579439163208 1.4075675010681152 0.5807672142982483 -0.40122684836387634 -0.7083041071891785
0.8166173100471497 1.678314447402954 1.3965778350830078 0.7524948716163635 -0.5347758531570435 -0.38435012102127075
0.8145952820777893 1.6799218654632568 1.3836126327514648 0.8096255660057068 -0.5869014263153076 -0.0016479995101690292
0.8167727589607239 1.6785356998443604 1.3706488609313965 0.5804315209388733 0.8142338395118713 0.010406811721622944
0.8228184580802917 1.6743667125701904 1.3596564531326294 0.5804315209388733 0.8142338395118713 0.010406811721622944
0.8318133354187012 1.668048620223999 1.352312445640564 0.5804315209388733 0.8142338395118713 0.010406811721622944
0.836317777633667 1.6521754264831543 1.349498987197876 0.26612138748168945 0.3721427023410797 0.8891872763633728
0.835265040397644 1.6506983041763306 1.3525190353393555 0.4976348280906677 0.6980193257331848 0.5148472785949707
0.825745701789856 1.6596788167953491 1.3520784378051758 0.5413373112678528 0.17566454410552979 0.8222296833992004
0.825640857219696 1.6575288772583008 1.3548675775527954 0.6555070877075195 0.5859858989715576 0.4763329029083252
0.8167507648468018 1.6659969091415405 1.3594225645065308 0.7759941220283508 0.010864589363336563 0.6306039690971375
0.8174540996551514 1.6632792949676514 1.361552119255066 0.7897884845733643 0.491683691740036 0.3666493594646454
0.8107050657272339 1.6701658964157104 1.3704149723052979 0.9340494871139526 -0.09686575084924698 0.34372997283935547
0.8119499683380127 1.6670749187469482 1.371558427810669 0.8800927996635437 0.4293954372406006 0.20252083241939545
0.8085275888442993 1.6715521812438965 1.3833787441253662 0.9913327693939209 -0.13119907677173615 0.005737479776144028
0.8099673986434937 1.668337106704712 1.3833599090576172 0.9126254916191101 0.40867334604263306 0.008941923268139362
0.8105496168136597 1.6699446439743042 1.3963439464569092 0.939359724521637 -0.0869472324848175 -0.3317056894302368
0.8118084669113159 1.6668734550476074 1.3951611518859863 0.8824121952056885 0.43272194266319275 -0.18457594513893127
0.8164635896682739 1.665588140487671 1.4073336124420166 0.7863094210624695 0.028809472918510437 -0.617114782333374
0.8171926140785217 1.6629072427749634 1.4051666259765625 0.7940916419029236 0.4977874159812927 -0.3487044870853424
0.8253704309463501 1.6591447591781616 1.4146777391433716 0.555772602558136 0.1984008252620697 -0.8073061108589172
0.8252992630004883 1.6570427417755127 1.4118512868881226 0.6611224412918091 0.5939207077026367 -0.45835748314857483
0.8359115719795227 1.6515973806381226 1.4172552824020386 0.28290659189224243 0.395916610956192 -0.8735923171043396
0.8348952531814575 1.6501719951629639 1.4141981601715088 0.503708004951477 0.7066560983657837 -0.49687185883522034
0.8464850187301636 1.6440930366516113 1.4146758317947388 0.009033478796482086 0.5914182066917419 -0.8062990307807922
0.8445194363594055 1.6433414220809937 1.4118496179580688 0.34583574533462524 0.8186895251274109 -0.45832696557044983
0.8554785847663879 1.6377758979797363 1.4073301553726196 -0.22434155642986298 0.7553331255912781 -0.6157109141349792
0.85270756483078 1.6375900506973267 1.4051635265350342 0.21152378618717194 0.9130527377128601 -0.3486739695072174
0.8615256547927856 1.63360595703125 1.3963394165039062 -0.3820917308330536 0.8629108667373657 -0.33063754439353943
0.8582116961479187 1.6337945461273193 1.3951570987701416 0.12125004082918167 0.9753105044364929 -0.18454542756080627
0.8637031316757202 1.632219672203064 1.3833739757537842 -0.44019898772239685 0.8978545665740967 0.005920590832829475
0.860194206237793 1.6325323581695557 1.3833556175231934 0.08871730417013168 0.9960020780563354 0.009033478796482086
0.8616810441017151 1.6338272094726562 1.370410442352295 -0.3896603286266327 0.8546403646469116 0.3430585563182831
0.8583531379699707 1.6339958906173706 1.3715543746948242 0.1189001128077507 0.9719840288162231 0.20264290273189545
0.8557658195495605 1.6381845474243164 1.3594191074371338 -0.2378002256155014 0.7396771311759949 0.6295052766799927
0.8529690504074097 1.6379621028900146 1.3615490198135376 0.2072206735610962 0.9069185256958008 0.3667409420013428
0.8468602895736694 1.6446270942687988 1.3520766496658325 -0.00753807183355093 0.5702688694000244 0.8214057087898254
0.8448610305786133 1.6438275575637817 1.3548659086227417 0.3402508497238159 0.8107241988182068 0.4763634204864502
0.7860650420188904 1.6645524501800537 1.3245681524276733 0.600421130657196 -0.3903317451477051 -0.6979277729988098
0.8020708560943604 1.688903570175171 1.3247182369232178 0.598895251750946 -0.3893246352672577 -0.6997894048690796
0.7759373784065247 1.6714991331100464 1.3161574602127075 0.3327738344669342 -0.21301919221878052 -0.9186071157455444
0.7919436097145081 1.6958478689193726 1.3163090944290161 0.5643177628517151 0.82552570104599 0.0021057771518826485
0.7639173269271851 1.6797243356704712 1.313086986541748 0.01434369944036007 -0.0032044434919953346 -0.9998779296875
0.7799235582351685 1.704073190689087 1.3132387399673462 0.5643482804298401 0.825495183467865 0.002136295661330223
0.7518355250358582 1.6879758834838867 1.3158237934112549 -0.30649739503860474 0.2072511911392212 -0.9290139675140381
0.767842710018158 1.7123260498046875 1.3159754276275635 -0.3099459707736969 0.20954008400440216 -0.9273659586906433
0.7415310144424438 1.694998860359192 1.3239508867263794 -0.5808892846107483 0.3863033056259155 -0.7164220213890076
0.7575381994247437 1.7193490266799927 1.324102520942688 -0.5831477046012878 0.3877681791782379 -0.713827908039093
0.7345739006996155 1.6997241973876953 1.3362319469451904 -0.7667775750160217 0.5064851641654968 -0.39429914951324463
0.7505800724029541 1.7240729331970215 1.3363819122314453 -0.7675710320472717 0.5070040225982666 -0.39204075932502747
0.7320212125778198 1.7014302015304565 1.3507956266403198 -0.8355052471160889 0.5493026375770569 -0.011871700175106525
0.7480283975601196 1.7257804870605469 1.3509472608566284 0.5644093155860901 0.82546466588974 0.0021057771518826485
0.7342622876167297 1.699859857559204 1.3654260635375977 -0.7765434980392456 0.5081636905670166 0.3724173605442047
0.7502694129943848 1.7242101430892944 1.3655778169631958 -0.7768486738204956 0.5083467960357666 0.3715018033981323
0.7409568428993225 1.6952519416809082 1.377895712852478 -0.598895251750946 0.3893246352672577 0.6997588872909546
0.7569630146026611 1.719600796699524 1.3780473470687866 -0.600421130657196 0.3903317451477051 0.6978972554206848
0.7510844469070435 1.688305377960205 1.3863064050674438 -0.32981353998184204 0.21106600761413574 0.9201025366783142
0.7670916318893433 1.7126555442810059 1.3864580392837524 0.5643482804298401 0.825495183467865 0.0020142216235399246
0.7631044983863831 1.6800801753997803 1.3893768787384033 -0.010589922778308392 0.0007324442267417908 0.99993896484375
0.7791116237640381 1.704430341720581 1.389528512954712 0.5643482804298401 0.825495183467865 0.0021668141707777977
0.7751862406730652 1.6718286275863647 1.3866400718688965 0.3099459707736969 -0.20950956642627716 0.9273659586906433
0.7911924719810486 1.6961774826049805 1.386791706085205 0.5644093155860901 0.82546466588974 0.0022583696991205215
0.785490870475769 1.6648056507110596 1.378512978553772 0.5831477046012878 -0.3877986967563629 0.713797390460968
0.8014971017837524 1.6891543865203857 1.3786646127700806 0.5643787980079651 0.825495183467865 0.002227851189672947
0.7924479246139526 1.6600803136825562 1.366231918334961 0.7675710320472717 -0.5070345401763916 0.39204075932502747
0.8084551095962524 1.6844305992126465 1.366383671760559 0.7667775750160217 -0.5065156817436218 0.39429914951324463
0.7950006723403931 1.6583741903305054 1.3516682386398315 0.8355052471160889 -0.5493026375770569 0.01104770042002201
0.8110069036483765 1.682723045349121 1.3518198728561401 0.8355052471160889 -0.5493026375770569 0.011871700175106525
0.7927595376968384 1.6599445343017578 1.3370376825332642 0.7768486738204956 -0.5083467960357666 -0.3715323209762573
0.8087658286094666 1.684293270111084 1.3371894359588623 0.7765434980392456 -0.5081636905670166 -0.3724173605442047
0.7995481491088867 1.6906192302703857 1.3277021646499634 -0.5976134538650513 0.39152196049690247 0.6996673345565796
0.7905533313751221 1.6967887878417969 1.3202331066131592 0.5643177628517151 0.82552570104599 0.0021057771518826485
0.779877781867981 1.7040936946868896 1.3175058364868164 0.5643482804298401 0.825495183467865 0.002136295661330223
0.7691482305526733 1.7114216089248657 1.3199361562728882 0.3092745840549469 -0.20990630984306335 0.9274880290031433
0.7599974274635315 1.7176601886749268 1.3271533250808716 0.5819879770278931 -0.3891414999961853 0.7140110731124878
0.7538180351257324 1.7218546867370605 1.338060975074768 0.766045093536377 -0.5091708302497864 0.39225441217422485
0.7515514492988586 1.7233715057373047 1.3509957790374756 0.5644093155860901 0.82546466588974 0.0021057771518826485
0.753541111946106 1.7219772338867188 1.3639905452728271 0.7751701474189758 -0.5108188390731812 -0.3716239035129547
0.7594860792160034 1.7178828716278076 1.3750650882720947 0.598895251750946 -0.39234596490859985 -0.6981108784675598
0.7684819102287292 1.711714744567871 1.3825340270996094 0.5643482804298401 0.825495183467865 0.0020142216235399246
0.7791560888290405 1.7044107913970947 1.3852612972259521 0.5643482804298401 0.825495183467865 0.0021668141707777977
0.7898869514465332 1.6970818042755127 1.38283109664917 0.5644093155860901 0.82546466588974 0.0022583696991205215
0.7990378141403198 1.6908433437347412 1.3756122589111328 0.5643787980079651 0.825495183467865 0.002227851189672947
0.8052172660827637 1.6866488456726074 1.36470627784729 0.5643482804298401 0.825495183467865 0.002136295661330223
0.8074837923049927 1.6851317882537842 1.3517698049545288 0.5643787980079651 0.82546466588974 0.0021057771518826485
0.8054940700531006 1.6865262985229492 1.338776707649231 0.5643482804298401 0.82552570104599 0.0021668141707777977
0.7910399436950684 1.681748390197754 1.329774260520935 0.18756675720214844 0.9156468510627747 0.3555101156234741
0.7938416600227356 1.6819977760314941 1.327652931213379 -0.2599566578865051 0.7412946224212646 0.6187627911567688
0.7997876405715942 1.6779048442840576 1.3387274742126465 -0.41584521532058716 0.8473769426345825 0.33008819818496704
0.7964518070220947 1.6780226230621338 1.3398544788360596 0.09884945303201675 0.9767448902130127 0.1900997906923294
0.8017786741256714 1.6765093803405762 1.351722240447998 -0.4678182303905487 0.8837549686431885 -0.008911404758691788
0.7982635498046875 1.6767537593841553 1.351683497428894 0.06921598315238953 0.9975890517234802 -0.003875850699841976
0.7995111346244812 1.6780250072479248 1.3646570444107056 -0.40787988901138306 0.8448439240455627 -0.34620195627212524
0.796200156211853 1.6781326532363892 1.3634591102600098 0.1030915230512619 0.9749442934989929 -0.19705802202224731
0.7933313250541687 1.68222177028656 1.375564694404602 -0.2453077733516693 0.7366252541542053 -0.6302072405815125
0.790574312210083 1.6819531917572021 1.3733874559402466 0.19531846046447754 0.9122592806816101 -0.35996583104133606
0.7841795086860657 1.688459038734436 1.382781744003296 -0.005188146606087685 0.5758842825889587 -0.8174993395805359
0.7822444438934326 1.6876308917999268 1.3799583911895752 0.3319498300552368 0.8191167712211609 -0.4677571952342987
0.7734509706497192 1.6957883834838867 1.3852120637893677 0.27552109956741333 0.3872188329696655 -0.8798485994338989
0.7724765539169312 1.6943025588989258 1.3821696043014526 0.4921414852142334 0.7096468806266785 -0.504135251045227
0.7627754211425781 1.70309317111969 1.3824864625930786 0.5541856288909912 0.1993774175643921 -0.808130145072937
0.7627590894699097 1.7009516954421997 1.3796881437301636 0.65153968334198 0.600543200969696 -0.46345409750938416
0.7537809610366821 1.7092604637145996 1.3750157356262207 0.7885677814483643 0.04095584154129028 -0.6135441064834595
0.7545710802078247 1.7065658569335938 1.3728886842727661 0.7859736680984497 0.5082857608795166 -0.35190892219543457
0.7478359937667847 1.7133547067642212 1.3639413118362427 0.9432050585746765 -0.06427197903394699 -0.3258766531944275
0.7491592764854431 1.7102916240692139 1.362806797027588 0.8748130798339844 0.44709616899490356 -0.18646809458732605
0.7458449602127075 1.714750051498413 1.3509480953216553 0.9948728680610657 -0.10043641179800034 0.011230811476707458
0.7473471164703369 1.7115627527236938 1.3509777784347534 0.904507577419281 0.4263130724430084 0.007629627361893654
0.7481114864349365 1.7132331132888794 1.3380134105682373 0.9357890486717224 -0.06201361119747162 0.34699544310569763
0.74941086769104 1.7101815938949585 1.3392037153244019 0.8706320524215698 0.44901883602142334 0.20084230601787567
0.754291296005249 1.7090363502502441 1.3271056413650513 0.7747429013252258 0.04519791156053543 0.6306039690971375
0.7550355195999146 1.7063618898391724 1.329275369644165 0.7783135175704956 0.5117648839950562 0.3636890649795532
0.763441801071167 1.7028000354766846 1.3198869228363037 0.5359050035476685 0.20508438348770142 0.8189641833305359
0.7633662223815918 1.7006856203079224 1.322704553604126 0.6416211128234863 0.6050294637680054 0.47141942381858826
0.7741726636886597 1.695471167564392 1.317456603050232 0.2553789019584656 0.39347514510154724 0.8831140995025635
0.7731341123580933 1.694014072418213 1.3204916715621948 0.48136845231056213 0.7144383192062378 0.5077669620513916
0.7848482131958008 1.6881662607192993 1.3201838731765747 -0.024170659482479095 0.5818048715591431 0.8129520416259766
0.7828506827354431 1.6873635053634644 1.3229748010635376 0.32193976640701294 0.8234809637069702 0.4671162962913513
0.7209275364875793 1.7104750871658325 1.428856611251831 -0.0 0.0 -0.999969482421875
0.7209275364875793 1.7104750871658325 1.428856611251831 0.8182012438774109 -0.574907660484314 -0.0
0.8689604997634888 1.6064616441726685 1.428856611251831 -0.0 0.0 -1.0
0.8689604997634888 1.6064616441726685 1.428856611251831 -0.8182012438774109 0.574907660484314 -0.0
0.8689604997634888 1.6064616441726685 1.3040482997894287 -0.8182012438774109 0.574907660484314 -0.0
0.8689604997634888 1.6064616441726685 1.3040482997894287 -0.0 0.0 1.0
0.8722772598266602 1.6111820936203003 1.3040482997894287 -0.8182012438774109 0.574907660484314 -0.0
0.8722772598266602 1.6111820936203003 1.3040482997894287 -0.0 0.0 1.0
0.7209275364875793 1.7104750871658325 1.3040484189987183 -0.0 0.0 1.0
0.7209275364875793 1.7104750871658325 1.3040484189987183 0.8182012438774109 -0.574907660484314 -0.0
0.7242443561553955 1.7151955366134644 1.3040484189987183 0.8182012438774109 -0.574907660484314 -0.0
0.7242443561553955 1.7151955366134644 1.3040484189987183 -0.0 0.0 1.0
0.7242443561553955 1.7151955366134644 1.428856611251831 0.8182012438774109 -0.574907660484314 -0.0
0.7242443561553955 1.7151955366134644 1.428856611251831 0.574907660484314 0.8182012438774109 -0.0
0.8722772598266602 1.6111820936203003 1.428856611251831 -0.0 0.0 -1.0
0.8722772598266602 1.6111820936203003 1.428856611251831 -0.8182012438774109 0.574907660484314 -0.0
0.8084551095962524 1.6844305992126465 1.366383671760559 0.5643482804298401 0.825495183467865 0.002136295661330223
0.8110069036483765 1.682723045349121 1.3518198728561401 0.5643787980079651 0.82546466588974 0.0021057771518826485
0.7599974274635315 1.7176601886749268 1.3271533250808716 0.5643787980079651 0.825495183467865 0.002227851189672947
0.7538180351257324 1.7218546867370605 1.338060975074768 0.5643482804298401 0.825495183467865 0.002136295661330223
0.7575381994247437 1.7193490266799927 1.324102520942688 0.5643787980079651 0.825495183467865 0.002227851189672947
0.7505800724029541 1.7240729331970215 1.3363819122314453 0.5643482804298401 0.825495183467865 0.002136295661330223
0.7558029294013977 1.6865178346633911 1.3084465265274048 -0.23306985199451447 0.14053773880004883 -0.9622181057929993
0.7481050491333008 1.691946029663086 1.312285304069519 -0.40238654613494873 0.2597735524177551 -0.8778038620948792
0.8087658286094666 1.684293270111084 1.3371894359588623 0.5643482804298401 0.82552570104599 0.0021668141707777977
0.8020708560943604 1.688903570175171 1.3247182369232178 0.5642872452735901 0.825556218624115 0.0021973326802253723
0.8595899343490601 1.6136744022369385 1.3696203231811523 0.7881710529327393 -0.5518051981925964 -0.27249976992607117
0.8609514236450195 1.6127455234527588 1.3796589374542236 0.8203985691070557 -0.5694143772125244 -0.05148472636938095
0.8604522943496704 1.6131292581558228 1.3898112773895264 0.8114566206932068 -0.5584582090377808 0.17212438583374023
0.8615462779998779 1.6461457014083862 1.4075640439987183 -0.5629749298095703 0.4279000163078308 -0.7070528268814087
0.8525527119636536 1.6524627208709717 1.4149097204208374 -0.29798272252082825 0.24182866513729095 -0.9233985543251038
0.8675932884216309 1.6419756412506104 1.3965733051300049 -0.7426068782806396 0.5490584969520569 -0.38340404629707336
0.7805472016334534 1.6694104671478271 1.4089245796203613 -0.3093661367893219 0.23438215255737305 0.921567440032959
0.8095000982284546 1.6490824222564697 1.4238139390945435 -0.26657918095588684 0.20508438348770142 0.9417096376419067
0.7515943050384521 1.6897382736206055 1.394033432006836 -0.35190892219543457 0.2633747458457947 0.8981902599334717
0.8174846768379211 1.6434733867645264 1.4266862869262695 -0.13278603553771973 0.11331522464752197 0.9846186637878418
0.8677487373352051 1.6421968936920166 1.3706443309783936 0.5804315209388733 0.8142338395118713 0.010406811721622944
0.8697708249092102 1.6405894756317139 1.3836078643798828 0.5804315209388733 0.8142338395118713 0.010406811721622944
0.8618335127830505 1.6465544700622559 1.359653115272522 0.5804315209388733 0.8142338395118713 0.010406811721622944
0.8092504143714905 1.6489601135253906 1.3251891136169434 0.3094271719455719 -0.23432111740112305 -0.921567440032959
0.8382033109664917 1.6286323070526123 1.3400802612304688 0.35126805305480957 -0.2627643644809723 -0.8986175060272217
0.7802975177764893 1.6692880392074585 1.3102997541427612 0.26584672927856445 -0.20465712249279022 -0.9420148134231567
0.8454681634902954 1.6235356330871582 1.3450499773025513 0.47044283151626587 -0.34339427947998047 -0.8128604888916016
0.8540650606155396 1.6176787614822388 1.4084440469741821 0.6738181710243225 -0.4542374908924103 0.5827203989028931
0.8484967947006226 1.6216204166412354 1.415989637374878 0.5519883036613464 -0.3662221133708954 0.7490768432617188
0.8581172227859497 1.6148004531860352 1.3995696306228638 0.7618030309677124 -0.5194250345230103 0.3870967626571655
0.8416925668716431 1.6264244318008423 1.4218283891677856 0.40247809886932373 -0.2598345875740051 0.8777428269386292
0.8423854112625122 1.6605452299118042 1.3497329950332642 0.5804315209388733 0.8142338395118713 0.010406811721622944
0.8529279232025146 1.6529968976974487 1.3523105382919312 0.5804315209388733 0.8142338395118713 0.010406811721622944
0.7302086353302002 1.7046973705291748 1.3644933700561523 -0.7886898517608643 0.5521714091300964 0.2702414095401764
0.7333605289459229 1.7025080919265747 1.3739135265350342 -0.7173680663108826 0.5071871280670166 0.4775841534137726
0.7288462519645691 1.705625057220459 1.3544564247131348 -0.8204596042633057 0.5695059299468994 0.04928739368915558
0.7381479740142822 1.699164867401123 1.382242202758789 -0.6099429130554199 0.4367503821849823 0.6611835360527039
0.7443281412124634 1.694835901260376 1.3890637159347534 -0.47187718749046326 0.34443190693855286 0.8115787506103516
0.8314380645751953 1.6675145626068115 1.4149116277694702 0.5804315209388733 0.8142338395118713 0.010406811721622944
0.8225312232971191 1.6739579439163208 1.4075675010681152 0.5804315209388733 0.8142338395118713 0.010406811721622944
0.8419792652130127 1.6599671840667725 1.4174892902374268 0.5804315209388733 0.8142338395118713 0.010406811721622944
0.8166173100471497 1.678314447402954 1.3965778350830078 0.5804315209388733 0.8142338395118713 0.010406811721622944
0.8145952820777893 1.6799218654632568 1.3836126327514648 0.5804315209388733 0.8142338395118713 0.010406811721622944
0.8167727589607239 1.6785356998443604 1.3706488609313965 0.7433088421821594 -0.5495162606239319 0.3814508616924286
0.7357325553894043 1.7006916999816895 1.3256711959838867 -0.6732993721961975 0.4538407623767853 -0.5836359858512878
0.7316803336143494 1.7035701274871826 1.3345457315444946 -0.7613147497177124 0.5190283060073853 -0.3885616660118103
0.8228184580802917 1.6743667125701904 1.3596564531326294 0.5634021759033203 -0.4282051920890808 0.7065035104751587
0.8318133354187012 1.668048620223999 1.352312445640564 0.29743340611457825 -0.24143192172050476 0.9236732125282288
0.7293462753295898 1.70524263381958 1.3443024158477783 -0.8111819624900818 0.5582140684127808 -0.1741081029176712
0.8339946866035461 1.6318527460098267 1.4256671667099 0.23273415863513947 -0.14041566848754883 0.9623401761054993
0.8419536352157593 1.65993070602417 1.4217560291290283 0.5804315209388733 0.8142338395118713 0.010406811721622944
0.830083966255188 1.6684293746948242 1.418853759765625 0.5804315209388733 0.8142338395118713 0.010406811721622944
0.8538581728935242 1.6514816284179688 1.418851613998413 0.29630419611930847 -0.24423962831497192 0.9233070015907288
0.8200562000274658 1.675683617591858 1.410584807395935 0.5804315209388733 0.8142338395118713 0.010406811721622944
0.8257882595062256 1.6376330852508545 1.4273145198822021 0.051271095871925354 -0.01388592179864645 0.9985656142234802
0.7723129391670227 1.6748971939086914 1.3074274063110352 0.13147373497486115 -0.11273537576198578 -0.9848628044128418
0.8639864325523376 1.6443674564361572 1.4105809926986694 0.5612048506736755 -0.430219441652298 0.7070223093032837
0.7919436097145081 1.6958478689193726 1.3163090944290161 0.32981353998184204 -0.21109652519226074 -0.9201025366783142
0.8707935810089111 1.6396734714508057 1.398205280303955 0.7411114573478699 -0.5510421991348267 0.38349559903144836
0.873245358467102 1.6381125450134277 1.3836076259613037 0.5804315209388733 0.8142338395118713 0.010406811721622944
0.8709686398506165 1.6399224996566772 1.3690102100372314 0.5804315209388733 0.8142338395118713 0.010406811721622944
0.8643097877502441 1.6448278427124023 1.3566358089447021 0.5804315209388733 0.8142338395118713 0.010406811721622944
0.8424110412597656 1.6605815887451172 1.3454644680023193 0.5804315209388733 0.8142338395118713 0.010406811721622944
0.8542807698249817 1.6520830392837524 1.3483668565750122 0.5804315209388733 0.8142338395118713 0.010406811721622944
0.8305065631866455 1.6690306663513184 1.3483688831329346 -0.29569384455680847 0.24381236732006073 -0.9236121773719788
0.7905533313751221 1.6967887878417969 1.3202331066131592 -0.32917264103889465 0.21256141364574432 0.9200109839439392
0.779877781867981 1.7040936946868896 1.3175058364868164 -0.01065095979720354 0.001342814415693283 0.99993896484375
0.7691482305526733 1.7114216089248657 1.3199361562728882 0.5644093155860901 0.82546466588974 0.002227851189672947
0.753541111946106 1.7219772338867188 1.3639905452728271 0.5644398331642151 0.825434148311615 0.002136295661330223
0.7594860792160034 1.7178828716278076 1.3750650882720947 0.5644093155860901 0.82546466588974 0.0020447401329874992
0.7791116237640381 1.704430341720581 1.389528512954712 -0.01434369944036007 0.0032044434919953346 0.9998779296875
0.7911924719810486 1.6961774826049805 1.386791706085205 0.30649739503860474 -0.2072511911392212 0.9290139675140381
0.8014971017837524 1.6891543865203857 1.3786646127700806 0.5808892846107483 -0.3863338232040405 0.7164220213890076
0.7569630146026611 1.719600796699524 1.3780473470687866 0.5644093155860901 0.82546466588974 0.0020447401329874992
0.7670916318893433 1.7126555442810059 1.3864580392837524 -0.3327738344669342 0.21301919221878052 0.9186071157455444
0.767842710018158 1.7123260498046875 1.3159754276275635 0.5644093155860901 0.82546466588974 0.002227851189672947
0.7480283975601196 1.7257804870605469 1.3509472608566284 -0.8355357646942139 0.5493026375770569 -0.01104770042002201
0.8074837923049927 1.6851317882537842 1.3517698049545288 -0.8338572382926941 0.5518357157707214 -0.011780144646763802
0.8054940700531006 1.6865262985229492 1.338776707649231 -0.7748954892158508 0.5107272267341614 0.3723868429660797
0.8052172660827637 1.6866488456726074 1.36470627784729 -0.765404224395752 0.5086824893951416 -0.39414656162261963
0.8133960962295532 1.6805899143218994 1.3982102870941162 0.5804315209388733 0.8142338395118713 0.010406811721622944
0.7502694129943848 1.7242101430892944 1.3655778169631958 0.5644398331642151 0.825434148311615 0.002136295661330223
0.7640093564987183 1.6807374954223633 1.3067991733551025 -0.05212561413645744 0.014191106893122196 -0.9985350966453552
0.8111193180084229 1.6823997497558594 1.3836129903793335 0.5804315209388733 0.8142338395118713 0.010406811721622944
0.8135711550712585 1.680838942527771 1.3690152168273926 -0.7418744564056396 0.5515304803848267 -0.3812677264213562
0.8203796148300171 1.6761438846588135 1.3566396236419678 -0.5617237091064453 0.430585652589798 -0.7064119577407837
0.7684819102287292 1.711714744567871 1.3825340270996094 0.3315836191177368 -0.2142704576253891 -0.9187597036361694
0.7791560888290405 1.7044107913970947 1.3852612972259521 0.013733329251408577 -0.003418073058128357 -0.9998779296875
0.7898869514465332 1.6970818042755127 1.38283109664917 -0.30637532472610474 0.20804467797279358 -0.9288613796234131
0.8516506552696228 1.6192069053649902 1.3518714904785156 0.6086001396179199 -0.4359874129295349 -0.6629230380058289
0.8564380407333374 1.6158638000488281 1.3602001667022705 0.7162999510765076 -0.5066682696342468 -0.47978147864341736
0.7413017749786377 1.696751594543457 1.3181241750717163 -0.5516220331192017 0.3659779727458954 -0.7494735717773438
0.7995481491088867 1.6906192302703857 1.3277021646499634 0.5642872452735901 0.825556218624115 0.0021973326802253723
0.7515514492988586 1.7233715057373047 1.3509957790374756 0.8338267207145691 -0.5518967509269714 0.011139255948364735
0.7799235582351685 1.704073190689087 1.3132387399673462 0.010589922778308392 -0.0007324442267417908 -0.99993896484375
0.7990378141403198 1.6908433437347412 1.3756122589111328 -0.5800958275794983 0.3879512846469879 -0.7162083983421326
246 237 245
237 246 248
251 240 239
240 251 242
10 238 236
238 10 250
243 244 241
244 243 247
0 5 6
5 0 4
9 3 8
3 9 2
1 4 0
4 1 249
5 7 6
7 5 11
11 1 7
1 11 249
120 134 132
134 120 119
112 150 148
150 112 111
110 154 152
154 110 109
259 65 66
65 259 258
220 195 196
195 220 222
81 78 79
78 81 80
76 106 316
106 76 77
109 124 154
124 109 108
118 138 136
138 118 117
99 96 97
96 99 98
316 104 337
104 316 106
336 100 101
100 336 102
117 140 138
140 117 116
230 318 191
318 230 232
343 66 67
66 343 259
85 82 83
82 85 84
83 80 81
80 83 82
224 193 345
193 224 226
326 176 322
176 326 174
108 126 124
126 108 299
295 132 130
132 295 120
79 77 76
77 79 78
304 88 308
88 304 90
119 136 134
136 119 118
93 90 304
90 93 92
97 94 95
94 97 96
111 152 150
152 111 110
95 92 93
92 95 94
310 84 85
84 310 86
31 29 32
29 31 30
35 29 36
29 35 34
37 29 38
29 37 36
39 29 40
29 39 38
14 12 15
12 14 13
17 25 26
30 28 29
28 30 27
17 18 19
18 17 16
17 20 21
20 17 19
17 22 23
22 17 21
41 29 42
29 41 40
17 24 25
24 17 23
41 42 43
70 297 69
297 70 300
275 60 61
60 275 276
296 67 68
67 296 343
167 168 328
168 167 166
234 188 317
188 234 205
163 164 165
164 163 162
210 347 331
347 210 212
205 330 188
330 205 206
271 46 47
46 271 269
258 64 65
64 258 334
44 289 75
289 44 270
73 285 72
285 73 286
228 191 192
191 228 230
342 58 341
58 342 57
218 196 338
196 218 220
297 68 69
68 297 296
282 49 50
49 282 301
280 50 51
50 280 282
264 55 263
55 264 54
281 54 264
54 281 53
157 158 309
158 157 156
74 286 73
286 74 288
263 56 262
56 263 55
308 86 310
86 308 88
101 98 99
98 101 100
303 291 305
291 303 290
256 319 327
319 256 254
253 201 252
201 253 202
179 198 177
198 179 199
91 292 302
292 91 115
177 197 175
197 177 198
311 113 87
113 311 273
312 273 311
273 312 272
257 254 256
254 257 255
181 199 179
199 181 200
314 284 315
284 314 283
105 123 107
123 105 122
161 189 159
189 161 190
335 121 103
121 335 294
139 140 141
140 139 138
137 138 139
138 137 136
143 144 145
144 143 142
129 130 131
130 129 128
229 226 227
226 229 228
204 234 235
234 204 205
131 132 133
132 131 130
133 134 135
134 133 132
145 146 147
146 145 144
153 154 155
154 153 152
155 124 125
124 155 154
125 126 127
126 125 124
221 218 219
218 221 220
211 208 209
208 211 210
141 142 143
142 141 140
185 186 187
186 185 184
324 182 183
182 324 180
323 180 324
180 323 178
71 300 70
300 71 287
72 287 71
287 72 285
183 184 185
184 183 182
171 172 173
172 171 170
309 160 346
160 309 158
173 174 326
174 173 172
328 170 171
170 328 168
103 122 105
122 103 121
325 320 333
320 325 321
261 203 260
203 261 344
327 190 161
190 327 319
333 194 169
194 333 320
305 293 332
293 305 291
87 114 89
114 87 113
107 283 314
283 107 123
260 202 253
202 260 203
252 200 181
200 252 201
169 255 257
255 169 194
89 115 91
115 89 114
315 274 313
274 315 284
332 294 335
294 332 293
302 290 303
290 302 292
209 206 207
206 209 208
127 128 129
128 127 126
223 220 221
220 223 222
147 148 149
148 147 146
233 230 231
230 233 232
149 150 151
150 149 148
215 212 213
212 215 214
213 210 211
210 213 212
227 224 225
224 227 226
217 214 215
214 217 216
219 216 217
216 219 218
235 232 233
232 235 234
151 152 153
152 151 150
231 228 229
228 231 230
207 205 204
205 207 206
225 222 223
222 225 224
334 63 64
63 334 307
281 52 53
52 281 279
75 288 74
288 75 289
212 340 347
340 212 214
306 47 48
47 306 271
341 59 278
59 341 58
222 345 195
345 222 224
301 48 49
48 301 306
226 192 193
192 226 228
165 166 167
166 165 164
214 339 340
339 214 216
206 329 330
329 206 208
337 102 336
102 337 104
269 45 46
45 269 268
265 146 144
146 265 267
267 148 146
148 267 112
175 321 325
321 175 197
159 344 261
344 159 189
299 128 126
128 299 298
208 331 329
331 208 210
266 144 142
144 266 265
322 178 323
178 322 176
262 57 342
57 262 56
28 15 17
15 28 27
270 45 268
45 270 44
307 62 63
62 307 277
278 60 276
60 278 59
279 51 52
51 279 280
216 338 339
338 216 218
346 162 163
162 346 160
187 156 157
156 187 186
116 142 140
142 116 266
275 62 277
62 275 61
298 130 128
130 298 295
232 317 318
317 232 234
33 29 34
29 33 32
135 136 137
136 135 134
313 272 312
272 313 274
15 16 17
16 15 12
LABEL Group3
MATERIAL 4
TEXTURE 0
GEOM 138 224
0.8319953680038452 1.6464436054229736 1.4181041717529297 0.3035981357097626 0.4214911460876465 -0.8544877171516418
0.8464294672012329 1.643211007118225 1.4157941341400146 -0.2706076204776764 0.28070923686027527 -0.9208349585533142
0.8354755640029907 1.6509853601455688 1.4184659719467163 0.03323465585708618 0.05401775985956192 -0.9979552626609802
0.8429493308067322 1.6386691331863403 1.415432333946228 0.036835841834545135 0.6156803965568542 -0.7871028780937195
0.855746865272522 1.6366664171218872 1.4081846475601196 -0.5337381958961487 0.46522414684295654 -0.7061372995376587
0.8522667288780212 1.6321245431900024 1.407822847366333 -0.19211401045322418 0.7763909101486206 -0.600238025188446
0.8620110750198364 1.632346749305725 1.3967982530593872 -0.7172765135765076 0.5803399682044983 -0.38560137152671814
0.8585309386253357 1.6278048753738403 1.3964364528656006 -0.3497115969657898 0.8800317645072937 -0.32126834988594055
0.8642679452896118 1.6309099197387695 1.3833662271499634 -0.7935117483139038 0.6085085868835449 -0.006042664870619774
0.8607877492904663 1.6263680458068848 1.3830043077468872 -0.4122745394706726 0.9109774827957153 0.009277626872062683
0.8621721267700195 1.6325758695602417 1.3699344396591187 -0.7497787475585938 0.5445722937583923 0.37577441334724426
0.858691930770874 1.6280341148376465 1.369572639465332 -0.36924344301223755 0.8638569116592407 0.3425702750682831
0.8560444116592407 1.6370898485183716 1.3585491180419922 -0.5915707945823669 0.3974120318889618 0.7014679312705994
0.85256427526474 1.6325480937957764 1.3581873178482056 -0.22577592730522156 0.7448042035102844 0.6278877854347229
0.8468182682991028 1.6437642574310303 1.3509411811828613 -0.3422650694847107 0.18890957534313202 0.9204077124595642
0.8433380722999573 1.639222502708435 1.3505793809890747 -0.002533036284148693 0.5711538791656494 0.8208258152008057
0.835896372795105 1.651584267616272 1.3482712507247925 -0.040009766817092896 -0.048829615116119385 0.9979857802391052
0.8324161767959595 1.6470425128936768 1.3479094505310059 0.5090487599372864 0.7140415906906128 0.48054444789886475
0.8249438405036926 1.6593576669692993 1.3509430885314941 0.2684408128261566 -0.2791528105735779 0.921933650970459
0.8214636445045471 1.654815912246704 1.3505812883377075 0.6561784744262695 0.6096377372741699 0.4446546733379364
0.8156250715255737 1.6659032106399536 1.3585526943206787 0.5355998277664185 -0.4664754271507263 0.7039093971252441
0.8121448755264282 1.6613614559173584 1.3581907749176025 0.7813043594360352 0.52177494764328 0.3424482047557831
0.8093608617782593 1.6702229976654053 1.3699390888214111 0.7202673554420471 -0.5819879770278931 0.37739187479019165
0.8058806657791138 1.6656811237335205 1.369577169418335 0.8654133677482605 0.46375927329063416 0.1895199418067932
0.8071053624153137 1.6716588735580444 1.383371114730835 0.7940000891685486 -0.6078371405601501 -0.006988738663494587
0.8036251664161682 1.6671169996261597 1.3830093145370483 0.9918820858001709 -0.1267128586769104 0.008880886249244213
0.8091998100280762 1.6699937582015991 1.3968029022216797 0.7456587553024292 -0.5402997136116028 -0.3899044692516327
0.8057196140289307 1.665452003479004 1.3964409828186035 0.9424115419387817 -0.07504501193761826 -0.3258156180381775
0.815327525138855 1.6654797792434692 1.4081882238388062 0.5833308100700378 -0.3902401924133301 -0.712302029132843
0.8118473291397095 1.660938024520874 1.40782630443573 0.7934812307357788 0.047822505235672 -0.6066774725914001
0.8245550394058228 1.6588044166564941 1.4157960414886475 0.3329264223575592 -0.18137149512767792 -0.9253212213516235
0.8210748434066772 1.654262661933899 1.4154342412948608 0.5690175890922546 0.2222663015127182 -0.791680634021759
0.7526409029960632 1.7091407775878906 1.3758670091629028 0.6236762404441833 -0.3587145507335663 -0.69447922706604
0.7464827299118042 1.7133820056915283 1.3643934726715088 0.8019959330558777 -0.4692220687866211 -0.36954861879348755
0.749720573425293 1.7042083740234375 1.3757920265197754 0.7949461340904236 0.07724234461784363 -0.6017029285430908
0.7435615062713623 1.7084481716156006 1.3643184900283813 0.9475691914558411 -0.02233954891562462 -0.3186742663383484
0.744419515132904 1.7148267030715942 1.350932002067566 0.8603777885437012 -0.5095370411872864 0.010132145136594772
0.7414992451667786 1.7098942995071411 1.3508570194244385 0.9982604384422302 -0.057649463415145874 0.011780144646763802
0.7467694878578186 1.7132563591003418 1.3375306129455566 0.790215790271759 -0.47370830178260803 0.3887142539024353
0.7438481450080872 1.708322525024414 1.3374574184417725 0.939603865146637 -0.023316141217947006 0.3413800597190857
0.7531700134277344 1.7089091539382935 1.3262321949005127 0.6011536121368408 -0.3666798770427704 0.7100131511688232
0.7502497434616089 1.7039767503738403 1.3261573314666748 0.7795953154563904 0.07583849877119064 0.6216315031051636
0.7626512050628662 1.7024465799331665 1.3187546730041504 0.32035279273986816 -0.20374156534671783 0.9251075983047485
0.759730875492096 1.6975141763687134 1.318679690361023 0.5410016179084778 0.22602008283138275 0.8100528120994568
0.773767352104187 1.6948542594909668 1.3162354230880737 -0.01025421917438507 -0.009094515815377235 0.9998779296875
0.7708470225334167 1.6899218559265137 1.3161604404449463 0.25885799527168274 0.4051637351512909 0.8768272995948792
0.7848266363143921 1.6872867345809937 1.3190616369247437 -0.3401592969894409 0.18741416931152344 0.921475887298584
0.7819063067436218 1.682354211807251 1.3189866542816162 -0.0239265114068985 0.5860774517059326 0.8098697066307068
0.7941460609436035 1.680896520614624 1.3267995119094849 -0.618091344833374 0.3552964925765991 0.7011932730674744
0.7912247776985168 1.6759626865386963 1.3267245292663574 0.21900081634521484 0.9176915884017944 0.33140048384666443
0.8003042340278625 1.6766552925109863 1.338273048400879 -0.8008972406387329 0.4685201644897461 0.3728141188621521
0.7973839044570923 1.6717228889465332 1.338198184967041 0.13626514375209808 0.9746696352958679 0.17725150287151337
0.8023673892021179 1.6752105951309204 1.3517345190048218 -0.8602862358093262 0.5096285939216614 -0.012970366515219212
0.7994471192359924 1.6702781915664673 1.3516595363616943 0.10858485847711563 0.9940794110298157 -0.003479110077023506
0.8000198602676392 1.6767812967300415 1.365135908126831 -0.7871028780937195 0.47221291065216064 -0.3968321681022644
0.7970972061157227 1.6718485355377197 1.3650609254837036 0.14011047780513763 0.9729605913162231 -0.1834162473678589
0.7936169505119324 1.6811281442642212 1.376434326171875 -0.5927915573120117 0.36188849806785583 -0.7194433212280273
0.7906966209411621 1.676195740699768 1.3763593435287476 -0.24469740688800812 0.7396771311759949 -0.6268501877784729
0.7841358184814453 1.6875907182693481 1.3839118480682373 -0.3075960576534271 0.19611194729804993 -0.9310587048530579
0.7812144756317139 1.6826568841934204 1.3838385343551636 -0.00030518509447574615 0.5854671001434326 -0.8106631636619568
0.7730196714401245 1.6951830387115479 1.386431097984314 0.024140141904354095 0.00079348124563694 -0.99969482421875
0.7700983881950378 1.6902492046356201 1.3863561153411865 0.28321176767349243 0.4053773581981659 -0.869167149066925
0.7619603276252747 1.702750563621521 1.383604884147644 0.3510544002056122 -0.19391460716724396 -0.9160435795783997
0.7590399980545044 1.6978181600570679 1.3835299015045166 0.5622119903564453 0.22705771028995514 -0.7951902747154236
0.8364853858947754 1.6368087530136108 1.3606104850769043 0.40907010436058044 0.8329111337661743 0.3726615309715271
0.8289619088172913 1.642195463180542 1.3587695360183716 0.5313577651977539 0.7453535795211792 0.40256965160369873
0.8428405523300171 1.6322113275527954 1.3658493757247925 0.30576494336128235 0.9076510071754456 0.287484347820282
0.8214177489280701 1.6475498676300049 1.3606117963790894 0.6540116667747498 0.6583147644996643 0.3726310133934021
0.8470615744590759 1.6291018724441528 1.3736934661865234 0.2371593415737152 0.9581896662712097 0.15997803211212158
0.8149997591972351 1.6520578861236572 1.365851879119873 0.7583239078521729 0.5850398540496826 0.287453830242157
0.8485044240951538 1.6279548406600952 1.3829442262649536 0.2136906087398529 0.9768364429473877 0.009613330475986004
0.8106846809387207 1.6550334692001343 1.3736966848373413 0.8284859657287598 0.5366680026054382 0.15991699695587158
0.8469506502151489 1.6289440393447876 1.392196774482727 0.2389599233865738 0.9607532024383545 -0.14078187942504883
0.8091309070587158 1.6560226678848267 1.3829476833343506 0.8537247776985168 0.520584762096405 0.009552293457090855
0.8426356315612793 1.6319196224212646 1.4000400304794312 0.3090914487838745 0.9123813509941101 -0.2682577073574066
0.8105737566947937 1.654875636100769 1.392199993133545 0.8302865624427795 0.539231538772583 -0.14081239700317383
0.8362175822257996 1.636427640914917 1.4052817821502686 0.41340371966362 0.8391064405441284 -0.35346537828445435
0.8147947788238525 1.6517661809921265 1.4000424146652222 0.7616809606552124 0.5897701978683472 -0.2683187425136566
0.8286720514297485 1.6417829990386963 1.4071223735809326 0.5360881090164185 0.7520371079444885 -0.38340404629707336
0.8211499452590942 1.647168755531311 1.4052830934524536 0.6583757996559143 0.6644794940948486 -0.35349589586257935
0.8337752819061279 1.6339291334152222 1.39162278175354 0.4519180953502655 0.8819544315338135 -0.13373211026191711
0.830503523349762 1.6362272500991821 1.3942956924438477 0.504562497138977 0.844202995300293 -0.18082216382026672
0.8260263204574585 1.638074517250061 1.382895827293396 0.5804315209388733 0.8142338395118713 0.010406811721622944
0.8359755277633667 1.6324118375778198 1.3876245021820068 0.41279336810112 0.9082003235816956 -0.06891079246997833
0.8266568183898926 1.6389573812484741 1.3952341079711914 0.5660573244094849 0.8009582757949829 -0.19495223462581635
0.8367677330970764 1.63190758228302 1.3829076290130615 0.40247809886932373 0.9153416752815247 0.010223700664937496
0.8228226900100708 1.641702651977539 1.3942962884902954 0.6361278295516968 0.7507858276367188 -0.17783135175704956
0.8360320925712585 1.6324924230575562 1.3781907558441162 0.4118472933769226 0.9068574905395508 0.08932767808437347
0.8195816278457642 1.6440472602844238 1.391624093055725 0.6878261566162109 0.712973415851593 -0.13602100312709808
0.8338797688484192 1.6340779066085815 1.3741928339004517 0.44679099321365356 0.8815271258354187 0.15247046947479248
0.8174306750297546 1.6456317901611328 1.3876261711120605 0.7219153642654419 0.6886501908302307 -0.06769005209207535
0.8306400179862976 1.63642156124115 1.3715221881866455 0.5059663653373718 0.8387096524238586 0.20126956701278687
0.8166950345039368 1.646216630935669 1.3829092979431152 0.7362590432167053 0.6765953302383423 0.010162663646042347
0.8268045783042908 1.6391677856445312 1.370584487915039 0.5666371583938599 0.7948545813560486 0.21695607900619507
0.8174871802330017 1.6457122564315796 1.3781923055648804 0.7209692597389221 0.6873073577880859 0.08807642012834549
0.8229591846466064 1.6418969631195068 1.3715229034423828 0.6305734515190125 0.7503280639648438 0.1982787549495697
0.8196861147880554 1.6441960334777832 1.3741940259933472 0.6860560774803162 0.7105014324188232 0.15640735626220703
0.7750536203384399 1.6799405813217163 1.329016089439392 0.3909115791320801 0.8456373810768127 0.3633533716201782
0.7814711332321167 1.675538420677185 1.3343461751937866 0.2865993082523346 0.9172033071517944 0.2767113149166107
0.7674360871315002 1.6851527690887451 1.327070951461792 0.5147252082824707 0.7609485387802124 0.39497053623199463
0.7857145667076111 1.672616720199585 1.3422497510910034 0.21756646037101746 0.964720606803894 0.14816735684871674
0.7597787976264954 1.6903825998306274 1.3288042545318604 0.6392101645469666 0.6758934259414673 0.3667714595794678
0.787135124206543 1.6716231107711792 1.3515230417251587 0.19446393847465515 0.9808954000473022 -0.002533036284148693
0.7532479166984558 1.6948344707489014 1.3339557647705078 0.7453840970993042 0.6035340428352356 0.28305917978286743
0.7855175733566284 1.6727045774459839 1.3607529401779175 0.22077089548110962 0.9633167386054993 -0.15253150463104248
0.7488381266593933 1.6978278160095215 1.3417391777038574 0.8170415163040161 0.5548570156097412 0.15652944147586823
0.7811078429222107 1.6756978034973145 1.368536353111267 0.2924588620662689 0.9146091938018799 -0.2790917754173279
0.7472205758094788 1.6989092826843262 1.3509690761566162 0.843348503112793 0.5372783541679382 0.006439405493438244
0.7745769619941711 1.680149793624878 1.3736863136291504 0.3986327648162842 0.8422803282737732 -0.3628040552139282
0.7486411333084106 1.6979155540466309 1.3602423667907715 0.8202459812164307 0.5534531474113464 -0.14426098763942719
0.7669196724891663 1.6853796243667603 1.3754212856292725 0.5231177806854248 0.7572557926177979 -0.3910031318664551
0.7528846263885498 1.6949938535690308 1.3681459426879883 0.7513046860694885 0.6009399890899658 -0.27271339297294617
0.7593021392822266 1.690591812133789 1.3734760284423828 0.6469618678092957 0.6724753379821777 -0.35938596725463867
0.7549746632575989 1.6892532110214233 1.3510980606079102 0.7206030488014221 0.6933194994926453 0.004394665360450745
0.7556993961334229 1.6887469291687012 1.3558237552642822 0.7107150554656982 0.6994537115097046 -0.07489242404699326
0.7644641399383545 1.6812961101531982 1.3512355089187622 0.5643482804298401 0.82552570104599 0.0021668141707777977
0.7557992339134216 1.6887034177780151 1.3463908433914185 0.7090365290641785 0.7001861333847046 0.08346812427043915
0.7578614354133606 1.6872574090957642 1.3598538637161255 0.6759849786758423 0.7237769961357117 -0.13849300146102905
0.7580470442771912 1.6871761083602905 1.3424241542816162 0.6729026436805725 0.7251197695732117 0.14609210193157196
0.7611337900161743 1.6850134134292603 1.36257004737854 0.6161381602287292 0.764793872833252 -0.18811608850955963
0.7613775134086609 1.6849064826965332 1.339798092842102 0.6120486855506897 0.766594409942627 0.19406719505786896
0.7650178670883179 1.6823554039001465 1.3635632991790771 0.5543076992034912 0.8066957592964172 -0.20471815764904022
0.7652803659439087 1.6822408437728882 1.3389132022857666 0.5499130487442017 0.808648943901062 0.20892971754074097
0.7689207792282104 1.6796897649765015 1.3626785278320312 0.4901883006095886 0.8513138294219971 -0.18692587316036224
0.769163191318512 1.6795837879180908 1.3399064540863037 0.4861903786659241 0.8530533909797668 0.1893368363380432
0.7722498774528503 1.6774210929870605 1.360052466392517 0.43296608328819275 0.8894924521446228 -0.14581744372844696
0.7724354267120361 1.677339792251587 1.3426226377487183 0.4298837184906006 0.8908658027648926 0.14673298597335815
0.7744976878166199 1.675893783569336 1.3560841083526611 0.3980224132537842 0.9140293598175049 -0.07794427126646042
0.7745988368988037 1.6758493185043335 1.3466527462005615 0.3963744044303894 0.9147617816925049 0.07785271853208542
0.7753236293792725 1.6753430366516113 1.3513784408569336 0.3813287615776062 0.9244056344032288 -0.00027466658502817154
0.7994471192359924 1.6702781915664673 1.3516595363616943 -0.8603167533874512 0.5095980763435364 -0.010071108117699623
0.7970972061157227 1.6718485355377197 1.3650609254837036 -0.790124237537384 0.47386088967323303 -0.3887142539024353
0.8324161767959595 1.6470425128936768 1.3479094505310059 -0.03320413827896118 -0.05401775985956192 0.9979552626609802
0.8214636445045471 1.654815912246704 1.3505812883377075 0.2706076204776764 -0.28070923686027527 0.9208349585533142
0.7912247776985168 1.6759626865386963 1.3267245292663574 -0.6236762404441833 0.3587145507335663 0.69447922706604
0.8121448755264282 1.6613614559173584 1.3581907749176025 0.5337076783180237 -0.46522414684295654 0.7061678171157837
0.7973839044570923 1.6717228889465332 1.338198184967041 -0.8019959330558777 0.4692220687866211 0.36957913637161255
0.8058806657791138 1.6656811237335205 1.369577169418335 0.7172765135765076 -0.5803399682044983 0.38554033637046814
133 16 18
16 133 132
13 10 12
10 13 11
15 12 14
12 15 13
0 1 3
1 0 2
137 20 22
20 137 135
29 26 28
26 29 27
31 28 30
28 31 29
9 6 8
6 9 7
5 1 4
1 5 3
46 45 47
45 46 44
0 30 2
30 0 31
11 8 10
8 11 9
7 4 6
4 7 5
135 18 20
18 135 133
25 22 24
22 25 137
132 14 16
14 132 15
50 134 136
134 50 48
33 34 35
34 33 32
60 59 61
59 60 58
56 131 57
131 56 54
32 63 34
63 32 62
42 41 43
41 42 40
44 43 45
43 44 42
36 35 37
35 36 33
62 61 63
61 62 60
48 47 134
47 48 46
69 23 71
23 69 21
58 57 59
57 58 56
54 130 131
130 54 52
40 39 41
39 40 38
38 37 39
37 38 36
52 136 130
136 52 50
105 41 39
41 105 103
109 37 35
37 109 107
101 45 43
45 101 99
111 63 112
63 111 34
111 35 34
35 111 109
11 66 68
66 11 13
67 21 69
21 67 19
106 55 104
55 106 57
64 17 65
17 64 15
75 29 77
29 75 27
0 76 78
76 0 3
110 59 108
59 110 61
5 72 74
72 5 7
9 68 70
68 9 11
107 39 37
39 107 105
100 49 98
49 100 51
81 74 80
74 81 76
124 99 122
99 124 97
115 121 123
121 115 119
84 80 82
80 84 81
79 84 86
84 79 78
83 70 85
70 83 72
71 92 94
92 71 73
116 107 113
107 116 105
86 84 82
82 83 85
83 82 80
119 111 112
111 119 117
85 68 87
68 85 70
82 93 95
93 82 91
128 98 126
98 128 100
126 97 124
97 126 98
89 91 82
75 88 90
88 75 77
78 81 84
81 78 76
94 90 82
90 94 92
91 65 93
65 91 64
95 69 96
69 95 67
89 64 91
64 89 66
82 87 89
87 82 85
125 108 106
108 125 123
71 25 73
25 71 23
103 43 41
43 103 101
13 64 66
64 13 15
77 31 79
31 77 29
102 51 100
51 102 53
99 47 45
47 99 97
7 70 72
70 7 9
104 53 102
53 104 55
65 19 67
19 65 17
77 86 88
86 77 79
0 79 31
79 0 78
3 74 76
74 3 5
98 47 97
47 98 49
108 57 106
57 108 59
73 27 75
27 73 25
112 61 110
61 112 63
93 67 95
67 93 65
116 115 118
115 116 113
126 115 128
115 126 124
115 129 128
129 115 127
117 109 111
109 117 114
113 109 114
109 113 107
123 110 108
110 123 121
127 106 104
106 127 125
115 117 119
115 120 118
127 102 129
102 127 104
80 72 83
72 80 74
90 86 82
86 90 88
115 125 127
125 115 123
122 101 120
101 122 99
73 90 92
90 73 75
121 112 110
112 121 119
129 100 128
100 129 102
95 94 82
94 95 96
122 115 124
115 122 120
120 103 118
103 120 101
69 94 96
94 69 71
118 105 116
105 118 103
87 66 89
66 87 68
115 114 117
114 115 113
27 24 26
24 27 25
LABEL Group4
MATERIAL 5
TEXTURE 1
GEOM 120 110
1.2124701738357544 1.3953336477279663 1.4325919151306152 0.574907660484314 0.8182012438774109 -0.0
1.2087454795837402 1.3900327682495117 1.4325919151306152 -0.0 0.0 -1.0
1.2204393148422241 1.3818161487579346 1.4385125637054443 0.5785393714904785 -0.4065065383911133 -0.7070833444595337
1.2241640090942383 1.3871171474456787 1.4385125637054443 0.574907660484314 0.8182012438774109 -0.0
1.2252836227416992 1.3784123659133911 1.452804446220398 0.8182012438774109 -0.574907660484314 -0.0
1.2290083169937134 1.3837133646011353 1.452804446220398 0.574907660484314 0.8182012438774109 -0.0
1.2204393148422241 1.3818161487579346 1.4670963287353516 0.5785393714904785 -0.4065065383911133 0.7070833444595337
1.2241640090942383 1.3871171474456787 1.4670963287353516 0.574907660484314 0.8182012438774109 -0.0
1.2087454795837402 1.3900327682495117 1.4730168581008911 -0.0 0.0 1.0
1.2124701738357544 1.3953336477279663 1.4730168581008911 0.574907660484314 0.8182012438774109 -0.0
1.1970516443252563 1.3982491493225098 1.4670963287353516 -0.5785393714904785 0.4065065383911133 0.7070833444595337
1.2007763385772705 1.403550148010254 1.4670963287353516 0.574907660484314 0.8182012438774109 -0.0
1.1922073364257812 1.4016530513763428 1.452804446220398 -0.8182012438774109 0.574907660484314 -0.0
1.1959320306777954 1.406954050064087 1.452804446220398 0.574907660484314 0.8182012438774109 -0.0
1.1970516443252563 1.3982491493225098 1.4385125637054443 -0.5785393714904785 0.4065065383911133 -0.7070833444595337
1.2007763385772705 1.403550148010254 1.4385125637054443 0.574907660484314 0.8182012438774109 -0.0
0.9288678169250488 1.60513436794281 1.3254188299179077 0.574907660484314 0.8182012438774109 -0.0
0.9136927127838135 1.5835371017456055 1.3254188299179077 -0.0 0.0 -1.0
0.9200349450111389 1.5790808200836182 1.3286302089691162 0.5785698890686035 -0.4065370559692383 -0.7070528268814087
0.9352099895477295 1.6006780862808228 1.3286302089691162 0.574907660484314 0.8182012438774109 -0.0
0.9226614236831665 1.5772353410720825 1.336380124092102 0.8182012438774109 -0.574907660484314 -3.0518509447574615e-05
0.9378364682197571 1.598832607269287 1.336380124092102 0.8182012438774109 -0.574907660484314 -0.0
0.9200349450111389 1.5790809392929077 1.344131350517273 0.5785393714904785 -0.4065065383911133 0.7070833444595337
0.9352099895477295 1.6006782054901123 1.344131350517273 0.5785393714904785 -0.4065065383911133 0.7070833444595337
0.9136927127838135 1.5835371017456055 1.3473414182662964 -0.0 0.0 1.0
0.9288678169250488 1.60513436794281 1.3473414182662964 -0.0 0.0 1.0
0.9073516726493835 1.5879926681518555 1.344131350517273 -0.5785393714904785 0.4064760208129883 0.7071138620376587
0.9225267171859741 1.60958993434906 1.344131350517273 0.574907660484314 0.8182012438774109 -0.0
0.9047240614891052 1.5898388624191284 1.336380124092102 -0.8182012438774109 0.574907660484314 -0.0
0.9198991060256958 1.611436128616333 1.336380124092102 0.574907660484314 0.8182012438774109 -0.0
0.9073516726493835 1.5879926681518555 1.3286302089691162 -0.5785393714904785 0.4065065383911133 -0.7070833444595337
0.9225267171859741 1.60958993434906 1.3286302089691162 -0.5785393714904785 0.4065065383911133 -0.7070833444595337
0.9165404438972473 1.6137961149215698 1.3534268140792847 0.574907660484314 0.8182012438774109 -0.0
0.905781626701355 1.5984840393066406 1.3534268140792847 -0.0 0.0 -1.0
0.9215384721755981 1.587412714958191 1.361402988433838 0.5785698890686035 -0.4064760208129883 -0.7070833444595337
0.9322972893714905 1.6027246713638306 1.361404299736023 0.574907660484314 0.8182012438774109 -0.0
0.9280647039413452 1.582827091217041 1.3806606531143188 0.8182012438774109 -0.574877142906189 -0.0
0.9388235211372375 1.5981390476226807 1.3806606531143188 0.574907660484314 0.8182012438774109 -0.0
0.9215384721755981 1.587412714958191 1.3999181985855103 0.5785393714904785 -0.4065065383911133 0.7070833444595337
0.9322972893714905 1.6027246713638306 1.3999181985855103 0.574907660484314 0.8182012438774109 -0.0
0.905781626701355 1.5984840393066406 1.407894492149353 -0.0 0.0 1.0
0.9165404438972473 1.6137961149215698 1.407894492149353 0.574907660484314 0.8182012438774109 -0.0
0.8900247812271118 1.6095553636550903 1.3999181985855103 -0.5785393714904785 0.4065065383911133 0.7070833444595337
0.9007835388183594 1.6248674392700195 1.3999181985855103 0.574907660484314 0.8182012438774109 -0.0
0.88349848985672 1.6141409873962402 1.3806606531143188 -0.8182012438774109 0.574907660484314 -0.0
0.8942573070526123 1.6294530630111694 1.3806606531143188 0.574907660484314 0.8182012438774109 -0.0
0.8900247812271118 1.6095553636550903 1.361404299736023 -0.5785698890686035 0.4065065383911133 -0.7070833444595337
0.9007835388183594 1.6248674392700195 1.361404299736023 0.574907660484314 0.8182012438774109 -0.0
0.6702611446380615 1.674570083618164 1.3382550477981567 0.8182012438774109 -0.574907660484314 -0.0
0.6652174592018127 1.6781139373779297 1.353137493133545 0.5785393714904785 -0.4065065383911133 0.7070833444595337
0.65304034948349 1.6866700649261475 1.3593018054962158 -0.0 0.0 1.0
0.6408644914627075 1.6952253580093384 1.353137493133545 -0.5785698890686035 0.4065065383911133 0.7070833444595337
0.635820746421814 1.698769211769104 1.3382549285888672 -0.8182012438774109 0.574907660484314 -0.0
0.6408644914627075 1.6952253580093384 1.3233739137649536 -0.5785393714904785 0.4065065383911133 -0.7070833444595337
0.6544211506843567 1.7145192623138428 1.3233739137649536 0.574907660484314 0.8182012438774109 -0.0
0.65304034948349 1.6866700649261475 1.3172096014022827 -0.0 0.0 -1.0
0.6652174592018127 1.6781139373779297 1.3233739137649536 0.5785393714904785 -0.4065065383911133 -0.7070833444595337
0.6838178634643555 1.693864107131958 1.3382563591003418 0.574907660484314 0.8182012438774109 -0.0
0.6787741184234619 1.6974079608917236 1.353137493133545 0.574907660484314 0.8182012438774109 -0.0
0.6665970087051392 1.7059640884399414 1.3593018054962158 0.574907660484314 0.8182012438774109 -0.0
0.6544211506843567 1.7145192623138428 1.353137493133545 0.574907660484314 0.8182012438774109 -0.0
0.6493774056434631 1.718063235282898 1.3382563591003418 0.574907660484314 0.8182012438774109 -0.0
0.6665970683097839 1.7059640884399414 1.3172094821929932 0.574907660484314 0.8182012438774109 -0.0
0.6787741184234619 1.6974079608917236 1.3233739137649536 0.574907660484314 0.8182012438774109 -0.0
0.8397195339202881 1.613553524017334 1.6244866847991943 -0.574907660484314 -0.8182012438774109 -0.0
0.7761012315750122 1.6582542657852173 1.6244866847991943 -0.8182012438774109 0.574907660484314 -0.0
0.7782575488090515 1.6613231897354126 1.6335387229919434 -0.8182012438774109 0.574907660484314 -0.0
0.8418758511543274 1.6166225671768188 1.6335387229919434 -0.4065065383911133 -0.5785393714904785 0.7070833444595337
0.7834616303443909 1.6687296628952026 1.6372894048690796 -0.8182012438774109 0.574907660484314 -0.0
0.8470799922943115 1.6240290403366089 1.6372894048690796 -0.0 0.0 1.0
0.7886657118797302 1.6761361360549927 1.6335387229919434 -0.8182012438774109 0.574907660484314 -0.0
0.8522840738296509 1.631435513496399 1.6335387229919434 0.4065370559692383 0.5786004066467285 0.7070223093032837
0.7908209562301636 1.6792035102844238 1.6244866847991943 -0.8182012438774109 0.574907660484314 -0.0
0.8544393181800842 1.63450288772583 1.6244866847991943 0.574907660484314 0.8182012438774109 -0.0
0.7886657118797302 1.6761361360549927 1.6154346466064453 -0.8182012438774109 0.574907660484314 -0.0
0.8522840738296509 1.631435513496399 1.6154346466064453 0.4065065383911133 0.5785393714904785 -0.7070833444595337
0.7834616303443909 1.6687296628952026 1.611685872077942 -0.8182012438774109 0.574907660484314 -0.0
0.8470799922943115 1.6240290403366089 1.611685872077942 -0.0 0.0 -1.0
0.7782575488090515 1.6613231897354126 1.6154346466064453 -0.8182012438774109 0.574907660484314 -0.0
0.8418758511543274 1.6166225671768188 1.6154346466064453 -0.4064760208129883 -0.5785088539123535 -0.7071443796157837
1.2290083169937134 1.3837133646011353 1.452804446220398 0.8182012438774109 -0.574907660484314 -0.0
1.2241640090942383 1.3871171474456787 1.4670963287353516 0.5785393714904785 -0.4065065383911133 0.7070833444595337
1.2124701738357544 1.3953336477279663 1.4730168581008911 -0.0 0.0 1.0
1.2007763385772705 1.403550148010254 1.4670963287353516 -0.5785393714904785 0.4065065383911133 0.7070833444595337
1.2124701738357544 1.3953336477279663 1.4325919151306152 -0.0 0.0 -1.0
1.2241640090942383 1.3871171474456787 1.4385125637054443 0.5785393714904785 -0.4065065383911133 -0.7070833444595337
1.2007763385772705 1.403550148010254 1.4385125637054443 -0.5785393714904785 0.4065065383911133 -0.7070833444595337
1.1959320306777954 1.406954050064087 1.452804446220398 -0.8182012438774109 0.574907660484314 -0.0
0.9352099895477295 1.6006782054901123 1.344131350517273 0.574907660484314 0.8182012438774109 -0.0
0.9288678169250488 1.60513436794281 1.3473414182662964 0.574907660484314 0.8182012438774109 -0.0
0.9388235211372375 1.5981390476226807 1.3806606531143188 0.8182012438774109 -0.574877142906189 -0.0
0.9322972893714905 1.6027246713638306 1.3999181985855103 0.5785393714904785 -0.4065065383911133 0.7070833444595337
0.9288678169250488 1.60513436794281 1.3254188299179077 -0.0 0.0 -1.0
0.9352099895477295 1.6006780862808228 1.3286302089691162 0.5785698890686035 -0.4065370559692383 -0.7070528268814087
0.9225267171859741 1.60958993434906 1.3286302089691162 0.574907660484314 0.8182012438774109 -0.0
0.9378364682197571 1.598832607269287 1.336380124092102 0.574907660484314 0.8182012438774109 -0.0
0.9225267171859741 1.60958993434906 1.344131350517273 -0.5785393714904785 0.4064760208129883 0.7071138620376587
0.9198991060256958 1.611436128616333 1.336380124092102 -0.8182012438774109 0.574907660484314 -0.0
0.9007835388183594 1.6248674392700195 1.361404299736023 -0.5785698890686035 0.4065065383911133 -0.7070833444595337
0.9165404438972473 1.6137961149215698 1.3534268140792847 -0.0 0.0 -0.999969482421875
0.9322972893714905 1.6027246713638306 1.361404299736023 0.5785698890686035 -0.4065065383911133 -0.7070833444595337
0.9165404438972473 1.6137961149215698 1.407894492149353 -0.0 0.0 1.0
0.9007835388183594 1.6248674392700195 1.3999181985855103 -0.5785393714904785 0.4065065383911133 0.7070833444595337
0.8942573070526123 1.6294530630111694 1.3806606531143188 -0.8182012438774109 0.574907660484314 -0.0
0.6838178634643555 1.693864107131958 1.3382563591003418 0.8182012438774109 -0.574907660484314 -0.0
0.6787741184234619 1.6974079608917236 1.353137493133545 0.5785393714904785 -0.4065065383911133 0.7070833444595337
0.6665970087051392 1.7059640884399414 1.3593018054962158 -0.0 0.0 1.0
0.6544211506843567 1.7145192623138428 1.353137493133545 -0.5785698890686035 0.4065065383911133 0.7070833444595337
0.6493774056434631 1.718063235282898 1.3382563591003418 -0.8182012438774109 0.574907660484314 -0.0
0.6544211506843567 1.7145192623138428 1.3233739137649536 -0.5785393714904785 0.4065065383911133 -0.7070833444595337
0.6665970683097839 1.7059640884399414 1.3172094821929932 -0.0 0.0 -1.0
0.6787741184234619 1.6974079608917236 1.3233739137649536 0.5785393714904785 -0.4065065383911133 -0.7070833444595337
0.7886657118797302 1.6761361360549927 1.6154346466064453 0.4065065383911133 0.5785393714904785 -0.7070833444595337
0.7834616303443909 1.6687296628952026 1.611685872077942 -0.0 0.0 -1.0
0.7908209562301636 1.6792035102844238 1.6244866847991943 0.574907660484314 0.8182012438774109 -0.0
0.7782575488090515 1.6613231897354126 1.6154346466064453 -0.4064760208129883 -0.5785088539123535 -0.7071443796157837
0.7761012315750122 1.6582542657852173 1.6244866847991943 -0.574907660484314 -0.8182012438774109 -0.0
0.7782575488090515 1.6613231897354126 1.6335387229919434 -0.4065065383911133 -0.5785393714904785 0.7070833444595337
0.7834616303443909 1.6687296628952026 1.6372894048690796 -0.0 0.0 1.0
0.7886657118797302 1.6761361360549927 1.6335387229919434 0.4065370559692383 0.5786004066467285 0.7070223093032837
85 1 84
1 85 2
86 12 87
12 86 14
80 2 85
2 80 4
87 10 83
10 87 12
84 14 86
14 84 1
5 13 7
13 5 15
83 8 82
8 83 10
82 6 81
6 82 8
81 4 80
4 81 6
15 3 0
3 15 5
7 11 9
11 7 13
98 44 103
44 98 46
103 42 102
42 103 44
99 46 98
46 99 33
88 27 89
27 88 29
35 47 37
47 35 32
100 33 99
33 100 34
23 20 21
20 23 22
91 36 90
36 91 38
37 45 39
45 37 47
25 22 23
22 25 24
90 34 100
34 90 36
39 43 41
43 39 45
97 26 96
26 97 28
102 40 101
40 102 42
96 24 25
24 96 26
21 18 93
18 21 20
93 17 92
17 93 18
31 28 97
28 31 30
101 38 91
38 101 40
95 29 88
29 95 94
92 30 31
30 92 17
19 94 95
94 19 16
110 53 109
53 110 55
108 51 107
51 108 52
104 56 111
56 104 48
105 48 104
48 105 49
107 50 106
50 107 51
111 55 110
55 111 56
106 49 105
49 106 50
109 52 108
52 109 53
63 58 57
58 60 59
60 54 61
54 63 62
63 60 58
60 63 54
75 114 73
114 75 112
64 115 79
115 64 116
67 116 64
116 67 117
79 113 77
113 79 115
71 118 69
118 71 119
73 119 71
119 73 114
69 117 67
117 69 118
77 112 75
112 77 113
76 72 74
72 68 70
68 65 66
65 76 78
76 68 72
68 76 65
LABEL Group5
MATERIAL 6
TEXTURE 0
GEOM 50 34
0.5605765581130981 1.5187815427780151 1.270630121231079 -0.46287423372268677 0.886410117149353 -0.0
0.5605765581130981 1.5187815427780151 1.1630162000656128 -0.46287423372268677 0.886410117149353 -0.0
0.6393395662307739 1.3696179389953613 1.1631295680999756 -0.45793023705482483 0.8889736533164978 -0.0
0.6393395066261292 1.3696179389953613 1.2707436084747314 0.886623740196228 0.46244698762893677 -0.0
0.6786550879478455 1.2932984828948975 1.1631295680999756 0.45793023705482483 -0.8889736533164978 -0.0
0.6786550879478455 1.2932984828948975 1.2707436084747314 0.45793023705482483 -0.8889736533164978 -0.0
0.6393395662307739 1.3696179389953613 1.1237843036651611 -0.45793023705482483 0.8889736533164978 -0.0
0.6786550879478455 1.2932984828948975 1.1237843036651611 0.45793023705482483 -0.8889736533164978 -0.0
0.5265174508094788 1.311498761177063 1.1237843036651611 -0.0 0.0 -1.0
0.5265174508094788 1.311498761177063 1.1631295680999756 0.8889736533164978 0.45793023705482483 -0.0
0.4530107080936432 1.1770613193511963 1.2707436084747314 0.45793023705482483 -0.8889736533164978 -0.0
0.5658329725265503 1.2351793050765991 1.2707436084747314 0.45793023705482483 -0.8889736533164978 -0.0
0.4530108869075775 1.1770601272583008 1.1631295680999756 0.45793023705482483 -0.8889736533164978 -0.0
0.5658330321311951 1.2351793050765991 1.1631295680999756 0.45793023705482483 -0.8889736533164978 -0.0
0.5658330321311951 1.2351793050765991 1.1237843036651611 -0.0 0.0 -1.0
0.5658330321311951 1.2351793050765991 1.0965149402618408 0.45793023705482483 -0.8889736533164978 -0.0
0.4530108869075775 1.1770601272583008 1.0965149402618408 -0.0 0.0 -1.0
0.4495944380760193 1.460824728012085 1.2707436084747314 -0.4604022204875946 0.887691855430603 -0.0
0.4495944678783417 1.460824728012085 1.1631295680999756 -0.0002136295661330223 -0.0004882961511611938 -0.999969482421875
0.3367723822593689 1.4027055501937866 1.2707436084747314 -0.45793023705482483 0.8889736533164978 -0.0
0.3367724120616913 1.4027055501937866 1.1631295680999756 -0.45793023705482483 0.8889736533164978 -0.0
0.32397493720054626 1.3961122035980225 1.0965149402618408 -0.45793023705482483 0.8889736533164978 -0.0
0.4495944678783417 1.4608246088027954 1.0965149402618408 -0.45793023705482483 0.8889736533164978 -0.0
0.400897741317749 1.246787428855896 1.0965149402618408 -0.0 0.0 -1.0
0.5265174508094788 1.311498761177063 1.0965149402618408 0.8889736533164978 0.45793023705482483 -0.0
0.5658330321311951 1.2351793050765991 1.1631295680999756 0.8889736533164978 0.45793023705482483 -0.0
0.5658330321311951 1.2351793050765991 1.0965149402618408 0.8889736533164978 0.45793023705482483 -0.0
0.5658330321311951 1.2351793050765991 1.0965149402618408 -0.0 0.0 -1.0
0.4530108869075775 1.1770601272583008 1.0965149402618408 0.45793023705482483 -0.8889736533164978 -0.0
0.32397493720054626 1.3961122035980225 1.0965149402618408 -0.0 0.0 -0.999969482421875
0.4495944678783417 1.4608246088027954 1.0965149402618408 -0.0 0.0 -1.0
0.4495944678783417 1.4608246088027954 1.0965149402618408 0.8889736533164978 0.45793023705482483 -0.0
0.4495944678783417 1.460824728012085 1.1631295680999756 -0.4595782458782196 0.8881191611289978 -0.0
0.4495944678783417 1.460824728012085 1.1631295680999756 0.8889736533164978 0.45793023705482483 -0.0
0.6393395662307739 1.3696179389953613 1.1631295680999756 0.887417197227478 0.460951566696167 -0.0
0.6393395662307739 1.3696179389953613 1.1631295680999756 -0.0002136295661330223 -0.0004882961511611938 -0.999969482421875
0.6393395662307739 1.3696179389953613 1.1237843036651611 0.8889736533164978 0.45793023705482483 -0.0
0.6393395662307739 1.3696179389953613 1.1237843036651611 -0.0 0.0 -0.999969482421875
0.5605765581130981 1.5187815427780151 1.1630162000656128 0.8842738270759583 0.4669331908226013 -0.0
0.5605765581130981 1.5187815427780151 1.1630162000656128 -0.0002136295661330223 -0.0004882961511611938 -0.999969482421875
0.6786550879478455 1.2932984828948975 1.1237843036651611 -0.0 0.0 -1.0
0.6786550879478455 1.2932984828948975 1.1237843036651611 0.8889736533164978 0.45793023705482483 -0.0
0.6786550879478455 1.2932984828948975 1.1631295680999756 0.8889736533164978 0.45793023705482483 -0.0
0.6786550879478455 1.2932984828948975 1.2707436084747314 0.8889736533164978 0.45793023705482483 -0.0
0.5605765581130981 1.5187815427780151 1.270630121231079 0.8842738270759583 0.4669331908226013 -0.0
0.5658330321311951 1.2351793050765991 1.1237843036651611 0.45793023705482483 -0.8889736533164978 -0.0
0.5265174508094788 1.311498761177063 1.1631295680999756 -0.45793023705482483 0.8889736533164978 -0.0
0.5265174508094788 1.311498761177063 1.1631295680999756 -0.0002136295661330223 -0.0004882961511611938 -0.999969482421875
0.5265174508094788 1.311498761177063 1.1237843036651611 -0.45793023705482483 0.8889736533164978 -0.0
0.5265174508094788 1.311498761177063 1.0965149402618408 -0.0 0.0 -0.999969482421875
14 37 40
37 14 8
33 24 31
24 33 9
5 13 4
13 5 11
36 42 41
42 36 34
43 34 3
34 43 42
11 12 13
12 11 10
3 38 44
38 3 34
9 26 24
26 9 25
19 32 20
32 19 17
27 23 49
23 27 16
47 39 35
39 47 18
7 13 45
13 7 4
1 17 0
17 1 32
46 6 48
6 46 2
49 29 30
29 49 23
21 32 22
32 21 20
15 12 28
12 15 13
LABEL Group6
MATERIAL 1
TEXTURE 0
GEOM 58 40
0.5247088074684143 1.801945686340332 -0.6193389892578125 -0.0 0.0 -1.0
0.34747064113616943 1.2724058628082275 -0.36478009819984436 -0.9363078474998474 0.31339457631111145 0.1582689881324768
0.34747064113616943 1.2724058628082275 -0.6193389296531677 -0.0 0.0 -1.0
0.5247088074684143 1.801945686340332 -0.36478012800216675 0.317392498254776 0.9482711553573608 -0.0
0.941051721572876 1.6625947952270508 -0.36478012800216675 0.317392498254776 0.9482711553573608 -0.0
0.941051721572876 1.6625947952270508 -0.6193389892578125 0.317392498254776 0.9482711553573608 -0.0
0.7635672092437744 1.1323187351226807 -0.6193389296531677 -0.0 0.0 -1.0
0.7638369202613831 1.133124589920044 -0.36478009819984436 0.9366436004638672 -0.31348612904548645 0.15616321563720703
0.43348050117492676 1.253896951675415 -0.14219731092453003 -0.0 0.0 -0.999969482421875
0.6870651841163635 1.179234266281128 -0.14219731092453003 -0.0 0.0 -1.0
0.8581357002258301 1.6903469562530518 -0.1421974003314972 -0.0 0.0 -1.0
0.607624888420105 1.774193525314331 -0.1421974003314972 -0.0 0.0 -1.0
0.5990644693374634 1.777058720588684 -0.12650913000106812 0.317392498254776 0.9482711553573608 -0.0
0.8666971921920776 1.68748140335083 -0.12650913000106812 0.317392498254776 0.9482711553573608 -0.0
0.6925318241119385 1.1671258211135864 -0.12650904059410095 0.9007537961006165 -0.3014618456363678 0.31257057189941406
0.4218253195285797 1.2475192546844482 -0.12650904059410095 -0.9007537961006165 0.3014618456363678 0.31257057189941406
0.36496973037719727 1.2768275737762451 -0.3685482144355774 0.3116855323314667 0.9501022100448608 -0.010437330231070518
0.5391141772270203 1.7971241474151611 -0.36854827404022217 0.317392498254776 0.9482711553573608 -0.0
0.36496973037719727 1.2768276929855347 -0.603650689125061 0.9482711553573608 -0.317392498254776 -0.0
0.7522555589675903 1.14638352394104 -0.603650689125061 -0.9482711553573608 0.317392498254776 -0.0
0.752525269985199 1.1471892595291138 -0.3685482144355774 -0.9373149871826172 0.31369975209236145 -0.1516769975423813
0.92664635181427 1.6674163341522217 -0.603650689125061 0.317392498254776 0.9482711553573608 -0.0
0.92664635181427 1.6674163341522217 -0.36854827404022217 0.317392498254776 0.9482711553573608 -0.0
0.5391141772270203 1.7971241474151611 -0.603650689125061 0.9482711553573608 -0.317392498254776 -0.0
0.92664635181427 1.6674163341522217 -0.603650689125061 -0.9482711553573608 0.317392498254776 -0.0
0.92664635181427 1.6674163341522217 -0.603650689125061 -0.0 0.0 1.0
0.92664635181427 1.6674163341522217 -0.36854827404022217 -0.9369792938232422 0.31360819935798645 -0.15384380519390106
0.8581357002258301 1.6903469562530518 -0.1421974003314972 0.317392498254776 0.9482711553573608 -0.0
0.8581357002258301 1.6903469562530518 -0.1421974003314972 -0.903378427028656 0.3023468852043152 -0.3040558993816376
0.607624888420105 1.774193525314331 -0.1421974003314972 0.317392498254776 0.9482711553573608 -0.0
0.607624888420105 1.774193525314331 -0.1421974003314972 0.903378427028656 -0.3023468852043152 -0.3040558993816376
0.36496973037719727 1.2768276929855347 -0.603650689125061 0.3181859850883484 0.9479964375495911 -0.0018005920574069023
0.36496973037719727 1.2768276929855347 -0.603650689125061 -0.0 0.0 1.0
0.7522555589675903 1.14638352394104 -0.603650689125061 0.3181859850883484 0.9479964375495911 -0.0018005920574069023
0.7522555589675903 1.14638352394104 -0.603650689125061 -0.0 0.0 1.0
0.8666971921920776 1.68748140335083 -0.12650913000106812 0.9007537961006165 -0.3014618456363678 0.31257057189941406
0.8666971921920776 1.68748140335083 -0.12650913000106812 -0.0 0.0 1.0
0.6925318241119385 1.1671258211135864 -0.12650904059410095 -0.0 0.0 1.0
0.6870651841163635 1.179234266281128 -0.14219731092453003 -0.903378427028656 0.3023468852043152 -0.3040558993816376
0.6870651841163635 1.179234266281128 -0.14219731092453003 0.3035371005535126 0.9525742530822754 -0.021210364997386932
0.5247088074684143 1.801945686340332 -0.6193389892578125 -0.9482711553573608 0.317392498254776 -0.0
0.5247088074684143 1.801945686340332 -0.6193389892578125 0.317392498254776 0.9482711553573608 -0.0
0.34747064113616943 1.2724058628082275 -0.6193389296531677 -0.9482711553573608 0.317392498254776 -0.0
0.5990644693374634 1.777058720588684 -0.12650913000106812 -0.0 0.0 1.0
0.5990644693374634 1.777058720588684 -0.12650913000106812 -0.9007537961006165 0.3014618456363678 0.31257057189941406
0.43348050117492676 1.253896951675415 -0.14219731092453003 0.3035371005535126 0.9525742530822754 -0.021210364997386932
0.43348050117492676 1.253896951675415 -0.14219731092453003 0.903378427028656 -0.3023468852043152 -0.3040558993816376
0.5247088074684143 1.801945686340332 -0.36478012800216675 -0.9363078474998474 0.31339457631111145 0.1582689881324768
0.4218253195285797 1.2475192546844482 -0.12650904059410095 -0.0 0.0 1.0
0.941051721572876 1.6625947952270508 -0.6193389892578125 0.9482711553573608 -0.317392498254776 -0.0
0.941051721572876 1.6625947952270508 -0.6193389892578125 -0.0 0.0 -1.0
0.7635672092437744 1.1323187351226807 -0.6193389296531677 0.9482711553573608 -0.317392498254776 -0.0
0.752525269985199 1.1471892595291138 -0.3685482144355774 0.3116855323314667 0.9501022100448608 -0.010437330231070518
0.941051721572876 1.6625947952270508 -0.36478012800216675 0.9363078474998474 -0.31339457631111145 0.1582689881324768
0.36496973037719727 1.2768275737762451 -0.3685482144355774 0.9369792938232422 -0.31360819935798645 -0.15384380519390106
0.5391141772270203 1.7971241474151611 -0.603650689125061 -0.0 0.0 1.0
0.5391141772270203 1.7971241474151611 -0.603650689125061 0.317392498254776 0.9482711553573608 -0.0
0.5391141772270203 1.7971241474151611 -0.36854827404022217 0.9369792938232422 -0.31360819935798645 -0.15384380519390106
52 31 16
31 52 33
25 32 34
32 25 55
4 27 13
27 4 22
40 1 47
1 40 42
7 49 53
49 7 51
28 20 38
20 28 26
7 35 14
35 7 53
47 15 44
15 47 1
39 16 45
16 39 52
0 6 2
6 0 50
48 36 43
36 48 37
23 54 18
54 23 57
26 19 20
19 26 24
57 46 54
46 57 30
5 22 4
22 5 21
17 41 3
41 17 56
27 12 13
12 27 29
41 21 5
21 41 56
29 3 12
3 29 17
11 9 8
9 11 10
LABEL Group7
MATERIAL 1
TEXTURE 0
GEOM 32 20
0.5247088670730591 1.801945686340332 -0.6193389892578125 -0.0 0.0 -1.0
0.5247088670730591 1.801945686340332 -0.36478012800216675 -0.9363078474998474 0.31336405873298645 0.1582689881324768
0.941051721572876 1.6625947952270508 -0.36478012800216675 0.9363078474998474 -0.31336405873298645 0.1582689881324768
0.941051721572876 1.6625946760177612 -0.6193389892578125 -0.0 0.0 -1.0
0.5990645289421082 1.7770586013793945 -0.12650913000106812 -0.9007537961006165 0.3014618456363678 0.31257057189941406
0.8666971325874329 1.68748140335083 -0.12650913000106812 0.9007537961006165 -0.3014618456363678 0.31257057189941406
0.5275700688362122 1.810494065284729 -0.6193389892578125 -0.0 0.0 -0.999969482421875
0.5275700688362122 1.810494065284729 -0.36478012800216675 -0.9363078474998474 0.31336405873298645 0.1582689881324768
0.943912923336029 1.6711431741714478 -0.36478012800216675 0.9363078474998474 -0.31336405873298645 0.1582689881324768
0.943912923336029 1.6711431741714478 -0.6193389892578125 -0.0 0.0 -1.0
0.6019256711006165 1.785607099533081 -0.12650913000106812 -0.9007537961006165 0.3014618456363678 0.31257057189941406
0.8695583343505859 1.696029782295227 -0.12650913000106812 0.9007537961006165 -0.3014618456363678 0.31257057189941406
0.5990645289421082 1.7770586013793945 -0.12650913000106812 -0.317392498254776 -0.9482711553573608 -0.0
0.5990645289421082 1.7770586013793945 -0.12650913000106812 -0.0 0.0 1.0
0.8666971325874329 1.68748140335083 -0.12650913000106812 -0.317392498254776 -0.9482711553573608 -0.0
0.8666971325874329 1.68748140335083 -0.12650913000106812 -0.0 0.0 0.999969482421875
0.5247088670730591 1.801945686340332 -0.6193389892578125 -0.317392498254776 -0.9482711553573608 -0.0
0.5247088670730591 1.801945686340332 -0.6193389892578125 -0.9482711553573608 0.317392498254776 -0.0
0.5247088670730591 1.801945686340332 -0.36478012800216675 -0.317392498254776 -0.9482711553573608 -0.0
0.941051721572876 1.6625947952270508 -0.36478012800216675 -0.317392498254776 -0.9482711553573608 -0.0
0.941051721572876 1.6625946760177612 -0.6193389892578125 -0.317392498254776 -0.9482711553573608 -0.0
0.941051721572876 1.6625946760177612 -0.6193389892578125 0.9482711553573608 -0.317392498254776 -0.0
0.6019256711006165 1.785607099533081 -0.12650913000106812 0.317392498254776 0.9482711553573608 -0.0
0.6019256711006165 1.785607099533081 -0.12650913000106812 -0.0 0.0 0.999969482421875
0.8695583343505859 1.696029782295227 -0.12650913000106812 0.317392498254776 0.9482711553573608 -0.0
0.8695583343505859 1.696029782295227 -0.12650913000106812 -0.0 0.0 1.0
0.5275700688362122 1.810494065284729 -0.6193389892578125 0.317392498254776 0.9482711553573608 -0.0
0.5275700688362122 1.810494065284729 -0.6193389892578125 -0.9482711553573608 0.317392498254776 -0.0
0.5275700688362122 1.810494065284729 -0.36478012800216675 0.317392498254776 0.9482711553573608 -0.0
0.943912923336029 1.6711431741714478 -0.36478012800216675 0.317392498254776 0.9482711553573608 -0.0
0.943912923336029 1.6711431741714478 -0.6193389892578125 0.317392498254776 0.9482711553573608 -0.0
0.943912923336029 1.6711431741714478 -0.6193389892578125 0.9482711553573608 -0.317392498254776 -0.0
14 18 19
18 14 12
20 18 16
18 20 19
24 28 22
28 24 29
30 28 29
28 30 26
21 8 2
8 21 31
15 23 13
23 15 25
2 11 5
11 2 8
4 7 1
7 4 10
1 27 17
27 1 7
0 9 3
9 0 6
LABEL Group8
MATERIAL 5
TEXTURE 1
GEOM 382 272
1.1730210781097412 0.6983104348182678 -0.6208397150039673 -0.0 0.0 -1.0 1.1017346382141113 -0.670493483543396
1.477318286895752 1.091740608215332 0.5366799235343933 -0.0 0.0 0.999969482421875 -0.45996689796447754 0.26594454050064087
1.477318286895752 1.0917407274246216 -0.6208397150039673 -0.0 0.0 -1.0 0.3906228244304657 1.0027575492858887
0.7969532012939453 0.9891788959503174 -0.6208398342132568 -0.0 0.0 -0.999969482421875 1.6982626914978027 -0.6704878807067871
1.1012498140335083 1.382608413696289 0.5366800427436829 -0.0 0.0 1.0 -1.2568893432617188 0.2659432888031006
1.101250410079956 1.3826091289520264 -0.6208394765853882 -0.791009247303009 0.6117740273475647 -0.0 0.3906222879886627 -0.5895512104034424
1.113072156906128 1.373464584350586 0.5366801023483276 -0.0 0.0 1.0 -1.2318366765975952 0.2659432888031006
1.4654960632324219 1.1008846759796143 0.5366799831390381 -0.0 0.0 1.0 -0.48501935601234436 0.2659447193145752
1.4654961824417114 1.1008846759796143 -0.6208399534225464 -0.0 0.0 -1.0 0.4156753718852997 1.002757728099823
1.1130727529525757 1.3734652996063232 -0.6208399534225464 -0.0 0.0 -1.0 1.1624927520751953 1.002757966518402
1.1611988544464111 0.7074541449546814 0.5366799831390381 -0.6117740273475647 -0.791009247303009 -3.0518509447574615e-05 0.36557018756866455 2.2568925619125366
0.8087748289108276 0.9800341129302979 0.5366799831390381 -0.6118045449256897 -0.790978729724884 -6.103701889514923e-05 -0.38124725222587585 2.256892681121826
0.8087754249572754 0.9800348281860352 -0.6208399534225464 -0.6118045449256897 -0.790978729724884 -0.0 -0.3812469244003296 0.26594412326812744
1.1611987352371216 0.707454264163971 -0.6208399534225464 -0.0 0.0 -1.0 0.4156755805015564 0.1472620964050293
1.1730210781097412 0.698310375213623 0.5315061807632446 0.791009247303009 -0.6117740273475647 -0.0 -0.4063032865524292 0.2748437523841858
1.1730210781097412 0.698310375213623 0.3955734074115753 0.791009247303009 -0.6117740273475647 -0.0 -0.4063032865524292 0.5086497962474823
1.477318286895752 1.091740608215332 0.39557352662086487 0.6118045449256897 0.790978729724884 -0.0 0.595737636089325 2.0141875743865967
1.477318286895752 1.091740608215332 0.5315062403678894 0.791009247303009 -0.6117740273475647 -0.0 -1.2400180101394653 0.2748437523841858
1.1012498140335083 1.382608413696289 0.3955736458301544 -0.791009247303009 0.6117740273475647 -0.0 1.8152519464492798 1.270891785621643
1.101250410079956 1.3826091289520264 0.5315064191818237 -0.791009247303009 0.6117740273475647 -0.0 2.043105363845825 1.2708932757377625
0.7969526052474976 0.9891781806945801 0.39557355642318726 -0.6117740273475647 -0.791009247303009 -0.0 -0.40629979968070984 2.0141876935958862
0.7969532012939453 0.9891788959503174 0.5315062999725342 -0.790978729724884 0.6118045449256897 -9.155552834272385e-05 2.043105363845825 0.4153979420661926
0.8087754249572754 0.9800348281860352 0.3502553701400757 -0.6117740273475647 -0.791009247303009 -0.0 -0.3812471628189087 1.9362398386001587
0.8087754249572754 0.9800348281860352 0.531506359577179 -0.6118045449256897 -0.790978729724884 -3.0518509447574615e-05 -0.38124725222587585 2.24799382686615
1.1611987352371216 0.7074542045593262 0.3502553105354309 -0.6117740273475647 -0.791009247303009 -0.0 0.365570068359375 1.9362399578094482
1.1611988544464111 0.7074541449546814 0.531506359577179 -0.6117740273475647 -0.791009247303009 -0.0 0.36557018756866455 2.2479939460754395
1.4654960632324219 1.1008846759796143 0.3502553701400757 0.6118045449256897 0.790978729724884 -0.0 0.6207901835441589 1.9362398386001587
1.4654960632324219 1.1008846759796143 0.5315064191818237 0.6118045449256897 0.790978729724884 -0.0 0.6207901835441589 2.24799382686615
1.1130726337432861 1.3734652996063232 0.35025542974472046 0.6117435097694397 0.791009247303009 -0.0 1.3676077127456665 1.9362399578094482
1.1130727529525757 1.3734652996063232 0.5315064191818237 0.6117740273475647 0.791009247303009 6.103701889514923e-05 1.367607593536377 2.2479939460754395
1.1730210781097412 0.698310375213623 -0.1823960244655609 0.791009247303009 -0.6117740273475647 -0.0 -0.4063032865524292 1.5027642250061035
1.477318286895752 1.0917407274246216 -0.18239590525627136 -0.0 0.0 -1.0 0.800855278968811 -1.0959959030151367
1.101250410079956 1.3826091289520264 -0.1823957860469818 -0.0 0.0 -0.999969482421875 0.1030893623828888 -0.6068606376647949
0.7969532012939453 0.9891788959503174 -0.18239590525627136 -0.6117740273475647 -0.791009247303009 -0.0 -0.4062997102737427 1.0200733542442322
0.8087755441665649 0.9800349473953247 -0.1823960244655609 -0.6117740273475647 -0.791009247303009 -0.0 -0.3812471628189087 1.0200729966163635
1.1611988544464111 0.7074543237686157 -0.1823960244655609 -0.6117740273475647 -0.791009247303009 -0.0 0.3655702769756317 1.020073115825653
1.4654961824417114 1.1008846759796143 -0.1823960244655609 0.6118045449256897 0.790978729724884 -0.0 0.6207901835441589 1.0200729370117188
1.1130726337432861 1.3734651803970337 -0.1823960244655609 0.6117740273475647 0.791009247303009 -0.0 1.3676077127456665 1.0200729966163635
1.477318286895752 1.091740608215332 0.39085516333580017 -0.0 0.0 0.999969482421875 0.595740556716919 -0.6704798936843872
1.1012498140335083 1.382608413696289 0.3908552825450897 -0.0 0.0 1.0 0.5957403779029846 -0.6704796552658081
0.7969526052474976 0.9891781806945801 0.39085516333580017 -0.6117740273475647 -0.791009247303009 -0.0 -0.40629979968070984 2.0060720443725586
0.8087754845619202 0.9800349473953247 0.345537006855011 -0.6117740273475647 -0.791009247303009 -0.0 -0.3812471628189087 1.928124189376831
1.1611988544464111 0.7074543237686157 0.3455369472503662 -0.6117740273475647 -0.791009247303009 -0.0 0.365570068359375 1.9281243681907654
1.4654960632324219 1.1008846759796143 0.345537006855011 0.6118045449256897 0.790978729724884 -0.0 0.6207900047302246 1.928124189376831
1.1130726337432861 1.3734652996063232 0.34553706645965576 0.6117740273475647 0.791009247303009 -0.0 1.3676077127456665 1.9281242489814758
1.1730210781097412 0.698310375213623 0.3908550441265106 0.791009247303009 -0.6117740273475647 -0.0 -0.4063032865524292 0.5167654156684875
1.1192295551300049 1.3814256191253662 -0.6208397150039673 0.6117740273475647 0.791009247303009 -0.0 1.1255521774291992 0.12155485153198242
1.1074073314666748 1.3905694484710693 -0.6208394765853882 -0.791009247303009 0.6117740273475647 -0.0 0.3906222879886627 -0.6068606376647949
1.4834773540496826 1.0997037887573242 -0.6208397150039673 0.791009247303009 -0.6117740273475647 -0.0 -1.2568926811218262 2.256892442703247
1.4716529846191406 1.1088449954986572 -0.6208399534225464 -0.0 0.0 -1.0 0.4156753718852997 1.020067036151886
1.4834752082824707 1.0997010469436646 -0.18239590525627136 0.791009247303009 -0.6117740273475647 -0.0 -1.2568867206573486 1.5027639865875244
1.1074072122573853 1.3905694484710693 -0.1823957860469818 -0.791009247303009 0.6117740273475647 -0.0 -0.34430646896362305 -0.6068606376647949
1.4716529846191406 1.1088449954986572 -0.1823960244655609 0.6117435097694397 0.791039764881134 -0.0 0.39062291383743286 -0.6447724103927612
1.1192295551300049 1.3814256191253662 -0.1823960244655609 -0.0 0.0 1.0 1.3535465002059937 0.9943659901618958
1.3259634971618652 0.8960517048835754 0.5366799235343933 -0.0 0.0 0.999969482421875 -0.45996689796447754 -0.15957152843475342
1.3259634971618652 0.8960517644882202 -0.6208397150039673 -0.0 0.0 -1.0 1.1017346382141113 -1.1004648208618164
0.949894905090332 1.1869194507598877 0.5366799831390381 -0.0 0.0 0.999969482421875 -1.2568893432617188 -0.15957307815551758
0.9617177248001099 1.1777763366699219 -0.6208399534225464 -0.0 0.0 -1.0 1.1624927520751953 0.5772415399551392
1.3141411542892456 0.9051955938339233 -0.6208399534225464 -0.0 0.0 -1.0 0.4156753718852997 0.5772413313388824
1.3141411542892456 0.9051955938339233 0.5366799831390381 -0.0 0.0 1.0 -0.48501935601234436 -0.15957152843475342
0.9617172479629517 1.177775502204895 0.5366800427436829 -0.0 0.0 1.0 -1.2318367958068848 -0.15957307815551758
0.949895441532135 1.186920166015625 0.531506359577179 -0.790978729724884 0.6117740273475647 -3.0518509447574615e-05 2.043105363845825 0.8453770577907562
0.949894905090332 1.1869194507598877 0.39557358622550964 -0.791009247303009 0.6117740273475647 -0.0 1.8152519464492798 0.8453755080699921
1.3259633779525757 0.8960517048835754 0.5315062403678894 0.791009247303009 -0.6117740273475647 -0.0 -0.8253351449966431 0.2748437523841858
1.3259633779525757 0.8960517048835754 0.3955734670162201 0.791009247303009 -0.6117740273475647 -0.0 -0.8253351449966431 0.5086496770381927
0.949895441532135 1.186920166015625 -0.18239590525627136 -0.0 0.0 -1.0 0.10308948159217834 -1.032376766204834
1.3259633779525757 0.8960517644882202 -0.1823960244655609 -0.0 0.0 -0.999969482421875 0.800855278968811 -0.6704796552658081
1.3259633779525757 0.8960517048835754 0.3908551037311554 -0.0 0.0 1.0 0.595740556716919 -1.0959959030151367
0.949894905090332 1.1869194507598877 0.39085522294044495 -0.0 0.0 1.0 0.5957403779029846 -1.0959959030151367
1.004455327987671 1.457474946975708 -0.1823957860469818 0.6117740273475647 0.791009247303009 -0.0 2.2219271659851074 1.2708938419818878
1.0044547319412231 1.4574742317199707 0.3908552825450897 0.6117740273475647 0.791009247303009 -0.0 2.2219274044036865 2.256892681121826
0.8531004190444946 1.2617859840393066 -0.18239590525627136 -0.0 0.0 -1.0 0.3082070052623749 -1.032376766204834
0.8530998229980469 1.2617852687835693 0.39085525274276733 -0.0 0.0 1.0 0.3906228244304657 -1.0959959030151367
1.4227571487426758 0.8211870193481445 -0.1823960244655609 -0.0 0.0 -1.0 1.005969762802124 -0.6704798936843872
1.574112057685852 1.016875982284546 -0.1823960244655609 -0.0 0.0 -1.0 1.005969762802124 -1.0959959030151367
1.574112057685852 1.016875982284546 0.3908551335334778 -0.0 0.0 1.0 0.800855278968811 -0.6704796552658081
1.4227571487426758 0.8211869597434998 0.390855073928833 -0.0 0.0 1.0 0.800855278968811 -1.0959959030151367
0.907845675945282 1.2427544593811035 -0.5940185785293579 -0.7249671816825867 0.5726493000984192 -0.382702112197876 -0.4063999354839325 0.08161711692810059
0.8949141502380371 1.226383090019226 -0.5940185785293579 -0.7249671816825867 0.5726493000984192 -0.382702112197876 -0.4413684010505676 0.08161711692810059
0.9054261445999146 1.2180793285369873 -0.599567174911499 0.300271600484848 -0.2371898591518402 -0.9238563179969788 -0.4063950181007385 -0.17184042930603027
0.9183576703071594 1.2344506978988647 -0.599567174911499 -0.6198309063911438 -0.7846919298171997 3.0518509447574615e-05 -0.36149173974990845 0.20573383569717407
0.915938138961792 1.2097755670547485 -0.5940185785293579 0.300271600484848 -0.2371898591518402 -0.9238563179969788 -0.4063950181007385 -0.19488167762756348
0.9288696646690369 1.226146936416626 -0.5940185785293579 -0.6198309063911438 -0.7846919298171997 3.0518509447574615e-05 -0.34430670738220215 0.22336852550506592
0.9202918410301208 1.206335186958313 -0.5806231498718262 0.7249976992607117 -0.5726493000984192 0.382641077041626 -0.44136855006217957 0.24290156364440918
0.9332244396209717 1.2227081060409546 -0.5806231498718262 0.7249976992607117 -0.5726493000984192 0.382641077041626 -0.40639686584472656 0.24290156364440918
0.915938138961792 1.2097755670547485 -0.5672260522842407 0.300271600484848 -0.2371898591518402 0.9238563179969788 -0.3792796730995178 -0.2053070068359375
0.9288696646690369 1.226146936416626 -0.5672260522842407 0.7249976992607117 -0.5726493000984192 0.382641077041626 -0.4063032865524292 0.26594454050064087
0.9054261445999146 1.2180793285369873 -0.5616774559020996 0.300271600484848 -0.2371898591518402 0.9238563179969788 -0.3792796730995178 -0.18226563930511475
0.9183576703071594 1.2344506978988647 -0.5616774559020996 -0.6198614239692688 -0.7846919298171997 3.0518509447574615e-05 -0.38579678535461426 0.265943706035614
0.8949141502380371 1.226383090019226 -0.5672260522842407 -0.300271600484848 0.2371898591518402 0.9238563179969788 -0.3792796730995178 -0.1592240333557129
0.907845675945282 1.2427544593811035 -0.5672260522842407 -0.6198614239692688 -0.7846919298171997 3.0518509447574615e-05 -0.4029819965362549 0.24830961227416992
0.8905593156814575 1.229822039604187 -0.5806231498718262 -0.7249671816825867 0.5726493000984192 -0.382702112197876 -0.4412747323513031 0.05857670307159424
0.9034908413887024 1.2461934089660645 -0.5806231498718262 -0.7249671816825867 0.5726493000984192 0.382641077041626 -0.4063062071800232 0.05857670307159424
0.907845675945282 1.2427544593811035 -0.5268181562423706 -0.7249671816825867 0.5726493000984192 -0.382702112197876 -0.40639686584472656 -0.010549783706665039
0.8949141502380371 1.226383090019226 -0.5268181562423706 -0.7249671816825867 0.5726493000984192 -0.382702112197876 -0.44136539101600647 -0.010549783706665039
0.9054261445999146 1.2180793285369873 -0.5323684215545654 0.3003631830215454 -0.2372508943080902 -0.9238258004188538 -0.4063950181007385 -0.12575650215148926
0.9183576703071594 1.2344506978988647 -0.5323684215545654 -0.6198614239692688 -0.7846919298171997 3.0518509447574615e-05 -0.38579970598220825 0.08531832695007324
0.915938138961792 1.2097755670547485 -0.5268181562423706 0.3003631830215454 -0.2372508943080902 -0.9238258004188538 -0.4063950181007385 -0.148797869682312
0.9288696646690369 1.226146936416626 -0.5268181562423706 -0.6198614239692688 -0.7846919298171997 3.0518509447574615e-05 -0.40298351645469666 0.0676811933517456
0.9202918410301208 1.206335186958313 -0.5134227275848389 0.7249671816825867 -0.5726493000984192 -0.382702112197876 -0.4063030481338501 0.15073734521865845
0.9332244396209717 1.2227081060409546 -0.5134227275848389 0.7249671816825867 -0.5726493000984192 -0.382702112197876 -0.4412747323513031 0.15073734521865845
0.915938138961792 1.2097755670547485 -0.5000274181365967 0.300271600484848 -0.2371898591518402 0.9238563179969788 -0.37927964329719543 -0.11313962936401367
0.9288696646690369 1.226146936416626 -0.5000274181365967 -0.6198309063911438 -0.7847224473953247 -0.0 -0.38579803705215454 0.025108695030212402
0.9054261445999146 1.2180793285369873 -0.4944787919521332 0.300271600484848 -0.2371898591518402 0.9238563179969788 -0.3792794942855835 -0.09009826183319092
0.9183577299118042 1.2344506978988647 -0.4944787919521332 -0.300271600484848 0.2371898591518402 0.9238563179969788 -0.3443090617656708 -0.09009718894958496
0.8949141502380371 1.226383090019226 -0.5000274181365967 -0.7249671816825867 0.5726493000984192 0.382702112197876 -0.44136539101600647 -0.05663037300109863
0.907845675945282 1.2427544593811035 -0.5000274181365967 -0.7249671816825867 0.5726493000984192 0.382702112197876 -0.40639686584472656 -0.05663037300109863
0.8905593156814575 1.229822039604187 -0.5134227275848389 -0.7249671816825867 0.5726493000984192 -0.382702112197876 -0.44127166271209717 -0.03359043598175049
0.9034908413887024 1.2461934089660645 -0.5134227275848389 -0.7249671816825867 0.5726493000984192 0.382702112197876 -0.40630313754081726 -0.03359043598175049
1.3905742168426514 0.8693897724151611 -0.5940185785293579 0.7365031838417053 -0.5577257871627808 -0.382702112197876 -0.44127175211906433 0.03553348779678345
1.3779795169830322 0.8527579307556152 -0.5940185785293579 0.7365031838417053 -0.5577257871627808 -0.382702112197876 -0.4063032865524292 0.03553366661071777
1.3672997951507568 0.8608448505401611 -0.599567174911499 -0.30506300926208496 0.2309945970773697 -0.9238563179969788 -0.37927964329719543 -0.04401445388793945
1.379894495010376 0.877476692199707 -0.599567174911499 -0.6036561131477356 -0.7972044944763184 3.0518509447574615e-05 -0.3443051874637604 0.18809962272644043
1.3566200733184814 0.8689316511154175 -0.5940185785293579 -0.30506300926208496 0.2309945970773697 -0.9238563179969788 -0.3792794942855835 -0.06705570220947266
1.3692147731781006 0.8855636119842529 -0.5940185785293579 -0.6036561131477356 -0.7972044944763184 3.0518509447574615e-05 -0.34430503845214844 0.16316097974777222
1.3521957397460938 0.8722807168960571 -0.5806231498718262 -0.7365337014198303 0.5577257871627808 0.382641077041626 -0.4063032865524292 0.19681811332702637
1.3647915124893188 0.8889139890670776 -0.5806231498718262 -0.7365337014198303 0.5577257871627808 0.382641077041626 -0.4412747621536255 0.19681811332702637
1.3566200733184814 0.8689316511154175 -0.5672260522842407 -0.30506300926208496 0.2309945970773697 0.9238563179969788 -0.4063951075077057 -0.2409658432006836
1.3692147731781006 0.8855636119842529 -0.5672260522842407 -0.7365337014198303 0.5577257871627808 0.382641077041626 -0.44136855006217957 0.21986103057861328
1.3672997951507568 0.8608448505401611 -0.5616774559020996 -0.30506300926208496 0.2309945970773697 0.9238563179969788 -0.40639519691467285 -0.2179245948791504
1.379894495010376 0.877476692199707 -0.5616774559020996 -0.6036561131477356 -0.7972044944763184 3.0518509447574615e-05 -0.4029819965362549 0.16315948963165283
1.3779795169830322 0.8527579307556152 -0.5672260522842407 0.30506300926208496 -0.2309945970773697 0.9238563179969788 -0.4063951075077057 -0.19488298892974854
1.3905742168426514 0.8693897724151611 -0.5672260522842407 -0.6036561131477356 -0.7972044944763184 3.0518509447574615e-05 -0.4029819965362549 0.18809831142425537
1.382402777671814 0.8494074940681458 -0.5806231498718262 0.7365031838417053 -0.5577257871627808 -0.382702112197876 -0.40639710426330566 0.012493252754211426
1.394997477531433 0.8660393357276917 -0.5806231498718262 0.7365031838417053 -0.5577257871627808 0.382641077041626 -0.44136548042297363 0.012493252754211426
1.3905742168426514 0.8693897724151611 -0.5268181562423706 0.7365031838417053 -0.5577257871627808 -0.382702112197876 -0.3444030284881592 -0.02097177505493164
1.3779795169830322 0.8527579307556152 -0.5268181562423706 0.7365031838417053 -0.5577257871627808 -0.382702112197876 -0.3793714940547943 -0.02097177505493164
1.3672997951507568 0.8608448505401611 -0.5323684215545654 -0.30512404441833496 0.2310556322336197 -0.9238258004188538 -0.3443094491958618 -0.13618063926696777
1.379894495010376 0.877476692199707 -0.5323684215545654 -0.6036561131477356 -0.7972044944763184 3.0518509447574615e-05 -0.40298351645469666 0.12789267301559448
1.3566200733184814 0.8689316511154175 -0.5268181562423706 -0.30512404441833496 0.2310556322336197 -0.9238258004188538 -0.3443094491958618 -0.11313939094543457
1.3692147731781006 0.8855636119842529 -0.5268181562423706 -0.6036561131477356 -0.7972044944763184 3.0518509447574615e-05 -0.385795533657074 0.14552569389343262
1.3521957397460938 0.8722807168960571 -0.5134227275848389 -0.7365031838417053 0.5577257871627808 -0.382702112197876 -0.4063032865524292 0.10465764999389648
1.3647915124893188 0.8889139890670776 -0.5134227275848389 -0.7365031838417053 0.5577257871627808 -0.382702112197876 -0.4412747621536255 0.10465764999389648
1.3566200733184814 0.8689316511154175 -0.5000274181365967 -0.30506300926208496 0.2309945970773697 0.9238563179969788 -0.4063950181007385 -0.1027141809463501
1.3692147731781006 0.8855636119842529 -0.5000274181365967 -0.6036866307258606 -0.7972044944763184 -0.0 -0.3443068861961365 0.12789100408554077
1.3672997951507568 0.8608448505401611 -0.4944787919521332 -0.30506300926208496 0.2309945970773697 0.9238563179969788 -0.4063950181007385 -0.07967281341552734
1.379894495010376 0.877476692199707 -0.4944787919521332 0.30506300926208496 -0.2309945970773697 0.9238563179969788 -0.44136539101600647 -0.07967162132263184
1.3779795169830322 0.8527579307556152 -0.5000274181365967 0.7365031838417053 -0.5577257871627808 0.382702112197876 -0.3793714940547943 0.025108516216278076
1.3905742168426514 0.8693897724151611 -0.5000274181365967 0.7365031838417053 -0.5577257871627808 0.382702112197876 -0.3444030284881592 0.025108695030212402
1.382402777671814 0.8494074940681458 -0.5134227275848389 0.7365031838417053 -0.5577257871627808 -0.382702112197876 -0.37927767634391785 0.002068638801574707
1.394997477531433 0.8660393357276917 -0.5134227275848389 0.7365031838417053 -0.5577257871627808 0.382702112197876 -0.34430935978889465 0.002068459987640381
0.726577639579773 1.0436105728149414 -0.2429167926311493 -0.0 0.0 1.0 1.5491303205490112 -0.6704878807067871
0.726577639579773 1.0436105728149414 -0.6208394765853882 -0.791009247303009 0.6117740273475647 -0.0 -0.8378621339797974 -1.239583969116211
0.8795192241668701 1.2413512468338013 -0.6208394765853882 -0.791009247303009 0.6117740273475647 -0.0 -1.2568926811218262 -1.239583969116211
0.8795192241668701 1.2413513660430908 -0.24291691184043884 -0.0 0.0 1.0 1.5491303205490112 -1.1004652976989746
0.7969532012939453 0.9891788959503174 -0.2429167926311493 -0.6117740273475647 -0.791009247303009 -0.0 1.1875452995300293 0.37004101276397705
0.9498947858810425 1.1869195699691772 -0.2429167926311493 -0.0 0.0 1.0 1.3999981880187988 -1.1004648208618164
0.9498947262763977 1.1869195699691772 -0.6208394765853882 -0.0 0.0 -1.0 1.6982626914978027 -1.1004652976989746
1.2433950901031494 0.6438800096511841 -0.2429167926311493 -0.0 0.0 1.0 1.3999981880187988 -1.1004652976989746
1.2433950901031494 0.6438800096511841 -0.6208394765853882 0.790978729724884 -0.6117740273475647 -0.0 -0.8378621339797974 -1.239583969116211
1.3963370323181152 0.8416204452514648 -0.6208394765853882 0.790978729724884 -0.6117740273475647 -0.0 -0.41883182525634766 -1.2395837306976318
1.3963370323181152 0.8416204452514648 -0.24291691184043884 -0.0 0.0 1.0 1.3999979496002197 -0.6704878807067871
1.1730197668075562 0.698311448097229 -0.2429167926311493 -0.6117740273475647 -0.791009247303009 -0.0 -0.1951742172241211 -0.6068606376647949
1.325961709022522 0.8960520029067993 -0.2429167926311493 0.6118045449256897 0.790978729724884 -0.0 -0.04604238271713257 -1.256892204284668
1.005982518196106 1.2594441175460815 0.5366799831390381 -0.0 0.0 -1.0 1.1255525350570679 0.1472620964050293
0.7969515919685364 0.9891801476478577 0.5366799831390381 -0.790978729724884 0.6118045449256897 -0.0001831110566854477 2.0517778396606445 0.41539835929870605
1.382054328918457 0.968572735786438 0.5366799831390381 -0.0 0.0 -1.0 1.1255524158477783 -0.670487642288208
1.1730210781097412 0.6983106136322021 0.5366799831390381 0.791009247303009 -0.6117740273475647 -0.0 -0.4063034653663635 0.2659447193145752
0.8790205717086792 1.0952932834625244 0.5366799831390381 -0.0 0.0 -0.999969482421875 1.4734034538269043 0.1472620964050293
1.2550923824310303 0.8044219017028809 0.5366799831390381 -0.0 0.0 -0.999969482421875 1.4734032154083252 -0.670487642288208
0.8624206781387329 0.9385433197021484 0.5366799831390381 -0.0 0.0 -1.0 1.6982626914978027 0.0048975348472595215
1.0714540481567383 1.2088054418563843 0.5366799831390381 -0.0 0.0 -1.0 1.1255525350570679 0.0048975348472595215
0.9444920420646667 1.0446546077728271 0.5366799831390381 -0.0 0.0 -1.0 1.4734032154083252 0.0048975348472595215
1.3165827989578247 1.0192115306854248 0.5366799831390381 -0.0 0.0 -1.0 1.1255524158477783 -0.5281230211257935
1.1075494289398193 0.748949408531189 0.5366799831390381 -0.0 0.0 -1.0 1.6982626914978027 -0.5281230211257935
1.189620852470398 0.8550606369972229 0.5366799831390381 -0.0 0.0 -1.0 1.4734032154083252 -0.5281230211257935
1.1730210781097412 0.698310375213623 -0.1823960244655609 -0.6118045449256897 -0.790978729724884 -0.0 0.3906228244304657 1.0200732350349426
1.1730210781097412 0.6983104348182678 -0.6208397150039673 -0.6117740273475647 -0.791009247303009 -0.0 0.39062291383743286 0.26594454050064087
1.1730210781097412 0.6983104348182678 -0.6208397150039673 0.791009247303009 -0.6117740273475647 -0.0 -0.4063032865524292 2.256892442703247
1.1730210781097412 0.6983104348182678 -0.6208397150039673 -0.6117740273475647 -0.791009247303009 -0.0 -0.19517409801483154 -1.2568926811218262
1.1730210781097412 0.6983104348182678 -0.6208397150039673 -0.0 0.0 -1.0 0.3906230330467224 0.1472623348236084
1.3259634971618652 0.8960517644882202 -0.6208397150039673 0.791009247303009 -0.6117740273475647 -0.0 -0.8253353834152222 2.256892681121826
1.3259634971618652 0.8960517644882202 -0.6208397150039673 -0.0 0.0 -1.0 0.3906228244304657 0.5772413313388824
1.3259634971618652 0.8960517644882202 -0.6208397150039673 0.6118045449256897 0.790978729724884 -0.0 -0.04604226350784302 -0.6068606376647949
1.477318286895752 1.0917407274246216 -0.6208397150039673 0.791009247303009 -0.6117740273475647 -0.0 -1.2400180101394653 2.256892442703247
1.477318286895752 1.091740608215332 0.5315062403678894 0.6118045449256897 0.790978729724884 -0.0 0.595737636089325 2.2479937076568604
1.477318286895752 1.091740608215332 0.5366799235343933 0.6118045449256897 0.790978729724884 -0.0 0.595737636089325 2.256892442703247
1.477318286895752 1.091740608215332 0.5366799235343933 0.791009247303009 -0.6117740273475647 -0.0 -1.2400180101394653 0.2659449577331543
1.4654960632324219 1.1008846759796143 0.5366799831390381 0.6118045449256897 0.790978729724884 3.0518509447574615e-05 0.6207901835441589 2.2568925619125366
1.101250410079956 1.3826091289520264 0.5315064191818237 0.6117740273475647 0.791009247303009 6.103701889514923e-05 1.392660140991211 2.24799382686615
1.1012498140335083 1.382608413696289 0.5366800427436829 0.6117740273475647 0.791009247303009 0.00015259254723787308 1.392660140991211 2.2568925619125366
1.1012498140335083 1.382608413696289 0.5366800427436829 -0.791009247303009 0.6117740273475647 -0.0 2.0517776012420654 1.270891785621643
0.949894905090332 1.1869194507598877 0.5366799831390381 -0.790978729724884 0.6118045449256897 -9.155552834272385e-05 2.0517776012420654 0.8453755080699921
1.1611987352371216 0.707454264163971 -0.6208399534225464 -0.6117740273475647 -0.791009247303009 -0.0 0.3655703663825989 0.26594412326812744
1.113072156906128 1.373464584350586 0.5366801023483276 0.6117740273475647 0.791009247303009 0.00012207403779029846 1.367607593536377 2.256892681121826
1.1611988544464111 0.7074541449546814 0.5366799831390381 -0.0 0.0 1.0 -0.48501935601234436 -0.5895507335662842
0.8087748289108276 0.9800341129302979 0.5366799831390381 -0.0 0.0 1.0 -1.2318367958068848 -0.5895520448684692
0.7969532012939453 0.9891788959503174 -0.6208398342132568 -0.0 0.0 -1.0 1.1875452995300293 0.14726275205612183
0.7969532012939453 0.9891788959503174 -0.6208398342132568 -0.791009247303009 0.6117740273475647 -0.0 0.3906228244304657 0.26594388484954834
0.7969532012939453 0.9891788959503174 -0.6208398342132568 -0.6117740273475647 -0.791009247303009 -0.0 1.1875452995300293 1.0200729370117188
0.7969532012939453 0.9891788959503174 -0.6208398342132568 -0.6118045449256897 -0.790978729724884 -0.0 -0.4062994718551636 0.26594454050064087
0.8087754249572754 0.9800348281860352 -0.6208399534225464 -0.0 0.0 -0.999969482421875 1.1624927520751953 0.1472625732421875
1.1730210781097412 0.698310375213623 0.5315061807632446 -0.6117740273475647 -0.791009247303009 -0.0 0.390622615814209 2.2479937076568604
1.1730210781097412 0.698310375213623 0.3955734074115753 -0.6117740273475647 -0.791009247303009 -0.0 0.390622615814209 2.0141875743865967
1.477318286895752 1.091740608215332 0.39085516333580017 0.791009247303009 -0.6117740273475647 -0.0 -1.2400180101394653 0.5167651772499084
1.477318286895752 1.091740608215332 0.39085516333580017 0.6118045449256897 0.790978729724884 -0.0 0.595737636089325 2.0060720443725586
1.477318286895752 1.091740608215332 0.39557352662086487 0.791009247303009 -0.6117740273475647 -0.0 -1.2400180101394653 0.5086495876312256
1.1012498140335083 1.382608413696289 0.3908552825450897 0.6117435097694397 0.791009247303009 -0.0 1.392660140991211 2.0060722827911377
1.1012498140335083 1.382608413696289 0.3908552825450897 -0.791009247303009 0.6117740273475647 -0.0 1.8073430061340332 1.270891785621643
1.1012498140335083 1.382608413696289 0.3955736458301544 0.6117435097694397 0.791009247303009 -0.0 1.392660140991211 2.014187812805176
0.7969526052474976 0.9891781806945801 0.39085516333580017 -0.791009247303009 0.6117740273475647 -0.0 1.8073430061340332 0.41539669036865234
0.7969526052474976 0.9891781806945801 0.39557355642318726 -0.791009247303009 0.6117740273475647 -0.0 1.8152519464492798 0.41539669036865234
0.7969532012939453 0.9891788959503174 0.5315062999725342 -0.6118045449256897 -0.790978729724884 -3.0518509447574615e-05 -0.406299889087677 2.24799382686615
1.1730210781097412 0.698310375213623 0.3908550441265106 -0.6117435097694397 -0.791039764881134 -0.0 0.390622615814209 2.006071925163269
0.7969532012939453 0.9891788959503174 -0.18239590525627136 -0.791009247303009 0.6117740273475647 -0.0 -0.3443065583705902 0.26594388484954834
1.477318286895752 1.0917407274246216 -0.18239590525627136 0.791009247303009 -0.6117740273475647 -0.0 -1.2400180101394653 1.5027639865875244
1.477318286895752 1.0917407274246216 -0.18239590525627136 -0.0 0.0 1.0 1.3366777896881104 0.2023313045501709
1.477318286895752 1.0917407274246216 -0.18239590525627136 0.6118045449256897 0.790978729724884 -0.0 0.595737636089325 1.020073115825653
1.4834752082824707 1.0997010469436646 -0.18239590525627136 -0.0 0.0 1.0 1.3535465002059937 0.2023313045501709
1.4834752082824707 1.0997010469436646 -0.18239590525627136 0.6117129921913147 0.791070282459259 -0.0 0.3906228244304657 -0.670479416847229
1.4654961824417114 1.1008846759796143 -0.1823960244655609 -0.0 0.0 0.999969482421875 1.3366779088974 0.22803837060928345
1.1130726337432861 1.3734651803970337 -0.1823960244655609 -0.0 0.0 1.0 1.3366779088974 0.9943659901618958
1.101250410079956 1.3826091289520264 -0.1823957860469818 -0.791009247303009 0.6117740273475647 -0.0 -0.34430646896362305 -0.5895514488220215
1.101250410079956 1.3826091289520264 -0.1823957860469818 -0.0 0.0 1.0 1.3366779088974 1.0200729370117188
1.101250410079956 1.3826091289520264 -0.1823957860469818 0.6117740273475647 0.791009247303009 -0.0 1.392660140991211 1.0200733542442322
1.3259633779525757 0.8960517644882202 -0.1823960244655609 0.791009247303009 -0.6117740273475647 -0.0 -0.8253352642059326 1.502764105796814
1.3259633779525757 0.8960517644882202 -0.1823960244655609 -0.6117740273475647 -0.791009247303009 -0.0 2.256892442703247 1.2708931863307953
1.3259633779525757 0.8960517048835754 0.3908551037311554 0.791009247303009 -0.6117740273475647 -0.0 -0.8253351449966431 0.516765296459198
1.3259633779525757 0.8960517048835754 0.3908551037311554 -0.6117740273475647 -0.791009247303009 -0.0 2.256892681121826 0.2848942279815674
1.1192295551300049 1.3814256191253662 -0.6208397150039673 -0.0 0.0 -1.0 1.1624927520751953 1.020067274570465
1.1074073314666748 1.3905694484710693 -0.6208394765853882 -0.0 0.0 -1.0 1.1875450611114502 1.0200671553611755
1.1074073314666748 1.3905694484710693 -0.6208394765853882 0.6117740273475647 0.791009247303009 -0.0 1.1255519390106201 0.14726191759109497
1.4834773540496826 1.0997037887573242 -0.6208397150039673 0.6117129921913147 0.791070282459259 -0.0 1.1255521774291992 -0.6704796552658081
1.4834773540496826 1.0997037887573242 -0.6208397150039673 -0.0 0.0 -1.0 0.3906228244304657 1.0200729370117188
1.4716529846191406 1.1088449954986572 -0.6208399534225464 0.6117435097694397 0.791039764881134 -0.0 1.1255524158477783 -0.6447728872299194
1.1074072122573853 1.3905694484710693 -0.1823957860469818 0.6117740273475647 0.791009247303009 -0.0 0.3906228244304657 0.1472620964050293
1.1074072122573853 1.3905694484710693 -0.1823957860469818 -0.0 0.0 1.0 1.3535465002059937 1.0200729370117188
1.4716529846191406 1.1088449954986572 -0.1823960244655609 -0.0 0.0 1.0 1.3535465002059937 0.22803837060928345
1.1192295551300049 1.3814256191253662 -0.1823960244655609 0.6117740273475647 0.791009247303009 -0.0 0.39062315225601196 0.12155508995056152
1.101250410079956 1.3826091289520264 -0.6208394765853882 -0.0 0.0 -0.999969482421875 1.1875450611114502 1.002757728099823
1.3259634971618652 0.8960517048835754 0.5366799235343933 0.791009247303009 -0.6117740273475647 -0.0 -0.8253351449966431 0.2659449577331543
0.949895441532135 1.186920166015625 -0.18239590525627136 -0.791009247303009 0.6117740273475647 -0.0 -0.34430646896362305 -0.16403508186340332
0.949895441532135 1.186920166015625 -0.18239590525627136 -0.6117740273475647 -0.791009247303009 -0.0 1.8116921186447144 2.256892681121826
0.949894905090332 1.1869194507598877 0.39085522294044495 -0.791009247303009 0.6117740273475647 -0.0 1.8073430061340332 0.8453755080699921
0.949894905090332 1.1869194507598877 0.39085522294044495 -0.6117740273475647 -0.791009247303009 -0.0 1.8116921186447144 1.2708936929702759
1.004455327987671 1.457474946975708 -0.1823957860469818 -0.791009247303009 0.6117740273475647 -0.0 1.8073430061340332 1.2708932757377625
1.004455327987671 1.457474946975708 -0.1823957860469818 -0.0 0.0 -0.999969482421875 0.3082069158554077 -0.6068606376647949
1.0044547319412231 1.4574742317199707 0.3908552825450897 -0.791009247303009 0.6117740273475647 -0.0 1.8073430061340332 0.2848942279815674
1.0044547319412231 1.4574742317199707 0.3908552825450897 -0.0 0.0 1.0 0.3906228244304657 -0.6704798936843872
0.8531004190444946 1.2617859840393066 -0.18239590525627136 -0.791009247303009 0.6117740273475647 -0.0 1.392660140991211 1.27089262008667
0.8531004190444946 1.2617859840393066 -0.18239590525627136 -0.6117740273475647 -0.791009247303009 -0.0 2.0168094635009766 2.256892681121826
0.8530998229980469 1.2617852687835693 0.39085525274276733 -0.791009247303009 0.6117740273475647 -0.0 1.392660140991211 0.28489363193511963
0.8530998229980469 1.2617852687835693 0.39085525274276733 -0.6117740273475647 -0.791009247303009 -0.0 2.0168094635009766 1.2708936929702759
1.4227571487426758 0.8211870193481445 -0.1823960244655609 0.791009247303009 -0.6117740273475647 -0.0 1.6982629299163818 -0.8387366533279419
1.4227571487426758 0.8211870193481445 -0.1823960244655609 -0.6117740273475647 -0.791009247303009 -0.0 2.0517778396606445 1.2708932757377625
1.574112057685852 1.016875982284546 -0.1823960244655609 0.791009247303009 -0.6117740273475647 -0.0 2.112945556640625 -0.8387366533279419
1.574112057685852 1.016875982284546 -0.1823960244655609 0.6117740273475647 0.791009247303009 -0.0 0.3906228244304657 1.0200729966163635
1.574112057685852 1.016875982284546 0.3908551335334778 0.6117740273475647 0.791009247303009 -0.0 0.3906230330467224 2.006071925163269
1.574112057685852 1.016875982284546 0.3908551335334778 0.791009247303009 -0.6117740273475647 -0.0 2.112945556640625 0.1472620964050293
1.4227571487426758 0.8211869597434998 0.390855073928833 0.791009247303009 -0.6117740273475647 -0.0 1.6982626914978027 0.1472620964050293
1.4227571487426758 0.8211869597434998 0.390855073928833 -0.6117740273475647 -0.791009247303009 -0.0 2.0517778396606445 0.2848944664001465
0.8949141502380371 1.226383090019226 -0.5000274181365967 -0.300271600484848 0.2371898591518402 0.9238563179969788 -0.3792794942855835 -0.06705677509307861
0.907845675945282 1.2427544593811035 -0.5000274181365967 -0.300271600484848 0.2371898591518402 0.9238563179969788 -0.3443090617656708 -0.06705570220947266
0.907845675945282 1.2427544593811035 -0.5000274181365967 -0.6198614239692688 -0.7846919298171997 3.0518509447574615e-05 -0.34430935978889465 0.04274320602416992
0.8905593156814575 1.229822039604187 -0.5134227275848389 -0.7249671816825867 0.5726493000984192 0.382702112197876 -0.44127166271209717 -0.03359043598175049
0.9034908413887024 1.2461934089660645 -0.5134227275848389 -0.7249671816825867 0.5726493000984192 -0.382702112197876 -0.40630313754081726 -0.03359043598175049
0.9034908413887024 1.2461934089660645 -0.5134227275848389 -0.6198309063911438 -0.7847224473953247 -0.0 -0.34430935978889465 0.06768155097961426
0.9332244396209717 1.2227081060409546 -0.5806231498718262 -0.6198309063911438 -0.7847224473953247 -0.0 -0.3443065583705902 0.24830710887908936
0.9332244396209717 1.2227081060409546 -0.5806231498718262 0.7249671816825867 -0.5726493000984192 -0.382702112197876 -0.40639686584472656 0.24290156364440918
0.9288696646690369 1.226146936416626 -0.5672260522842407 -0.6198309063911438 -0.7847224473953247 -0.0 -0.36149317026138306 0.26594388484954834
0.9288696646690369 1.226146936416626 -0.5672260522842407 0.300271600484848 -0.2371898591518402 0.9238563179969788 -0.3443094491958618 -0.205305814743042
1.3779795169830322 0.8527579307556152 -0.5000274181365967 0.30506300926208496 -0.2309945970773697 0.9238563179969788 -0.4063950181007385 -0.05663132667541504
1.3905742168426514 0.8693897724151611 -0.5000274181365967 0.30506300926208496 -0.2309945970773697 0.9238563179969788 -0.44136524200439453 -0.05663037300109863
1.3905742168426514 0.8693897724151611 -0.5000274181365967 -0.6036561131477356 -0.7972044944763184 3.0518509447574615e-05 -0.36149275302886963 0.08531832695007324
1.382402777671814 0.8494074940681458 -0.5134227275848389 0.7365031838417053 -0.5577257871627808 0.382702112197876 -0.37927767634391785 0.002068638801574707
1.394997477531433 0.8660393357276917 -0.5134227275848389 0.7365031838417053 -0.5577257871627808 -0.382702112197876 -0.34430935978889465 0.002068459987640381
1.394997477531433 0.8660393357276917 -0.5134227275848389 -0.6036866307258606 -0.7972044944763184 -0.0 -0.38579612970352173 0.08531856536865234
1.3647915124893188 0.8889139890670776 -0.5806231498718262 -0.6036866307258606 -0.7972044944763184 -0.0 -0.36149024963378906 0.14552676677703857
1.3647915124893188 0.8889139890670776 -0.5806231498718262 -0.7365031838417053 0.5577257871627808 -0.382702112197876 -0.4412747621536255 0.19681811332702637
1.3692147731781006 0.8855636119842529 -0.5672260522842407 -0.6036866307258606 -0.7972044944763184 -0.0 -0.38579654693603516 0.14552569389343262
1.3692147731781006 0.8855636119842529 -0.5672260522842407 -0.30506300926208496 0.2309945970773697 0.9238563179969788 -0.44136539101600647 -0.24096465110778809
0.9183576703071594 1.2344506978988647 -0.599567174911499 0.300271600484848 -0.2371898591518402 -0.9238563179969788 -0.44136524200439453 -0.17183935642242432
0.9183576703071594 1.2344506978988647 -0.599567174911499 -0.300271600484848 0.2371898591518402 -0.9238563179969788 -0.44136524200439453 -0.17183935642242432
0.9288696646690369 1.226146936416626 -0.5940185785293579 0.300271600484848 -0.2371898591518402 -0.9238563179969788 -0.44136524200439453 -0.19488072395324707
0.9288696646690369 1.226146936416626 -0.5940185785293579 0.7249671816825867 -0.5726493000984192 -0.382702112197876 -0.4063032865524292 0.21986126899719238
0.907845675945282 1.2427544593811035 -0.5940185785293579 -0.6198309063911438 -0.7847224473953247 -0.0 -0.3857954442501068 0.2057342529296875
0.907845675945282 1.2427544593811035 -0.5940185785293579 -0.300271600484848 0.2371898591518402 -0.9238563179969788 -0.44136539101600647 -0.14879798889160156
0.9034908413887024 1.2461934089660645 -0.5806231498718262 -0.6198309063911438 -0.7847224473953247 -0.0 -0.4029809236526489 0.22336828708648682
0.9034908413887024 1.2461934089660645 -0.5806231498718262 -0.7249671816825867 0.5726493000984192 -0.382702112197876 -0.4063062071800232 0.05857670307159424
0.9183576703071594 1.2344506978988647 -0.5616774559020996 -0.300271600484848 0.2371898591518402 0.9238563179969788 -0.34430935978889465 -0.1822645664215088
0.9183576703071594 1.2344506978988647 -0.5616774559020996 0.300271600484848 -0.2371898591518402 0.9238563179969788 -0.34430935978889465 -0.1822645664215088
0.907845675945282 1.2427544593811035 -0.5672260522842407 -0.300271600484848 0.2371898591518402 0.9238563179969788 -0.34430935978889465 -0.15922307968139648
0.907845675945282 1.2427544593811035 -0.5672260522842407 -0.7249671816825867 0.5726493000984192 0.382641077041626 -0.4063999354839325 0.03553366661071777
0.9332244396209717 1.2227081060409546 -0.5134227275848389 -0.6198309063911438 -0.7847224473953247 -0.0 -0.40298348665237427 0.04274255037307739
0.9332244396209717 1.2227081060409546 -0.5134227275848389 0.7249671816825867 -0.5726493000984192 0.382702112197876 -0.4412747323513031 0.15073734521865845
0.9288696646690369 1.226146936416626 -0.5000274181365967 0.7249671816825867 -0.5726493000984192 0.382702112197876 -0.4413684010505676 0.12769728899002075
0.9288696646690369 1.226146936416626 -0.5000274181365967 0.300271600484848 -0.2371898591518402 0.9238563179969788 -0.3443092107772827 -0.11313855648040771
0.9288696646690369 1.226146936416626 -0.5268181562423706 0.7249671816825867 -0.5726493000984192 -0.382702112197876 -0.4413684010505676 0.17377781867980957
0.9288696646690369 1.226146936416626 -0.5268181562423706 0.3003631830215454 -0.2372508943080902 -0.9238258004188538 -0.44136524200439453 -0.14879679679870605
0.9183577299118042 1.2344506978988647 -0.4944787919521332 0.300271600484848 -0.2371898591518402 0.9238563179969788 -0.3443090617656708 -0.09009718894958496
0.9183577299118042 1.2344506978988647 -0.4944787919521332 -0.6198614239692688 -0.7846919298171997 3.0518509447574615e-05 -0.361494243144989 0.025108516216278076
0.9183576703071594 1.2344506978988647 -0.5323684215545654 0.3003631830215454 -0.2372508943080902 -0.9238258004188538 -0.44136524200439453 -0.12575554847717285
0.9183576703071594 1.2344506978988647 -0.5323684215545654 -0.3003631830215454 0.2372508943080902 -0.9238258004188538 -0.44136524200439453 -0.12575554847717285
0.907845675945282 1.2427544593811035 -0.5268181562423706 -0.6198309063911438 -0.7847224473953247 -0.0 -0.36149492859840393 0.08531558513641357
0.907845675945282 1.2427544593811035 -0.5268181562423706 -0.3003631830215454 0.2372508943080902 -0.9238258004188538 -0.44136539101600647 -0.1027141809463501
1.379894495010376 0.877476692199707 -0.599567174911499 -0.30506300926208496 0.2309945970773697 -0.9238563179969788 -0.34430935978889465 -0.044013261795043945
1.379894495010376 0.877476692199707 -0.599567174911499 0.30506300926208496 -0.2309945970773697 -0.9238563179969788 -0.34430935978889465 -0.044013261795043945
1.3692147731781006 0.8855636119842529 -0.5940185785293579 -0.30506300926208496 0.2309945970773697 -0.9238563179969788 -0.3443092107772827 -0.0670546293258667
1.3692147731781006 0.8855636119842529 -0.5940185785293579 -0.7365031838417053 0.5577257871627808 -0.382702112197876 -0.44136855006217957 0.17377781867980957
1.3905742168426514 0.8693897724151611 -0.5940185785293579 -0.6036866307258606 -0.7972044944763184 -0.0 -0.361490398645401 0.20573383569717407
1.3905742168426514 0.8693897724151611 -0.5940185785293579 0.30506300926208496 -0.2309945970773697 -0.9238563179969788 -0.3443092107772827 -0.02097177505493164
1.394997477531433 0.8660393357276917 -0.5806231498718262 -0.6036866307258606 -0.7972044944763184 -0.0 -0.3857943117618561 0.20573383569717407
1.394997477531433 0.8660393357276917 -0.5806231498718262 0.7365031838417053 -0.5577257871627808 -0.382702112197876 -0.44136548042297363 0.012493252754211426
1.379894495010376 0.877476692199707 -0.5616774559020996 0.30506300926208496 -0.2309945970773697 0.9238563179969788 -0.44136539101600647 -0.21792328357696533
1.379894495010376 0.877476692199707 -0.5616774559020996 -0.30506300926208496 0.2309945970773697 0.9238563179969788 -0.44136539101600647 -0.21792328357696533
1.3905742168426514 0.8693897724151611 -0.5672260522842407 0.30506300926208496 -0.2309945970773697 0.9238563179969788 -0.44136539101600647 -0.19488191604614258
1.3905742168426514 0.8693897724151611 -0.5672260522842407 0.7365031838417053 -0.5577257871627808 0.382641077041626 -0.44127175211906433 -0.010549783706665039
1.3647915124893188 0.8889139890670776 -0.5134227275848389 -0.6036866307258606 -0.7972044944763184 -0.0 -0.36149173974990845 0.14552545547485352
1.3647915124893188 0.8889139890670776 -0.5134227275848389 -0.7365031838417053 0.5577257871627808 0.382702112197876 -0.4412747621536255 0.10465764999389648
1.3692147731781006 0.8855636119842529 -0.5000274181365967 -0.7365031838417053 0.5577257871627808 0.382702112197876 -0.44136855006217957 0.12769746780395508
1.3692147731781006 0.8855636119842529 -0.5000274181365967 -0.30506300926208496 0.2309945970773697 0.9238563179969788 -0.44136524200439453 -0.10271310806274414
1.3692147731781006 0.8855636119842529 -0.5268181562423706 -0.7365031838417053 0.5577257871627808 -0.382702112197876 -0.44136855006217957 0.08161711692810059
1.3692147731781006 0.8855636119842529 -0.5268181562423706 -0.30512404441833496 0.2310556322336197 -0.9238258004188538 -0.3792796730995178 -0.11314034461975098
1.379894495010376 0.877476692199707 -0.4944787919521332 -0.30506300926208496 0.2309945970773697 0.9238563179969788 -0.44136539101600647 -0.07967162132263184
1.379894495010376 0.877476692199707 -0.4944787919521332 -0.6036561131477356 -0.7972044944763184 3.0518509447574615e-05 -0.3443068861961365 0.10295236110687256
1.379894495010376 0.877476692199707 -0.5323684215545654 -0.30512404441833496 0.2310556322336197 -0.9238258004188538 -0.3792796730995178 -0.13618171215057373
1.379894495010376 0.877476692199707 -0.5323684215545654 0.30512404441833496 -0.2310556322336197 -0.9238258004188538 -0.3792796730995178 -0.13618171215057373
1.3905742168426514 0.8693897724151611 -0.5268181562423706 -0.6036866307258606 -0.7972044944763184 -0.0 -0.40298134088516235 0.10295319557189941
1.3905742168426514 0.8693897724151611 -0.5268181562423706 0.30512404441833496 -0.2310556322336197 -0.9238258004188538 -0.37927982211112976 -0.15922331809997559
0.726577639579773 1.0436105728149414 -0.2429167926311493 -0.6117740273475647 -0.791009247303009 -0.0 1.3366777896881104 0.37004101276397705
0.726577639579773 1.0436105728149414 -0.2429167926311493 -0.791009247303009 0.6117740273475647 -0.0 -0.8378621339797974 -0.5895522832870483
0.726577639579773 1.0436105728149414 -0.6208394765853882 -0.6117740273475647 -0.791009247303009 -0.0 1.3366777896881104 1.0200726985931396
0.726577639579773 1.0436105728149414 -0.6208394765853882 -0.0 0.0 -1.0 1.5491305589675903 -0.6704879999160767
0.8795192241668701 1.2413513660430908 -0.24291691184043884 -0.791009247303009 0.6117740273475647 -0.0 -1.2568926811218262 -0.5895522832870483
0.8795192241668701 1.2413513660430908 -0.24291691184043884 0.6117740273475647 0.791009247303009 -0.0 -0.34430646896362305 -1.256892204284668
0.8795192241668701 1.2413512468338013 -0.6208394765853882 -0.0 0.0 -1.0 1.5491305589675903 -1.1004652976989746
0.8795192241668701 1.2413512468338013 -0.6208394765853882 0.6117740273475647 0.791009247303009 -0.0 -0.3443065583705902 -0.6068606376647949
0.9498947858810425 1.1869195699691772 -0.2429167926311493 0.6117740273475647 0.791009247303009 -0.0 -0.1951742172241211 -1.256892204284668
0.7969532012939453 0.9891788959503174 -0.2429167926311493 -0.0 0.0 0.999969482421875 1.3999981880187988 -0.6704878807067871
0.9498947262763977 1.1869195699691772 -0.6208394765853882 0.6117740273475647 0.791009247303009 -0.0 -0.19517433643341064 -0.6068606376647949
0.9498947262763977 1.1869195699691772 -0.6208394765853882 -0.0 0.0 -1.0 1.1875452995300293 0.5772415399551392
0.9498947262763977 1.1869195699691772 -0.6208394765853882 -0.791009247303009 0.6117740273475647 -0.0 0.39062273502349854 -0.16403484344482422
1.2433950901031494 0.6438800096511841 -0.2429167926311493 -0.6117740273475647 -0.791009247303009 -0.0 -0.046042561531066895 -0.6068606376647949
1.2433950901031494 0.6438800096511841 -0.2429167926311493 0.790978729724884 -0.6117740273475647 -0.0 -0.8378621339797974 -0.5895522832870483
1.2433950901031494 0.6438800096511841 -0.6208394765853882 -0.6117740273475647 -0.791009247303009 -0.0 -0.04604250192642212 -1.2568926811218262
1.2433950901031494 0.6438800096511841 -0.6208394765853882 -0.0 0.0 -1.0 1.250866413116455 -0.6704878807067871
1.3963370323181152 0.8416204452514648 -0.24291691184043884 0.790978729724884 -0.6117740273475647 -0.0 -0.4188319742679596 -0.5895524024963379
1.3963370323181152 0.8416204452514648 -0.24291691184043884 0.6118045449256897 0.790978729724884 -0.0 0.1030893623828888 -1.256892204284668
1.3963370323181152 0.8416204452514648 -0.6208394765853882 -0.0 0.0 -1.0 1.250866413116455 -1.1004652976989746
1.3963370323181152 0.8416204452514648 -0.6208394765853882 0.6118045449256897 0.790978729724884 -0.0 0.1030893623828888 -0.6068606376647949
1.325961709022522 0.8960520029067993 -0.2429167926311493 -0.0 0.0 1.0 1.250866413116455 -0.6704878807067871
1.1730197668075562 0.698311448097229 -0.2429167926311493 -0.0 0.0 0.999969482421875 1.250866413116455 -1.1004652976989746
0.7969515919685364 0.9891801476478577 0.5366799831390381 -0.0 0.0 -1.0 1.6982626914978027 0.14725685119628906
0.7969515919685364 0.9891801476478577 0.5366799831390381 -0.6118350625038147 -0.790978729724884 -6.103701889514923e-05 -0.4063032865524292 2.2568925619125366
0.7969515919685364 0.9891801476478577 0.5366799831390381 -0.0 0.0 1.0 -1.2568926811218262 -0.5895501375198364
1.1730210781097412 0.6983106136322021 0.5366799831390381 -0.0 0.0 -0.999969482421875 1.6982626914978027 -0.670487642288208
1.1730210781097412 0.6983106136322021 0.5366799831390381 -0.0 0.0 1.0 -0.45996731519699097 -0.5895501375198364
1.1730210781097412 0.6983106136322021 0.5366799831390381 -0.6117740273475647 -0.791009247303009 -0.0 0.3906222879886627 2.256892681121826
0.9054261445999146 1.2180793285369873 -0.599567174911499 -0.300271600484848 0.2371898591518402 -0.9238563179969788 -0.4063950181007385 -0.17184042930603027
0.915938138961792 1.2097755670547485 -0.5940185785293579 0.7249671816825867 -0.5726493000984192 -0.382702112197876 -0.44127166271209717 0.21986126899719238
0.9202918410301208 1.206335186958313 -0.5806231498718262 0.7249671816825867 -0.5726493000984192 -0.382702112197876 -0.44136855006217957 0.24290156364440918
0.8949141502380371 1.226383090019226 -0.5940185785293579 -0.300271600484848 0.2371898591518402 -0.9238563179969788 -0.4063950181007385 -0.14879894256591797
0.8949141502380371 1.226383090019226 -0.5672260522842407 -0.7249671816825867 0.5726493000984192 0.382641077041626 -0.4413684010505676 0.03553366661071777
0.8905593156814575 1.229822039604187 -0.5806231498718262 -0.7249671816825867 0.5726493000984192 0.382641077041626 -0.4412747323513031 0.05857670307159424
0.9202918410301208 1.206335186958313 -0.5134227275848389 0.7249671816825867 -0.5726493000984192 0.382702112197876 -0.4063030481338501 0.15073734521865845
0.915938138961792 1.2097755670547485 -0.5268181562423706 0.7249671816825867 -0.5726493000984192 -0.382702112197876 -0.40640002489089966 0.17377781867980957
0.9054261445999146 1.2180793285369873 -0.4944787919521332 -0.300271600484848 0.2371898591518402 0.9238563179969788 -0.3792794942855835 -0.09009826183319092
0.8949141502380371 1.226383090019226 -0.5268181562423706 -0.3003631830215454 0.2372508943080902 -0.9238258004188538 -0.4063950181007385 -0.10271525382995605
0.915938138961792 1.2097755670547485 -0.5000274181365967 0.7249671816825867 -0.5726493000984192 0.382702112197876 -0.40639978647232056 0.12769728899002075
0.9054261445999146 1.2180793285369873 -0.5616774559020996 -0.300271600484848 0.2371898591518402 0.9238563179969788 -0.3792796730995178 -0.18226563930511475
0.915938138961792 1.2097755670547485 -0.5672260522842407 0.7249976992607117 -0.5726493000984192 0.382641077041626 -0.44127166271209717 0.2659447193145752
0.9054261445999146 1.2180793285369873 -0.5323684215545654 -0.3003631830215454 0.2372508943080902 -0.9238258004188538 -0.4063950181007385 -0.12575650215148926
1.3672997951507568 0.8608448505401611 -0.599567174911499 0.30506300926208496 -0.2309945970773697 -0.9238563179969788 -0.37927964329719543 -0.04401445388793945
1.3566200733184814 0.8689316511154175 -0.5940185785293579 -0.7365031838417053 0.5577257871627808 -0.382702112197876 -0.40640002489089966 0.17377781867980957
1.3521957397460938 0.8722807168960571 -0.5806231498718262 -0.7365031838417053 0.5577257871627808 -0.382702112197876 -0.4063032865524292 0.19681811332702637
1.3779795169830322 0.8527579307556152 -0.5940185785293579 0.30506300926208496 -0.2309945970773697 -0.9238563179969788 -0.3792794942855835 -0.0209730863571167
1.3779795169830322 0.8527579307556152 -0.5672260522842407 0.7365031838417053 -0.5577257871627808 0.382641077041626 -0.4063032865524292 -0.010549783706665039
1.382402777671814 0.8494074940681458 -0.5806231498718262 0.7365031838417053 -0.5577257871627808 0.382641077041626 -0.40639710426330566 0.012493252754211426
1.3521957397460938 0.8722807168960571 -0.5134227275848389 -0.7365031838417053 0.5577257871627808 0.382702112197876 -0.4063032865524292 0.10465764999389648
1.3566200733184814 0.8689316511154175 -0.5268181562423706 -0.7365031838417053 0.5577257871627808 -0.382702112197876 -0.40640002489089966 0.08161711692810059
1.3672997951507568 0.8608448505401611 -0.4944787919521332 0.30506300926208496 -0.2309945970773697 0.9238563179969788 -0.4063950181007385 -0.07967281341552734
1.3779795169830322 0.8527579307556152 -0.5268181562423706 0.30512404441833496 -0.2310556322336197 -0.9238258004188538 -0.344309538602829 -0.15922224521636963
1.3566200733184814 0.8689316511154175 -0.5000274181365967 -0.7365031838417053 0.5577257871627808 0.382702112197876 -0.40640002489089966 0.12769746780395508
1.3672997951507568 0.8608448505401611 -0.5616774559020996 0.30506300926208496 -0.2309945970773697 0.9238563179969788 -0.40639519691467285 -0.2179245948791504
1.3566200733184814 0.8689316511154175 -0.5672260522842407 -0.7365337014198303 0.5577257871627808 0.382641077041626 -0.40640002489089966 0.21986126899719238
1.3672997951507568 0.8608448505401611 -0.5323684215545654 0.30512404441833496 -0.2310556322336197 -0.9238258004188538 -0.3443094491958618 -0.13618063926696777
0.949894905090332 1.1869194507598877 0.39085522294044495 -0.791009247303009 0.6117740273475647 -0.0 1.8116919994354248 1.2708938419818878
0.7969526052474976 0.9891781806945801 0.39085516333580017 -0.791009247303009 0.6117740273475647 -0.0 1.392660140991211 1.2708932757377625
0.7969532012939453 0.9891788959503174 -0.18239590525627136 -0.791009247303009 0.6117740273475647 -0.0 1.392660140991211 2.256892204284668
0.949895441532135 1.186920166015625 -0.18239590525627136 -0.791009247303009 0.6117740273475647 -0.0 1.8116919994354248 2.256892681121826
1.1012498140335083 1.382608413696289 0.3908552825450897 0.6117435097694397 0.791009247303009 -0.0 2.0168099403381348 2.256892681121826
1.101250410079956 1.3826091289520264 -0.1823957860469818 0.6117740273475647 0.791009247303009 -0.0 2.0168099403381348 1.2708938419818878
215 174 205
174 215 171
9 220 219
220 9 229
231 188 204
188 231 331
35 167 166
167 35 183
60 344 186
344 60 56
58 170 13
170 58 172
330 191 187
191 330 57
57 13 191
13 57 58
54 185 346
185 54 59
59 186 185
186 59 60
33 12 34
12 33 190
34 183 35
183 34 12
213 53 226
53 213 211
210 208 227
208 210 206
178 29 184
29 178 27
176 27 178
27 176 175
175 26 27
26 175 16
11 25 10
25 11 23
23 24 25
24 23 22
343 23 11
23 343 202
202 22 23
22 202 20
10 192 347
192 10 25
25 193 192
193 25 24
182 21 155
21 182 61
61 201 21
201 61 62
184 179 180
179 184 29
29 199 179
199 29 28
230 17 177
17 230 63
63 196 17
196 63 64
195 36 43
36 195 207
41 35 42
35 41 34
40 34 41
34 40 33
42 166 203
166 42 35
44 214 197
214 44 37
207 247 246
247 207 195
64 194 196
194 64 217
28 197 199
197 28 44
62 200 201
200 62 233
24 203 193
203 24 42
20 41 22
41 20 40
22 42 24
42 22 41
16 43 26
43 16 195
26 44 28
44 26 43
228 221 225
221 228 46
209 224 52
224 209 222
52 46 228
46 52 224
2 49 223
49 2 8
205 48 50
48 205 174
211 227 53
227 211 210
5 51 47
51 5 212
8 219 49
219 8 9
376 378 377
378 376 379
232 242 240
242 232 234
18 233 62
233 18 198
15 217 64
217 15 45
45 215 217
215 45 30
14 64 63
64 14 15
157 63 230
63 157 14
19 62 61
62 19 18
181 61 182
61 181 19
7 60 59
60 7 6
1 59 54
59 1 7
9 58 57
58 9 8
229 57 330
57 229 9
8 172 58
172 8 2
6 56 60
56 6 4
212 331 231
331 212 5
30 171 215
171 30 168
237 239 241
239 237 235
32 71 236
71 32 65
68 238 72
238 68 39
380 69 70
69 380 381
249 245 248
245 249 243
218 244 250
244 218 216
66 74 73
74 66 31
38 76 75
76 38 67
280 85 260
85 280 87
100 355 287
355 100 99
289 101 286
101 289 103
77 91 278
91 77 78
93 107 255
107 93 94
102 253 256
253 102 290
252 356 104
356 252 251
285 354 284
354 285 358
258 349 274
349 258 350
288 95 291
95 288 97
92 352 282
352 92 353
273 79 271
79 273 81
292 357 294
357 292 361
257 277 275
277 257 259
272 351 276
351 272 348
281 359 279
359 281 89
259 90 277
90 259 88
108 105 106
105 108 254
86 83 84
83 86 360
98 293 96
293 98 283
283 256 293
256 283 102
82 275 80
275 82 257
304 117 119
117 304 270
132 369 131
369 132 311
313 133 135
133 313 310
109 123 110
123 109 302
125 139 126
139 125 265
134 263 314
263 134 266
262 370 261
370 262 136
309 368 372
368 309 308
268 363 364
363 268 298
312 127 129
127 312 315
124 366 367
366 124 306
297 111 113
111 297 295
316 371 375
371 316 318
267 301 269
301 267 299
296 365 362
365 296 300
305 373 121
373 305 303
269 122 120
122 269 301
140 137 264
137 140 138
118 115 374
115 118 116
130 317 307
317 130 128
307 266 134
266 307 317
114 299 267
299 114 112
326 327 329
327 326 324
145 321 189
321 145 319
3 325 147
325 3 322
323 142 320
142 323 143
144 328 146
328 144 141
339 153 337
153 339 173
152 334 332
334 152 169
0 338 335
338 0 55
336 149 150
149 336 333
151 341 148
341 151 340
165 156 159
156 165 163
164 159 345
159 164 165
342 162 160
162 342 158
158 161 162
161 158 154
160 165 164
165 160 162
162 163 165
163 162 161
LABEL Group9
MATERIAL 6
TEXTURE 0
GEOM 216 262
1.1709645986557007 1.2376385927200317 0.5261383056640625 -0.025177769362926483 0.999664306640625 -0.0
1.1709645986557007 1.2376384735107422 0.7810380458831787 -0.024933621287345886 0.9903561472892761 0.13620410859584808
1.1326333284378052 1.2316062450408936 0.7810380458831787 -0.28043457865715027 0.9501327276229858 0.13620410859584808
1.1326334476470947 1.2316062450408936 0.5261383056640625 -0.28305917978286743 0.9590746760368347 -0.0
1.0971710681915283 1.2158583402633667 0.7810379862785339 -0.5168004631996155 0.8451796174049377 0.13620410859584808
1.0971710681915283 1.2158584594726562 0.5261383056640625 -0.52165287733078 0.8531449437141418 -0.0
1.0669922828674316 1.1914703845977783 0.7810379862785339 -0.7179174423217773 0.6826380491256714 0.13620410859584808
1.0669924020767212 1.191468596458435 0.5261383056640625 -0.7246925234794617 0.6890469193458557 -0.0
1.044154167175293 1.1600995063781738 0.7810379862785339 -0.8701437711715698 0.47352519631385803 0.13620410859584808
1.044154167175293 1.1600995063781738 0.5261383056640625 -0.8783532381057739 0.4779808819293976 -0.0
1.0302146673202515 1.1238884925842285 0.7810379862785339 -0.9630725979804993 0.23218482732772827 0.13620410859584808
1.0302146673202515 1.123888611793518 0.5261383056640625 -0.9721366167068481 0.23435163497924805 -0.0
1.0261213779449463 1.0853042602539062 0.7810379862785339 -0.9903561472892761 -0.024933621287345886 0.13620410859584808
1.0261213779449463 1.0853043794631958 0.5261383056640625 -0.999664306640625 -0.025177769362926483 -0.0
1.032153606414795 1.0469731092453003 0.7810379862785339 -0.9501327276229858 -0.28043457865715027 0.13620410859584808
1.0321537256240845 1.0469732284545898 0.5261383056640625 -0.9590746760368347 -0.28305917978286743 -0.0
1.0479015111923218 1.0115108489990234 0.7810379862785339 -0.8451796174049377 -0.5167699456214905 0.13620410859584808
1.0479015111923218 1.0115108489990234 0.5261383056640625 -0.8531449437141418 -0.52165287733078 -0.0
1.0722895860671997 0.9813321232795715 0.7810379862785339 -0.6826380491256714 -0.7179174423217773 0.13620410859584808
1.0722895860671997 0.9813321232795715 0.5261382460594177 -0.6890469193458557 -0.7246620059013367 -0.0
1.103658676147461 0.9584939479827881 0.7810379862785339 -0.47352519631385803 -0.8701437711715698 0.13620410859584808
1.103658676147461 0.9584939479827881 0.5261382460594177 -0.4779808819293976 -0.8783532381057739 -0.0
1.13987135887146 0.9445543885231018 0.7810379266738892 -0.23218482732772827 -0.9630725979804993 0.13620410859584808
1.13987135887146 0.9445544481277466 0.5261382460594177 -0.23435163497924805 -0.9721366167068481 -0.0
1.1784555912017822 0.9404611587524414 0.7810379266738892 0.024964140728116035 -0.9903561472892761 0.13620410859584808
1.1784555912017822 0.9404612183570862 0.5261382460594177 0.025177769362926483 -0.999664306640625 -0.0
1.2167867422103882 0.9464934468269348 0.7810379266738892 0.28043457865715027 -0.9501327276229858 0.13620410859584808
1.2167867422103882 0.9464935064315796 0.5261382460594177 0.28305917978286743 -0.9590746760368347 -0.0
1.2522491216659546 0.9622412919998169 0.7810379862785339 0.5167699456214905 -0.8451796174049377 0.13620410859584808
1.252249002456665 0.9622413516044617 0.5261382460594177 0.52165287733078 -0.8531449437141418 -0.0
1.2824277877807617 0.98662930727005 0.7810379862785339 0.7179174423217773 -0.6826380491256714 0.13620410859584808
1.2824277877807617 0.9866293668746948 0.5261382460594177 0.7246925234794617 -0.6890469193458557 -0.0
1.3052659034729004 1.0180002450942993 0.7810379862785339 0.8701437711715698 -0.47352519631385803 0.13620410859584808
1.3052659034729004 1.0180002450942993 0.5261383056640625 0.8783532381057739 -0.4779808819293976 -0.0
1.3192055225372314 1.054211139678955 0.7810379862785339 0.9630725979804993 -0.23218482732772827 0.13620410859584808
1.3192055225372314 1.054211139678955 0.5261383056640625 0.9721366167068481 -0.23435163497924805 -0.0
1.323298692703247 1.0927953720092773 0.7810379862785339 0.9903561472892761 0.024933621287345886 0.13620410859584808
1.323298692703247 1.0927953720092773 0.5261383056640625 0.999664306640625 0.025177769362926483 -0.0
1.3172664642333984 1.1311265230178833 0.7810379862785339 0.9501327276229858 0.28043457865715027 0.13620410859584808
1.3172664642333984 1.1311265230178833 0.5261383056640625 0.9590746760368347 0.28305917978286743 -0.0
1.3015185594558716 1.1665887832641602 0.7810379862785339 0.8451796174049377 0.5168004631996155 0.13620410859584808
1.3015186786651611 1.1665889024734497 0.5261383056640625 0.8531449437141418 0.52165287733078 -0.0
1.27712881565094 1.1967675685882568 0.7810379862785339 0.6826380491256714 0.7179174423217773 0.13620410859584808
1.27712881565094 1.1967675685882568 0.5261383056640625 0.6890469193458557 0.7246925234794617 -0.0
1.2457597255706787 1.2196056842803955 0.7810379862785339 0.47352519631385803 0.8701437711715698 0.13620410859584808
1.2457597255706787 1.219605803489685 0.5261383056640625 0.4779808819293976 0.8783532381057739 -0.0
1.2095487117767334 1.2335453033447266 0.7810380458831787 0.23218482732772827 0.9630725979804993 0.13620410859584808
1.209548830986023 1.2335453033447266 0.5261383056640625 0.23435163497924805 0.9721366167068481 -0.0
1.0738706588745117 1.0592875480651855 0.9343847632408142 -0.0 0.0 1.0
1.0696040391921997 1.0863991975784302 0.9343847632408142 -0.0 0.0 1.0
1.0724999904632568 1.113694429397583 0.9343847632408142 -0.0 0.0 1.0
1.0850110054016113 1.0342024564743042 0.9343847632408142 -0.0 0.0 1.0
1.0823605060577393 1.1393085718154907 0.9343847632408142 -0.0 0.0 1.0
1.102262258529663 1.0128549337387085 0.9343847632408142 -0.0 0.0 1.0
1.0985151529312134 1.1614975929260254 0.9343847632408142 -0.0 0.0 1.0
1.1244512796401978 0.9967002272605896 0.9343847632408142 -0.0 0.0 1.0
1.1198627948760986 1.1787488460540771 0.9343847632408142 -0.0 0.0 1.0
1.150065541267395 0.9868396520614624 0.9343847632408142 -0.0 0.0 1.0
1.1449477672576904 1.1898893117904663 0.9343847632408142 -0.0 0.0 1.0
1.1773606538772583 0.9839437007904053 0.9343847632408142 -0.0 0.0 1.0
1.1720595359802246 1.1941559314727783 0.9343847632408142 -0.024231696501374245 0.9617297649383545 0.27286598086357117
1.204472303390503 0.9882121086120605 0.9343847632408142 0.27231666445732117 -0.922666072845459 0.27286598086357117
1.199354648590088 1.1912599802017212 0.9343847632408142 -0.0 0.0 0.999969482421875
1.2295573949813843 0.9993507862091064 0.9343847632408142 -0.0 0.0 1.0
1.2249687910079956 1.1813993453979492 0.9343847632408142 -0.0 0.0 1.0
1.25090491771698 1.0166019201278687 0.9343847632408142 -0.0 0.0 1.0
1.2471579313278198 1.165244698524475 0.9343847632408142 -0.0 0.0 1.0
1.267059564590454 1.0387910604476929 0.9343847632408142 -0.0 0.0 1.0
1.264409065246582 1.1438970565795898 0.9343847632408142 -0.0 0.0 1.0
1.276920199394226 1.0644052028656006 0.9343847632408142 -0.0 0.0 1.0
1.2755495309829712 1.118812084197998 0.9343847632408142 -0.0 0.0 1.0
1.2798161506652832 1.0917003154754639 0.9343847632408142 -0.0 0.0 1.0
1.1786103248596191 0.9343715906143188 0.6248952150344849 -0.0 0.0 -1.0
1.1762689352035522 1.0271828174591064 0.6248952150344849 -0.0 0.0 -1.0
1.1444860696792603 1.0263819694519043 0.6290801763534546 -0.25873592495918274 -0.006500442512333393 -0.9659108519554138
1.1468256711959839 0.9335706830024719 0.6290801763534546 -0.25873592495918274 -0.006500442512333393 -0.9659108519554138
1.1148689985275269 1.0256353616714478 0.6413534879684448 -0.4998321533203125 -0.012573625892400742 -0.8659932017326355
1.1172086000442505 0.9328240156173706 0.6413534879684448 -0.4998321533203125 -0.012573625892400742 -0.8659932017326355
1.0894354581832886 1.0249948501586914 0.6608747839927673 -0.7068697214126587 -0.017792291939258575 -0.7071138620376587
1.0917751789093018 0.932181715965271 0.6608747243881226 -0.7068697214126587 -0.017792291939258575 -0.7071138620376587
1.0699186325073242 1.0245023965835571 0.686316192150116 -0.8657185435295105 -0.021820735186338425 -0.5000152587890625
1.0722600221633911 0.9316893219947815 0.6863161325454712 -0.8657185435295105 -0.021820735186338425 -0.5000152587890625
1.0576509237289429 1.0241920948028564 0.7159425616264343 -0.965605616569519 -0.024323251098394394 -0.25879696011543274
1.0599905252456665 0.9313808083534241 0.7159425020217896 -0.965605616569519 -0.024323251098394394 -0.25879696011543274
1.0534672737121582 1.0240877866744995 0.7477371692657471 -0.999664306640625 -0.025177769362926483 -0.0
1.0558068752288818 0.9312747120857239 0.7477371692657471 -0.999664306640625 -0.025177769362926483 -0.0
1.0576509237289429 1.0241920948028564 0.7795299887657166 -0.965605616569519 -0.024323251098394394 0.25879696011543274
1.059990406036377 0.9313808083534241 0.7795299291610718 -0.965605616569519 -0.024323251098394394 0.25879696011543274
1.0699186325073242 1.0245023965835571 0.8091580867767334 -0.8657185435295105 -0.021820735186338425 0.4999847412109375
1.0722600221633911 0.9316892623901367 0.8091580867767334 -0.8657185435295105 -0.021820735186338425 0.4999847412109375
1.0894354581832886 1.0249948501586914 0.8345996141433716 -0.7068697214126587 -0.017792291939258575 0.7071138620376587
1.0917751789093018 0.932181715965271 0.8345995545387268 -0.7068697214126587 -0.017792291939258575 0.7071138620376587
1.1148689985275269 1.0256353616714478 0.8541207909584045 -0.4998016357421875 -0.012573625892400742 0.8660237193107605
1.1172086000442505 0.9328240156173706 0.8541207909584045 -0.4998321533203125 -0.012573625892400742 0.8660237193107605
1.1444860696792603 1.0263819694519043 0.8663923740386963 -0.25873592495918274 -0.006500442512333393 0.9659108519554138
1.1468256711959839 0.9335706233978271 0.8663923740386963 -0.25873592495918274 -0.006500442512333393 0.9659108519554138
1.1762689352035522 1.0271828174591064 0.8705790638923645 -0.0 0.0 0.999969482421875
1.1786103248596191 0.9343715310096741 0.8705790638923645 -0.0 0.0 1.0
1.2080535888671875 1.0279854536056519 0.8663923740386963 0.25873592495918274 0.006500442512333393 0.9659108519554138
1.2103931903839111 0.9351723790168762 0.8663923740386963 0.25873592495918274 0.006500442512333393 0.9659108519554138
1.237670660018921 1.0287320613861084 0.8541207909584045 0.4998016357421875 0.012573625892400742 0.8660237193107605
1.2400102615356445 0.935918927192688 0.8541207909584045 0.4998016357421875 0.012573625892400742 0.8660237193107605
1.2631042003631592 1.0293725728988647 0.8345996141433716 0.7068697214126587 0.017792291939258575 0.7071138620376587
1.2654438018798828 0.9365594983100891 0.8345995545387268 0.7068697214126587 0.017792291939258575 0.7071138620376587
1.2826193571090698 1.029865026473999 0.8091580867767334 0.8657185435295105 0.021820735186338425 0.4999847412109375
1.2849607467651367 0.9370519518852234 0.8091580867767334 0.8657185435295105 0.021820735186338425 0.4999847412109375
1.2948888540267944 1.0301735401153564 0.7795299887657166 0.965605616569519 0.024323251098394394 0.25879696011543274
1.297228455543518 0.9373621940612793 0.7795299291610718 0.965605616569519 0.024323251098394394 0.25879696011543274
1.299072504043579 1.0302796363830566 0.7477371692657471 0.999664306640625 0.025177769362926483 -0.0
1.3014121055603027 0.9374665021896362 0.7477371692657471 0.999664306640625 0.025177769362926483 -0.0
1.2948870658874512 1.0301735401153564 0.7159425616264343 0.965605616569519 0.024323251098394394 -0.25882747769355774
1.297228455543518 0.9373621940612793 0.7159425616264343 0.965605616569519 0.024323251098394394 -0.25882747769355774
1.2826193571090698 1.029865026473999 0.686316192150116 0.8657185435295105 0.021820735186338425 -0.4999847412109375
1.2849589586257935 0.9370519518852234 0.6863161325454712 0.8657185435295105 0.021820735186338425 -0.4999847412109375
1.2631042003631592 1.0293726921081543 0.6608747839927673 0.7068697214126587 0.017792291939258575 -0.7070833444595337
1.2654438018798828 0.9365595579147339 0.6608747243881226 0.7068697214126587 0.017792291939258575 -0.7070833444595337
1.237670660018921 1.028732180595398 0.6413534879684448 0.4998321533203125 0.012573625892400742 -0.8659932017326355
1.240010380744934 0.9359190464019775 0.6413534879684448 0.4998321533203125 0.012573625892400742 -0.8659932017326355
1.2080535888671875 1.0279855728149414 0.6290801763534546 0.25873592495918274 0.006500442512333393 -0.9659108519554138
1.2103931903839111 0.935172438621521 0.6290801763534546 0.25873592495918274 0.006500442512333393 -0.9659108519554138
1.150713562965393 0.933668315410614 0.8518786430358887 0.07751701772212982 -0.9772636890411377 -0.19727164506912231
1.1786103248596191 0.9343715310096741 0.8555530309677124 0.02465895563364029 -0.9786065220832825 -0.20422986149787903
1.1785165071487427 0.9380592107772827 0.8478686213493347 0.022705771028995514 -0.9011810421943665 -0.43284401297569275
1.1526087522506714 0.9374070167541504 0.8444575667381287 0.1347087025642395 -0.8983123302459717 -0.41810357570648193
1.204424262046814 0.9387131929397583 0.8444575667381287 -0.08926664292812347 -0.903988778591156 -0.41807305812835693
1.124719262123108 0.9330118894577026 0.8411078453063965 0.1267433762550354 -0.9760124683380127 -0.17685475945472717
1.206505298614502 0.9350746870040894 0.8518786430358887 -0.028168585151433945 -0.9799188375473022 -0.19727164506912231
1.1284663677215576 0.9367977380752563 0.8344534635543823 0.23908200860023499 -0.8957182765007019 -0.3748588562011719
1.2285666465759277 0.9393206834793091 0.8344534635543823 -0.19360941648483276 -0.9066133499145508 -0.3748283386230469
1.1023963689804077 0.9324505925178528 0.8239749073982239 0.16898098587989807 -0.9749748110771179 -0.14438307285308838
1.23250150680542 0.9357293248176575 0.8411078453063965 -0.07739493995904922 -0.9811700582504272 -0.17685475945472717
1.1077358722686768 0.9362744092941284 0.8185399174690247 0.32856225967407227 -0.8935208916664124 -0.30597856640815735
1.2492971420288086 0.939844012260437 0.8185399174690247 -0.28321176767349243 -0.9089022278785706 -0.30603960156440735
1.0852670669555664 0.9320186972618103 0.8016451001167297 0.20145268738269806 -0.9741508364677429 -0.10208441317081451
1.2548224925994873 0.9362924098968506 0.8239749073982239 -0.11966307461261749 -0.982238233089447 -0.14441359043121338
1.091827392578125 0.9358735084533691 0.7978029251098633 0.3973509967327118 -0.8917813897132874 -0.21634571254253387
1.26520574092865 0.9402449131011963 0.7978029251098633 -0.35196995735168457 -0.9106112718582153 -0.21640674769878387
1.0744997262954712 0.9317455887794495 0.7756408452987671 0.221869558095932 -0.9736319780349731 -0.052827540785074234
1.2719517946243286 0.9367243051528931 0.8016451001167297 -0.15213477611541748 -0.983062207698822 -0.10211493074893951
1.0818281173706055 0.9356222152709961 0.773652970790863 0.44065675139427185 -0.8906216621398926 -0.11200293153524399
1.2752048969268799 0.9404979944229126 0.7736530303955078 -0.395245224237442 -0.9116794466972351 -0.11203344911336899
1.0708281993865967 0.9316540360450745 0.7477371692657471 0.22885830700397491 -0.9734488725662231 -0.0
1.2827192544937134 0.9369956254959106 0.7756408452987671 -0.17255164682865143 -0.9835505485534668 -0.052858058363199234
1.078416347503662 0.93553626537323 0.7477371692657471 0.45545822381973267 -0.8902249336242676 -0.0
1.2786166667938232 0.9405839443206787 0.7477371692657471 -0.41001617908477783 -0.9120456576347351 -0.0
1.0744997262954712 0.9317456483840942 0.719831645488739 0.221869558095932 -0.9736319780349731 0.052827540785074234
1.2863906621932983 0.9370889663696289 0.7477371692657471 -0.17950987815856934 -0.9837336540222168 -0.0
1.0818281173706055 0.9356222748756409 0.7218212485313416 0.44065675139427185 -0.8906216621398926 0.11200293153524399
1.2752048969268799 0.9404979944229126 0.7218213081359863 -0.395245224237442 -0.9117099642753601 0.11203344911336899
1.0852670669555664 0.9320186972618103 0.6938291788101196 0.20145268738269806 -0.9741508364677429 0.10208441317081451
1.2827192544937134 0.9369956254959106 0.719831645488739 -0.17252112925052643 -0.9835810661315918 0.052858058363199234
1.091827392578125 0.9358735680580139 0.6976713538169861 0.3973509967327118 -0.8917813897132874 0.21634571254253387
1.26520574092865 0.9402449131011963 0.6976713538169861 -0.35200047492980957 -0.9106112718582153 0.21640674769878387
1.1023964881896973 0.9324506521224976 0.6714993715286255 0.16901150345802307 -0.9749748110771179 0.14438307285308838
1.2719517946243286 0.9367243647575378 0.6938291788101196 -0.15213477611541748 -0.983062207698822 0.10211493074893951
1.1077358722686768 0.9362744688987732 0.6769325733184814 0.32859277725219727 -0.8935208916664124 0.30597856640815735
1.2492971420288086 0.939844012260437 0.6769325733184814 -0.28321176767349243 -0.9089022278785706 0.30603960156440735
1.124719262123108 0.9330118894577026 0.6543647050857544 0.1267433762550354 -0.9760429859161377 0.17682424187660217
1.2548224925994873 0.9362924098968506 0.6714993715286255 -0.11969359219074249 -0.982238233089447 0.14441359043121338
1.1284664869308472 0.9367977976799011 0.661020815372467 0.23905149102210999 -0.8957182765007019 0.3747978210449219
1.2285666465759277 0.9393207430839539 0.661020815372467 -0.19360941648483276 -0.9066438674926758 0.3747978210449219
1.150713562965393 0.9336683750152588 0.6435939073562622 0.07748649269342422 -0.9772636890411377 0.19724112749099731
1.2324997186660767 0.9357293248176575 0.6543647050857544 -0.07739493995904922 -0.9811700582504272 0.17685475945472717
1.1526087522506714 0.9374070763587952 0.6510167121887207 0.1347087025642395 -0.8983428478240967 0.41804254055023193
1.204424262046814 0.9387131929397583 0.6510167121887207 -0.08926664292812347 -0.904019296169281 0.41804254055023193
1.1786103248596191 0.9343715906143188 0.639921247959137 0.02465895563364029 -0.9786065220832825 0.20419934391975403
1.206505298614502 0.9350746870040894 0.6435939073562622 -0.028168585151433945 -0.9799188375473022 0.19724112749099731
1.1785165071487427 0.9380592107772827 0.6476056575775146 0.022705771028995514 -0.9011810421943665 0.43278297781944275
1.0823605060577393 1.1393085718154907 0.9343847632408142 -0.8449965119361877 0.4598529040813446 0.27286598086357117
1.0985151529312134 1.1614975929260254 0.9343847632408142 -0.6971648335456848 0.6628925204277039 0.27286598086357117
1.297228455543518 0.9373621940612793 0.7795299291610718 0.025177769362926483 -0.999664306640625 -0.0
1.3014121055603027 0.9374665021896362 0.7477371692657471 0.025177769362926483 -0.999664306640625 -0.0
1.2849607467651367 0.9370519518852234 0.8091580867767334 0.025177769362926483 -0.999664306640625 -0.0
1.297228455543518 0.9373621940612793 0.7159425616264343 0.025177769362926483 -0.999664306640625 -0.0
1.2755495309829712 1.118812084197998 0.9343847632408142 0.922666072845459 0.27231666445732117 0.27286598086357117
1.2798161506652832 1.0917003154754639 0.9343847632408142 0.9617297649383545 0.024231696501374245 0.27286598086357117
1.264409065246582 1.1438970565795898 0.9343847632408142 0.8207647800445557 0.5018463730812073 0.27286598086357117
1.276920199394226 1.0644052028656006 0.9343847632408142 0.9352397322654724 -0.22547075152397156 0.27286598086357117
1.2295573949813843 0.9993507862091064 0.9343847632408142 0.5018463730812073 -0.8207647800445557 0.27286598086357117
1.25090491771698 1.0166019201278687 0.9343847632408142 0.6971648335456848 -0.6628925204277039 0.27286598086357117
1.267059564590454 1.0387910604476929 0.9343847632408142 0.8449965119361877 -0.4598529040813446 0.27286598086357117
1.1172086000442505 0.9328240156173706 0.8541207909584045 0.025177769362926483 -0.999664306640625 3.0518509447574615e-05
1.1468256711959839 0.9335706233978271 0.8663923740386963 0.025177769362926483 -0.999664306640625 3.0518509447574615e-05
1.0917751789093018 0.932181715965271 0.8345995545387268 0.025208288803696632 -0.999664306640625 -0.0
1.1786103248596191 0.9343715310096741 0.8705790638923645 0.025177769362926483 -0.999664306640625 -0.0
1.1172086000442505 0.9328240156173706 0.6413534879684448 0.025177769362926483 -0.999664306640625 -3.0518509447574615e-05
1.0917751789093018 0.932181715965271 0.6608747243881226 0.025208288803696632 -0.999664306640625 -0.0
1.1468256711959839 0.9335706830024719 0.6290801763534546 0.025177769362926483 -0.999664306640625 -3.0518509447574615e-05
1.0722600221633911 0.9316893219947815 0.6863161325454712 0.02523880824446678 -0.999664306640625 -0.0
1.2849589586257935 0.9370519518852234 0.6863161325454712 0.025177769362926483 -0.999664306640625 -0.0
1.1720595359802246 1.1941559314727783 0.9343847632408142 -0.0 0.0 1.0
1.199354648590088 1.1912599802017212 0.9343847632408142 0.22547075152397156 0.9352397322654724 0.27286598086357117
1.2103931903839111 0.9351723790168762 0.8663923740386963 0.025177769362926483 -0.999664306640625 -0.0
1.0738706588745117 1.0592875480651855 0.9343847632408142 -0.922666072845459 -0.27231666445732117 0.27286598086357117
1.0696040391921997 1.0863991975784302 0.9343847632408142 -0.9617297649383545 -0.024231696501374245 0.27286598086357117
1.0850110054016113 1.0342024564743042 0.9343847632408142 -0.8207647800445557 -0.5018463730812073 0.27286598086357117
1.0724999904632568 1.113694429397583 0.9343847632408142 -0.9352397322654724 0.22547075152397156 0.27286598086357117
1.0599905252456665 0.9313808083534241 0.7159425020217896 0.025177769362926483 -0.999664306640625 -0.0
1.2249687910079956 1.1813993453979492 0.9343847632408142 0.4598529040813446 0.8449965119361877 0.27286598086357117
1.2471579313278198 1.165244698524475 0.9343847632408142 0.6628925204277039 0.6971648335456848 0.27286598086357117
1.1198627948760986 1.1787488460540771 0.9343847632408142 -0.5018463730812073 0.8207647800445557 0.27286598086357117
1.1449477672576904 1.1898893117904663 0.9343847632408142 -0.27231666445732117 0.922666072845459 0.27286598086357117
1.2400102615356445 0.935918927192688 0.8541207909584045 0.025177769362926483 -0.999664306640625 -0.0
1.150065541267395 0.9868396520614624 0.9343847632408142 -0.22547075152397156 -0.9352397322654724 0.27286598086357117
1.1773606538772583 0.9839437007904053 0.9343847632408142 0.024231696501374245 -0.9617297649383545 0.27286598086357117
1.0558068752288818 0.9312747120857239 0.7477371692657471 0.025177769362926483 -0.999664306640625 -0.0
1.2654438018798828 0.9365595579147339 0.6608747243881226 0.025177769362926483 -0.999664306640625 -0.0
1.240010380744934 0.9359190464019775 0.6413534879684448 0.025177769362926483 -0.999664306640625 -0.0
1.1786103248596191 0.9343715906143188 0.6248952150344849 0.025177769362926483 -0.999664306640625 -0.0
1.0722600221633911 0.9316892623901367 0.8091580867767334 0.02523880824446678 -0.999664306640625 -0.0
1.1244512796401978 0.9967002272605896 0.9343847632408142 -0.4598529040813446 -0.8449965119361877 0.27286598086357117
1.2103931903839111 0.935172438621521 0.6290801763534546 0.025177769362926483 -0.999664306640625 -0.0
1.2654438018798828 0.9365594983100891 0.8345995545387268 0.025177769362926483 -0.999664306640625 -0.0
1.059990406036377 0.9313808083534241 0.7795299291610718 0.025177769362926483 -0.999664306640625 -0.0
1.204472303390503 0.9882121086120605 0.9343847632408142 -0.0 0.0 1.0
1.102262258529663 1.0128549337387085 0.9343847632408142 -0.6629230380058289 -0.6971648335456848 0.27286598086357117
26 25 27
25 26 24
16 15 17
15 16 14
97 94 95
94 97 96
117 114 115
114 117 116
28 27 29
27 28 26
42 41 43
41 42 40
40 39 41
39 40 38
46 45 47
45 46 44
1 47 0
47 1 46
0 2 1
2 0 3
10 9 11
9 10 8
34 33 35
33 34 32
38 37 39
37 38 36
24 23 25
23 24 22
44 43 45
43 44 42
36 35 37
35 36 34
20 19 21
19 20 18
101 98 99
98 101 100
4 3 5
3 4 2
22 21 23
21 22 20
14 13 15
13 14 12
12 11 13
11 12 10
32 31 33
31 32 30
30 29 31
29 30 28
68 67 69
67 68 66
66 65 67
65 66 64
64 63 65
63 64 62
56 55 57
55 56 54
105 102 103
102 105 104
58 57 59
57 58 56
52 51 53
51 52 50
70 69 71
69 70 68
50 48 51
48 50 49
10 194 196
194 10 12
32 177 180
177 32 34
18 210 215
210 18 20
24 61 204
61 24 26
2 200 201
200 2 4
1 201 60
201 1 2
22 204 203
204 22 24
8 196 168
196 8 10
40 199 176
199 40 42
16 215 195
215 16 18
20 203 210
203 20 22
42 198 199
198 42 44
6 168 169
168 6 8
4 169 200
169 4 6
44 191 198
191 44 46
38 176 174
176 38 40
36 174 175
174 36 38
34 175 177
175 34 36
12 193 194
193 12 14
30 180 179
180 30 32
28 179 178
179 28 30
26 178 61
178 26 28
14 195 193
195 14 16
79 76 77
76 79 78
95 92 93
92 95 94
85 82 83
82 85 84
91 88 89
88 91 90
113 110 111
110 113 112
87 84 85
84 87 86
93 90 91
90 93 92
83 80 81
80 83 82
107 104 105
104 107 106
109 106 107
106 109 108
115 112 113
112 115 114
75 73 72
73 75 74
72 118 119
118 72 73
119 116 117
116 119 118
6 5 7
5 6 4
81 78 79
78 81 80
89 86 87
86 89 88
99 96 97
96 99 98
46 60 191
60 46 1
111 108 109
108 111 110
8 7 9
7 8 6
103 100 101
100 103 102
77 74 75
74 77 76
190 59 214
59 190 58
158 160 162
160 158 156
151 145 149
145 151 147
162 164 166
164 162 160
138 140 142
140 138 136
139 133 137
133 139 135
143 137 141
137 143 139
126 128 130
128 126 124
121 124 126
124 121 122
159 153 157
153 159 155
123 121 120
121 123 122
142 144 146
144 142 140
163 157 161
157 163 159
146 148 150
148 146 144
134 136 138
136 134 132
167 161 165
161 167 163
147 141 145
141 147 143
166 167 165
167 166 164
150 152 154
152 150 148
192 130 202
130 192 126
131 125 129
125 131 127
127 120 125
120 127 123
155 149 153
149 155 151
135 129 133
129 135 131
154 156 158
156 154 152
172 142 170
142 172 138
207 166 211
166 207 162
165 187 208
187 165 161
137 209 213
209 137 133
189 158 206
158 189 154
206 162 207
162 206 158
129 181 183
181 129 125
149 197 188
197 149 145
166 208 211
208 166 165
145 205 197
205 145 141
125 182 181
182 125 120
161 185 187
185 161 157
202 134 212
134 202 130
62 214 63
214 62 190
170 146 171
146 170 142
133 183 209
183 133 129
141 213 205
213 141 137
171 150 173
150 171 146
153 188 186
188 153 149
157 186 185
186 157 153
212 138 172
138 212 134
182 121 184
121 182 120
173 154 189
154 173 150
184 126 192
126 184 121
54 53 55
53 54 52
130 132 134
132 130 128
18 17 19
17 18 16
LABEL zGroup10
MATERIAL 2
TEXTURE 0
GEOM 129 224
1.1624441146850586 0.9201303124427795 0.8307931423187256 -0.08829005062580109 -0.8311105966567993 0.5489974617958069
1.157461404800415 0.9389657974243164 0.8534476161003113 -0.10425122827291489 -0.7758720517158508 0.6221808791160583
1.1784822940826416 0.9394954442977905 0.8555184602737427 0.019470809027552605 -0.772759199142456 0.634357750415802
1.178958535194397 0.9205465316772461 0.8324201703071594 0.020874660462141037 -0.8283638954162598 0.5597400069236755
1.199501395225525 0.9400250911712646 0.8534476161003113 0.1431928426027298 -0.7696462869644165 0.6221503615379333
1.1465625762939453 0.9197284579277039 0.8259732127189636 -0.19324320554733276 -0.8337656855583191 0.5171361565589905
1.1372483968734741 0.9384573698043823 0.8473126888275146 -0.2232123762369156 -0.7788628935813904 0.5861079692840576
1.1954748630523682 0.9209628105163574 0.8307931423187256 0.13003936409950256 -0.825617253780365 0.5489974617958069
1.2197142839431763 0.9405354261398315 0.8473127484321594 0.2621539831161499 -0.766624927520752 0.5860774517059326
1.1319271326065063 0.9193601608276367 0.818148136138916 -0.28998687863349915 -0.8362071514129639 0.46540728211402893
1.11862051486969 0.9379866123199463 0.8373537063598633 -0.3328348696231842 -0.7816400527954102 0.5274513959884644
1.2113564014434814 0.9213629364967346 0.8259732127189636 0.23499251902103424 -0.8229621052742004 0.5171361565589905
1.23834228515625 0.9410043954849243 0.8373537659645081 0.3718070089817047 -0.7638782858848572 0.5274513959884644
1.1190986633300781 0.9190376996994019 0.8076173067092896 -0.3747978210449219 -0.8383434414863586 0.395825058221817
1.1022918224334717 0.9375755786895752 0.8239492774009705 -0.4289376437664032 -0.7840510010719299 0.44856104254722595
1.2259918451309204 0.9217312335968018 0.818148136138916 0.3317667245864868 -0.8205206394195557 0.46540728211402893
1.2546709775924683 0.9414171576499939 0.8239493370056152 0.4679097831249237 -0.7614368200302124 0.44856104254722595
1.1085692644119263 0.9187714457511902 0.7947847247123718 -0.4443800151348114 -0.8401135206222534 0.3109835982322693
1.0888934135437012 0.937237024307251 0.8076173067092896 -0.5077974796295166 -0.7860347032546997 0.35242775082588196
1.2388203144073486 0.9220556020736694 0.8076173067092896 0.41657766699790955 -0.8183843493461609 0.395794540643692
1.2680693864822388 0.9417539834976196 0.8076173663139343 0.5467696189880371 -0.7594531178474426 0.35245826840400696
1.1007466316223145 0.9185748100280762 0.7801429033279419 -0.49610888957977295 -0.8413953185081482 0.2141789048910141
1.0789356231689453 0.9369869232177734 0.7889817953109741 -0.5664235353469849 -0.7875301241874695 0.24274422228336334
1.2493479251861572 0.9223200082778931 0.7947847247123718 0.4861293435096741 -0.8166447877883911 0.3110141158103943
1.278027057647705 0.9420058727264404 0.7889818549156189 0.6053956747055054 -0.7579576969146729 0.24274422228336334
1.0959300994873047 0.9184526205062866 0.7642582058906555 -0.5279396772384644 -0.8421887755393982 0.10919522494077682
1.0728044509887695 0.9368329048156738 0.7687642574310303 -0.6024963855743408 -0.7884151935577393 0.12375255674123764
1.2571723461151123 0.9225167036056519 0.7801429033279419 0.5378887057304382 -0.8153324723243713 0.2141789048910141
1.2841582298278809 0.9421600699424744 0.768764317035675 0.6414685249328613 -0.7570726871490479 0.12375255674123764
1.0943034887313843 0.9184118509292603 0.7477367520332336 -0.538712739944458 -0.8424634337425232 -0.0
1.0707343816757202 0.9367796182632446 0.7477368116378784 -0.6147038340568542 -0.7887508869171143 -0.0
1.261988878250122 0.922639012336731 0.7642582654953003 0.5697195529937744 -0.8145390152931213 0.10916470736265182
1.2862284183502197 0.9422115683555603 0.7477368712425232 0.6536454558372498 -0.7567674517631531 -0.0
1.0959300994873047 0.9184526205062866 0.7312153577804565 -0.5279701948165894 -0.8421887755393982 -0.10919522494077682
1.072804570198059 0.9368329048156738 0.7267094254493713 -0.6024963855743408 -0.7884151935577393 -0.12375255674123764
1.2636154890060425 0.9226797819137573 0.7477368116378784 0.5804620385169983 -0.8142643570899963 -0.0
1.2841582298278809 0.9421601295471191 0.7267094850540161 0.6414685249328613 -0.7570726871490479 -0.12375255674123764
1.1007466316223145 0.9185749292373657 0.7153289318084717 -0.49610888957977295 -0.8413953185081482 -0.2142094224691391
1.0789357423782349 0.936987042427063 0.7064900398254395 -0.5664235353469849 -0.7875301241874695 -0.24274422228336334
1.261988878250122 0.922639012336731 0.7312154173851013 0.5697195529937744 -0.8145390152931213 -0.10916470736265182
1.278027057647705 0.94200599193573 0.7064900994300842 0.6053956747055054 -0.7579576969146729 -0.24277473986148834
1.1085692644119263 0.9187715649604797 0.700688898563385 -0.4443800151348114 -0.8400830030441284 -0.3109835982322693
1.0888934135437012 0.9372371435165405 0.6878563761711121 -0.5077974796295166 -0.7860652208328247 -0.35242775082588196
1.2571723461151123 0.9225168228149414 0.7153289318084717 0.5378887057304382 -0.8153324723243713 -0.2142094224691391
1.2680693864822388 0.9417542219161987 0.6878564357757568 0.5467696189880371 -0.7594531178474426 -0.35245826840400696
1.1190986633300781 0.919037938117981 0.6878563761711121 -0.3747978210449219 -0.8383434414863586 -0.395825058221817
1.1022918224334717 0.9375758171081543 0.6715224981307983 -0.4289071261882782 -0.7840815186500549 -0.44856104254722595
1.2493479251861572 0.9223201274871826 0.700688898563385 0.4861293435096741 -0.8166447877883911 -0.3110141158103943
1.2546709775924683 0.9414173364639282 0.6715225577354431 0.4679097831249237 -0.7614673376083374 -0.44856104254722595
1.131927251815796 0.919360339641571 0.6773254871368408 -0.29001739621162415 -0.8362071514129639 -0.46540728211402893
1.1186206340789795 0.9379868507385254 0.6581199169158936 -0.3328348696231842 -0.7816400527954102 -0.5274513959884644
1.2388203144073486 0.922055721282959 0.6878563761711121 0.41654714941978455 -0.8183843493461609 -0.395794540643692
1.23834228515625 0.9410046339035034 0.6581199765205383 0.3718070089817047 -0.7638782858848572 -0.5274513959884644
1.1465626955032349 0.9197286367416382 0.6694985628128052 -0.19324320554733276 -0.8337656855583191 -0.5171666741371155
1.1372483968734741 0.9384576082229614 0.6481590867042542 -0.2232123762369156 -0.7788628935813904 -0.5861079692840576
1.2259918451309204 0.9217314124107361 0.6773254871368408 0.3317667245864868 -0.8205206394195557 -0.46540728211402893
1.2197144031524658 0.9405356645584106 0.6481591463088989 0.2621539831161499 -0.766624927520752 -0.5860774517059326
1.1624441146850586 0.9201304912567139 0.6646804809570312 -0.08825953304767609 -0.8311105966567993 -0.5489974617958069
1.1574615240097046 0.9389660954475403 0.6420260071754456 -0.10422071069478989 -0.7758720517158508 -0.6221808791160583
1.2113564014434814 0.921363115310669 0.6694985628128052 0.23502303659915924 -0.8229621052742004 -0.5171666741371155
1.199501395225525 0.9400253295898438 0.6420260667800903 0.1431623250246048 -0.7696462869644165 -0.6221808791160583
1.1789586544036865 0.9205467700958252 0.6630534529685974 0.020874660462141037 -0.8283638954162598 -0.5597400069236755
1.1784822940826416 0.9394956827163696 0.6399552822113037 0.019470809027552605 -0.772759199142456 -0.634357750415802
1.1954748630523682 0.9209630489349365 0.6646804809570312 0.13003936409950256 -0.825617253780365 -0.5489974617958069
1.1569992303848267 0.9059021472930908 0.6938450932502747 -0.12512588500976562 -0.9251381158828735 -0.3583483397960663
1.1679378747940063 0.9061782360076904 0.690526008605957 -0.05236976221203804 -0.9233070015907288 -0.3804437518119812
1.1793148517608643 0.9064649343490601 0.6894058585166931 0.023194067180156708 -0.921384334564209 -0.3878902494907379
1.1906899213790894 0.9067516326904297 0.690526008605957 0.09884945303201675 -0.9194921851158142 -0.3804437518119812
1.2016286849975586 0.9070276618003845 0.6938450932502747 0.17160557210445404 -0.9176610708236694 -0.3583788573741913
1.211710810661316 0.9072812795639038 0.6992368102073669 0.2386852651834488 -0.9159825444221497 -0.32248908281326294
1.1469171047210693 0.9056485891342163 0.6992367506027222 -0.19220557808876038 -0.9268166422843933 -0.32248908281326294
1.220546841621399 0.9075048565864563 0.7064900398254395 0.29740288853645325 -0.9144871234893799 -0.27426984906196594
1.1380809545516968 0.905424952507019 0.7064899802207947 -0.25095370411872864 -0.9283120036125183 -0.27426984906196594
1.227799654006958 0.9076871871948242 0.7153289318084717 0.34559160470962524 -0.9132664203643799 -0.2155522257089615
1.130829930305481 0.9052426815032959 0.7153288722038269 -0.29917293787002563 -0.9295327663421631 -0.2154911905527115
1.2331879138946533 0.9078220129013062 0.7254142165184021 0.3814508616924286 -0.9123813509941101 -0.14841151237487793
1.125440001487732 0.9051059484481812 0.7254141569137573 -0.335001677274704 -0.9304177761077881 -0.14841151237487793
1.2365058660507202 0.9079071283340454 0.7363563776016235 0.4035462439060211 -0.9118015170097351 -0.07562486827373505
1.1221219301223755 0.9050226807594299 0.7363563179969788 -0.3570665717124939 -0.9309976696968079 -0.07565538585186005
1.2376257181167603 0.9079352617263794 0.7477368116378784 0.4109927713871002 -0.9116184115409851 -0.0
1.1210020780563354 0.9049944877624512 0.7477367520332336 -0.3645130693912506 -0.9311807751655579 -0.0
1.2365058660507202 0.9079071283340454 0.75911545753479 0.4035462439060211 -0.9118015170097351 0.07562486827373505
1.1221219301223755 0.9050226211547852 0.7591153979301453 -0.3570665717124939 -0.9309976696968079 0.07568590342998505
1.2331879138946533 0.9078219532966614 0.7700594067573547 0.3814508616924286 -0.9123813509941101 0.14841151237487793
1.1254398822784424 0.9051076769828796 0.77005934715271 -0.335001677274704 -0.9304177761077881 0.14844202995300293
1.227799654006958 0.9076870679855347 0.7801429033279419 0.34559160470962524 -0.9132664203643799 0.2155522257089615
1.130829930305481 0.9052425622940063 0.7801428437232971 -0.29917293787002563 -0.9295327663421631 0.2154606729745865
1.220546841621399 0.9075047969818115 0.7889817953109741 0.29740288853645325 -0.9144871234893799 0.27423933148384094
1.1380809545516968 0.9054248929023743 0.7889817357063293 -0.25095370411872864 -0.9283120036125183 0.27426984906196594
1.211710810661316 0.9072811603546143 0.7962368726730347 0.2386547476053238 -0.9159520268440247 0.32248908281326294
1.1469169855117798 0.9056484699249268 0.7962368130683899 -0.19220557808876038 -0.9268166422843933 0.32251960039138794
1.201628565788269 0.9070274829864502 0.8016266822814941 0.17157505452632904 -0.9176610708236694 0.3583788573741913
1.1569992303848267 0.9059020280838013 0.8016266822814941 -0.12512588500976562 -0.9251381158828735 0.3583483397960663
1.1906899213790894 0.9067514538764954 0.8049457669258118 0.09887997061014175 -0.9194921851158142 0.3804132342338562
1.1679378747940063 0.9061781167984009 0.8049457669258118 -0.05240027979016304 -0.9233070015907288 0.3804132342338562
1.1793148517608643 0.9064648151397705 0.8060677647590637 0.023194067180156708 -0.921384334564209 0.3878902494907379
1.1585129499435425 0.8972632884979248 0.7687641978263855 -0.11676381528377533 -0.983001172542572 0.14145329594612122
1.1630175113677979 0.8973766565322876 0.7724620699882507 -0.0869167149066925 -0.982085645198822 0.1670888364315033
1.1796059608459473 0.8948661088943481 0.7477367520332336 0.025177769362926483 -0.999664306640625 -0.0
1.15481436252594 0.897170901298523 0.7642582058906555 -0.1424298882484436 -0.9834895133972168 0.1115756705403328
1.1681568622589111 0.8975061774253845 0.775209367275238 -0.05182042717933655 -0.9813836812973022 0.18488113582134247
1.1520678997039795 0.8971020579338074 0.7591153979301453 -0.1596728414297104 -0.9840083122253418 0.0787682756781578
1.1737325191497803 0.8976480960845947 0.776901364326477 -0.014496291987597942 -0.9802545309066772 0.19711905717849731
1.1503764390945435 0.897059440612793 0.7535379528999329 -0.17233802378177643 -0.9843134880065918 0.036927394568920135
1.1795319318771362 0.8977928161621094 0.7774732112884521 0.02465895563364029 -0.9794610142707825 0.20010986924171448
1.1498048305511475 0.8970450162887573 0.7477367520332336 -0.17621387541294098 -0.9843440055847168 -0.0
1.1853331327438354 0.8979393243789673 0.7769014239311218 0.0638752430677414 -0.9782708287239075 0.19711905717849731
1.1503764390945435 0.897059440612793 0.7419356107711792 -0.17233802378177643 -0.9843134880065918 -0.036896876990795135
1.1909089088439941 0.898079514503479 0.7752094268798828 0.09930723160505295 -0.9774773120880127 0.18613238632678986
1.1520678997039795 0.8971021175384521 0.7363563179969788 -0.1596423238515854 -0.9840083122253418 -0.0787682756781578
1.1960482597351074 0.8982090950012207 0.7724621295928955 0.13794365525245667 -0.9765007495880127 0.16547136008739471
1.15481436252594 0.8971709609031677 0.7312153577804565 -0.1423993706703186 -0.9834895133972168 -0.1116061881184578
1.2005528211593628 0.8983242511749268 0.7687642574310303 0.1667836606502533 -0.9756767749786377 0.1420941799879074
1.1585129499435425 0.8972632884979248 0.7267093658447266 -0.11676381528377533 -0.983001172542572 -0.14145329594612122
1.2042495012283325 0.8984165191650391 0.7642582654953003 0.1909848302602768 -0.9752494692802429 0.1112094521522522
1.1630175113677979 0.8973766565322876 0.7230114340782166 -0.0869167149066925 -0.982085645198822 -0.1670888364315033
1.2069977521896362 0.8984854817390442 0.75911545753479 0.21027253568172455 -0.9745780825614929 0.07690664380788803
1.1681568622589111 0.8975062370300293 0.720262348651886 -0.051850948482751846 -0.9813836812973022 -0.18488113582134247
1.2086892127990723 0.8985280990600586 0.7535380125045776 0.22089296579360962 -0.9744865298271179 0.03900265693664551
1.1737326383590698 0.8976482152938843 0.718570351600647 -0.014496291987597942 -0.9802545309066772 -0.19711905717849731
1.2092609405517578 0.8985425233840942 0.7477368116378784 0.22559282183647156 -0.9742118716239929 -0.0
1.1795320510864258 0.8977928757667542 0.7179985642433167 0.02465895563364029 -0.9794610142707825 -0.20010986924171448
1.2086892127990723 0.8985280990600586 0.741935670375824 0.22089296579360962 -0.9744865298271179 -0.03900265693664551
1.1853331327438354 0.8979394435882568 0.7185704112052917 0.0638752430677414 -0.9782708287239075 -0.19711905717849731
1.2069977521896362 0.898485541343689 0.7363563776016235 0.21027253568172455 -0.9745780825614929 -0.07690664380788803
1.1909089088439941 0.8980795741081238 0.7202624082565308 0.09933774918317795 -0.9774773120880127 -0.18610186874866486
1.204249620437622 0.8984165787696838 0.7312154173851013 0.1909848302602768 -0.9752494692802429 -0.1111789271235466
1.1960482597351074 0.8982091546058655 0.7230114936828613 0.13794365525245667 -0.9765007495880127 -0.16544084250926971
1.2005528211593628 0.8983243703842163 0.7267094254493713 0.1667836606502533 -0.9756767749786377 -0.1420941799879074
102 98 104
98 102 100
7 2 3
2 7 4
19 12 15
12 19 16
61 60 63
60 61 62
57 54 58
54 57 53
49 46 50
46 49 45
53 50 54
50 53 49
37 34 38
34 37 33
51 44 47
44 51 48
61 58 62
58 61 57
39 32 35
32 39 36
17 14 18
14 17 13
13 10 14
10 13 9
47 40 43
40 47 44
59 52 55
52 59 56
43 36 39
36 43 40
55 48 51
48 55 52
15 8 11
8 15 12
29 26 30
26 29 25
35 28 31
28 35 32
25 22 26
22 25 21
27 20 23
20 27 24
3 1 0
1 3 2
9 6 10
6 9 5
31 24 27
24 31 28
11 4 7
4 11 8
63 56 59
56 63 60
41 38 42
38 41 37
1 5 0
5 1 6
33 30 34
30 33 29
84 25 82
25 84 21
45 42 46
42 45 41
21 18 22
18 21 17
23 16 19
16 23 20
68 55 69
55 68 59
93 3 95
3 93 7
70 53 64
53 70 49
81 35 31
35 81 79
86 21 84
21 86 17
0 95 3
95 0 94
88 17 86
17 88 13
79 39 35
39 79 77
116 85 114
85 116 83
71 55 51
55 71 69
77 43 39
43 77 75
80 33 78
33 80 29
66 63 67
63 66 61
78 37 76
37 78 33
87 23 19
23 87 85
93 11 7
11 93 91
76 41 74
41 76 37
67 59 68
59 67 63
65 61 66
61 65 57
91 15 11
15 91 89
64 57 65
57 64 53
72 49 70
49 72 45
74 45 72
45 74 41
73 51 47
51 73 71
89 19 15
19 89 87
5 94 0
94 5 92
83 31 27
31 83 81
75 47 43
47 75 73
82 29 80
29 82 25
90 13 88
13 90 9
92 9 90
9 92 5
85 27 23
27 85 83
128 73 126
73 128 71
115 72 70
72 115 113
116 98 118
98 116 114
120 81 118
81 120 79
98 111 113
111 98 109
118 83 116
83 118 81
117 70 64
70 117 115
121 65 66
65 121 119
98 119 121
119 98 117
127 71 128
71 127 69
98 101 103
124 98 126
98 124 122
126 75 124
75 126 73
98 123 125
123 98 121
109 78 76
78 109 107
127 68 69
68 127 125
124 77 122
77 124 75
107 80 78
80 107 105
113 74 72
74 113 111
98 107 109
98 110 108
119 64 65
64 119 117
104 94 102
94 104 95
106 98 108
98 106 104
128 98 127
98 128 126
99 88 86
88 99 96
125 67 68
67 125 123
106 95 104
95 106 93
97 88 96
88 97 90
98 115 117
115 98 113
111 76 74
76 111 109
122 79 120
79 122 77
123 66 67
66 123 121
102 92 100
92 102 94
112 98 114
98 112 110
98 105 107
105 98 103
110 91 108
91 110 89
100 90 97
90 100 92
105 82 80
82 105 103
120 98 122
98 120 118
97 98 100
98 97 96
101 86 84
86 101 99
108 93 106
93 108 91
114 87 112
87 114 85
103 84 82
84 103 101
98 125 127
112 89 110
89 112 87
98 99 101
99 98 96
LABEL zGroup11
MATERIAL 6
TEXTURE 0
GEOM 20 20
0.827438473701477 0.7179797887802124 -0.8243656158447266 -0.0 0.0 -0.999969482421875
1.4162163734436035 1.0162091255187988 -0.8243656158447266 -0.0 0.0 -1.0
0.8180625438690186 0.7364901900291443 -0.8179536461830139 -0.25849178433418274 0.5103610157966614 -0.8201544284820557
1.4068403244018555 1.0347195863723755 -0.8179536461830139 -0.25849178433418274 0.5103610157966614 -0.8201544284820557
0.8122678399085999 0.7479302883148193 -0.8011668920516968 -0.4280220866203308 0.8450270295143127 -0.32041382789611816
1.401045799255371 1.0461596250534058 -0.8011668920516968 -0.4280220866203308 0.8450270295143127 -0.32041382789611816
0.8122678399085999 0.7479302883148193 -0.7804173231124878 -0.4280220866203308 0.8450270295143127 0.32041382789611816
1.401045799255371 1.0461596250534058 -0.7804173231124878 -0.4280220866203308 0.8450270295143127 0.32041382789611816
0.8180625438690186 0.7364901900291443 -0.7636305689811707 -0.25849178433418274 0.5103610157966614 0.8201544284820557
1.4068403244018555 1.0347195863723755 -0.7636305689811707 -0.25849178433418274 0.5103610157966614 0.8201544284820557
0.827438473701477 0.7179797887802124 -0.757218599319458 -0.0 0.0 1.0
1.4162163734436035 1.0162091255187988 -0.757218599319458 -0.0 0.0 1.0
0.8368144035339355 0.6994693279266357 -0.7636305689811707 0.25849178433418274 -0.5103610157966614 0.8201544284820557
1.425592303276062 0.9976986646652222 -0.7636305689811707 0.25849178433418274 -0.5103610157966614 0.8201544284820557
0.8426091074943542 0.6880292892456055 -0.7804173231124878 0.4280220866203308 -0.8450270295143127 0.32041382789611816
1.431386947631836 0.9862586259841919 -0.7804173231124878 0.4280220866203308 -0.8450270295143127 0.32041382789611816
0.8426091074943542 0.6880292892456055 -0.8011668920516968 0.4280220866203308 -0.8450270295143127 -0.32041382789611816
1.431386947631836 0.9862586259841919 -0.8011668920516968 0.4280220866203308 -0.8450270295143127 -0.32041382789611816
0.8368144035339355 0.6994693875312805 -0.8179536461830139 0.25849178433418274 -0.5103610157966614 -0.8201544284820557
1.4255921840667725 0.9976987242698669 -0.8179536461830139 0.25849178433418274 -0.5103610157966614 -0.8201544284820557
0 3 1
3 0 2
2 5 3
5 2 4
4 7 5
7 4 6
6 9 7
9 6 8
8 11 9
11 8 10
10 13 11
13 10 12
12 15 13
15 12 14
14 17 15
17 14 16
16 19 17
19 16 18
1 18 0
18 1 19
LABEL zGroup12
MATERIAL 7
TEXTURE 0
GEOM 174 144
1.7269998788833618 0.8873390555381775 -0.6432709693908691 0.8456984162330627 0.5336161255836487 -0.0
1.7269998788833618 0.8873390555381775 -0.6174759268760681 0.8456984162330627 0.5336161255836487 -0.0
0.9805058836936951 0.5028709769248962 -0.6174759864807129 -0.0 0.0 0.999969482421875
0.9805058836936951 0.5028709769248962 -0.6432710289955139 -0.8456984162330627 -0.5336161255836487 -0.0
1.546379804611206 1.1735899448394775 -0.6432709693908691 0.7959837913513184 0.6052736043930054 -0.0
1.546379804611206 1.1735899448394775 -0.6174759268760681 0.7959837913513184 0.6052736043930054 -0.0
0.8779948949813843 0.665340006351471 -0.6174759268760681 -0.0 0.0 1.0
0.8779948949813843 0.665340006351471 -0.6432710289955139 -0.7959837913513184 -0.6052736043930054 -0.0
1.3188097476959229 1.4241399765014648 -0.6432709693908691 0.6787927150726318 0.7343058586120605 -0.0
1.3188097476959229 1.4241399765014648 -0.6174759268760681 0.6787927150726318 0.7343058586120605 -0.0
0.7488288879394531 0.807541012763977 -0.6174759864807129 -0.0 0.0 1.0
0.7488288879394531 0.807541012763977 -0.6432710289955139 -0.6787927150726318 -0.7343058586120605 -0.0
1.0511797666549683 1.6313599348068237 -0.6432710289955139 0.5409711003303528 0.8410291075706482 -0.0
1.0511797666549683 1.6313599348068237 -0.6174759864807129 0.5409711003303528 0.8410291075706482 -0.0
0.5969318747520447 0.9251539707183838 -0.6174759864807129 -0.0 0.0 0.999969482421875
0.5969318747520447 0.925153911113739 -0.6432710289955139 -0.5409711003303528 -0.8410291075706482 -0.0
0.7516348361968994 1.7889598608016968 -0.6432710289955139 0.3867000341415405 0.922177791595459 -0.0
0.7516348361968994 1.7889598608016968 -0.6174759864807129 0.3867000341415405 0.922177791595459 -0.0
0.42691993713378906 1.0145999193191528 -0.6174759864807129 -0.0 0.0 1.0
0.42691993713378906 1.0145999193191528 -0.6432710289955139 -0.3867000341415405 -0.922177791595459 -0.0
0.42927488684654236 1.8921399116516113 -0.6432710289955139 0.30481886863708496 0.9523911476135254 -0.0
0.42927488684654236 1.8921399116516113 -0.6174759864807129 0.30481886863708496 0.9523911476135254 -0.0
0.24395893514156342 1.0731698274612427 -0.6174759864807129 -0.0 0.0 1.0
0.24395893514156342 1.0731698274612427 -0.6432710289955139 -0.30487990379333496 -0.9523606300354004 -0.0
1.3537498712539673 0.6951050162315369 -0.6303739547729492 0.45786920189857483 -0.8890041708946228 -0.0
0.3366169035434723 1.482659935951233 -0.630374014377594 -0.9753410220146179 0.22067934274673462 -0.0
1.7269998788833618 0.8873390555381775 -0.6432709693908691 -0.0 0.0 -1.0
1.7269998788833618 0.8873390555381775 -0.6432709693908691 0.45786920189857483 -0.8890041708946228 -0.0
1.7269998788833618 0.8873390555381775 -0.6174758672714233 -0.0 0.0 1.0
1.7269998788833618 0.8873390555381775 -0.6174759268760681 0.45786920189857483 -0.8890041708946228 -0.0
0.9805058836936951 0.5028709769248962 -0.6174759864807129 -0.8456984162330627 -0.5336161255836487 -0.0
0.9805058836936951 0.5028709769248962 -0.6174759864807129 0.45786920189857483 -0.8890041708946228 -0.0
0.9805058836936951 0.5028709769248962 -0.6432710289955139 -0.0 0.0 -0.999969482421875
0.9805058836936951 0.5028709769248962 -0.6432710289955139 0.45786920189857483 -0.8890041708946228 -0.0
1.5463796854019165 1.173590064048767 -0.6432709097862244 -0.0 0.0 -1.0
1.546379804611206 1.1735899448394775 -0.6174758672714233 -0.0 0.0 1.0
0.8779948949813843 0.665340006351471 -0.6174759864807129 -0.7959837913513184 -0.6052736043930054 -0.0
0.8779948949813843 0.665340006351471 -0.6432710289955139 -0.0 0.0 -1.0
1.3188097476959229 1.4241399765014648 -0.6432709693908691 -0.0 0.0 -1.0
1.3188097476959229 1.4241399765014648 -0.6174759268760681 -0.0 0.0 1.0
0.7488288879394531 0.807541012763977 -0.6174759864807129 -0.6787927150726318 -0.7343058586120605 -0.0
0.7488288879394531 0.807541012763977 -0.6432710289955139 -0.0 0.0 -1.0
1.0511797666549683 1.6313599348068237 -0.6432710289955139 -0.0 0.0 -1.0
1.0511797666549683 1.6313599348068237 -0.6174759864807129 -0.0 0.0 1.0
0.5969318747520447 0.9251539707183838 -0.6174759864807129 -0.5409711003303528 -0.8410291075706482 -0.0
0.5969318747520447 0.925153911113739 -0.6432710289955139 -0.0 0.0 -0.999969482421875
0.7516348361968994 1.7889598608016968 -0.6432710289955139 -0.0 0.0 -0.999969482421875
0.7516348361968994 1.7889598608016968 -0.6174759864807129 -0.0 0.0 1.0
0.42691993713378906 1.0145999193191528 -0.6174759864807129 -0.3867000341415405 -0.922177791595459 -0.0
0.42691993713378906 1.0145999193191528 -0.6432710289955139 -0.0 0.0 -1.0
0.42927488684654236 1.8921399116516113 -0.6432710289955139 -0.0 0.0 -1.0
0.42927488684654236 1.8921399116516113 -0.6432710289955139 -0.9753410220146179 0.22067934274673462 -0.0
0.42927488684654236 1.8921399116516113 -0.6174759864807129 -0.0 0.0 1.0
0.42927488684654236 1.8921399116516113 -0.6174759864807129 -0.9753410220146179 0.22067934274673462 -0.0
0.24395893514156342 1.0731698274612427 -0.6174759864807129 -0.30487990379333496 -0.9523606300354004 -0.0
0.24395893514156342 1.0731698274612427 -0.6174759864807129 -0.9753410220146179 0.22067934274673462 -0.0
0.24395893514156342 1.0731698274612427 -0.6432710289955139 -0.0 0.0 -1.0
0.24395893514156342 1.0731698274612427 -0.6432710289955139 -0.9753410220146179 0.22067934274673462 -0.0
1.727000117301941 0.8873390555381775 1.8136800527572632 0.8456984162330627 0.5336161255836487 -0.0
1.727000117301941 0.8873390555381775 1.8394800424575806 0.8456984162330627 0.5336161255836487 -0.0
0.4746079742908478 0.24231602251529694 1.8394800424575806 -0.0 0.0 1.0
0.4746079742908478 0.24231602251529694 1.8136800527572632 -0.8457289338111877 -0.5335856080055237 -0.0
1.5463801622390747 1.1735899448394775 1.8136800527572632 0.7959837913513184 0.6052736043930054 -0.0
1.5463801622390747 1.1735899448394775 1.8394800424575806 0.7959837913513184 0.6052736043930054 -0.0
0.4250279664993286 0.32089701294898987 1.8394800424575806 -0.0 0.0 1.0
0.4250279664993286 0.32089701294898987 1.8136800527572632 -0.7959837913513184 -0.6052736043930054 -0.0
1.318809986114502 1.4241399765014648 1.8136800527572632 0.6787927150726318 0.7343058586120605 -0.0
1.318809986114502 1.4241399765014648 1.8394800424575806 0.6787927150726318 0.7343058586120605 -0.0
0.36255595088005066 0.38967302441596985 1.8394800424575806 -0.0 0.0 0.999969482421875
0.36255595088005066 0.38967302441596985 1.8136800527572632 -0.6787927150726318 -0.7343058586120605 -0.0
1.0511800050735474 1.6313601732254028 1.8136800527572632 0.5409711003303528 0.8410291075706482 -0.0
1.0511800050735474 1.6313601732254028 1.8394800424575806 0.5409711003303528 0.8410291075706482 -0.0
0.28908994793891907 0.446556031703949 1.8394800424575806 -0.0 0.0 1.0
0.28908994793891907 0.446556031703949 1.8136800527572632 -0.5409711003303528 -0.8410291075706482 -0.0
0.7516350150108337 1.7889602184295654 1.8136800527572632 0.3867000341415405 0.922177791595459 -0.0
0.7516350150108337 1.7889602184295654 1.8394800424575806 0.3867000341415405 0.922177791595459 -0.0
0.2068619728088379 0.4898190498352051 1.8394800424575806 -0.0 0.0 1.0
0.2068619728088379 0.4898190498352051 1.8136800527572632 -0.3867000341415405 -0.922177791595459 -0.0
0.4292749762535095 1.8921401500701904 1.8136800527572632 0.30481886863708496 0.9523911476135254 -0.0
0.4292749762535095 1.8921401500701904 1.8394800424575806 0.30481886863708496 0.9523911476135254 -0.0
0.1183699518442154 0.5181450247764587 1.8394800424575806 -0.0 0.0 1.0
0.1183699518442154 0.5181450247764587 1.8136800527572632 -0.30484938621520996 -0.9523911476135254 -0.0
1.1008000373840332 0.5648279786109924 1.8265800476074219 0.45783868432044983 -0.8890041708946228 -0.0
0.27382293343544006 1.2051399946212769 1.8265800476074219 -0.9753410220146179 0.22067934274673462 -0.0
1.727000117301941 0.8873390555381775 1.8136800527572632 -0.0 0.0 -1.0
1.727000117301941 0.8873390555381775 1.8136800527572632 0.45786920189857483 -0.8890041708946228 -0.0
1.727000117301941 0.8873390555381775 1.8394800424575806 -0.0 0.0 1.0
1.727000117301941 0.8873390555381775 1.8394800424575806 0.45786920189857483 -0.8890041708946228 -0.0
0.4746079742908478 0.24231602251529694 1.8394800424575806 -0.8457289338111877 -0.5335856080055237 -0.0
0.4746079742908478 0.24231602251529694 1.8394800424575806 0.45786920189857483 -0.8890041708946228 -0.0
0.4746079742908478 0.24231602251529694 1.8136800527572632 -0.0 0.0 -1.0
0.4746079742908478 0.24231602251529694 1.8136800527572632 0.45786920189857483 -0.8890041708946228 -0.0
1.5463801622390747 1.1735899448394775 1.8136800527572632 -0.0 0.0 -1.0
1.5463801622390747 1.1735899448394775 1.8394800424575806 -0.0 0.0 1.0
0.4250279664993286 0.32089701294898987 1.8394800424575806 -0.7959837913513184 -0.6052736043930054 -0.0
0.4250279664993286 0.32089701294898987 1.8136800527572632 -0.0 0.0 -0.999969482421875
1.318809986114502 1.4241399765014648 1.8136800527572632 -0.0 0.0 -1.0
1.318809986114502 1.4241399765014648 1.8394800424575806 -0.0 0.0 1.0
0.36255595088005066 0.38967302441596985 1.8394800424575806 -0.6787927150726318 -0.7343058586120605 -0.0
0.36255595088005066 0.38967302441596985 1.8136800527572632 -0.0 0.0 -1.0
1.0511800050735474 1.6313601732254028 1.8136800527572632 -0.0 0.0 -1.0
1.0511800050735474 1.6313601732254028 1.8394800424575806 -0.0 0.0 0.999969482421875
0.28908994793891907 0.446556031703949 1.8394800424575806 -0.5409711003303528 -0.8410291075706482 -0.0
0.28908994793891907 0.446556031703949 1.8136800527572632 -0.0 0.0 -1.0
0.7516350150108337 1.7889602184295654 1.8136800527572632 -0.0 0.0 -1.0
0.7516350150108337 1.7889602184295654 1.8394800424575806 -0.0 0.0 1.0
0.2068619728088379 0.4898190498352051 1.8394800424575806 -0.3867000341415405 -0.922177791595459 -0.0
0.2068619728088379 0.4898190498352051 1.8136800527572632 -0.0 0.0 -0.999969482421875
0.4292749762535095 1.8921401500701904 1.8136800527572632 -0.0 0.0 -1.0
0.4292749762535095 1.8921401500701904 1.8136800527572632 -0.9753410220146179 0.22067934274673462 -0.0
0.4292749762535095 1.8921401500701904 1.8394800424575806 -0.0 0.0 1.0
0.4292749762535095 1.8921401500701904 1.8394800424575806 -0.9753410220146179 0.22067934274673462 -0.0
0.1183699518442154 0.5181450247764587 1.8394800424575806 -0.30484938621520996 -0.9523911476135254 -0.0
0.1183699518442154 0.5181450247764587 1.8394800424575806 -0.9753410220146179 0.22067934274673462 -0.0
0.1183699518442154 0.5181450247764587 1.8136800527572632 -0.0 0.0 -1.0
0.1183699518442154 0.5181450247764587 1.8136800527572632 -0.9753410220146179 0.22067934274673462 -0.0
1.7269999980926514 0.8873392939567566 1.2702088356018066 0.8456984162330627 0.5336161255836487 -0.0
1.7269999980926514 0.8873392939567566 1.296008825302124 0.8456984162330627 0.5336161255836487 -0.0
0.47460806369781494 0.24231627583503723 1.296008825302124 -0.0 0.0 1.0
0.47460806369781494 0.24231627583503723 1.2702088356018066 -0.8457289338111877 -0.5335856080055237 -0.0
1.5463799238204956 1.1735901832580566 1.2702088356018066 0.7959837913513184 0.6052736043930054 -0.0
1.5463799238204956 1.1735901832580566 1.296008825302124 0.7959837913513184 0.6052736043930054 -0.0
0.425027996301651 0.3208972215652466 1.296008825302124 -0.0 0.0 1.0
0.425027996301651 0.3208972215652466 1.2702088356018066 -0.7959837913513184 -0.6052736043930054 -0.0
1.3188098669052124 1.424140214920044 1.2702088356018066 0.6787927150726318 0.7343058586120605 -0.0
1.3188098669052124 1.424140214920044 1.296008825302124 0.6787927150726318 0.7343058586120605 -0.0
0.36255601048469543 0.38967323303222656 1.296008825302124 -0.0 0.0 1.0
0.36255601048469543 0.38967323303222656 1.2702088356018066 -0.6787927150726318 -0.7343058586120605 -0.0
1.0511798858642578 1.6313602924346924 1.2702088356018066 0.5409711003303528 0.8410291075706482 -0.0
1.0511798858642578 1.6313602924346924 1.296008825302124 0.5409711003303528 0.8410291075706482 -0.0
0.2890900671482086 0.4465562105178833 1.296008825302124 -0.0 0.0 1.0
0.2890900671482086 0.4465562105178833 1.2702088356018066 -0.5409711003303528 -0.8410291075706482 -0.0
0.7516348958015442 1.7889600992202759 1.2702088356018066 0.3867000341415405 0.922177791595459 -0.0
0.7516348958015442 1.7889600992202759 1.296008825302124 0.3867000341415405 0.922177791595459 -0.0
0.20686201751232147 0.4898192882537842 1.296008825302124 -0.0 0.0 1.0
0.20686201751232147 0.4898192882537842 1.2702088356018066 -0.3867000341415405 -0.922177791595459 -0.0
0.4292749762535095 1.8921401500701904 1.2702088356018066 0.30481886863708496 0.9523911476135254 -0.0
0.4292749762535095 1.8921401500701904 1.296008825302124 0.30481886863708496 0.9523911476135254 -0.0
0.11837004125118256 0.5181452631950378 1.296008825302124 -0.0 0.0 1.0
0.11837004125118256 0.5181452631950378 1.2702088356018066 -0.30484938621520996 -0.9523911476135254 -0.0
1.1008000373840332 0.5648281574249268 1.2831088304519653 0.45786920189857483 -0.8890041708946228 -0.0
0.2738230228424072 1.2051401138305664 1.2831088304519653 -0.9753410220146179 0.22067934274673462 -0.0
1.7269999980926514 0.8873392939567566 1.2702101469039917 -0.0 0.0 -1.0
1.7269999980926514 0.8873392939567566 1.2702088356018066 0.45783868432044983 -0.8890041708946228 -0.0
1.7269999980926514 0.8873392939567566 1.296008825302124 -0.0 0.0 1.0
1.7269999980926514 0.8873392939567566 1.296008825302124 0.45783868432044983 -0.8890041708946228 -0.0
0.47460806369781494 0.24231627583503723 1.296008825302124 -0.8457289338111877 -0.5335856080055237 -0.0
0.47460806369781494 0.24231627583503723 1.296008825302124 0.45786920189857483 -0.8890041708946228 -0.0
0.47460806369781494 0.24231627583503723 1.2702101469039917 -0.0 0.0 -1.0
0.47460806369781494 0.24231627583503723 1.2702088356018066 0.45786920189857483 -0.8890041708946228 -0.0
1.5463799238204956 1.1735901832580566 1.2702101469039917 -0.0 0.0 -0.999969482421875
1.5463799238204956 1.1735901832580566 1.296008825302124 -0.0 0.0 1.0
0.425027996301651 0.3208972215652466 1.296008825302124 -0.7959837913513184 -0.6052736043930054 -0.0
0.425027996301651 0.3208972215652466 1.2702088356018066 -0.0 0.0 -0.999969482421875
1.3188098669052124 1.424140214920044 1.2702088356018066 -0.0 0.0 -1.0
1.3188098669052124 1.424140453338623 1.296010136604309 -0.0 0.0 1.0
0.36255601048469543 0.38967323303222656 1.296008825302124 -0.6787927150726318 -0.7343058586120605 -0.0
0.36255601048469543 0.38967323303222656 1.2702088356018066 -0.0 0.0 -1.0
1.0511795282363892 1.6313605308532715 1.2702088356018066 -0.0 0.0 -1.0
1.0511794090270996 1.631360650062561 1.296010136604309 -0.0 0.0 0.999969482421875
0.2890900671482086 0.4465562105178833 1.296008825302124 -0.5409711003303528 -0.8410291075706482 -0.0
0.2890900671482086 0.4465562105178833 1.2702088356018066 -0.0 0.0 -1.0
0.7516348958015442 1.7889600992202759 1.2702088356018066 -0.0 0.0 -1.0
0.7516348958015442 1.7889600992202759 1.296008825302124 -0.0 0.0 0.999969482421875
0.20686201751232147 0.4898192882537842 1.2960100173950195 -0.3867000341415405 -0.922177791595459 -0.0
0.20686201751232147 0.4898192882537842 1.2702088356018066 -0.0 0.0 -1.0
0.4292749762535095 1.8921401500701904 1.2702088356018066 -0.0 0.0 -1.0
0.4292749762535095 1.8921401500701904 1.2702088356018066 -0.9753410220146179 0.22067934274673462 -0.0
0.4292749762535095 1.8921401500701904 1.296008825302124 -0.0 0.0 1.0
0.4292749762535095 1.8921401500701904 1.296008825302124 -0.9753410220146179 0.22067934274673462 -0.0
0.11837004125118256 0.5181452631950378 1.296008825302124 -0.30484938621520996 -0.9523911476135254 -0.0
0.11837004125118256 0.5181452631950378 1.296008825302124 -0.9753410220146179 0.22067934274673462 -0.0
0.11837004125118256 0.5181452631950378 1.2702088356018066 -0.0 0.0 -1.0
0.11837004125118256 0.5181452631950378 1.2702088356018066 -0.9753410220146179 0.22067934274673462 -0.0
0 4 5
0 5 1
28 35 6
28 6 2
30 36 7
30 7 3
32 37 34
32 34 26
4 8 9
4 9 5
35 39 10
35 10 6
36 40 11
36 11 7
37 41 38
37 38 34
8 12 13
8 13 9
39 43 14
39 14 10
40 44 15
40 15 11
41 45 42
41 42 38
12 16 17
12 17 13
43 47 18
43 18 14
44 48 19
44 19 15
45 49 46
45 46 42
16 20 21
16 21 17
47 52 22
47 22 18
48 54 23
48 23 19
49 56 50
49 50 46
24 27 29
24 29 31
24 31 33
24 33 27
25 53 51
25 55 53
25 57 55
25 51 57
58 62 63
58 63 59
86 93 64
86 64 60
88 94 65
88 65 61
90 95 92
90 92 84
62 66 67
62 67 63
93 97 68
93 68 64
94 98 69
94 69 65
95 99 96
95 96 92
66 70 71
66 71 67
97 101 72
97 72 68
98 102 73
98 73 69
99 103 100
99 100 96
70 74 75
70 75 71
101 105 76
101 76 72
102 106 77
102 77 73
103 107 104
103 104 100
74 78 79
74 79 75
105 110 80
105 80 76
106 112 81
106 81 77
107 114 108
107 108 104
82 85 87
82 87 89
82 89 91
82 91 85
83 111 109
83 113 111
83 115 113
83 109 115
116 120 121
116 121 117
144 151 122
144 122 118
146 152 123
146 123 119
148 153 150
148 150 142
120 124 125
120 125 121
151 155 126
151 126 122
152 156 127
152 127 123
153 157 154
153 154 150
124 128 129
124 129 125
155 159 130
155 130 126
156 160 131
156 131 127
157 161 158
157 158 154
128 132 133
128 133 129
159 163 134
159 134 130
160 164 135
160 135 131
161 165 162
161 162 158
132 136 137
132 137 133
163 168 138
163 138 134
164 170 139
164 139 135
165 172 166
165 166 162
140 143 145
140 145 147
140 147 149
140 149 143
141 169 167
141 171 169
141 173 171
141 167 173
LABEL zGroup13
MATERIAL 8
TEXTURE 0
GEOM 58 48
1.2165199518203735 0.6311550140380859 -1.2673900127410889 -0.0 0.0 -1.0
1.2165199518203735 0.6311550140380859 1.8022500276565552 -0.0 0.0 1.0
1.194000005722046 0.6194339990615845 1.8022500276565552 0.4616535007953644 -0.887020468711853 -0.0
1.194000005722046 0.6194339990615845 -1.2673900127410889 0.4616535007953644 -0.887020468711853 -0.0
1.0881500244140625 0.8326590061187744 -1.2673900127410889 -0.0 0.0 -1.0
1.0881500244140625 0.8326590061187744 1.8022500276565552 -0.0 0.0 1.0
1.0680099725723267 0.8172079920768738 1.8022500276565552 -0.7933591604232788 -0.6087222099304199 -0.0
1.0680099725723267 0.8172079920768738 -1.2673900127410889 -0.0 0.0 -1.0
0.926736056804657 1.008810043334961 -1.2673900127410889 -0.0 0.0 -1.0
0.9267359375953674 1.008810043334961 1.8022500276565552 -0.0 0.0 1.0
0.9095879197120667 0.9900979995727539 1.8022500276565552 -0.6755882501602173 -0.7372661232948303 -0.0
0.9095880389213562 0.9900979995727539 -1.2673900127410889 -0.0 0.0 -1.0
0.737186074256897 1.1542600393295288 -1.2673900127410889 -0.0 0.0 -1.0
0.7371859550476074 1.1542600393295288 1.8022500276565552 -0.0 0.0 1.0
0.723548948764801 1.1328500509262085 1.8022500276565552 -0.5372783541679382 -0.843379020690918 -0.0
0.7235490679740906 1.1328500509262085 -1.2673900127410889 -0.0 0.0 -1.0
0.5252600312232971 1.2645800113677979 -1.2673900127410889 -0.0 0.0 -0.999969482421875
0.5252599120140076 1.2645800113677979 1.8022500276565552 -0.0 0.0 1.0
0.5155469179153442 1.241129994392395 1.8022500276565552 -0.382671594619751 -0.9238563179969788 -0.0
0.5155470371246338 1.241129994392395 -1.2673900127410889 -0.0 0.0 -1.0
0.2973960340023041 1.3364299535751343 -1.2673900127410889 -0.0 0.0 -1.0
0.2973959445953369 1.3364299535751343 1.8022500276565552 -0.9763176441192627 0.21631519496440887 -0.0
0.29190292954444885 1.3116400241851807 1.8022500276565552 -0.9763176441192627 0.21631519496440887 -0.0
0.291903018951416 1.3116400241851807 -1.2673900127410889 -0.0 0.0 -1.0
1.2052600383758545 0.625294029712677 0.2674250304698944 0.4616840183734894 -0.887020468711853 -0.0
0.29464998841285706 1.3240400552749634 0.267425000667572 -0.9763176441192627 0.21631519496440887 -0.0
0.5155469179153442 1.241129994392395 1.8022500276565552 -0.0 0.0 1.0
0.29190292954444885 1.3116400241851807 1.8022500276565552 -0.0 0.0 0.999969482421875
0.29190292954444885 1.3116400241851807 1.8022500276565552 -0.3006683588027954 -0.9537034034729004 -0.0
0.926736056804657 1.008810043334961 -1.2673900127410889 0.6755882501602173 0.7372661232948303 -0.0
0.737186074256897 1.1542600393295288 -1.2673900127410889 0.5372783541679382 0.843379020690918 -0.0
0.5155470371246338 1.241129994392395 -1.2673900127410889 -0.382671594619751 -0.9238563179969788 -0.0
0.291903018951416 1.3116400241851807 -1.2673900127410889 -0.3006683588027954 -0.9537034034729004 -0.0
0.291903018951416 1.3116400241851807 -1.2673900127410889 -0.9763176441192627 0.21631519496440887 -0.0
1.0881500244140625 0.8326590061187744 1.8022500276565552 0.7933286428451538 0.6087527275085449 -0.0
0.9267359375953674 1.008810043334961 1.8022500276565552 0.6755882501602173 0.7372661232948303 -0.0
0.723548948764801 1.1328500509262085 1.8022500276565552 -0.0 0.0 0.999969482421875
0.9095879197120667 0.9900979995727539 1.8022500276565552 -0.0 0.0 0.999969482421875
1.2165199518203735 0.6311550140380859 -1.2673900127410889 0.843379020690918 0.5372783541679382 -0.0
1.2165199518203735 0.6311550140380859 -1.2673900127410889 0.4616535007953644 -0.887020468711853 -0.0
1.0881500244140625 0.8326590061187744 -1.2673900127410889 0.7933286428451538 0.6087527275085449 -0.0
0.5252599120140076 1.2645800113677979 1.8022500276565552 0.382671594619751 0.9238563179969788 -0.0
0.2973959445953369 1.3364299535751343 1.8022500276565552 0.3006988763809204 0.9537034034729004 -0.0
0.2973959445953369 1.3364299535751343 1.8022500276565552 -0.0 0.0 1.0
0.7235490679740906 1.1328500509262085 -1.2673900127410889 -0.5372783541679382 -0.843379020690918 -0.0
0.9095880389213562 0.9900979995727539 -1.2673900127410889 -0.6755882501602173 -0.7372661232948303 -0.0
1.194000005722046 0.6194339990615845 1.8022500276565552 -0.0 0.0 1.0
1.194000005722046 0.6194339990615845 1.8022500276565552 -0.843379020690918 -0.5372783541679382 -0.0
1.0680099725723267 0.8172079920768738 1.8022500276565552 -0.0 0.0 1.0
0.5252600312232971 1.2645800113677979 -1.2673900127410889 0.382671594619751 0.9238563179969788 -0.0
0.7371859550476074 1.1542600393295288 1.8022500276565552 0.5372783541679382 0.843379020690918 -0.0
1.194000005722046 0.6194339990615845 -1.2673900127410889 -0.843379020690918 -0.5372783541679382 -0.0
1.194000005722046 0.6194339990615845 -1.2673900127410889 -0.0 0.0 -0.999969482421875
1.0680099725723267 0.8172079920768738 -1.2673900127410889 -0.7933591604232788 -0.6087222099304199 -0.0
0.2973960340023041 1.3364299535751343 -1.2673900127410889 0.3006988763809204 0.9537034034729004 -0.0
0.2973960340023041 1.3364299535751343 -1.2673900127410889 -0.9763176441192627 0.21631519496440887 -0.0
1.2165199518203735 0.6311550140380859 1.8022500276565552 0.843379020690918 0.5372783541679382 -0.0
1.2165199518203735 0.6311550140380859 1.8022500276565552 0.4616535007953644 -0.887020468711853 -0.0
38 40 34
38 34 56
1 5 48
1 48 46
47 6 53
47 53 51
52 7 4
52 4 0
40 29 35
40 35 34
5 9 37
5 37 48
6 10 45
6 45 53
7 11 8
7 8 4
29 30 50
29 50 35
9 13 36
9 36 37
10 14 44
10 44 45
11 15 12
11 12 8
30 49 41
30 41 50
13 17 26
13 26 36
14 18 31
14 31 44
15 19 16
15 16 12
49 54 42
49 42 41
17 43 27
17 27 26
18 28 32
18 32 31
19 23 20
19 20 16
24 39 57
24 57 2
24 2 3
24 3 39
25 21 55
25 22 21
25 33 22
25 55 33
LABEL zGroup14
MATERIAL 5
TEXTURE 1
GEOM 248 180
1.2488138675689697 1.3982312679290771 1.3002054691314697 -0.41035187244415283 0.28342539072036743 0.8667256832122803 1.3161120414733887 0.1679256558418274
1.0838183164596558 1.5145657062530518 1.2961848974227905 0.00033570360392332077 0.0004882961511611938 0.999969482421875 1.758661150932312 1.1970840096473694
1.2365480661392212 1.4068751335144043 1.2961852550506592 -0.10638752579689026 0.07406841963529587 0.9915463924407959 1.758663535118103 1.7586634159088135
1.0840063095092773 1.5148330926895142 1.574052095413208 -0.5762199759483337 -0.8172856569290161 0.0010986663401126862 -0.7165107727050781 0.5434050559997559
0.7922961711883545 1.720119833946228 1.2961843013763428 0.10855434089899063 -0.07403790205717087 0.9913022518157959 1.7586559057235718 0.12517130374908447
1.257798433303833 1.3919126987457275 1.3111908435821533 -0.712607204914093 0.491439551115036 0.5006256103515625 1.3161108493804932 0.13454651832580566
0.7727960348129272 1.7338792085647583 1.3025788068771362 0.41315957903862 -0.2840357720851898 0.8651997447013855 0.9326926469802856 -0.10742640495300293
1.261094093322754 1.3896101713180542 1.3261951208114624 -0.8163090944290161 0.5626392364501953 0.13058869540691376 1.31611168384552 0.08932530879974365
0.7585290670394897 1.7439634799957275 1.3200498819351196 0.713675320148468 -0.491409033536911 0.4991302192211151 0.9309149980545044 -0.053897857666015625
1.2612026929855347 1.3897645473480225 1.4862685203552246 -0.8181096911430359 0.5636768937110901 -0.11377300322055817 1.316110372543335 -0.39167284965515137
0.7533191442489624 1.7476714849472046 1.343915581703186 0.8231757283210754 -0.5672475099563599 0.02453688159584999 0.9303137063980103 0.01818525791168213
1.258107304573059 1.3919700384140015 1.5026588439941406 -0.7512131333351135 0.5173497796058655 -0.40986359119415283 1.31611168384552 -0.4407958984375
0.7582343816757202 1.744245171546936 1.3716970682144165 0.7530747652053833 -0.5192724466323853 -0.4039430022239685 0.931022047996521 0.10129809379577637
1.2496285438537598 1.3979698419570923 1.5173417329788208 -0.5676748156547546 0.3906369209289551 -0.7246314883232117 1.6990058422088623 1.758663535118103
0.7708135843276978 1.7354066371917725 1.393219232559204 0.5724356770515442 -0.39503157138824463 -0.7184972763061523 0.9326924085617065 0.16504806280136108
1.2380387783050537 1.406154990196228 1.5263839960098267 -0.36048462986946106 0.24771873652935028 -0.8992278575897217 1.6987767219543457 1.7161974906921387
0.7878473401069641 1.7234156131744385 1.4070477485656738 -0.5760368704795837 -0.8174077272415161 0.0006103701889514923 -0.2342909574508667 1.6318700313568115
1.069746494293213 1.524892807006836 1.5828471183776855 -0.5760979056358337 -0.8173772096633911 0.0009765923023223877 -0.758663535118103 0.5233935117721558
1.0393279790878296 1.5463213920593262 1.5751831531524658 -0.5760368704795837 -0.8173772096633911 0.0009460737928748131 -0.7561967372894287 0.5614930093288422
1.0729968547821045 1.498862385749817 1.2961969375610352 -0.0 1.0 -0.0 1.7288357019424438 1.1970842480659485
0.7814747095108032 1.7044165134429932 1.2961963415145874 -0.0 1.0 -0.0 1.7288304567337036 0.12517142295837402
0.7619746923446655 1.7181758880615234 1.3025909662246704 -0.0 1.0 -0.0 0.962498128414154 -0.10743522644042969
1.22572660446167 1.3911718130111694 1.2961972951889038 -0.0 1.0 -0.0 1.7288382053375244 1.758663535118103
0.747707724571228 1.7282602787017822 1.3200619220733643 -0.0 1.0 -0.0 0.9607207775115967 -0.053906917572021484
1.2379932403564453 1.3825291395187378 1.3002175092697144 -0.0 1.0 -0.0 1.3459333181381226 0.16792595386505127
0.7424976825714111 1.7319681644439697 1.3439276218414307 -0.0 1.0 -0.0 0.960119366645813 0.018176496028900146
1.2469770908355713 1.3762093782424927 1.311202883720398 -0.0 1.0 -0.0 1.3459362983703613 0.13454675674438477
0.747412919998169 1.7285417318344116 1.3717091083526611 -0.0 1.0 -0.0 0.9608277678489685 0.10128927230834961
1.2502726316452026 1.3739068508148193 1.3262085914611816 -0.0 1.0 -0.0 1.3459370136260986 0.08932161331176758
0.7599921226501465 1.719703197479248 1.3932312726974487 -0.0 1.0 -0.0 0.962498128414154 0.1650393009185791
1.2503812313079834 1.3740613460540771 1.4862805604934692 -0.0 1.0 -0.0 1.345935583114624 -0.39167284965515137
0.7770258784294128 1.7077124118804932 1.4070597887039185 -0.0 1.0 -0.0 1.7286522388458252 0.05890071392059326
1.2472859621047974 1.3762667179107666 1.5026708841323853 -0.0 1.0 -0.0 1.3459370136260986 -0.4407956600189209
1.238807201385498 1.3822664022445679 1.5173537731170654 -0.0 1.0 -0.0 1.3459362983703613 -0.48456621170043945
1.0285065174102783 1.5306181907653809 1.5751953125 -0.0 1.0 -0.0 1.7266523838043213 1.1327492594718933
1.227217435836792 1.3904516696929932 1.5263960361480713 -0.0 1.0 -0.0 1.728601336479187 1.7161555290222168
1.0589253902435303 1.5091900825500488 1.5828592777252197 -0.0 1.0 -0.0 1.7266860008239746 1.1708669662475586
1.1129831075668335 1.4944103956222534 1.5804357528686523 -0.18558305501937866 0.1271401047706604 -0.9743339419364929 1.697134256362915 1.2572695910930634
1.0833839178085327 1.5152831077575684 1.5846507549285889 -0.003082369454205036 0.001342814415693283 -0.999969482421875 1.6969029903411865 1.1867568492889404
1.072562575340271 1.4995801448822021 1.5846627950668335 -0.0 1.0 -0.0 1.7267255783081055 1.1867148876190186
1.1021616458892822 1.4787070751190186 1.580447793006897 -0.0 1.0 -0.0 1.7269588708877563 1.2572276294231415
1.0201749801635742 1.5598098039627075 1.5669305324554443 0.3086642026901245 -0.2134159356355667 -0.9269081950187683 1.6968414783477783 1.1130438894033432
0.9964234232902527 1.5765361785888672 1.553605318069458 0.37702566385269165 -0.2604754865169525 -0.8887905478477478 1.6969523429870605 1.0464326553046703
1.0207641124725342 1.559390902519226 1.5637164115905762 -0.5760673880577087 -0.8173772096633911 0.0007629627361893654 -0.7411233186721802 0.585337221622467
0.9856020212173462 1.5608328580856323 1.5536173582077026 -0.0 1.0 -0.0 1.7267769575119019 1.0463907830417156
1.0093536376953125 1.5441064834594727 1.5669426918029785 -0.0 1.0 -0.0 1.7266658544540405 1.1130019277334213
1.2469770908355713 1.3762093782424927 1.311202883720398 -0.0 1.0 -0.0 1.3459362983703613 0.13454675674438477
1.2502726316452026 1.3739068508148193 1.3262085914611816 -0.0 1.0 -0.0 1.3459370136260986 0.08932161331176758
1.2503812313079834 1.3740613460540771 1.4862805604934692 -0.0 1.0 -0.0 1.345935583114624 -0.39167284965515137
1.2612026929855347 1.3897645473480225 1.4862685203552246 0.8181096911430359 -0.5636768937110901 0.11377300322055817 1.316110372543335 -0.39167284965515137
1.258107304573059 1.3919700384140015 1.5026588439941406 0.7512131333351135 -0.5173497796058655 0.40986359119415283 1.31611168384552 -0.4407958984375
1.238807201385498 1.3822664022445679 1.5173537731170654 -0.0 1.0 -0.0 1.3459362983703613 -0.48456621170043945
1.227217435836792 1.3904516696929932 1.5263960361480713 -0.0 1.0 -0.0 1.728601336479187 1.7161555290222168
1.0840063095092773 1.5148330926895142 1.574052095413208 0.5762199759483337 0.8172856569290161 -0.0010986663401126862 -0.7165107727050781 0.5434050559997559
1.2380387783050537 1.406154990196228 1.5263839960098267 0.36048462986946106 -0.24771873652935028 0.8992278575897217 1.6987767219543457 1.7161974906921387
1.2496285438537598 1.3979698419570923 1.5173417329788208 0.5676748156547546 -0.3906369209289551 0.7246314883232117 1.6990058422088623 1.758663535118103
1.257798433303833 1.3919126987457275 1.3111908435821533 0.712607204914093 -0.491439551115036 -0.5006256103515625 1.3161108493804932 0.13454651832580566
1.261094093322754 1.3896101713180542 1.3261951208114624 0.8163090944290161 -0.5626392364501953 -0.13058869540691376 1.31611168384552 0.08932530879974365
1.2472859621047974 1.3762667179107666 1.5026708841323853 -0.0 1.0 -0.0 1.3459370136260986 -0.4407956600189209
1.069746494293213 1.524892807006836 1.5828471183776855 0.5760979056358337 0.8173772096633911 -0.0009765923023223877 -0.758663535118103 0.5233935117721558
1.0393279790878296 1.5463213920593262 1.5751831531524658 0.5760368704795837 0.8173772096633911 -0.0009460737928748131 -0.7561967372894287 0.5614930093288422
1.2488138675689697 1.3982312679290771 1.3002054691314697 0.41035187244415283 -0.28342539072036743 -0.8667256832122803 1.3161120414733887 0.1679256558418274
1.0838183164596558 1.5145657062530518 1.2961848974227905 -0.00033570360392332077 -0.0004882961511611938 -0.999969482421875 1.758661150932312 1.1970840096473694
0.7424976825714111 1.7319681644439697 1.3439276218414307 -0.0 1.0 -0.0 0.960119366645813 0.018176496028900146
0.747412919998169 1.7285417318344116 1.3717091083526611 -0.0 1.0 -0.0 0.9608277678489685 0.10128927230834961
0.7585290670394897 1.7439634799957275 1.3200498819351196 -0.713675320148468 0.491409033536911 -0.4991302192211151 0.9309149980545044 -0.053897857666015625
0.7533191442489624 1.7476714849472046 1.343915581703186 -0.8231757283210754 0.5672475099563599 -0.02453688159584999 0.9303137063980103 0.01818525791168213
1.0729968547821045 1.498862385749817 1.2961969375610352 -0.0 1.0 -0.0 1.7288357019424438 1.1970842480659485
1.22572660446167 1.3911718130111694 1.2961972951889038 -0.0 1.0 -0.0 1.7288382053375244 1.758663535118103
0.7582343816757202 1.744245171546936 1.3716970682144165 -0.7530747652053833 0.5192724466323853 0.4039430022239685 0.931022047996521 0.10129809379577637
0.7708135843276978 1.7354066371917725 1.393219232559204 -0.5724356770515442 0.39503157138824463 0.7184972763061523 0.9326924085617065 0.16504806280136108
1.0285065174102783 1.5306181907653809 1.5751953125 -0.0 1.0 -0.0 1.7266523838043213 1.1327492594718933
1.0589253902435303 1.5091900825500488 1.5828592777252197 -0.0 1.0 -0.0 1.7266860008239746 1.1708669662475586
0.7814747095108032 1.7044165134429932 1.2961963415145874 -0.0 1.0 -0.0 1.7288304567337036 0.12517142295837402
0.7619746923446655 1.7181758880615234 1.3025909662246704 -0.0 1.0 -0.0 0.962498128414154 -0.10743522644042969
0.7922961711883545 1.720119833946228 1.2961843013763428 -0.10855434089899063 0.07403790205717087 -0.9913022518157959 1.7586559057235718 0.12517130374908447
0.7727960348129272 1.7338792085647583 1.3025788068771362 -0.41315957903862 0.2840357720851898 -0.8651997447013855 0.9326926469802856 -0.10742640495300293
1.2379932403564453 1.3825291395187378 1.3002175092697144 -0.0 1.0 -0.0 1.3459333181381226 0.16792595386505127
1.2365480661392212 1.4068751335144043 1.2961852550506592 0.10638752579689026 -0.07406841963529587 -0.9915463924407959 1.758663535118103 1.7586634159088135
0.747707724571228 1.7282602787017822 1.3200619220733643 -0.0 1.0 -0.0 0.9607207775115967 -0.053906917572021484
0.7599921226501465 1.719703197479248 1.3932312726974487 -0.0 1.0 -0.0 0.962498128414154 0.1650393009185791
0.7878473401069641 1.7234156131744385 1.4070477485656738 0.5760368704795837 0.8174077272415161 -0.0006103701889514923 -0.2342909574508667 1.6318700313568115
0.7770258784294128 1.7077124118804932 1.4070597887039185 -0.0 1.0 -0.0 1.7286522388458252 0.05890071392059326
1.0833839178085327 1.5152831077575684 1.5846507549285889 0.003082369454205036 -0.001342814415693283 0.999969482421875 1.6969029903411865 1.1867568492889404
1.1129831075668335 1.4944103956222534 1.5804357528686523 0.18558305501937866 -0.1271401047706604 0.9743339419364929 1.697134256362915 1.2572695910930634
1.1021616458892822 1.4787070751190186 1.580447793006897 -0.0 1.0 -0.0 1.7269588708877563 1.2572276294231415
1.072562575340271 1.4995801448822021 1.5846627950668335 -0.0 1.0 -0.0 1.7267255783081055 1.1867148876190186
1.0207641124725342 1.559390902519226 1.5637164115905762 0.5760673880577087 0.8173772096633911 -0.0007629627361893654 -0.7411233186721802 0.585337221622467
1.0201749801635742 1.5598098039627075 1.5669305324554443 -0.3086642026901245 0.2134159356355667 0.9269081950187683 1.6968414783477783 1.1130438894033432
0.9964234232902527 1.5765361785888672 1.553605318069458 -0.37702566385269165 0.2604754865169525 0.8887905478477478 1.6969523429870605 1.0464326553046703
0.9856020212173462 1.5608328580856323 1.5536173582077026 -0.0 1.0 -0.0 1.7267769575119019 1.0463907830417156
1.0093536376953125 1.5441064834594727 1.5669426918029785 -0.0 1.0 -0.0 1.7266658544540405 1.1130019277334213
1.2469770908355713 1.3762093782424927 1.311202883720398 -0.713248074054718 0.4918973445892334 0.4992217719554901 1.3459362983703613 0.13454675674438477
1.2469770908355713 1.3762093782424927 1.311202883720398 -0.0 1.0 -0.0 1.3459362983703613 0.13454675674438477
1.2502726316452026 1.3739068508148193 1.3262085914611816 -0.8163090944290161 0.5626392364501953 0.13043610751628876 1.3459370136260986 0.08932161331176758
1.2502726316452026 1.3739068508148193 1.3262085914611816 -0.0 1.0 -0.0 1.3459370136260986 0.08932161331176758
1.2503812313079834 1.3740613460540771 1.4862805604934692 -0.8181096911430359 0.5636768937110901 -0.11352885514497757 1.345935583114624 -0.39167284965515137
1.2503812313079834 1.3740613460540771 1.4862805604934692 -0.0 1.0 -0.0 1.345935583114624 -0.39167284965515137
1.2612026929855347 1.3897645473480225 1.4862685203552246 -0.5762504935264587 -0.8172551393508911 0.0011597033590078354 -0.46303653717041016 -0.1083059310913086
1.258107304573059 1.3919700384140015 1.5026588439941406 -0.5762504935264587 -0.8172551393508911 0.0011597033590078354 -0.5103632211685181 -0.09688591957092285
1.238807201385498 1.3822664022445679 1.5173537731170654 -0.5688955187797546 0.39146092534065247 -0.7232276201248169 1.7288304567337036 1.7586215734481812
1.238807201385498 1.3822664022445679 1.5173537731170654 -0.0 1.0 -0.0 1.7288304567337036 1.7586215734481812
1.227217435836792 1.3904516696929932 1.5263960361480713 -0.36155277490615845 0.24845118820667267 -0.8986175060272217 1.728601336479187 1.7161555290222168
1.227217435836792 1.3904516696929932 1.5263960361480713 -0.0 1.0 -0.0 1.728601336479187 1.7161555290222168
1.2496285438537598 1.3979698419570923 1.5173417329788208 -0.5762504935264587 -0.8172551393508911 0.0011597033590078354 -0.5527597665786743 -0.06567549705505371
1.2380387783050537 1.406154990196228 1.5263839960098267 -0.5762504935264587 -0.8172551393508911 0.00119022186845541 -0.5788689851760864 -0.02304089069366455
1.257798433303833 1.3919126987457275 1.3111908435821533 -0.5762504935264587 -0.8172551393508911 0.0011597033590078354 0.04249680042266846 -0.09622430801391602
1.261094093322754 1.3896101713180542 1.3261951208114624 -0.5762504935264587 -0.8172551393508911 0.0011597033590078354 -0.0008277297019958496 -0.10830450057983398
1.2472859621047974 1.3762667179107666 1.5026708841323853 -0.7516098618507385 0.5176244378089905 -0.40879544615745544 1.3459370136260986 -0.4407956600189209
1.2472859621047974 1.3762667179107666 1.5026708841323853 -0.0 1.0 -0.0 1.3459370136260986 -0.4407956600189209
1.069746494293213 1.524892807006836 1.5828471183776855 0.1273537427186966 -0.08850367367267609 -0.9878841638565063 1.6968653202056885 1.1709089279174805
1.0393279790878296 1.5463213920593262 1.5751831531524658 0.22034363448619843 -0.15259253978729248 -0.9633777737617493 1.69682776927948 1.1327912211418152
1.2488138675689697 1.3982312679290771 1.3002054691314697 -0.5762504935264587 -0.8172551393508911 0.0011597033590078354 0.07421684265136719 -0.06321918964385986
0.7424976825714111 1.7319681644439697 1.3439276218414307 0.8231757283210754 -0.5672169923782349 0.024781029671430588 0.960119366645813 0.018176496028900146
0.7424976825714111 1.7319681644439697 1.3439276218414307 -0.0 1.0 -0.0 0.960119366645813 0.018176496028900146
0.747412919998169 1.7285417318344116 1.3717091083526611 0.7527695298194885 -0.5190283060073853 -0.4048585593700409 0.9608277678489685 0.10128927230834961
0.747412919998169 1.7285417318344116 1.3717091083526611 -0.0 1.0 -0.0 0.9608277678489685 0.10128927230834961
0.7585290670394897 1.7439634799957275 1.3200498819351196 -0.5762504935264587 -0.8172551393508911 0.0011597033590078354 0.016913414001464844 1.739449143409729
0.7533191442489624 1.7476714849472046 1.343915581703186 -0.5762504935264587 -0.8172551393508911 0.0011597033590078354 -0.0519983172416687 1.758663535118103
1.0729968547821045 1.498862385749817 1.2961969375610352 0.00033570360392332077 0.0004882961511611938 0.999969482421875 1.7288357019424438 1.1970842480659485
1.0729968547821045 1.498862385749817 1.2961969375610352 -0.0 1.0 -0.0 1.7288357019424438 1.1970842480659485
1.22572660446167 1.3911718130111694 1.2961972951889038 -0.10782189667224884 0.07504501193761826 0.9913022518157959 1.7288382053375244 1.758663535118103
1.22572660446167 1.3911718130111694 1.2961972951889038 -0.0 1.0 -0.0 0.9936122894287109 -0.030985116958618164
0.7582343816757202 1.744245171546936 1.3716970682144165 -0.5762504935264587 -0.8172551393508911 0.0011597033590078354 -0.13221681118011475 1.7406598329544067
0.7708135843276978 1.7354066371917725 1.393219232559204 -0.5762199759483337 -0.8172551393508911 0.0011291848495602608 -0.19436156749725342 1.694463849067688
1.0285065174102783 1.5306181907653809 1.5751953125 0.21967223286628723 -0.15210425853729248 -0.9636219143867493 1.7266523838043213 1.1327492594718933
1.0285065174102783 1.5306181907653809 1.5751953125 -0.0 1.0 -0.0 1.7266523838043213 1.1327492594718933
1.0589253902435303 1.5091900825500488 1.5828592777252197 0.1268349289894104 -0.08816797286272049 -0.9879757165908813 1.7266860008239746 1.1708669662475586
1.0589253902435303 1.5091900825500488 1.5828592777252197 -0.0 1.0 -0.0 1.7266860008239746 1.1708669662475586
0.7814747095108032 1.7044165134429932 1.2961963415145874 0.10708945244550705 -0.07303079217672348 0.9915463924407959 1.7288304567337036 0.12517142295837402
0.7814747095108032 1.7044165134429932 1.2961963415145874 -0.0 1.0 -0.0 1.7288304567337036 0.12517142295837402
0.7619746923446655 1.7181758880615234 1.3025909662246704 0.4109012186527252 -0.28247931599617004 0.8667867183685303 0.962498128414154 -0.10743522644042969
0.7619746923446655 1.7181758880615234 1.3025909662246704 -0.0 1.0 -0.0 1.728838324546814 0.053453683853149414
0.7922961711883545 1.720119833946228 1.2961843013763428 -0.5762504935264587 -0.8172551393508911 0.0011597033590078354 0.08582517504692078 1.6152395009994507
0.7727960348129272 1.7338792085647583 1.3025788068771362 -0.5762504935264587 -0.8172551393508911 0.0011597033590078354 0.0673607885837555 1.6869516372680664
1.2379932403564453 1.3825291395187378 1.3002175092697144 -0.4124576449394226 0.2848902940750122 0.8652607798576355 1.3459333181381226 0.16792595386505127
1.2379932403564453 1.3825291395187378 1.3002175092697144 -0.0 1.0 -0.0 0.9936162233352661 0.014107465744018555
1.0838183164596558 1.5145657062530518 1.2961848974227905 -0.5762504935264587 -0.8172551393508911 0.0011597033590078354 0.08582517504692078 0.5434072613716125
1.2365480661392212 1.4068751335144043 1.2961852550506592 -0.5762504935264587 -0.8172551393508911 0.0009765923023223877 0.08582517504692078 -0.018130064010620117
0.747707724571228 1.7282602787017822 1.3200619220733643 0.712881863117218 -0.490859717130661 0.5007781982421875 0.9607207775115967 -0.053906917572021484
0.747707724571228 1.7282602787017822 1.3200619220733643 -0.0 1.0 -0.0 0.9607207775115967 -0.053906917572021484
0.7599921226501465 1.719703197479248 1.3932312726974487 0.5714285969734192 -0.39432966709136963 -0.7196569442749023 0.962498128414154 0.1650393009185791
0.7599921226501465 1.719703197479248 1.3932312726974487 -0.0 1.0 -0.0 1.728830099105835 -0.0039577484130859375
0.7878473401069641 1.7234156131744385 1.4070477485656738 0.43284401297569275 -0.29892879724502563 -0.8504287600517273 1.6988276243209839 0.058942556381225586
0.7770258784294128 1.7077124118804932 1.4070597887039185 0.43259987235069275 -0.29874569177627563 -0.8506424427032471 1.7286522388458252 0.05890071392059326
0.7770258784294128 1.7077124118804932 1.4070597887039185 -0.0 1.0 -0.0 1.7286522388458252 0.05890071392059326
1.0833839178085327 1.5152831077575684 1.5846507549285889 -0.5762199759483337 -0.8172551393508911 0.0010986663401126862 -0.7559459209442139 0.507528692483902
1.1129831075668335 1.4944103956222534 1.5804357528686523 -0.5762199759483337 -0.8172551393508911 0.0010986663401126862 -0.7349432706832886 0.43688249588012695
1.1021616458892822 1.4787070751190186 1.580447793006897 -0.18680380284786224 0.1279641091823578 -0.9739982485771179 1.7269588708877563 1.2572276294231415
1.1021616458892822 1.4787070751190186 1.580447793006897 -0.0 1.0 -0.0 1.7269588708877563 1.2572276294231415
1.072562575340271 1.4995801448822021 1.5846627950668335 -0.004333628341555595 0.0021973326802253723 -0.999969482421875 1.7267255783081055 1.1867148876190186
1.072562575340271 1.4995801448822021 1.5846627950668335 -0.0 1.0 -0.0 1.7267255783081055 1.1867148876190186
1.0201749801635742 1.5598098039627075 1.5669305324554443 -0.5760673880577087 -0.8173772096633911 0.0009460737928748131 -0.7501058578491211 0.5811993777751923
0.9964234232902527 1.5765361785888672 1.553605318069458 -0.5760368704795837 -0.8174077272415161 0.0006103701889514923 -0.7196996212005615 0.6476080417633057
0.9856020212173462 1.5608328580856323 1.5536173582077026 0.37662893533706665 -0.2602007985115051 -0.8890346884727478 1.7267769575119019 1.0463907830417156
0.9856020212173462 1.5608328580856323 1.5536173582077026 -0.0 1.0 -0.0 1.7267769575119019 1.0463907830417156
1.0093536376953125 1.5441064834594727 1.5669426918029785 0.3082369565963745 -0.21311074495315552 -0.9271218180656433 1.7266658544540405 1.1130019277334213
1.0093536376953125 1.5441064834594727 1.5669426918029785 -0.0 1.0 -0.0 1.7266658544540405 1.1130019277334213
1.2469770908355713 1.3762093782424927 1.311202883720398 0.713248074054718 -0.4918973445892334 -0.4992217719554901 1.3459362983703613 0.13454675674438477
1.2469770908355713 1.3762093782424927 1.311202883720398 -0.0 1.0 -0.0 1.3459362983703613 0.13454675674438477
1.2502726316452026 1.3739068508148193 1.3262085914611816 0.8163090944290161 -0.5626392364501953 -0.13043610751628876 1.3459370136260986 0.08932161331176758
1.2502726316452026 1.3739068508148193 1.3262085914611816 -0.0 1.0 -0.0 1.3459370136260986 0.08932161331176758
1.2503812313079834 1.3740613460540771 1.4862805604934692 0.8181096911430359 -0.5636768937110901 0.11352885514497757 1.345935583114624 -0.39167284965515137
1.2503812313079834 1.3740613460540771 1.4862805604934692 -0.0 1.0 -0.0 1.345935583114624 -0.39167284965515137
1.2612026929855347 1.3897645473480225 1.4862685203552246 0.5762504935264587 0.8172551393508911 -0.0011597033590078354 -0.46303653717041016 -0.1083059310913086
1.258107304573059 1.3919700384140015 1.5026588439941406 0.5762504935264587 0.8172551393508911 -0.0011597033590078354 -0.5103632211685181 -0.09688591957092285
1.238807201385498 1.3822664022445679 1.5173537731170654 0.5688955187797546 -0.39146092534065247 0.7232276201248169 1.7288304567337036 1.7586215734481812
1.238807201385498 1.3822664022445679 1.5173537731170654 -0.0 1.0 -0.0 1.7288304567337036 1.7586215734481812
1.227217435836792 1.3904516696929932 1.5263960361480713 0.36155277490615845 -0.24845118820667267 0.8986175060272217 1.728601336479187 1.7161555290222168
1.227217435836792 1.3904516696929932 1.5263960361480713 -0.0 1.0 -0.0 1.728601336479187 1.7161555290222168
1.2496285438537598 1.3979698419570923 1.5173417329788208 0.5762504935264587 0.8172551393508911 -0.0011597033590078354 -0.5527597665786743 -0.06567549705505371
1.2380387783050537 1.406154990196228 1.5263839960098267 0.5762504935264587 0.8172551393508911 -0.00119022186845541 -0.5788689851760864 -0.02304089069366455
1.257798433303833 1.3919126987457275 1.3111908435821533 0.5762504935264587 0.8172551393508911 -0.0011597033590078354 0.04249680042266846 -0.09622430801391602
1.261094093322754 1.3896101713180542 1.3261951208114624 0.5762504935264587 0.8172551393508911 -0.0011597033590078354 -0.0008277297019958496 -0.10830450057983398
1.2472859621047974 1.3762667179107666 1.5026708841323853 0.7516098618507385 -0.5176244378089905 0.40879544615745544 1.3459370136260986 -0.4407956600189209
1.2472859621047974 1.3762667179107666 1.5026708841323853 -0.0 1.0 -0.0 1.3459370136260986 -0.4407956600189209
1.069746494293213 1.524892807006836 1.5828471183776855 -0.1273537427186966 0.08850367367267609 0.9878841638565063 1.6968653202056885 1.1709089279174805
1.0393279790878296 1.5463213920593262 1.5751831531524658 -0.22034363448619843 0.15259253978729248 0.9633777737617493 1.69682776927948 1.1327912211418152
1.2488138675689697 1.3982312679290771 1.3002054691314697 0.5762504935264587 0.8172551393508911 -0.0011597033590078354 0.07421684265136719 -0.06321918964385986
0.7424976825714111 1.7319681644439697 1.3439276218414307 -0.8231757283210754 0.5672169923782349 -0.024781029671430588 0.960119366645813 0.018176496028900146
0.7424976825714111 1.7319681644439697 1.3439276218414307 -0.0 1.0 -0.0 0.960119366645813 0.018176496028900146
0.747412919998169 1.7285417318344116 1.3717091083526611 -0.7527695298194885 0.5190283060073853 0.4048585593700409 0.9608277678489685 0.10128927230834961
0.747412919998169 1.7285417318344116 1.3717091083526611 -0.0 1.0 -0.0 0.9608277678489685 0.10128927230834961
0.7585290670394897 1.7439634799957275 1.3200498819351196 0.5762504935264587 0.8172551393508911 -0.0011597033590078354 0.016913414001464844 1.739449143409729
0.7533191442489624 1.7476714849472046 1.343915581703186 0.5762504935264587 0.8172551393508911 -0.0011597033590078354 -0.0519983172416687 1.758663535118103
1.0729968547821045 1.498862385749817 1.2961969375610352 -0.00033570360392332077 -0.0004882961511611938 -0.999969482421875 1.7288357019424438 1.1970842480659485
1.0729968547821045 1.498862385749817 1.2961969375610352 -0.0 1.0 -0.0 1.7288357019424438 1.1970842480659485
1.22572660446167 1.3911718130111694 1.2961972951889038 0.10782189667224884 -0.07504501193761826 -0.9913022518157959 1.7288382053375244 1.758663535118103
1.22572660446167 1.3911718130111694 1.2961972951889038 -0.0 1.0 -0.0 0.9936122894287109 -0.030985116958618164
0.7582343816757202 1.744245171546936 1.3716970682144165 0.5762504935264587 0.8172551393508911 -0.0011597033590078354 -0.13221681118011475 1.7406598329544067
0.7708135843276978 1.7354066371917725 1.393219232559204 0.5762199759483337 0.8172551393508911 -0.0011291848495602608 -0.19436156749725342 1.694463849067688
1.0285065174102783 1.5306181907653809 1.5751953125 -0.21967223286628723 0.15210425853729248 0.9636219143867493 1.7266523838043213 1.1327492594718933
1.0285065174102783 1.5306181907653809 1.5751953125 -0.0 1.0 -0.0 1.7266523838043213 1.1327492594718933
1.0589253902435303 1.5091900825500488 1.5828592777252197 -0.1268349289894104 0.08816797286272049 0.9879757165908813 1.7266860008239746 1.1708669662475586
1.0589253902435303 1.5091900825500488 1.5828592777252197 -0.0 1.0 -0.0 1.7266860008239746 1.1708669662475586
0.7814747095108032 1.7044165134429932 1.2961963415145874 -0.10708945244550705 0.07303079217672348 -0.9915463924407959 1.7288304567337036 0.12517142295837402
0.7814747095108032 1.7044165134429932 1.2961963415145874 -0.0 1.0 -0.0 1.7288304567337036 0.12517142295837402
0.7619746923446655 1.7181758880615234 1.3025909662246704 -0.4109012186527252 0.28247931599617004 -0.8667867183685303 0.962498128414154 -0.10743522644042969
0.7619746923446655 1.7181758880615234 1.3025909662246704 -0.0 1.0 -0.0 1.728838324546814 0.053453683853149414
0.7922961711883545 1.720119833946228 1.2961843013763428 0.5762504935264587 0.8172551393508911 -0.0011597033590078354 0.08582517504692078 1.6152395009994507
0.7727960348129272 1.7338792085647583 1.3025788068771362 0.5762504935264587 0.8172551393508911 -0.0011597033590078354 0.0673607885837555 1.6869516372680664
1.2379932403564453 1.3825291395187378 1.3002175092697144 0.4124576449394226 -0.2848902940750122 -0.8652607798576355 1.3459333181381226 0.16792595386505127
1.2379932403564453 1.3825291395187378 1.3002175092697144 -0.0 1.0 -0.0 0.9936162233352661 0.014107465744018555
1.0838183164596558 1.5145657062530518 1.2961848974227905 0.5762504935264587 0.8172551393508911 -0.0011597033590078354 0.08582517504692078 0.5434072613716125
1.2365480661392212 1.4068751335144043 1.2961852550506592 0.5762504935264587 0.8172551393508911 -0.0009765923023223877 0.08582517504692078 -0.018130064010620117
0.747707724571228 1.7282602787017822 1.3200619220733643 -0.712881863117218 0.490859717130661 -0.5007781982421875 0.9607207775115967 -0.053906917572021484
0.747707724571228 1.7282602787017822 1.3200619220733643 -0.0 1.0 -0.0 0.9607207775115967 -0.053906917572021484
0.7599921226501465 1.719703197479248 1.3932312726974487 -0.5714285969734192 0.39432966709136963 0.7196569442749023 0.962498128414154 0.1650393009185791
0.7599921226501465 1.719703197479248 1.3932312726974487 -0.0 1.0 -0.0 1.728830099105835 -0.0039577484130859375
0.7878473401069641 1.7234156131744385 1.4070477485656738 -0.43284401297569275 0.29892879724502563 0.8504287600517273 1.6988276243209839 0.058942556381225586
0.7770258784294128 1.7077124118804932 1.4070597887039185 -0.43259987235069275 0.29874569177627563 0.8506424427032471 1.7286522388458252 0.05890071392059326
0.7770258784294128 1.7077124118804932 1.4070597887039185 -0.0 1.0 -0.0 1.7286522388458252 0.05890071392059326
1.0833839178085327 1.5152831077575684 1.5846507549285889 0.5762199759483337 0.8172551393508911 -0.0010986663401126862 -0.7559459209442139 0.507528692483902
1.1129831075668335 1.4944103956222534 1.5804357528686523 0.5762199759483337 0.8172551393508911 -0.0010986663401126862 -0.7349432706832886 0.43688249588012695
1.1021616458892822 1.4787070751190186 1.580447793006897 0.18680380284786224 -0.1279641091823578 0.9739982485771179 1.7269588708877563 1.2572276294231415
1.1021616458892822 1.4787070751190186 1.580447793006897 -0.0 1.0 -0.0 1.7269588708877563 1.2572276294231415
1.072562575340271 1.4995801448822021 1.5846627950668335 0.004333628341555595 -0.0021973326802253723 0.999969482421875 1.7267255783081055 1.1867148876190186
1.072562575340271 1.4995801448822021 1.5846627950668335 -0.0 1.0 -0.0 1.7267255783081055 1.1867148876190186
1.0201749801635742 1.5598098039627075 1.5669305324554443 0.5760673880577087 0.8173772096633911 -0.0009460737928748131 -0.7501058578491211 0.5811993777751923
0.9964234232902527 1.5765361785888672 1.553605318069458 0.5760368704795837 0.8174077272415161 -0.0006103701889514923 -0.7196996212005615 0.6476080417633057
0.9856020212173462 1.5608328580856323 1.5536173582077026 -0.37662893533706665 0.2602007985115051 0.8890346884727478 1.7267769575119019 1.0463907830417156
0.9856020212173462 1.5608328580856323 1.5536173582077026 -0.0 1.0 -0.0 1.7267769575119019 1.0463907830417156
1.0093536376953125 1.5441064834594727 1.5669426918029785 -0.3082369565963745 0.21311074495315552 0.9271218180656433 1.7266658544540405 1.1130019277334213
1.0093536376953125 1.5441064834594727 1.5669426918029785 -0.0 1.0 -0.0 1.7266658544540405 1.1130019277334213
1.2496285438537598 1.3979698419570923 1.5173417329788208 -0.5676748156547546 0.3906369209289551 -0.7246314883232117 1.3161108493804932 -0.48456645011901855
1.238807201385498 1.3822664022445679 1.5173537731170654 -0.5688955187797546 0.39146092534065247 -0.7232276201248169 1.3459362983703613 -0.48456621170043945
0.7708135843276978 1.7354066371917725 1.393219232559204 0.5724356770515442 -0.39503157138824463 -0.7184972763061523 1.6990058422088623 -0.003915905952453613
0.7599921226501465 1.719703197479248 1.3932312726974487 0.5714285969734192 -0.39432966709136963 -0.7196569442749023 1.728830099105835 -0.0039577484130859375
0.7727960348129272 1.7338792085647583 1.3025788068771362 0.41315957903862 -0.2840357720851898 0.8651997447013855 1.7586634159088135 0.05345362424850464
0.7619746923446655 1.7181758880615234 1.3025909662246704 0.4109012186527252 -0.28247931599617004 0.8667867183685303 1.728838324546814 0.053453683853149414
1.2488138675689697 1.3982312679290771 1.3002054691314697 -0.41035187244415283 0.28342539072036743 0.8667256832122803 1.023437738418579 0.014108896255493164
1.2379932403564453 1.3825291395187378 1.3002175092697144 -0.4124576449394226 0.2848902940750122 0.8652607798576355 0.9936162233352661 0.014107465744018555
1.22572660446167 1.3911718130111694 1.2961972951889038 -0.10782189667224884 0.07504501193761826 0.9913022518157959 0.9936122894287109 -0.030985116958618164
1.2365480661392212 1.4068751335144043 1.2961852550506592 -0.10638752579689026 0.07406841963529587 0.9915463924407959 1.023437738418579 -0.030983686447143555
1.0207641124725342 1.559390902519226 1.5637164115905762 -0.5760673880577087 -0.8173772096633911 0.0007629627361893654 -0.7411232590675354 0.5853372514247894
0.9964234232902527 1.5765361785888672 1.553605318069458 -0.5760368704795837 -0.8174077272415161 0.0006103701889514923 -0.7461696863174438 0.5939346551895142
1.238807201385498 1.3822664022445679 1.5173537731170654 0.5688955187797546 -0.39146092534065247 0.7232276201248169 1.3459362983703613 -0.48456621170043945
1.2496285438537598 1.3979698419570923 1.5173417329788208 0.5676748156547546 -0.3906369209289551 0.7246314883232117 1.3161108493804932 -0.48456645011901855
0.7599921226501465 1.719703197479248 1.3932312726974487 -0.5714285969734192 0.39432966709136963 0.7196569442749023 1.728830099105835 -0.0039577484130859375
0.7708135843276978 1.7354066371917725 1.393219232559204 -0.5724356770515442 0.39503157138824463 0.7184972763061523 1.6990058422088623 -0.003915905952453613
0.7727960348129272 1.7338792085647583 1.3025788068771362 -0.41315957903862 0.2840357720851898 -0.8651997447013855 1.7586634159088135 0.05345362424850464
0.7619746923446655 1.7181758880615234 1.3025909662246704 -0.4109012186527252 0.28247931599617004 -0.8667867183685303 1.728838324546814 0.053453683853149414
1.22572660446167 1.3911718130111694 1.2961972951889038 0.10782189667224884 -0.07504501193761826 -0.9913022518157959 0.9936122894287109 -0.030985116958618164
1.2379932403564453 1.3825291395187378 1.3002175092697144 0.4124576449394226 -0.2848902940750122 -0.8652607798576355 0.9936162233352661 0.014107465744018555
1.2488138675689697 1.3982312679290771 1.3002054691314697 0.41035187244415283 -0.28342539072036743 -0.8667256832122803 1.023437738418579 0.014108896255493164
1.2365480661392212 1.4068751335144043 1.2961852550506592 0.10638752579689026 -0.07406841963529587 -0.9915463924407959 1.023437738418579 -0.030983686447143555
0.9964234232902527 1.5765361785888672 1.553605318069458 0.5760368704795837 0.8174077272415161 -0.0006103701889514923 -0.7461696863174438 0.5939346551895142
1.0207641124725342 1.559390902519226 1.5637164115905762 0.5760673880577087 0.8173772096633911 -0.0007629627361893654 -0.7411232590675354 0.5853372514247894
112 137 138
3 133 137
133 3 134
3 123 118
123 3 124
104 105 3
99 3 98
3 99 104
107 3 106
3 107 98
3 117 134
117 3 118
112 3 137
3 112 106
111 156 41
156 111 125
38 127 110
127 38 150
2 119 121
119 2 1
9 108 11
108 9 96
141 12 14
12 141 115
8 131 6
131 8 139
13 102 15
102 13 100
11 225 224
225 11 108
3 146 17
146 105 147
146 3 105
115 10 12
10 115 113
144 226 143
226 144 227
9 94 96
94 9 7
43 124 3
124 153 16
124 43 153
10 139 8
139 10 113
228 129 4
129 228 229
135 5 0
5 135 92
92 7 5
7 92 94
4 119 1
119 4 129
230 232 231
232 230 233
110 125 111
125 110 127
17 43 3
43 18 152
43 17 18
37 150 38
150 37 148
37 102 148
102 37 15
152 235 234
41 154 42
154 41 156
154 143 42
143 154 144
178 204 203
53 199 200
199 53 203
53 189 190
189 53 184
170 53 171
165 53 170
53 165 164
173 53 164
53 173 172
53 183 184
183 53 200
178 53 172
53 178 203
177 222 191
222 177 88
83 193 216
193 83 176
78 185 62
185 78 187
49 174 162
174 49 50
207 69 181
69 207 70
65 197 205
197 65 76
55 168 166
168 55 54
50 236 174
236 50 237
212 53 59
53 213 171
53 212 213
181 66 179
66 181 69
210 239 238
239 210 209
49 160 57
160 49 162
190 87 53
87 81 219
87 190 81
66 205 179
205 66 65
240 195 241
195 240 75
201 56 158
56 201 61
158 57 160
57 158 56
75 185 195
185 75 62
242 244 243
244 242 245
176 191 193
191 176 177
87 59 53
59 218 60
59 87 218
84 216 214
216 84 83
84 168 54
168 84 214
218 247 246
88 220 222
220 88 89
220 209 210
209 220 89
132 196 130
196 132 198
149 217 151
217 149 215
122 202 136
202 122 188
101 169 103
169 101 167
126 223 157
223 126 192
24 159 93
159 24 77
45 221 155
221 45 91
116 180 114
180 116 182
109 51 33
51 109 175
35 85 40
85 35 52
20 186 120
186 20 73
19 68 22
68 19 67
97 58 32
58 97 163
44 211 145
211 44 90
31 208 142
208 31 82
26 161 95
161 26 46
39 194 128
194 39 86
25 206 140
206 25 63
23 74 21
74 23 79
28 48 30
48 28 47
36 71 34
71 36 72
29 64 27
64 29 80
LABEL zGroup15
MATERIAL 9
TEXTURE 0
GEOM 396 416
0.7443514466285706 1.551375389099121 0.6950552463531494 0.221778005361557 0.9750663638114929 -0.0
0.7470463514328003 1.5507636070251465 0.744391679763794 0.221778005361557 0.9750663638114929 -0.0
0.7285836935043335 1.5549622774124146 0.7869296669960022 0.221808522939682 0.9750663638114929 -0.0
0.7359796762466431 1.5532803535461426 0.6674191951751709 0.221808522939682 0.9750663638114929 -0.0
0.43899455666542053 1.6208441257476807 0.6662854552268982 0.221808522939682 0.9750663638114929 -0.0018921475857496262
0.6940215826034546 1.5628266334533691 0.8174178004264832 0.221808522939682 0.9750663638114929 -0.0
0.6499334573745728 1.572854995727539 0.8329782485961914 0.221808522939682 0.9750663638114929 -0.0
0.5999099016189575 1.5842349529266357 0.8327913284301758 0.221808522939682 0.9750663638114929 -0.0
0.5748111009597778 1.589945673942566 0.8300524353981018 0.221839040517807 0.9750663638114929 -0.0
0.5318503975868225 1.5997191667556763 0.8221392631530762 0.221808522939682 0.9750663638114929 -0.0
0.4943889081478119 1.6082408428192139 0.8025637865066528 0.221808522939682 0.9750663638114929 -0.0
0.464659720659256 1.615005612373352 0.7720739245414734 0.221869558095932 0.9750663638114929 -0.0
0.4455723464488983 1.6193480491638184 0.7336553931236267 0.221869558095932 0.9750663638114929 -0.0
0.43899455666542053 1.6208441257476807 0.6910676956176758 0.221747487783432 0.9750968813896179 -0.0
0.7211933135986328 1.5566431283950806 0.6169954538345337 0.221808522939682 0.9750663638114929 -0.0023499252274632454
0.454619437456131 1.617288589477539 0.6169953346252441 0.221808522939682 0.9750358462333679 -0.0064699240028858185
0.7110111713409424 1.5584617853164673 0.5677070617675781 0.221808522939682 0.9750663638114929 0.0014038514345884323
0.47642359137535095 1.6118299961090088 0.5677069425582886 0.221808522939682 0.9750663638114929 -0.0019226660951972008
0.7051268815994263 1.5602989196777344 0.5184169411659241 0.221808522939682 0.9750663638114929 -0.0
0.4878273606300354 1.6097341775894165 0.5184168815612793 0.221808522939682 0.9750663638114929 -0.0
0.47642362117767334 1.6118299961090088 0.46912848949432373 0.221808522939682 0.9750663638114929 0.0019226660951972008
0.7110111713409424 1.5584617853164673 0.4691285789012909 0.221808522939682 0.9750663638114929 -0.0014038514345884323
0.45461952686309814 1.617288589477539 0.41983839869499207 0.221808522939682 0.9750358462333679 0.0064699240028858185
0.7211933135986328 1.5566431283950806 0.41983848810195923 0.221808522939682 0.9750663638114929 0.0023499252274632454
0.4389946758747101 1.6208441257476807 0.3705499768257141 0.221808522939682 0.9750663638114929 0.0018921475857496262
0.7359797954559326 1.5532803535461426 0.3694164454936981 0.221808522939682 0.9750663638114929 -0.0
0.7285838723182678 1.554962158203125 0.24990597367286682 0.221808522939682 0.9750663638114929 -0.0
0.7443515658378601 1.551375389099121 0.341780424118042 0.221839040517807 0.9750663638114929 -0.0
0.7470468282699585 1.5507618188858032 0.29244402050971985 0.221839040517807 0.9750663638114929 -0.0
0.6940217614173889 1.5628265142440796 0.21941611170768738 0.221808522939682 0.9750663638114929 -0.0
0.6499336957931519 1.5728548765182495 0.20385730266571045 0.221808522939682 0.9750663638114929 -0.0
0.5999101400375366 1.5842348337173462 0.2040424942970276 0.221808522939682 0.9750663638114929 -0.0
0.5748112797737122 1.5899455547332764 0.20678135752677917 0.221839040517807 0.9750663638114929 -0.0
0.5318506360054016 1.5997190475463867 0.2146962285041809 0.221808522939682 0.9750663638114929 -0.0
0.4943890869617462 1.6082407236099243 0.23427161574363708 0.221808522939682 0.9750663638114929 -0.0
0.4646602272987366 1.6150038242340088 0.2647598087787628 0.221778005361557 0.9750663638114929 -0.0
0.44557276368141174 1.6193463802337646 0.3031783103942871 0.221808522939682 0.9750663638114929 -0.0
0.4389946758747101 1.6208441257476807 0.3457660377025604 0.2219916433095932 0.9750358462333679 -0.0
0.7245860695838928 1.5373915433883667 0.7869296669960022 -0.221808522939682 -0.9750663638114929 -0.0
0.7430490255355835 1.533191204071045 0.744391679763794 -0.221778005361557 -0.9750663638114929 -0.0
0.7403537034988403 1.5338047742843628 0.6950552463531494 -0.221778005361557 -0.9750663638114929 -0.0
0.7319823503494263 1.5357080698013306 0.6674191951751709 -0.221808522939682 -0.9750663638114929 -0.0
0.43499723076820374 1.603271722793579 0.6662854552268982 -0.221808522939682 -0.9750663638114929 -0.0
0.6900225281715393 1.5452539920806885 0.8174178004264832 -0.221808522939682 -0.9750663638114929 -0.0
0.6459358334541321 1.5552842617034912 0.8329783082008362 -0.221808522939682 -0.9750663638114929 -0.0
0.5959122776985168 1.566664218902588 0.8327913284301758 -0.221808522939682 -0.9750663638114929 -0.0
0.5708134174346924 1.5723750591278076 0.8300524353981018 -0.221808522939682 -0.9750663638114929 -0.0
0.5278530120849609 1.5821470022201538 0.8221392631530762 -0.221808522939682 -0.9750663638114929 -0.0
0.4903913140296936 1.5906699895858765 0.8025637865066528 -0.221808522939682 -0.9750663638114929 -0.0
0.4606623947620392 1.59743332862854 0.7720739245414734 -0.221808522939682 -0.9750663638114929 -0.0
0.4415750205516815 1.6017757654190063 0.7336553931236267 -0.221808522939682 -0.9750663638114929 -0.0
0.43499723076820374 1.603271722793579 0.6910676956176758 -0.221747487783432 -0.9750968813896179 -0.0
0.4506218135356903 1.5997180938720703 0.6169953346252441 -0.221808522939682 -0.9750663638114929 -0.0036927396431565285
0.7171956300735474 1.5390725135803223 0.6169954538345337 -0.221808522939682 -0.9750663638114929 -0.004150517284870148
0.47264188528060913 1.5952061414718628 0.5677069425582886 -0.221808522939682 -0.9750663638114929 -0.0019226660951972008
0.707229495048523 1.5418379306793213 0.5677070617675781 -0.221808522939682 -0.9750663638114929 -0.0010071108117699623
0.48382994532585144 1.592162013053894 0.5184168815612793 -0.221808522939682 -0.9750663638114929 -0.0
0.7011291980743408 1.542728304862976 0.5184169411659241 -0.221808522939682 -0.9750663638114929 -0.0
0.707229495048523 1.5418379306793213 0.4691285789012909 -0.221808522939682 -0.9750663638114929 0.0010071108117699623
0.4726419150829315 1.5952061414718628 0.46912848949432373 -0.221808522939682 -0.9750663638114929 0.0019226660951972008
0.7171956300735474 1.5390723943710327 0.41983848810195923 -0.221808522939682 -0.9750663638114929 0.004150517284870148
0.4506218731403351 1.5997180938720703 0.41983839869499207 -0.221808522939682 -0.9750663638114929 0.0036927396431565285
0.7319824695587158 1.5357080698013306 0.3694164454936981 -0.221808522939682 -0.9750663638114929 -0.0
0.4349973201751709 1.603271722793579 0.3705499768257141 -0.221808522939682 -0.9750663638114929 -0.0
0.7245862483978271 1.5373915433883667 0.24990597367286682 -0.221808522939682 -0.9750663638114929 -0.0
0.7403538227081299 1.5338047742843628 0.3417803943157196 -0.221778005361557 -0.9750663638114929 -0.0
0.7430492043495178 1.533191204071045 0.29244402050971985 -0.221778005361557 -0.9750663638114929 -0.0
0.6900227069854736 1.5452539920806885 0.21941611170768738 -0.221808522939682 -0.9750663638114929 -0.0
0.6459360122680664 1.5552842617034912 0.20385730266571045 -0.221808522939682 -0.9750663638114929 -0.0
0.5959124565124512 1.566664218902588 0.2040424942970276 -0.221808522939682 -0.9750663638114929 -0.0
0.5708135962486267 1.5723750591278076 0.20678138732910156 -0.221808522939682 -0.9750663638114929 -0.0
0.52785325050354 1.5821468830108643 0.2146962285041809 -0.221808522939682 -0.9750663638114929 -0.0
0.49039149284362793 1.5906699895858765 0.23427161574363708 -0.221808522939682 -0.9750663638114929 -0.0
0.4606625735759735 1.5974332094192505 0.2647598087787628 -0.221808522939682 -0.9750663638114929 -0.0
0.44157516956329346 1.6017756462097168 0.3031782805919647 -0.221808522939682 -0.9750663638114929 -0.0
0.4349973499774933 1.603271722793579 0.3457660377025604 -0.221747487783432 -0.9750968813896179 -0.0
0.7208118438720703 1.6516824960708618 0.7365702986717224 0.9173864126205444 -0.23316141963005066 -0.32251960039138794
0.47554269433021545 1.6129834651947021 0.7431132793426514 -0.0277718435972929 0.007049775682389736 -0.99957275390625
0.7432822585105896 1.6583284139633179 0.7212709784507751 -0.6275215744972229 0.7524948716163635 -0.19986571371555328
0.7502288818359375 1.6630361080169678 0.6987299919128418 -0.6991790533065796 0.712302029132843 0.06106753647327423
0.47554269433021545 1.6129834651947021 0.7762106657028198 -0.6794946193695068 0.7336039543151855 -0.006103701889514923
0.7465540170669556 1.6668663024902344 0.6667612195014954 -0.7005524039268494 0.6811731457710266 0.21253089606761932
0.7323226928710938 1.6541883945465088 0.7674998044967651 0.9173864126205444 -0.23316141963005066 -0.32251960039138794
0.7347627878189087 1.669602632522583 0.628343403339386 -0.6937467455863953 0.6662190556526184 0.27356791496276855
0.7683840990066528 1.6650006771087646 0.7417864203453064 -0.29801324009895325 0.9527878761291504 0.05771050229668617
0.7195171117782593 1.6712454557418823 0.5877974033355713 -0.7022614479064941 0.6582537293434143 0.2710654139518738
0.7813488245010376 1.6731616258621216 0.7036681175231934 -0.3248390257358551 0.9379863739013672 0.12088381499052048
0.7061444520950317 1.6720420122146606 0.5482426881790161 -0.7346110343933105 0.6513260006904602 0.1899472028017044
0.7006163001060486 1.6722962856292725 0.5122575163841248 -0.7636646628379822 0.6455580592155457 -0.006378368474543095
0.7067002058029175 1.6720353364944458 0.4765321910381317 -0.7318949103355408 0.6537980437278748 -0.19193090498447418
0.7771803140640259 1.6783138513565063 0.6616278290748596 -0.3232215344905853 0.9333170652389526 0.15622425079345703
0.7642438411712646 1.681375503540039 0.6189801692962646 -0.32139042019844055 0.9330118894577026 0.16168706119060516
0.7487450838088989 1.6830488443374634 0.577705979347229 -0.3272194564342499 0.9336832761764526 0.14520706236362457
0.7362242937088013 1.6837849617004395 0.5409777760505676 -0.3420819640159607 0.9346293807029724 0.09695730358362198
0.7315789461135864 1.68398916721344 0.512515664100647 -0.35166478157043457 0.9360942244529724 -0.0029908139258623123
0.7193403244018555 1.6709955930709839 0.4373282790184021 -0.7047639489173889 0.6598712205886841 -0.2604754865169525
0.7332742214202881 1.6689883470535278 0.39692795276641846 -0.6984466314315796 0.6672872304916382 -0.25855281949043274
0.7367779016494751 1.6837847232818604 0.4837920665740967 -0.3415936827659607 0.9344767332077026 -0.10025330632925034
0.7488025426864624 1.6828036308288574 0.44671469926834106 -0.32810449600219727 0.9334086179733276 -0.14508499205112457
0.7436985373497009 1.6658694744110107 0.35853326320648193 -0.7046723961830139 0.6814478039741516 -0.19748526811599731
0.7464267015457153 1.6617215871810913 0.32634273171424866 -0.7019562125205994 0.7102572917938232 -0.05233924463391304
0.7630613446235657 1.6807438135147095 0.4052932858467102 -0.3231299817562103 0.9326456785202026 -0.16043581068515778
0.7391750812530518 1.6568245887756348 0.30342936515808105 -0.6320688724517822 0.7491683959960938 0.1979125291109085
0.7745058536529541 1.6772552728652954 0.3626241087913513 -0.3247474730014801 0.9330118894577026 -0.15485091507434845
0.7177188396453857 1.6503170728683472 0.2881234884262085 -0.39277321100234985 0.7576830387115479 0.52116459608078
0.4756869375705719 1.612217903137207 0.2818428575992584 -0.02700887992978096 0.0068666646257042885 0.999603271484375
0.777471661567688 1.6717684268951416 0.3208038806915283 -0.3255714476108551 0.9376811981201172 -0.12125004082918167
0.7643893957138062 1.6635148525238037 0.28305956721305847 -0.299600213766098 0.9521164298057556 -0.060731835663318634
0.7296349406242371 1.6528621912002563 0.2573511302471161 -0.21869564056396484 0.9757378101348877 -0.00912503432482481
0.4756990969181061 1.6121506690979004 0.2487454116344452 0.035279396921396255 -0.008941923268139362 -0.99932861328125
0.719452440738678 1.6463340520858765 0.7365702986717224 0.9173864126205444 -0.23316141963005066 -0.32251960039138794
0.4741832911968231 1.6076350212097168 0.7431132793426514 -0.0277718435972929 0.007049775682389736 -0.99957275390625
0.7419228553771973 1.6529799699783325 0.7212709784507751 0.29801324009895325 -0.9527878761291504 -0.05771050229668617
0.7488694787025452 1.657687783241272 0.6987299919128418 0.3248390257358551 -0.9379863739013672 -0.12091433256864548
0.4741832911968231 1.6076350212097168 0.7762106657028198 -0.9691762924194336 0.2463148832321167 -0.0
0.7451946139335632 1.661517858505249 0.6667612195014954 0.3232215344905853 -0.9333170652389526 -0.15622425079345703
0.7309632897377014 1.6488399505615234 0.7674998044967651 0.9173864126205444 -0.23316141963005066 -0.32251960039138794
0.7334033846855164 1.6642541885375977 0.628343403339386 0.32139042019844055 -0.9330118894577026 -0.16168706119060516
0.7670246958732605 1.6596522331237793 0.7417864203453064 0.6712241172790527 -0.6400036811828613 0.3738822638988495
0.7181577682495117 1.665897011756897 0.5877974033355713 0.3272194564342499 -0.9336832761764526 -0.14520706236362457
0.7799894213676453 1.6678131818771362 0.7036681175231934 0.7689749002456665 -0.6392406821250916 -0.004058961756527424
0.7047851085662842 1.6666936874389648 0.5482426881790161 0.3420819640159607 -0.9346293807029724 -0.09695730358362198
0.6992568969726562 1.666947841644287 0.5122575163841248 0.35166478157043457 -0.9360942244529724 0.0029908139258623123
0.7053407430648804 1.6666868925094604 0.4765321910381317 0.3415936827659607 -0.9344767332077026 0.10025330632925034
0.7758209705352783 1.672965407371521 0.6616278290748596 0.7347636222839355 -0.6454969644546509 -0.20834986865520477
0.7628844976425171 1.6760271787643433 0.6189801692962646 0.7060762643814087 -0.651875376701355 -0.2764976918697357
0.7473857402801514 1.6777005195617676 0.577705979347229 0.7010101675987244 -0.6598407030105591 -0.2705160677433014
0.7348649501800537 1.6784366369247437 0.5409778356552124 0.7147129774093628 -0.6742454171180725 -0.18579667806625366
0.7302194833755493 1.6786407232284546 0.512515664100647 0.7220984697341919 -0.6917325258255005 0.0060731833800673485
0.7179808616638184 1.665647268295288 0.4373282790184021 0.32810449600219727 -0.9334086179733276 0.14508499205112457
0.7319148778915405 1.6636399030685425 0.39692795276641846 0.3231299817562103 -0.9326456785202026 0.16043581068515778
0.735418438911438 1.6784363985061646 0.48379212617874146 0.7166966795921326 -0.6710715293884277 0.1896114945411682
0.7474430799484253 1.6774553060531616 0.44671469926834106 0.7054658532142639 -0.6590166687965393 0.2606280744075775
0.7423391342163086 1.6605210304260254 0.35853326320648193 0.3247474730014801 -0.9330118894577026 0.15488143265247345
0.7450672388076782 1.656373143196106 0.32634273171424866 0.3255714476108551 -0.9376811981201172 0.12128055840730667
0.7617019414901733 1.6753953695297241 0.4052932858467102 0.7118136882781982 -0.65208899974823 0.2609027326107025
0.7378156781196594 1.6514761447906494 0.30342936515808105 0.299600213766098 -0.9521164298057556 0.060731835663318634
0.7731464505195618 1.6719069480895996 0.3626241087913513 0.7383648157119751 -0.6465956568717957 0.191503643989563
0.7163593769073486 1.6449686288833618 0.2881234884262085 0.2143009752035141 -0.9767143726348877 0.007812738418579102
0.47432753443717957 1.6068694591522217 0.2818428575992584 -0.9691762924194336 0.2463148832321167 -0.0008545182645320892
0.7761122584342957 1.6664199829101562 0.3208038806915283 0.7673268914222717 -0.6412243843078613 -0.00436414685100317
0.763029932975769 1.6581664085388184 0.28305956721305847 0.6741843819618225 -0.6416516900062561 -0.365642249584198
0.7282755374908447 1.6475138664245605 0.2573511302471161 0.32239753007888794 -0.65227210521698 -0.6859645247459412
0.47433972358703613 1.6068023443222046 0.2487454116344452 -0.9691762924194336 0.2463148832321167 -0.0008545182645320892
0.5088661313056946 1.7091939449310303 0.7353437542915344 0.7317423224449158 0.600421130657196 -0.32251960039138794
0.47311267256736755 1.6124423742294312 0.7431132793426514 -0.06720175594091415 -0.055146947503089905 -0.9961851835250854
0.5168390274047852 1.7312284708023071 0.7200444340705872 -0.9780266880989075 -0.059083834290504456 -0.19986571371555328
0.5171673893928528 1.7396135330200195 0.6975034475326538 -0.9881588220596313 -0.14059877395629883 0.06106753647327423
0.47311267256736755 1.6124423742294312 0.7762106657028198 -0.9837031364440918 -0.17963194847106934 0.006378368474543095
0.511904239654541 1.738925576210022 0.6655346155166626 -0.963927149772644 -0.16016113758087158 0.21253089606761932
0.5136739611625671 1.719948649406433 0.7662732601165771 0.7317423224449158 0.600421130657196 -0.32251960039138794
0.5027089715003967 1.7310535907745361 0.627116858959198 -0.9478133320808411 -0.16354869306087494 0.27356791496276855
0.5263510942459106 1.7553975582122803 0.7405598759651184 -0.9439374804496765 0.3249916136264801 0.05771050229668617
0.4923458695411682 1.7197517156600952 0.5865708589553833 -0.9464705586433411 -0.1751152127981186 0.2710654139518738
0.5274673700332642 1.7706761360168457 0.7024415731430054 -0.9479048848152161 0.2946256995201111 0.12088381499052048
0.4837748408317566 1.7094560861587524 0.5470161437988281 -0.9600818157196045 -0.20526748895645142 0.1899472028017044
0.48029205203056335 1.705155372619629 0.511030912399292 -0.9726554155349731 -0.23209325969219208 -0.006378368474543095
0.4841097891330719 1.7098995447158813 0.47530558705329895 -0.9604480266571045 -0.20163579285144806 -0.19193090498447418
0.520846962928772 1.7703747749328613 0.6604012250900269 -0.9432050585746765 0.2931607961654663 0.15622425079345703
0.510710597038269 1.7617734670639038 0.6177535653114319 -0.9418622255325317 0.2944425940513611 0.16168706119060516
0.5001728534698486 1.7502858638763428 0.576479434967041 -0.9458906650543213 0.29013946652412415 0.14520706236362457
0.49215561151504517 1.7406402826309204 0.5397512316703796 -0.9554429650306702 0.2787255346775055 0.09695730358362198
0.4892366826534271 1.73702073097229 0.511289119720459 -0.9623096585273743 0.2718893885612488 -0.0029908139258623123
0.49244216084480286 1.7194610834121704 0.4361017048358917 -0.9492477178573608 -0.17618335783481598 -0.2604754865169525
0.5023209452629089 1.7294907569885254 0.3957013785839081 -0.9514755606651306 -0.1667226105928421 -0.25855281949043274
0.49248409271240234 1.7410858869552612 0.4825655221939087 -0.9550157189369202 0.2790307402610779 -0.10025330632925034
0.5004043579101562 1.750186562538147 0.4454881548881531 -0.9461653232574463 0.28925442695617676 -0.14508499205112457
0.5110136866569519 1.7360352277755737 0.35730668902397156 -0.9665822386741638 -0.16333505511283875 -0.19748526811599731
0.5159713625907898 1.7357724905014038 0.3251161575317383 -0.9881588220596313 -0.14407788217067719 -0.05233924463391304
0.5105181336402893 1.7604466676712036 0.40406668186187744 -0.9425947070121765 0.2928251028060913 -0.16043581068515778
0.5156145691871643 1.7270294427871704 0.30220285058021545 -0.9780572056770325 -0.06469924002885818 0.1979125291109085
0.5201134085655212 1.767593502998352 0.36139753460884094 -0.9438459277153015 0.2917264401912689 -0.15485091507434845
0.5081315040588379 1.705893635749817 0.2868969440460205 -0.8666036128997803 0.0873744934797287 0.491256445646286
0.4738147258758545 1.6121045351028442 0.2818428575992584 -0.04531998559832573 -0.03720206394791603 0.9982604384422302
0.526290237903595 1.7667280435562134 0.31957730650901794 -0.9481185078620911 0.2938627302646637 -0.12125004082918167
0.5251787304878235 1.7512997388839722 0.2818329930305481 -0.9443342089653015 0.3233130872249603 -0.060731835663318634
0.5131480693817139 1.7169979810714722 0.2561246156692505 -0.9371013641357422 0.3484298288822174 -0.020142216235399246
0.4738759994506836 1.6120744943618774 0.2487454116344452 0.05868709459900856 0.048158206045627594 -0.9971007108688354
0.5123667120933533 1.7049278020858765 0.7353437542915344 0.7317423224449158 0.600421130657196 -0.32251960039138794
0.47661325335502625 1.608176350593567 0.7431132793426514 -0.06720175594091415 -0.055146947503089905 -0.9961851835250854
0.5203396081924438 1.7269623279571533 0.7200444340705872 0.9439374804496765 -0.3249916136264801 -0.05771050229668617
0.5206679701805115 1.7353475093841553 0.6975034475326538 0.9479048848152161 -0.2946256995201111 -0.12091433256864548
0.47661325335502625 1.608176350593567 0.7762106657028198 -0.773033857345581 -0.634327232837677 -0.0
0.5154048204421997 1.7346595525741577 0.6655346155166626 0.9432050585746765 -0.2931607961654663 -0.15622425079345703
0.5171746015548706 1.7156825065612793 0.7662732601165771 0.7317423224449158 0.600421130657196 -0.32251960039138794
0.5062095522880554 1.7267875671386719 0.627116858959198 0.9418622255325317 -0.2944425940513611 -0.16168706119060516
0.5298516750335693 1.7511314153671265 0.7405598759651184 0.9133884906768799 0.16098514199256897 0.3738822638988495
0.4958464503288269 1.7154855728149414 0.5865708589553833 0.9458906650543213 -0.29013946652412415 -0.14520706236362457
0.5309679508209229 1.7664101123809814 0.7024415731430054 0.9707022309303284 0.24015015363693237 -0.004058961756527424
0.4872753918170929 1.7051899433135986 0.5470161437988281 0.9554429650306702 -0.2787255346775055 -0.09695730358362198
0.48379260301589966 1.7008893489837646 0.511030912399292 0.9623096585273743 -0.2718893885612488 0.0029908139258623123
0.4876103699207306 1.7056334018707275 0.47530558705329895 0.9550157189369202 -0.2790307402610779 0.10025330632925034
0.5243475437164307 1.7661086320877075 0.6604012250900269 0.9554734826087952 0.20886868238449097 -0.20834986865520477
0.5142111778259277 1.7575074434280396 0.6177535653114319 0.9436017870903015 0.1820123940706253 -0.2764976918697357
0.5036734342575073 1.746019721031189 0.576479434967041 0.9469893574714661 0.17319254577159882 -0.2705160677433014
0.49565619230270386 1.7363741397857666 0.5397512316703796 0.9667348265647888 0.17566454410552979 -0.18579667806625366
0.4927372336387634 1.7327545881271362 0.511289119720459 0.9851984977722168 0.17123936116695404 0.0060731833800673485
0.49594274163246155 1.7151950597763062 0.4361017048358917 0.9461653232574463 -0.28925442695617676 0.14508499205112457
0.5058214664459229 1.7252247333526611 0.3957013785839081 0.9425947070121765 -0.2928251028060913 0.16043581068515778
0.49598467350006104 1.7368197441101074 0.4825655519962311 0.965361475944519 0.17917416989803314 0.1896114945411682
0.5039049386978149 1.7459205389022827 0.4454881548881531 0.9490035772323608 0.17728202044963837 0.2606280744075775
0.5145142674446106 1.7317692041397095 0.35730668902397156 0.9438459277153015 -0.2917264401912689 0.15488143265247345
0.5194719433784485 1.73150634765625 0.3251161575317383 0.9481185078620911 -0.2938627302646637 0.12128055840730667
0.514018714427948 1.7561805248260498 0.40406668186187744 0.9471724629402161 0.18646809458732605 0.2609027326107025
0.519115149974823 1.7227634191513062 0.30220285058021545 0.9443342089653015 -0.3233130872249603 0.060731835663318634
0.5236139893531799 1.7633273601531982 0.36139753460884094 0.9584948420524597 0.21112704277038574 0.191503643989563
0.5116320848464966 1.7016276121139526 0.2868969440460205 0.9371013641357422 -0.3483993113040924 0.01980651170015335
0.4773153066635132 1.6078383922576904 0.2818428575992584 -0.773033857345581 -0.634327232837677 -0.0008545182645320892
0.5297908186912537 1.7624620199203491 0.31957730650901794 0.9713125824928284 0.2376476377248764 -0.00436414685100317
0.5286793112754822 1.7470335960388184 0.2818329930305481 0.9164708256721497 0.16235846281051636 -0.365642249584198
0.5166486501693726 1.7127318382263184 0.2561246156692505 0.7278664708137512 -0.08047731220722198 -0.6809595227241516
0.4773765802383423 1.6078083515167236 0.2487454116344452 -0.773033857345581 -0.634327232837677 -0.0008545182645320892
0.7359796762466431 1.5532803535461426 0.6674191951751709 0.9324625134468079 -0.21213415265083313 -0.2923367917537689
0.7211933135986328 1.5566431283950806 0.6169954538345337 0.9448835849761963 -0.2149418592453003 -0.2469252645969391
0.7443514466285706 1.551375389099121 0.6950552463531494 0.9595629572868347 -0.21829889714717865 -0.17761772871017456
0.7110111713409424 1.5584617853164673 0.5677070617675781 0.9617602825164795 -0.21878719329833984 -0.16455580294132233
0.43899455666542053 1.6208441257476807 0.6662854552268982 -0.9630420804023743 0.21906186640262604 -0.15649890899658203
0.454619437456131 1.617288589477539 0.6169953346252441 -0.9087801575660706 0.206732377409935 -0.36243781447410583
0.43899455666542053 1.6208441257476807 0.6910676956176758 -0.9720755815505981 0.2211066037416458 0.07846308499574661
0.47642359137535095 1.6118299961090088 0.5677069425582886 -0.922696590423584 0.20990630984306335 -0.3233436048030853
0.4455723464488983 1.6193480491638184 0.7336553931236267 -0.9273354411125183 0.21094393730163574 0.3089998960494995
0.7470463514328003 1.5507636070251465 0.744391679763794 0.9590746760368347 -0.21817682683467865 0.18039490282535553
0.7285836935043335 1.5549622774124146 0.7869296669960022 0.7823114991188049 -0.17798393964767456 0.5968810319900513
0.6940215826034546 1.5628266334533691 0.8174178004264832 0.4852443039417267 -0.11041596531867981 0.8673665523529053
0.6499334573745728 1.572854995727539 0.8329782485961914 0.1590929925441742 -0.036194950342178345 0.9865718483924866
0.5999099016189575 1.5842349529266357 0.8327913284301758 -0.053407393395900726 0.012146366760134697 0.9984740614891052
0.5748111009597778 1.589945673942566 0.8300524353981018 -0.13785210251808167 0.031342510133981705 0.9899289011955261
0.5318503975868225 1.5997191667556763 0.8221392631530762 -0.3108615279197693 0.07071138918399811 0.9478133320808411
0.4943889081478119 1.6082408428192139 0.8025637865066528 -0.5731375813484192 0.13037507236003876 0.808984637260437
0.47642362117767334 1.6118299961090088 0.46912848949432373 -0.922696590423584 0.20990630984306335 0.3233436048030853
0.45461952686309814 1.617288589477539 0.41983839869499207 -0.9087801575660706 0.206732377409935 0.36240729689598083
0.4878273606300354 1.6097341775894165 0.5184168815612793 -0.9750663638114929 0.221808522939682 -0.0
0.4389946758747101 1.6208441257476807 0.3705499768257141 -0.9630420804023743 0.21906186640262604 0.15649890899658203
0.7051268815994263 1.5602989196777344 0.5184169411659241 0.9750663638114929 -0.221808522939682 -0.0
0.7110111713409424 1.5584617853164673 0.4691285789012909 0.9617602825164795 -0.21878719329833984 0.16455580294132233
0.7211933135986328 1.5566431283950806 0.41983848810195923 0.9448835849761963 -0.2149418592453003 0.2469252645969391
0.7359797954559326 1.5532803535461426 0.3694164454936981 0.9324625134468079 -0.21213415265083313 0.2923367917537689
0.7443515658378601 1.551375389099121 0.341780424118042 0.9595629572868347 -0.21829889714717865 0.17761772871017456
0.4389946758747101 1.6208441257476807 0.3457660377025604 -0.9720755815505981 0.2211066037416458 -0.07846308499574661
0.464659720659256 1.615005612373352 0.7720739245414734 -0.7888424396514893 0.17944884300231934 0.5877559781074524
0.7171956300735474 1.5390723943710327 0.41983848810195923 0.9448835849761963 -0.2149418592453003 0.2469252645969391
0.7319824695587158 1.5357080698013306 0.3694164454936981 0.9324625134468079 -0.21213415265083313 0.2923367917537689
0.707229495048523 1.5418379306793213 0.4691285789012909 0.9617602825164795 -0.21878719329833984 0.16455580294132233
0.7403538227081299 1.5338047742843628 0.3417803943157196 0.9595629572868347 -0.21829889714717865 0.17761772871017456
0.7011291980743408 1.542728304862976 0.5184169411659241 0.9750663638114929 -0.221808522939682 -0.0
0.707229495048523 1.5418379306793213 0.5677070617675781 0.9617602825164795 -0.21878719329833984 -0.16455580294132233
0.4726419150829315 1.5952061414718628 0.46912848949432373 -0.922696590423584 0.20990630984306335 0.3233436048030853
0.4506218731403351 1.5997180938720703 0.41983839869499207 -0.9087801575660706 0.206732377409935 0.36240729689598083
0.48382994532585144 1.592162013053894 0.5184168815612793 -0.9750663638114929 0.221808522939682 -0.0
0.4349973201751709 1.603271722793579 0.3705499768257141 -0.9630420804023743 0.21906186640262604 0.15649890899658203
0.47264188528060913 1.5952061414718628 0.5677069425582886 -0.922696590423584 0.20990630984306335 -0.3233436048030853
0.4606623947620392 1.59743332862854 0.7720739245414734 -0.7888424396514893 0.17944884300231934 0.5877559781074524
0.4415750205516815 1.6017757654190063 0.7336553931236267 -0.9273354411125183 0.21094393730163574 0.3089998960494995
0.4903913140296936 1.5906699895858765 0.8025637865066528 -0.5731375813484192 0.13037507236003876 0.808984637260437
0.43499723076820374 1.603271722793579 0.6910676956176758 -0.9720755815505981 0.2211066037416458 0.07846308499574661
0.43499723076820374 1.603271722793579 0.6662854552268982 -0.9630420804023743 0.21906186640262604 -0.15649890899658203
0.7171956300735474 1.5390725135803223 0.6169954538345337 0.9448835849761963 -0.2149418592453003 -0.2469252645969391
0.7319823503494263 1.5357080698013306 0.6674191951751709 0.9324625134468079 -0.21213415265083313 -0.2923367917537689
0.5278530120849609 1.5821470022201538 0.8221392631530762 -0.3108615279197693 0.07071138918399811 0.9478133320808411
0.4349973499774933 1.603271722793579 0.3457660377025604 -0.9720755815505981 0.2211066037416458 -0.07846308499574661
0.44157516956329346 1.6017756462097168 0.3031782805919647 -0.9273354411125183 0.21097445487976074 -0.3089998960494995
0.4506218135356903 1.5997180938720703 0.6169953346252441 -0.9087801575660706 0.206732377409935 -0.36243781447410583
0.6459358334541321 1.5552842617034912 0.8329783082008362 0.1590929925441742 -0.036194950342178345 0.9865718483924866
0.5959122776985168 1.566664218902588 0.8327913284301758 -0.053407393395900726 0.012146366760134697 0.9984740614891052
0.6900225281715393 1.5452539920806885 0.8174178004264832 0.4852443039417267 -0.11041596531867981 0.8673665523529053
0.5708134174346924 1.5723750591278076 0.8300524353981018 -0.13785210251808167 0.031342510133981705 0.9899289011955261
0.7245860695838928 1.5373915433883667 0.7869296669960022 0.7823114991188049 -0.17798393964767456 0.5968810319900513
0.7403537034988403 1.5338047742843628 0.6950552463531494 0.9595629572868347 -0.21829889714717865 -0.17761772871017456
0.7430490255355835 1.533191204071045 0.744391679763794 0.9590746760368347 -0.21817682683467865 0.18039490282535553
0.7430492043495178 1.533191204071045 0.29244402050971985 0.9590746760368347 -0.21820734441280365 -0.18039490282535553
0.7245862483978271 1.5373915433883667 0.24990597367286682 0.7823114991188049 -0.17798393964767456 -0.5968810319900513
0.6900227069854736 1.5452539920806885 0.21941611170768738 0.4852443039417267 -0.11038544774055481 -0.8673665523529053
0.6459360122680664 1.5552842617034912 0.20385730266571045 0.1590929925441742 -0.036194950342178345 -0.9865718483924866
0.5959124565124512 1.566664218902588 0.2040424942970276 -0.053407393395900726 0.012146366760134697 -0.9984740614891052
0.5708135962486267 1.5723750591278076 0.20678138732910156 -0.13785210251808167 0.031342510133981705 -0.9899289011955261
0.52785325050354 1.5821468830108643 0.2146962285041809 -0.3108615279197693 0.07071138918399811 -0.9477828145027161
0.49039149284362793 1.5906699895858765 0.23427161574363708 -0.5731375813484192 0.13037507236003876 -0.809015154838562
0.4606625735759735 1.5974332094192505 0.2647598087787628 -0.7888424396514893 0.17944884300231934 -0.5877559781074524
0.7470468282699585 1.5507618188858032 0.29244402050971985 0.9590746760368347 -0.21820734441280365 -0.18039490282535553
0.7285838723182678 1.554962158203125 0.24990597367286682 0.7823114991188049 -0.17798393964767456 -0.5968505144119263
0.6940217614173889 1.5628265142440796 0.21941611170768738 0.4852443039417267 -0.11041596531867981 -0.8673665523529053
0.6499336957931519 1.5728548765182495 0.20385730266571045 0.1590929925441742 -0.036194950342178345 -0.9865718483924866
0.44557276368141174 1.6193463802337646 0.3031783103942871 -0.9273354411125183 0.21097445487976074 -0.3089998960494995
0.5999101400375366 1.5842348337173462 0.2040424942970276 -0.053407393395900726 0.012146366760134697 -0.9984740614891052
0.5748112797737122 1.5899455547332764 0.20678135752677917 -0.13785210251808167 0.031342510133981705 -0.9899289011955261
0.5318506360054016 1.5997190475463867 0.2146962285041809 -0.3108615279197693 0.07071138918399811 -0.9477828145027161
0.4646602272987366 1.6150038242340088 0.2647598087787628 -0.7888424396514893 0.17944884300231934 -0.5877864956855774
0.4943890869617462 1.6082407236099243 0.23427161574363708 -0.5731070637702942 0.13037507236003876 -0.809015154838562
0.7488025426864624 1.6828036308288574 0.44671469926834106 0.9193395972251892 -0.23364970088005066 0.3164769411087036
0.7630613446235657 1.6807438135147095 0.4052932858467102 0.9250770807266235 -0.23511460423469543 0.29819634556770325
0.7367779016494751 1.6837847232818604 0.4837920665740967 0.940275251865387 -0.2389904409646988 0.24234747886657715
0.7745058536529541 1.6772552728652954 0.3626241087913513 0.9516586661338806 -0.24185918271541595 0.18918423354625702
0.7487450838088989 1.6830488443374634 0.577705979347229 0.9132664203643799 -0.23212377727031708 -0.334696501493454
0.7362242937088013 1.6837849617004395 0.5409777760505676 0.9405804872512817 -0.23905149102210999 -0.24112674593925476
0.7642438411712646 1.681375503540039 0.6189801692962646 0.9170507192611694 -0.23306985199451447 -0.3235267102718353
0.7315789461135864 1.68398916721344 0.512515664100647 0.9691457748413086 -0.2463148832321167 0.008575701154768467
0.7771803140640259 1.6783138513565063 0.6616278290748596 0.9465621113777161 -0.24057741463184357 -0.2147587537765503
0.777471661567688 1.6717684268951416 0.3208038806915283 0.9672841429710388 -0.2458571195602417 -0.062288276851177216
0.7643893957138062 1.6635148525238037 0.28305956721305847 0.8494216799736023 -0.21588793396949768 -0.48146000504493713
0.47432753443717957 1.6068694591522217 0.2818428575992584 -0.02700887992978096 0.0068666646257042885 0.999603271484375
0.47432753443717957 1.6068694591522217 0.2818428575992584 0.15717032551765442 -0.9875179529190063 -0.008941923268139362
0.4756869375705719 1.612217903137207 0.2818428575992584 -0.669942319393158 0.7423627376556396 0.0048829615116119385
0.7683840990066528 1.6650006771087646 0.7417864203453064 0.8474379777908325 -0.2153691202402115 0.4852137863636017
0.7813488245010376 1.6731616258621216 0.7036681175231934 0.9680776596069336 -0.2460402250289917 0.0473647266626358
0.7296349406242371 1.6528621912002563 0.2573511302471161 0.42524489760398865 -0.10806604474782944 -0.8985869884490967
0.4756990969181061 1.6121506690979004 0.2487454116344452 -0.6796777248382568 0.7334818840026855 0.00476088747382164
0.47433972358703613 1.6068023443222046 0.2487454116344452 0.035279396921396255 -0.008941923268139362 -0.99932861328125
0.47433972358703613 1.6068023443222046 0.2487454116344452 0.15717032551765442 -0.9875179529190063 -0.008941923268139362
0.4741832911968231 1.6076350212097168 0.7762106657028198 0.035340435802936554 -0.008972441777586937 0.99932861328125
0.4741832911968231 1.6076350212097168 0.7762106657028198 0.15744498372077942 -0.9874569177627563 0.01031525619328022
0.47554269433021545 1.6129834651947021 0.7762106657028198 0.035340435802936554 -0.008972441777586937 0.99932861328125
0.7208118438720703 1.6516824960708618 0.7365702986717224 -0.5462813377380371 0.6620380282402039 -0.5130466818809509
0.7208118438720703 1.6516824960708618 0.7365702986717224 -0.0277718435972929 0.007049775682389736 -0.99957275390625
0.7208118438720703 1.6516824960708618 0.7365702986717224 -0.15744498372077942 0.9874569177627563 -0.01031525619328022
0.7323226928710938 1.6541883945465088 0.7674998044967651 -0.2717368006706238 0.9620960354804993 0.021729178726673126
0.7323226928710938 1.6541883945465088 0.7674998044967651 -0.15744498372077942 0.9874569177627563 -0.01031525619328022
0.7323226928710938 1.6541883945465088 0.7674998044967651 0.6037781834602356 -0.15344706177711487 0.7822198867797852
0.7323226928710938 1.6541883945465088 0.7674998044967651 0.035340435802936554 -0.008972441777586937 0.99932861328125
0.4741832911968231 1.6076350212097168 0.7431132793426514 -0.9691762924194336 0.2463148832321167 -0.0
0.4741832911968231 1.6076350212097168 0.7431132793426514 0.15744498372077942 -0.9874569177627563 0.01031525619328022
0.47554269433021545 1.6129834651947021 0.7431132793426514 -0.670247495174408 0.7420880794525146 -0.0062257759273052216
0.7179808616638184 1.665647268295288 0.4373282790184021 -0.9197058081626892 0.23374126851558685 -0.3153477609157562
0.7319148778915405 1.6636399030685425 0.39692795276641846 -0.9244666695594788 0.23496200144290924 -0.300241082906723
0.7053407430648804 1.6666868925094604 0.4765321910381317 -0.9425031542778015 0.23953978717327118 -0.23291726410388947
0.7423391342163086 1.6605210304260254 0.35853326320648193 -0.9514145255088806 0.24179814755916595 -0.1905880868434906
0.7378156781196594 1.6514761447906494 0.30342936515808105 -0.774346113204956 0.19681386649608612 0.6013367176055908
0.7163593769073486 1.6449686288833618 0.2881234884262085 -0.24887844920158386 0.0632343515753746 0.9664601683616638
0.7450672388076782 1.656373143196106 0.32634273171424866 -0.965391993522644 0.2453688085079193 0.08819849044084549
0.7334033846855164 1.6642541885375977 0.628343403339386 -0.9161961674690247 0.23285622894763947 0.3260902762413025
0.7181577682495117 1.665897011756897 0.5877974033355713 -0.9139988422393799 0.23230689764022827 0.3325602114200592
0.7451946139335632 1.661517858505249 0.6667612195014954 -0.9457075595855713 0.24036377668380737 0.21872615814208984
0.7047851085662842 1.6666936874389648 0.5482426881790161 -0.9430219531059265 0.23966185748577118 0.2306894063949585
0.6992568969726562 1.666947841644287 0.5122575163841248 -0.9691457748413086 0.2463148832321167 -0.007690664380788803
0.7488694787025452 1.657687783241272 0.6987299919128418 -0.9666737914085388 0.2457045167684555 -0.0715659037232399
0.7419228553771973 1.6529799699783325 0.7212709784507751 -0.7675710320472717 0.19507431983947754 -0.6105228066444397
0.719452440738678 1.6463340520858765 0.7365702986717224 -0.0277718435972929 0.007049775682389736 -0.99957275390625
0.719452440738678 1.6463340520858765 0.7365702986717224 0.15744498372077942 -0.9874569177627563 0.01031525619328022
0.719452440738678 1.6463340520858765 0.7365702986717224 0.2717368006706238 -0.9620960354804993 -0.021729178726673126
0.719452440738678 1.6463340520858765 0.7365702986717224 -0.5862300395965576 0.14899136126041412 -0.7962889671325684
0.5004043579101562 1.750186562538147 0.4454881548881531 0.7332987189292908 0.6017029285430908 0.3164769411087036
0.5105181336402893 1.7604466676712036 0.40406668186187744 0.7378765344619751 0.6054567098617554 0.29819634556770325
0.49248409271240234 1.7410858869552612 0.4825655221939087 0.7499923706054688 0.6154057383537292 0.24234747886657715
0.5201134085655212 1.767593502998352 0.36139753460884094 0.7590869069099426 0.6228827834129333 0.18918423354625702
0.5001728534698486 1.7502858638763428 0.576479434967041 0.7284463047981262 0.5977355241775513 -0.334696501493454
0.49215561151504517 1.7406402826309204 0.5397512316703796 0.7502365112304688 0.6156193614006042 -0.24112674593925476
0.510710597038269 1.7617734670639038 0.6177535653114319 0.731467604637146 0.600207507610321 -0.3235267102718353
0.4892366826534271 1.73702073097229 0.511289119720459 0.773003339767456 0.634296715259552 0.008575701154768467
0.520846962928772 1.7703747749328613 0.6604012250900269 0.7549974322319031 0.6195257306098938 -0.2147587537765503
0.526290237903595 1.7667280435562134 0.31957730650901794 0.7715384364128113 0.6330759525299072 -0.062288276851177216
0.5251787304878235 1.7512997388839722 0.2818329930305481 0.6775414347648621 0.555955708026886 -0.48146000504493713
0.4773153066635132 1.6078383922576904 0.2818428575992584 -0.04531998559832573 -0.03720206394791603 0.9982604384422302
0.4773153066635132 1.6078383922576904 0.2818428575992584 0.9373760223388672 -0.348002552986145 0.014160588383674622
0.4738147258758545 1.6121045351028442 0.2818428575992584 -0.9877315759658813 -0.15570543706417084 -0.00878933072090149
0.5263510942459106 1.7553975582122803 0.7405598759651184 0.6759239435195923 0.5546433925628662 0.4852137863636017
0.5274673700332642 1.7706761360168457 0.7024415731430054 0.7721793055534363 0.6335947513580322 0.0473647266626358
0.5131480693817139 1.7169979810714722 0.2561246156692505 0.35932493209838867 0.2948698401451111 -0.8853724598884583
0.4738759994506836 1.6120744943618774 0.2487454116344452 -0.9840693473815918 -0.17755669355392456 -0.008484145626425743
0.4773765802383423 1.6078083515167236 0.2487454116344452 0.05868709459900856 0.048158206045627594 -0.9971007108688354
0.4773765802383423 1.6078083515167236 0.2487454116344452 0.9373760223388672 -0.348002552986145 0.014160588383674622
0.47661325335502625 1.608176350593567 0.7762106657028198 0.07678456604480743 0.062990203499794 0.9950254559516907
0.47661325335502625 1.608176350593567 0.7762106657028198 0.9363383650779724 -0.3508102595806122 -0.011352885514497757
0.47311267256736755 1.6124423742294312 0.7762106657028198 0.07678456604480743 0.062990203499794 0.9950254559516907
0.5088661313056946 1.7091939449310303 0.7353437542915344 -0.8570207953453064 -0.0473036915063858 -0.5130466818809509
0.5088661313056946 1.7091939449310303 0.7353437542915344 -0.06720175594091415 -0.055146947503089905 -0.9961851835250854
0.5088661313056946 1.7091939449310303 0.7353437542915344 -0.9363688826560974 0.3508102595806122 0.011352885514497757
0.5136739611625671 1.719948649406433 0.7662732601165771 -0.9358500838279724 0.35169529914855957 0.021729178726673126
0.5136739611625671 1.719948649406433 0.7662732601165771 -0.9363688826560974 0.3508102595806122 0.011352885514497757
0.5136739611625671 1.719948649406433 0.7662732601165771 0.48158207535743713 0.395153671503067 0.7822198867797852
0.5136739611625671 1.719948649406433 0.7662732601165771 0.07678456604480743 0.062990203499794 0.9950254559516907
0.47661325335502625 1.608176350593567 0.7431132793426514 -0.773033857345581 -0.634327232837677 -0.0
0.47661325335502625 1.608176350593567 0.7431132793426514 0.9363688826560974 -0.3508102595806122 -0.011352885514497757
0.47311267256736755 1.6124423742294312 0.7431132793426514 -0.9885860681533813 -0.1503036618232727 0.006714072078466415
0.49594274163246155 1.7151950597763062 0.4361017048358917 -0.7336039543151855 -0.6019470691680908 -0.3153477609157562
0.5058214664459229 1.7252247333526611 0.3957013785839081 -0.7373577356338501 -0.6050599813461304 -0.300241082906723
0.4876103699207306 1.7056334018707275 0.47530558705329895 -0.7517624497413635 -0.616870641708374 -0.23291726410388947
0.5145142674446106 1.7317692041397095 0.35730668902397156 -0.7588732838630676 -0.6226996779441833 -0.1905880868434906
0.519115149974823 1.7227634191513062 0.30220285058021545 -0.617633581161499 -0.5068208575248718 0.6013367176055908
0.5116320848464966 1.7016276121139526 0.2868969440460205 -0.20670185983181 -0.16962186992168427 0.9635608792304993
0.5194719433784485 1.73150634765625 0.3251161575317383 -0.7700124979019165 -0.6318552494049072 0.08819849044084549
0.5062095522880554 1.7267875671386719 0.627116858959198 -0.730796217918396 -0.599658191204071 0.3260902762413025
0.4958464503288269 1.7154855728149414 0.5865708589553833 -0.7290261387825012 -0.5982238054275513 0.3325602114200592
0.5154048204421997 1.7346595525741577 0.6655346155166626 -0.7543259859085083 -0.6189458966255188 0.21872615814208984
0.4872753918170929 1.7051899433135986 0.5470161437988281 -0.7521896958351135 -0.617206335067749 0.2306894063949585
0.48379260301589966 1.7008893489837646 0.511030912399292 -0.773003339767456 -0.634296715259552 -0.007690664380788803
0.5206679701805115 1.7353475093841553 0.6975034475326538 -0.7710501551628113 -0.6327097415924072 -0.0715659037232399
0.5203396081924438 1.7269623279571533 0.7200444340705872 -0.6122317910194397 -0.5023651719093323 -0.6105228066444397
0.5123667120933533 1.7049278020858765 0.7353437542915344 -0.06720175594091415 -0.055146947503089905 -0.9961851835250854
0.5123667120933533 1.7049278020858765 0.7353437542915344 0.9363383650779724 -0.3508102595806122 -0.011352885514497757
0.5123667120933533 1.7049278020858765 0.7353437542915344 0.9358500838279724 -0.35169529914855957 -0.021729178726673126
0.5123667120933533 1.7049278020858765 0.7353437542915344 -0.4676046073436737 -0.38367870450019836 -0.7962889671325684
0.7309632897377014 1.6488399505615234 0.7674998044967651 0.15744498372077942 -0.9874569177627563 0.01031525619328022
0.7309632897377014 1.6488399505615234 0.7674998044967651 0.5261695981025696 -0.7331461310386658 0.430799275636673
0.7309632897377014 1.6488399505615234 0.7674998044967651 0.035340435802936554 -0.008972441777586937 0.99932861328125
0.5171746015548706 1.7156825065612793 0.7662732601165771 0.9363688826560974 -0.3508102595806122 -0.011352885514497757
0.5171746015548706 1.7156825065612793 0.7662732601165771 0.9023712873458862 -0.01104770042002201 0.430799275636673
0.5171746015548706 1.7156825065612793 0.7662732601165771 0.07678456604480743 0.062990203499794 0.9950254559516907
24 35 36
35 24 34
24 30 31
30 24 29
7 4 8
24 33 34
33 24 32
12 4 13
3 14 4
22 23 24
23 22 21
15 16 17
20 18 21
18 20 19
55 56 57
56 55 54
20 21 22
24 23 25
2 4 5
4 2 3
40 38 41
38 40 39
9 4 10
4 9 8
24 31 32
42 47 48
47 42 46
73 63 74
63 73 72
24 36 37
65 64 66
64 65 62
64 61 63
61 64 62
6 4 7
4 6 5
26 27 28
27 26 25
71 63 72
63 71 70
11 4 12
4 11 10
42 50 51
41 52 53
24 26 29
26 24 25
58 56 59
56 58 57
53 54 55
54 53 52
60 61 62
0 2 1
2 0 3
42 43 44
43 42 38
42 45 46
45 42 44
69 63 70
63 69 68
42 49 50
49 42 48
74 63 75
248 229 246
229 248 231
238 260 259
260 238 282
278 270 279
270 278 269
286 276 277
276 286 287
221 266 268
266 221 222
287 275 276
275 287 285
285 274 275
274 285 284
284 273 274
273 284 283
281 273 283
273 281 272
280 272 281
272 280 271
279 271 280
271 279 270
214 268 267
268 214 221
222 264 266
264 222 223
236 240 241
240 236 235
215 244 233
244 215 245
234 244 242
244 234 233
213 245 215
245 213 256
257 214 267
214 257 212
226 263 225
263 226 265
237 269 278
269 237 243
223 262 264
262 223 224
251 220 252
220 251 239
224 263 262
263 224 225
258 228 253
228 258 227
252 218 254
218 252 220
247 232 249
232 247 230
218 255 254
255 218 216
253 239 251
239 253 228
217 250 261
250 217 219
60 59 61
59 60 58
15 14 16
14 15 4
41 42 52
42 41 38
246 230 247
230 246 229
219 248 250
248 219 231
235 242 240
242 235 234
17 18 19
18 17 16
216 261 255
261 216 217
212 256 213
256 212 257
282 277 260
277 282 286
238 249 232
249 238 259
67 63 68
63 67 64
237 241 243
241 237 236
265 227 258
227 265 226
320 315 313
315 320 80
84 311 314
311 84 78
86 78 84
78 86 79
90 79 86
79 90 81
83 90 91
90 83 81
92 83 91
83 92 85
93 85 92
85 93 87
94 87 93
87 94 88
97 88 94
88 97 89
95 97 98
97 95 89
101 95 98
95 101 96
103 96 101
96 103 99
106 99 103
99 106 100
301 108 305
108 301 104
104 107 108
107 104 102
102 106 107
106 102 100
319 390 309
390 319 336
118 337 112
337 118 391
120 112 113
112 120 118
124 113 115
113 124 120
117 124 115
124 117 125
126 117 119
117 126 125
127 119 121
119 127 126
128 121 122
121 128 127
131 122 123
122 131 128
129 131 123
131 129 132
135 129 130
129 135 132
137 130 133
130 137 135
140 133 134
133 140 137
300 142 138
142 300 307
138 141 136
141 138 142
136 140 134
140 136 141
89 332 88
332 89 323
293 128 295
128 293 127
297 141 298
141 297 140
302 120 303
120 302 118
79 334 78
334 79 333
85 328 83
328 85 329
310 392 317
392 310 308
304 306 109
306 304 142
288 135 289
135 288 132
81 333 79
333 81 330
95 323 89
323 95 321
292 127 293
127 292 126
290 132 288
132 290 131
87 329 85
329 87 331
294 126 292
126 294 125
296 125 294
125 296 124
316 118 302
118 316 391
295 131 290
131 295 128
99 322 96
322 99 324
83 330 81
330 83 328
96 321 95
321 96 322
100 324 99
324 100 327
298 142 304
142 298 141
289 137 291
137 289 135
82 110 76
110 82 116
88 331 87
331 88 332
291 140 297
140 291 137
320 114 80
114 320 318
303 124 296
124 303 120
105 326 104
326 105 299
312 111 77
111 312 335
305 139 301
139 305 143
102 327 100
327 102 325
78 338 311
338 78 334
104 325 102
325 104 326
371 366 364
366 371 148
152 362 365
362 152 146
154 146 152
146 154 147
158 147 154
147 158 149
151 158 159
158 151 149
160 151 159
151 160 153
161 153 160
153 161 155
162 155 161
155 162 156
165 156 162
156 165 157
163 165 166
165 163 157
169 163 166
163 169 164
171 164 169
164 171 167
174 167 171
167 174 168
352 176 356
176 352 172
172 175 176
175 172 170
170 174 175
174 170 168
370 393 360
393 370 387
186 388 180
388 186 394
188 180 181
180 188 186
192 181 183
181 192 188
185 192 183
192 185 193
194 185 187
185 194 193
195 187 189
187 195 194
196 189 190
189 196 195
199 190 191
190 199 196
197 199 191
199 197 200
203 197 198
197 203 200
205 198 201
198 205 203
208 201 202
201 208 205
351 210 206
210 351 358
206 209 204
209 206 210
204 208 202
208 204 209
157 383 156
383 157 374
344 196 346
196 344 195
348 209 349
209 348 208
353 188 354
188 353 186
147 385 146
385 147 384
153 379 151
379 153 380
361 395 368
395 361 359
355 357 177
357 355 210
339 203 340
203 339 200
149 384 147
384 149 381
163 374 157
374 163 372
343 195 344
195 343 194
341 200 339
200 341 199
155 380 153
380 155 382
345 194 343
194 345 193
347 193 345
193 347 192
367 186 353
186 367 394
346 199 341
199 346 196
167 373 164
373 167 375
151 381 149
381 151 379
164 372 163
372 164 373
168 375 167
375 168 378
349 210 355
210 349 209
340 205 342
205 340 203
150 178 144
178 150 184
156 382 155
382 156 383
342 208 348
208 342 205
371 182 148
182 371 369
354 192 347
192 354 188
173 377 172
377 173 350
363 179 145
179 363 386
356 207 352
207 356 211
170 378 168
378 170 376
146 389 362
389 146 385
172 376 170
376 172 377
LABEL zGroup16
MATERIAL 6
TEXTURE 0
GEOM 227 170
0.5034013986587524 1.2706027030944824 0.43528735637664795 0.9753410220146179 -0.22058779001235962 -0.0
0.5034013986587524 1.2706027030944824 0.3088213801383972 0.9753410220146179 -0.22058779001235962 -0.0
0.3451080024242401 1.306406855583191 0.30882132053375244 -0.22058779001235962 -0.9753410220146179 -0.0
0.3451079726219177 1.306406855583191 0.43528735637664795 -0.22058779001235962 -0.9753410220146179 -0.0
0.3234643340110779 1.3113019466400146 0.30882132053375244 -0.22058779001235962 -0.9753410220146179 -0.0
0.3234643042087555 1.3113019466400146 0.43528735637664795 -0.22058779001235962 -0.9753410220146179 -0.0
0.5441007614135742 1.4505386352539062 0.43528735637664795 -0.0 0.0 0.999969482421875
0.5441007614135742 1.4505386352539062 0.30882132053375244 0.06433302164077759 0.2844935357570648 -0.9565111398696899
0.56463623046875 1.541325569152832 0.43528735637664795 -0.0 0.0 1.0
0.56463623046875 1.541325569152832 0.37140989303588867 0.9753410220146179 -0.22061830759048462 -0.0
0.385808527469635 1.4863429069519043 0.30882126092910767 0.06433302164077759 0.2844935357570648 -0.9565111398696899
0.36416465044021606 1.4912391901016235 0.30882126092910767 0.06433302164077759 0.2844935357570648 -0.9565111398696899
0.3641646206378937 1.4912391901016235 0.43528735637664795 -0.0 0.0 0.999969482421875
0.3858084976673126 1.4863430261611938 0.43528735637664795 -0.0 0.0 1.0
0.3846990466117859 1.5820248126983643 0.43528735637664795 -0.0 0.0 1.0
0.4063427746295929 1.57712984085083 0.43528735637664795 -0.0 0.0 0.999969482421875
0.3846990764141083 1.5820248126983643 0.3714098334312439 0.19467757642269135 0.860835611820221 -0.4701071083545685
0.4063428044319153 1.57712984085083 0.3714098334312439 0.19470809400081635 0.860835611820221 -0.4700765907764435
0.383563369512558 1.3069441318511963 0.5859333276748657 -0.9753410220146179 0.22061830759048462 -0.0
0.383563369512558 1.3069441318511963 0.43162739276885986 -0.9753410220146179 0.22061830759048462 -0.0
0.4103143811225891 1.4252110719680786 0.43162739276885986 -0.9753410220146179 0.22061830759048462 -0.0
0.4103143513202667 1.4252110719680786 0.686775803565979 -0.9753410220146179 0.22061830759048462 -0.0
0.41461819410324097 1.4442373514175415 0.43162739276885986 -0.9753410220146179 0.22058779001235962 -0.0
0.4146181643009186 1.4442373514175415 0.686775803565979 -0.9753410220146179 0.22058779001235962 -0.0
0.41901201009750366 1.463667631149292 0.43162739276885986 -0.8331858515739441 0.5529343485832214 -0.0
0.4190119802951813 1.463667631149292 0.686775803565979 -0.8331858515739441 0.5529343485832214 -0.0
0.4887579381465912 1.2831512689590454 0.5859333276748657 0.9753410220146179 -0.22061830759048462 -0.0
0.4887579381465912 1.2831512689590454 0.43162739276885986 0.9753410220146179 -0.22061830759048462 -0.0
0.46771880984306335 1.287909746170044 0.43162739276885986 -0.22058779001235962 -0.9753410220146179 -0.0
0.46771880984306335 1.2879098653793335 0.5859333276748657 -0.19971312582492828 -0.8830530643463135 0.42457351088523865
0.4046025276184082 1.3021855354309082 0.43162739276885986 -0.22058779001235962 -0.9753410220146179 -0.0
0.4046025276184082 1.3021855354309082 0.5859333276748657 -0.19971312582492828 -0.8830530643463135 0.42457351088523865
0.5155088901519775 1.4014182090759277 0.686775803565979 -0.07498397678136826 -0.3315836191177368 0.940427839756012
0.5155089497566223 1.4014182090759277 0.43162739276885986 0.9753410220146179 -0.22058779001235962 -0.0
0.5198115110397339 1.4204442501068115 0.686775803565979 -0.0 0.0 1.0
0.5198116898536682 1.420443058013916 0.43162739276885986 0.9753410220146179 -0.22058779001235962 -0.0
0.5242066979408264 1.4398735761642456 0.686775803565979 -0.0 0.0 1.0
0.5242067575454712 1.4398735761642456 0.43162739276885986 0.9900509715080261 0.14056825637817383 -0.0
0.43135350942611694 1.42045259475708 0.686775803565979 -0.07498397678136826 -0.3315836191177368 0.940427839756012
0.4944697916507721 1.4061768054962158 0.686775803565979 -0.07498397678136826 -0.3315836191177368 0.940427839756012
0.42606642842292786 1.4687186479568481 0.686775803565979 -0.0 3.0518509447574615e-05 0.999969482421875
0.4414818584918976 1.465232253074646 0.686775803565979 0.9753410220146179 -0.22061830759048462 -0.0
0.4356561303138733 1.4394786357879639 0.686775803565979 0.9753410220146179 -0.22061830759048462 -0.0
0.4987735450267792 1.4252029657363892 0.686775803565979 0.22058779001235962 0.9753410220146179 -0.0
0.5045982599258423 1.4509552717208862 0.686775803565979 0.22058779001235962 0.9753410220146179 -0.0
0.5200124979019165 1.4474687576293945 0.686775803565979 0.6006653308868408 0.7994628548622131 -0.0
0.4356561601161957 1.4394786357879639 0.43162739276885986 0.9753410220146179 -0.22061830759048462 -0.0
0.49877357482910156 1.4252029657363892 0.43162739276885986 -0.9753410220146179 0.22058779001235962 -0.0
0.42606645822525024 1.4687185287475586 0.43162739276885986 -0.1981261670589447 0.9801629781723022 -0.0
0.4414820373058319 1.4652310609817505 0.43162739276885986 0.9753410220146179 -0.22061830759048462 -0.0
0.5045982599258423 1.4509551525115967 0.43162739276885986 0.22058779001235962 0.9753410220146179 -0.0
0.5200124979019165 1.447468638420105 0.43162739276885986 0.6006653308868408 0.7994628548622131 -0.0
0.3846990466117859 1.5820248126983643 0.43528735637664795 0.22058779001235962 0.9753410220146179 -0.0
0.4063427746295929 1.57712984085083 0.43528735637664795 0.22058779001235962 0.9753410220146179 -0.0
0.5441007614135742 1.4505386352539062 0.43528735637664795 0.9753410220146179 -0.22058779001235962 -0.0
0.56463623046875 1.541325569152832 0.43528735637664795 0.9753410220146179 -0.22061830759048462 -0.0
0.56463623046875 1.541325569152832 0.43528735637664795 0.22058779001235962 0.9753410220146179 -0.0
0.56463623046875 1.541325569152832 0.37140989303588867 0.19470809400081635 0.860835611820221 -0.4700765907764435
0.5441007614135742 1.4505386352539062 0.30882132053375244 0.9753410220146179 -0.22058779001235962 -0.0
0.5034013986587524 1.2706027030944824 0.43528735637664795 -0.0 0.0 0.999969482421875
0.5034013986587524 1.2706027030944824 0.43528735637664795 -0.22058779001235962 -0.9753410220146179 -0.0
0.3451079726219177 1.306406855583191 0.43528735637664795 -0.0 0.0 1.0
0.5034013986587524 1.2706027030944824 0.3088213801383972 -0.22058779001235962 -0.9753410220146179 -0.0
0.5034013986587524 1.2706027030944824 0.3088213801383972 -0.0 0.0 -1.0
0.3451080024242401 1.306406855583191 0.30882132053375244 -0.0 0.0 -1.0
0.3234643340110779 1.3113019466400146 0.30882132053375244 -0.0 0.0 -1.0
0.3234643042087555 1.3113019466400146 0.43528735637664795 -0.0 0.0 1.0
0.4887579381465912 1.2831512689590454 0.5859333276748657 -0.19971312582492828 -0.8830530643463135 0.42460402846336365
0.4887579381465912 1.2831512689590454 0.43162739276885986 -0.22058779001235962 -0.9753410220146179 -0.0
0.4146181643009186 1.4442373514175415 0.686775803565979 -0.0 0.0 1.0
0.4190119802951813 1.463667631149292 0.686775803565979 -0.0 0.0 1.0
0.4987735450267792 1.4252029657363892 0.686775803565979 -0.9753410220146179 0.22058779001235962 -0.0
0.4987735450267792 1.4252029657363892 0.686775803565979 -0.0 0.0 1.0
0.5045982599258423 1.4509552717208862 0.686775803565979 -0.9753410220146179 0.22058779001235962 -0.0
0.5045982599258423 1.4509552717208862 0.686775803565979 -0.0 0.0 1.0
0.4103143513202667 1.4252110719680786 0.686775803565979 -0.07498397678136826 -0.3315836191177368 0.940427839756012
0.383563369512558 1.3069441318511963 0.5859333276748657 -0.19971312582492828 -0.8830530643463135 0.42457351088523865
0.383563369512558 1.3069441318511963 0.43162739276885986 -0.22058779001235962 -0.9753410220146179 -0.0
0.5200124979019165 1.4474687576293945 0.686775803565979 -0.0 0.0 1.0
0.42606642842292786 1.4687186479568481 0.686775803565979 -0.1981261670589447 0.9801629781723022 -0.0
0.4414818584918976 1.465232253074646 0.686775803565979 0.22061830759048462 0.9753410220146179 -0.0
0.4414818584918976 1.465232253074646 0.686775803565979 -0.0 0.0 1.0
0.4356561303138733 1.4394786357879639 0.686775803565979 -0.0 0.0 1.0
0.4356561303138733 1.4394786357879639 0.686775803565979 0.22058779001235962 0.9753410220146179 -0.0
0.5198115110397339 1.4204442501068115 0.686775803565979 0.9753410220146179 -0.22058779001235962 -0.0
0.5242066979408264 1.4398735761642456 0.686775803565979 0.9900509715080261 0.14056825637817383 -0.0
0.5155088901519775 1.4014182090759277 0.686775803565979 0.9753410220146179 -0.22058779001235962 -0.0
0.4414820373058319 1.4652310609817505 0.43162739276885986 0.22061830759048462 0.9753410220146179 -0.0
0.49877357482910156 1.4252029657363892 0.43162739276885986 0.22058779001235962 0.9753410220146179 -0.0
0.4356561601161957 1.4394786357879639 0.43162739276885986 0.22058779001235962 0.9753410220146179 -0.0
0.5045982599258423 1.4509551525115967 0.43162739276885986 -0.9753410220146179 0.22058779001235962 -0.0
0.5347516536712646 1.6028534173965454 0.6810930967330933 0.08368175476789474 -0.01901303231716156 0.9963072538375854
0.5347516536712646 1.6028534173965454 0.667580246925354 0.08371227234601974 -0.01904354989528656 -0.9962767362594604
0.5333987474441528 1.5969054698944092 0.667580246925354 0.08371227234601974 -0.01904354989528656 -0.9962767362594604
0.5333987474441528 1.5969054698944092 0.6810930967330933 0.08368175476789474 -0.01901303231716156 0.9963072538375854
0.4135449528694153 1.6458208560943604 0.6920982599258423 0.08368175476789474 -0.01901303231716156 0.9963072538375854
0.41354501247406006 1.6458208560943604 0.6565730571746826 0.08371227234601974 -0.01904354989528656 -0.9962767362594604
0.40886253118515015 1.625238299369812 0.6565731763839722 0.08371227234601974 -0.01904354989528656 -0.9962767362594604
0.40886250138282776 1.625238299369812 0.6920983791351318 0.08368175476789474 -0.01901303231716156 0.9963072538375854
0.4238181412220001 1.6168972253799438 0.7018517255783081 -0.0 0.0 1.0
0.4238184988498688 1.6168954372406006 0.6461063623428345 -0.0 0.0 -1.0
0.3904511630535126 1.6244871616363525 0.6461063623428345 -0.0 0.0 -0.999969482421875
0.3904511332511902 1.6244871616363525 0.7018517255783081 -0.0 0.0 0.999969482421875
0.42853274941444397 1.6376174688339233 0.7018517255783081 -0.0 0.0 0.999969482421875
0.42853280901908875 1.6376174688339233 0.6461063623428345 -0.0 0.0 -0.999969482421875
0.3980424404144287 1.6578562259674072 0.7018516063690186 -0.0 0.0 1.0
0.3980424702167511 1.6578562259674072 0.6461062431335449 -0.0 0.0 -1.0
0.3982818126678467 1.6464612483978271 0.6857800483703613 -0.0 0.0 1.0
0.39828184247016907 1.6464612483978271 0.6635223627090454 -0.0 0.0 -1.0
0.40654876828193665 1.6581299304962158 0.6635223627090454 -0.0 0.0 -1.0
0.40654873847961426 1.6581299304962158 0.6857800483703613 -0.0 0.0 0.999969482421875
0.42064666748046875 1.660535454750061 0.6635223627090454 -0.0 0.0 -1.0
0.420646607875824 1.660535454750061 0.6857800483703613 -0.0 0.0 1.0
0.43231701850891113 1.652268886566162 0.6635223627090454 -0.0 0.0 -0.999969482421875
0.43231698870658875 1.652268886566162 0.6857800483703613 -0.0 0.0 1.0
0.4347226023674011 1.638170838356018 0.663522481918335 -0.0 0.0 -1.0
0.4347226023674011 1.638170838356018 0.6857801675796509 -0.0 0.0 1.0
0.4264543354511261 1.626500129699707 0.663522481918335 -0.0 0.0 -0.999969482421875
0.4264543056488037 1.626500129699707 0.6857801675796509 -0.0 0.0 1.0
0.412356436252594 1.6240946054458618 0.663522481918335 -0.0 0.0 -1.0
0.4123564064502716 1.6240946054458618 0.6857801675796509 -0.0 0.0 1.0
0.40068748593330383 1.6323633193969727 0.663522481918335 -0.0 0.0 -1.0
0.40068742632865906 1.6323633193969727 0.6857801675796509 -0.0 0.0 0.999969482421875
0.534751832485199 1.6028532981872559 0.35574233531951904 0.08371227234601974 -0.01904354989528656 -0.9962767362594604
0.5333988666534424 1.5969054698944092 0.35574233531951904 0.08371227234601974 -0.01904354989528656 -0.9962767362594604
0.5333988070487976 1.5969054698944092 0.36925506591796875 0.08371227234601974 -0.01901303231716156 0.9962767362594604
0.5347517728805542 1.6028532981872559 0.36925506591796875 0.08371227234601974 -0.01901303231716156 0.9962767362594604
0.4135451316833496 1.6458208560943604 0.3447352647781372 0.08371227234601974 -0.01904354989528656 -0.9962767362594604
0.4135451316833496 1.6458208560943604 0.3802621364593506 0.08371227234601974 -0.01901303231716156 0.9962767362594604
0.4088629484176636 1.6252366304397583 0.3802621364593506 0.08371227234601974 -0.01901303231716156 0.9962767362594604
0.4088629484176636 1.6252366304397583 0.3447352647781372 0.08371227234601974 -0.01904354989528656 -0.9962767362594604
0.4238186180591583 1.6168954372406006 0.3349817991256714 -0.0 0.0 -1.0
0.3904513120651245 1.6244871616363525 0.3349817395210266 -0.0 0.0 -1.0
0.39045125246047974 1.6244871616363525 0.39072906970977783 -0.0 0.0 1.0
0.42381852865219116 1.6168954372406006 0.39072906970977783 -0.0 0.0 1.0
0.4285329282283783 1.6376173496246338 0.3349817991256714 -0.0 0.0 -0.999969482421875
0.4285328984260559 1.6376173496246338 0.39072906970977783 -0.0 0.0 1.0
0.39804258942604065 1.6578562259674072 0.3349817395210266 -0.0 0.0 -1.0
0.39804255962371826 1.6578562259674072 0.3907289505004883 -0.0 0.0 1.0
0.3982822895050049 1.6464593410491943 0.373312771320343 -0.0 0.0 1.0
0.3982819616794586 1.6464612483978271 0.3510550856590271 -0.0 0.0 -1.0
0.4065488576889038 1.6581298112869263 0.3733128309249878 -0.0 0.0 1.0
0.4065488576889038 1.6581296920776367 0.3510551452636719 -0.0 0.0 -1.0
0.4206467568874359 1.660535454750061 0.3733128309249878 -0.0 0.0 0.999969482421875
0.4206467568874359 1.660535454750061 0.3510551452636719 -0.0 0.0 -1.0
0.4323174059391022 1.6522669792175293 0.3733128309249878 -0.0 0.0 1.0
0.4323174059391022 1.6522669792175293 0.3510551452636719 -0.0 0.0 -1.0
0.4347227215766907 1.638170838356018 0.3733128309249878 -0.0 0.0 1.0
0.4347227215766907 1.638170838356018 0.3510551452636719 -0.0 0.0 -1.0
0.42645442485809326 1.626500129699707 0.3733128309249878 -0.0 0.0 1.0
0.42645442485809326 1.626500129699707 0.3510551452636719 -0.0 0.0 -1.0
0.41235652565956116 1.6240944862365723 0.3733128309249878 -0.0 0.0 1.0
0.41235652565956116 1.6240944862365723 0.3510551452636719 -0.0 0.0 -1.0
0.4006876051425934 1.6323633193969727 0.373312771320343 -0.0 0.0 0.999969482421875
0.4006876051425934 1.6323633193969727 0.3510550856590271 -0.0 0.0 -1.0
0.4264543354511261 1.626500129699707 0.663522481918335 0.5326090455055237 -0.8463392853736877 -0.0
0.412356436252594 1.6240946054458618 0.663522481918335 -0.221869558095932 -0.9750663638114929 -0.0
0.4123564064502716 1.6240946054458618 0.6857801675796509 -0.221869558095932 -0.9750663638114929 -0.0
0.40068742632865906 1.6323633193969727 0.6857801675796509 -0.8463698029518127 -0.5325785279273987 -0.0
0.4347226023674011 1.638170838356018 0.663522481918335 0.9750663638114929 -0.221808522939682 -0.0
0.43231698870658875 1.652268886566162 0.6857800483703613 0.8463087677955627 0.5326395630836487 -0.0
0.4347226023674011 1.638170838356018 0.6857801675796509 0.9750663638114929 -0.221808522939682 -0.0
0.43231701850891113 1.652268886566162 0.6635223627090454 0.8463087677955627 0.5326700806617737 -0.0
0.40068748593330383 1.6323633193969727 0.663522481918335 -0.8463698029518127 -0.5325785279273987 -0.0
0.39828184247016907 1.6464612483978271 0.6635223627090454 -0.9750663638114929 0.221808522939682 -0.0
0.40654876828193665 1.6581299304962158 0.6635223627090454 -0.5326090455055237 0.8463392853736877 -0.0
0.4264543056488037 1.626500129699707 0.6857801675796509 0.5326090455055237 -0.8463392853736877 -0.0
0.3982818126678467 1.6464612483978271 0.6857800483703613 -0.9750663638114929 0.221808522939682 -0.0
0.40654873847961426 1.6581299304962158 0.6857800483703613 -0.5326090455055237 0.8463392853736877 -0.0
0.420646607875824 1.660535454750061 0.6857800483703613 0.221778005361557 0.9750663638114929 -0.0
0.42064666748046875 1.660535454750061 0.6635223627090454 0.221778005361557 0.9750663638114929 -0.0
0.4238184988498688 1.6168954372406006 0.6461063623428345 -0.221808522939682 -0.9750663638114929 -0.0
0.4238184988498688 1.6168954372406006 0.6461063623428345 0.9750663638114929 -0.221839040517807 -0.0
0.3904511630535126 1.6244871616363525 0.6461063623428345 -0.221808522939682 -0.9750663638114929 -0.0
0.4238181412220001 1.6168972253799438 0.7018517255783081 -0.221808522939682 -0.9750663638114929 -0.0
0.4238181412220001 1.6168972253799438 0.7018517255783081 0.9750663638114929 -0.221839040517807 -0.0
0.3904511332511902 1.6244871616363525 0.7018517255783081 -0.221808522939682 -0.9750663638114929 -0.0
0.4238186180591583 1.6168954372406006 0.3349817991256714 -0.221839040517807 -0.9750663638114929 -0.0
0.4238186180591583 1.6168954372406006 0.3349817991256714 0.9750663638114929 -0.221808522939682 -0.0
0.42381852865219116 1.6168954372406006 0.39072906970977783 -0.221839040517807 -0.9750663638114929 -0.0
0.42381852865219116 1.6168954372406006 0.39072906970977783 0.9750663638114929 -0.221808522939682 -0.0
0.39045125246047974 1.6244871616363525 0.39072906970977783 -0.221839040517807 -0.9750663638114929 -0.0
0.5347516536712646 1.6028534173965454 0.667580246925354 0.9750663638114929 -0.221778005361557 -0.0
0.5347516536712646 1.6028534173965454 0.667580246925354 0.3341166377067566 0.9425031542778015 -0.0
0.5333987474441528 1.5969054698944092 0.667580246925354 0.9750663638114929 -0.221778005361557 -0.0
0.4285328984260559 1.6376173496246338 0.39072906970977783 0.9750663638114929 -0.221808522939682 -0.0
0.39804255962371826 1.6578562259674072 0.3907289505004883 0.5530259013175964 0.8331553339958191 -0.0
0.4285329282283783 1.6376173496246338 0.3349817991256714 0.5530259013175964 0.8331553339958191 -0.0
0.39804258942604065 1.6578562259674072 0.3349817395210266 0.5530259013175964 0.8331553339958191 -0.0
0.4065488576889038 1.6581296920776367 0.3510551452636719 -0.5326395630836487 0.8463087677955627 -0.0
0.4206467568874359 1.660535454750061 0.3510551452636719 0.221808522939682 0.9750663638114929 -0.0
0.4065488576889038 1.6581298112869263 0.3733128309249878 -0.5326395630836487 0.8463087677955627 -0.0
0.4206467568874359 1.660535454750061 0.3733128309249878 0.221808522939682 0.9750663638114929 -0.0
0.3982819616794586 1.6464612483978271 0.3510550856590271 -0.9750663638114929 0.221808522939682 -0.0
0.4323174059391022 1.6522669792175293 0.3733128309249878 0.8463392853736877 0.5326090455055237 -0.0
0.4323174059391022 1.6522669792175293 0.3510551452636719 0.8463392853736877 0.5326090455055237 -0.0
0.4347227215766907 1.638170838356018 0.3510551452636719 0.9750663638114929 -0.221808522939682 -0.0
0.4347227215766907 1.638170838356018 0.3733128309249878 0.9750663638114929 -0.221808522939682 -0.0
0.42645442485809326 1.626500129699707 0.3733128309249878 0.5326090455055237 -0.8463392853736877 -0.0
0.5347516536712646 1.6028534173965454 0.6810930967330933 0.9750663638114929 -0.221778005361557 -0.0
0.5347516536712646 1.6028534173965454 0.6810930967330933 0.3341166377067566 0.9425031542778015 -0.0
0.5333987474441528 1.5969054698944092 0.6810930967330933 0.9750663638114929 -0.221778005361557 -0.0
0.3904513120651245 1.6244871616363525 0.3349817395210266 -0.221839040517807 -0.9750663638114929 -0.0
0.3982822895050049 1.6464593410491943 0.373312771320343 -0.9750663638114929 0.221778005361557 -0.0
0.534751832485199 1.6028532981872559 0.35574233531951904 0.9750663638114929 -0.221778005361557 -0.0
0.534751832485199 1.6028532981872559 0.35574233531951904 0.3341166377067566 0.9425031542778015 -0.0
0.5333988666534424 1.5969054698944092 0.35574233531951904 0.9750663638114929 -0.221778005361557 -0.0
0.42853280901908875 1.6376174688339233 0.6461063623428345 0.9750663638114929 -0.221839040517807 -0.0
0.3980424702167511 1.6578562259674072 0.6461062431335449 0.5530259013175964 0.8331553339958191 -0.0
0.42853274941444397 1.6376174688339233 0.7018517255783081 0.5530259013175964 0.8331553339958191 -0.0
0.3980424404144287 1.6578562259674072 0.7018516063690186 0.5530259013175964 0.8331553339958191 -0.0
0.41235652565956116 1.6240944862365723 0.3510551452636719 -0.221869558095932 -0.9750663638114929 -0.0
0.4006876051425934 1.6323633193969727 0.3510550856590271 -0.8463698029518127 -0.5325785279273987 -0.0
0.42645442485809326 1.626500129699707 0.3510551452636719 0.5326090455055237 -0.8463392853736877 -0.0
0.5347517728805542 1.6028532981872559 0.36925506591796875 0.9750663638114929 -0.221778005361557 -0.0
0.5347517728805542 1.6028532981872559 0.36925506591796875 0.3341166377067566 0.9425031542778015 -0.0
0.41235652565956116 1.6240944862365723 0.3733128309249878 -0.221869558095932 -0.9750663638114929 -0.0
0.4006876051425934 1.6323633193969727 0.373312771320343 -0.8463698029518127 -0.5325785279273987 -0.0
0.5333988070487976 1.5969054698944092 0.36925506591796875 0.9750663638114929 -0.221778005361557 -0.0
0.4135449528694153 1.6458208560943604 0.6920982599258423 0.3341166377067566 0.9425031542778015 -0.0
0.41354501247406006 1.6458208560943604 0.6565730571746826 0.3341166377067566 0.9425031542778015 -0.0
0.4135451316833496 1.6458208560943604 0.3447352647781372 0.3341166377067566 0.9425031542778015 -0.0
0.4135451316833496 1.6458208560943604 0.3802621364593506 0.3341166377067566 0.9425031542778015 -0.0
0.4285329282283783 1.6376173496246338 0.3349817991256714 0.9750663638114929 -0.221808522939682 -0.0
0.4285328984260559 1.6376173496246338 0.39072906970977783 0.5530259013175964 0.8331553339958191 -0.0
0.42853274941444397 1.6376174688339233 0.7018517255783081 0.9750663638114929 -0.221839040517807 -0.0
0.42853280901908875 1.6376174688339233 0.6461063623428345 0.5530259013175964 0.8331553339958191 -0.0
47 73 90
73 47 71
53 16 52
16 53 17
76 30 31
30 76 77
21 19 18
19 21 20
13 59 6
59 13 61
12 61 13
61 12 66
14 13 15
13 14 12
82 39 72
39 82 38
57 10 17
10 57 7
7 64 10
64 7 63
88 83 43
83 88 89
38 29 39
29 38 31
87 79 80
79 87 48
86 27 33
27 86 26
56 17 53
17 56 57
10 65 11
65 10 64
84 33 35
33 84 86
85 35 37
35 85 84
75 31 38
31 75 76
70 81 40
17 11 16
11 17 10
72 32 34
32 72 39
75 82 69
82 75 38
81 69 82
69 81 70
74 36 78
51 44 45
44 51 50
39 67 32
67 39 29
3 62 60
62 3 2
22 21 23
21 22 20
55 58 9
58 55 54
31 28 29
28 31 30
1 54 0
54 1 58
79 24 25
24 79 48
42 49 41
49 42 46
29 68 67
68 29 28
5 2 3
2 5 4
24 23 25
23 24 22
72 36 74
36 72 34
15 6 8
6 15 13
51 85 37
85 51 45
141 145 143
145 141 139
100 106 104
106 100 101
158 156 157
156 158 163
212 203 193
203 212 217
176 171 174
171 176 173
193 191 189
191 193 203
146 154 140
154 146 148
225 172 207
172 225 175
200 220 219
220 200 183
98 91 95
91 98 94
157 155 166
155 157 156
222 205 221
205 222 215
128 125 126
125 128 129
93 96 92
96 93 97
214 206 204
206 214 218
135 132 137
132 135 131
139 147 145
147 139 153
211 217 212
217 211 216
185 178 223
178 185 180
167 163 158
163 167 164
213 216 211
216 213 198
210 226 208
226 210 209
179 202 177
202 179 181
144 140 142
140 144 146
201 182 199
182 201 184
111 108 109
108 111 113
148 152 154
152 148 150
186 187 188
187 186 224
123 130 127
130 123 124
168 164 167
164 168 165
113 121 108
121 113 115
196 198 213
198 196 197
102 103 105
103 102 99
138 134 136
134 138 133
161 162 160
162 161 159
195 197 196
197 195 194
166 159 161
159 166 155
189 192 190
192 189 191
107 116 114
116 107 122
160 170 169
170 160 162
122 118 116
118 122 120
110 114 112
114 110 107
115 119 121
119 115 117
169 165 168
165 169 170
153 149 147
149 153 151
190 194 195
194 190 192
LABEL zGroup17
MATERIAL 1
TEXTURE 0
GEOM 110 88
0.7273552417755127 1.0671024322509766 -0.9313681125640869 -0.0 0.0 -1.0
0.7273552417755127 1.0671024322509766 -0.6446459889411926 -0.0 0.0 0.999969482421875
0.9967078566551208 1.4153525829315186 -0.9313681125640869 -0.0 0.0 -0.999969482421875
0.9967078566551208 1.4153525829315186 -0.6446459889411926 0.6117740273475647 0.791009247303009 -0.0
0.49254927039146423 1.2487120628356934 -0.9313681125640869 -0.443433940410614 0.3429670035839081 -0.8280587196350098
0.49254927039146423 1.2487120628356934 -0.6446459889411926 -0.0 0.0 1.0
0.76190185546875 1.5969622135162354 -0.9313681125640869 -0.443433940410614 0.3429670035839081 -0.8280587196350098
0.76190185546875 1.5969622135162354 -0.6446459889411926 -0.0 0.0 1.0
0.44992488622665405 1.2816797494888306 -0.8948885798454285 -0.791009247303009 0.6117740273475647 -0.0
0.44992488622665405 1.2816797494888306 -0.6811255216598511 -0.6117740273475647 -0.791009247303009 -0.0
0.7192775011062622 1.6299299001693726 -0.8948885202407837 -0.791009247303009 0.6117740273475647 -0.0
0.7192775011062622 1.6299299001693726 -0.6811255216598511 0.6118045449256897 0.790978729724884 -0.0
0.7273553013801575 1.0671024322509766 -0.9231435060501099 0.791009247303009 -0.6117740273475647 -0.0
0.7273552417755127 1.0671024322509766 -0.6528706550598145 -0.6117740273475647 -0.791009247303009 -0.0
0.9967077970504761 1.4153525829315186 -0.6528705954551697 0.6117435097694397 0.791039764881134 -0.0
0.9967095851898193 1.41535484790802 -0.9231433868408203 0.6116824746131897 0.791070282459259 -6.103701889514923e-05
0.76190185546875 1.5969622135162354 -0.6528705954551697 0.42576372623443604 -0.32929471135139465 -0.8427686095237732
0.76190185546875 1.5969622135162354 -0.9231435060501099 -0.0 0.0 1.0
0.492549329996109 1.2487120628356934 -0.6528706550598145 -0.6117740273475647 -0.791009247303009 -0.0
0.492549329996109 1.2487120628356934 -0.9231435060501099 -0.6117740273475647 -0.791009247303009 -0.0
0.7192774415016174 1.6299299001693726 -0.6872864961624146 0.6118045449256897 0.790978729724884 -0.0
0.7192775011062622 1.6299299001693726 -0.888727605342865 -0.791009247303009 0.6117740273475647 -0.0
0.44992494583129883 1.2816797494888306 -0.6872864961624146 -0.6117740273475647 -0.791009247303009 -0.0
0.44992494583129883 1.2816797494888306 -0.888727605342865 -0.791009247303009 0.6117740273475647 -0.0
0.4549633264541626 1.2777827978134155 -0.6768134832382202 -0.6117740273475647 -0.791009247303009 -0.0
0.724315881729126 1.6260329484939575 -0.6768134832382202 -0.443433940410614 0.3429670035839081 0.8280587196350098
0.7243159413337708 1.6260329484939575 -0.8992006182670593 -0.443433940410614 0.3429670035839081 -0.8280587196350098
0.4549633264541626 1.2777827978134155 -0.8992006182670593 -0.443433940410614 0.3429670035839081 -0.8280587196350098
0.454963356256485 1.2777827978134155 -0.6832183599472046 -0.6117740273475647 -0.791009247303009 -0.0
0.454963356256485 1.2777827978134155 -0.892795741558075 -0.6117740273475647 -0.791009247303009 -0.0
0.724315881729126 1.6260329484939575 -0.892795741558075 0.42576372623443604 -0.32929471135139465 0.8427686095237732
0.724315881729126 1.6260329484939575 -0.6832183599472046 0.42576372623443604 -0.32929471135139465 -0.8427686095237732
0.988911509513855 1.4213826656341553 -0.9313681125640869 -0.0 0.0 -1.0
0.988911509513855 1.4213826656341553 -0.6446459889411926 -0.0 0.0 1.0
0.7195589542388916 1.0731325149536133 -0.9313681125640869 -0.6117740273475647 -0.791009247303009 -0.0
0.7195589542388916 1.0731325149536133 -0.6446459889411926 -0.0 0.0 1.0
0.7195590138435364 1.0731325149536133 -0.9231435060501099 -0.6117740273475647 -0.791009247303009 -0.0
0.7195589542388916 1.0731325149536133 -0.6528706550598145 -0.6117740273475647 -0.791009247303009 -0.0
0.988911509513855 1.4213826656341553 -0.9231435060501099 -0.0 0.0 1.0
0.988911509513855 1.4213825464248657 -0.6528705954551697 -0.791009247303009 0.6117740273475647 -0.0
0.556401789188385 1.3312679529190063 -0.6528705954551697 0.6117740273475647 0.791009247303009 -0.0
0.556401789188385 1.3312679529190063 -0.9231435060501099 0.6117740273475647 0.791009247303009 -0.0
0.518815815448761 1.3603386878967285 -0.892795741558075 0.6117740273475647 0.791009247303009 -0.0
0.518815815448761 1.3603386878967285 -0.6832183599472046 0.6117740273475647 0.791009247303009 -0.0
0.78341144323349 1.1556882858276367 -0.9231435060501099 0.6117740273475647 0.791009247303009 -0.0
0.78341144323349 1.1556882858276367 -0.6528705954551697 0.6117740273475647 0.791009247303009 -0.0
0.9967078566551208 1.4153525829315186 -0.9313681125640869 0.791009247303009 -0.6117740273475647 -0.0
0.9967078566551208 1.4153525829315186 -0.9313681125640869 0.6116824746131897 0.791070282459259 -0.00015259254723787308
0.7273552417755127 1.0671024322509766 -0.9313681125640869 0.791009247303009 -0.6117740273475647 -0.0
0.7273552417755127 1.0671024322509766 -0.9313681125640869 -0.6117740273475647 -0.791009247303009 -0.0
0.7273552417755127 1.0671024322509766 -0.6528706550598145 0.791009247303009 -0.6117740273475647 -0.0
0.7273552417755127 1.0671024322509766 -0.6446459889411926 0.791009247303009 -0.6117740273475647 -0.0
0.7273552417755127 1.0671024322509766 -0.6446459889411926 -0.6117740273475647 -0.791009247303009 -0.0
0.9967078566551208 1.4153525829315186 -0.6446459889411926 0.791009247303009 -0.6117740273475647 -0.0
0.9967078566551208 1.4153525829315186 -0.6446459889411926 -0.0 0.0 1.0
0.9967095851898193 1.41535484790802 -0.9231433868408203 0.791009247303009 -0.6117740273475647 -0.0
0.988911509513855 1.4213826656341553 -0.9313681125640869 0.6117435097694397 0.791039764881134 -6.103701889514923e-05
0.988911509513855 1.4213826656341553 -0.6446459889411926 0.6117740273475647 0.791009247303009 -0.0
0.76190185546875 1.5969622135162354 -0.6446459889411926 0.6117740273475647 0.791009247303009 -0.0
0.76190185546875 1.5969622135162354 -0.6446459889411926 -0.443433940410614 0.3429670035839081 0.8280587196350098
0.49254927039146423 1.2487120628356934 -0.9313681125640869 -0.0 0.0 -1.0
0.49254927039146423 1.2487120628356934 -0.9313681125640869 -0.6117740273475647 -0.791009247303009 -0.0
0.76190185546875 1.5969622135162354 -0.9313681125640869 0.6117740273475647 0.791009247303009 -0.0
0.76190185546875 1.5969622135162354 -0.9313681125640869 -0.0 0.0 -1.0
0.49254927039146423 1.2487120628356934 -0.6446459889411926 -0.443433940410614 0.3429670035839081 0.8280587196350098
0.49254927039146423 1.2487120628356934 -0.6446459889411926 -0.6117740273475647 -0.791009247303009 -0.0
0.7195589542388916 1.0731325149536133 -0.9313681125640869 -0.0 0.0 -1.0
0.7195589542388916 1.0731325149536133 -0.6446459889411926 -0.6117740273475647 -0.791009247303009 -0.0
0.7192775011062622 1.6299299001693726 -0.888727605342865 0.6118045449256897 0.790978729724884 -0.0
0.7192775011062622 1.6299299001693726 -0.8948885202407837 0.6118045449256897 0.790978729724884 -0.0
0.7192775011062622 1.6299299001693726 -0.8948885202407837 -0.443433940410614 0.3429670035839081 -0.8280587196350098
0.44992488622665405 1.2816797494888306 -0.8948885798454285 -0.443433940410614 0.3429670035839081 -0.8280587196350098
0.44992488622665405 1.2816797494888306 -0.8948885798454285 -0.6117740273475647 -0.791009247303009 -0.0
0.7192775011062622 1.6299299001693726 -0.6811255216598511 -0.443433940410614 0.3429670035839081 0.8280892372131348
0.7192775011062622 1.6299299001693726 -0.6811255216598511 -0.791009247303009 0.6117740273475647 -0.0
0.44992488622665405 1.2816797494888306 -0.6811255216598511 -0.443433940410614 0.3429670035839081 0.8280892372131348
0.44992488622665405 1.2816797494888306 -0.6811255216598511 -0.791009247303009 0.6117740273475647 -0.0
0.44992494583129883 1.2816797494888306 -0.888727605342865 -0.6117740273475647 -0.791009247303009 -0.0
0.4549633264541626 1.2777827978134155 -0.6768134832382202 -0.443433940410614 0.3429670035839081 0.8280892372131348
0.724315881729126 1.6260329484939575 -0.6768134832382202 0.6118045449256897 0.790978729724884 -0.0
0.7243159413337708 1.6260329484939575 -0.8992006182670593 0.6118045449256897 0.790978729724884 -0.0
0.4549633264541626 1.2777827978134155 -0.8992006182670593 -0.6117740273475647 -0.791009247303009 -0.0
0.7273553013801575 1.0671024322509766 -0.9231435060501099 -0.6117740273475647 -0.791009247303009 -0.0
0.9967077970504761 1.4153525829315186 -0.6528705954551697 0.791009247303009 -0.6117740273475647 -0.0
0.7192774415016174 1.6299299001693726 -0.6872864961624146 -0.791009247303009 0.6117740273475647 -0.0
0.44992494583129883 1.2816797494888306 -0.6872864961624146 -0.791009247303009 0.6117740273475647 -0.0
0.988911509513855 1.4213826656341553 -0.9231435060501099 0.6117129921913147 0.791039764881134 -3.0518509447574615e-05
0.988911509513855 1.4213826656341553 -0.9231435060501099 -0.791009247303009 0.6117740273475647 -0.0
0.76190185546875 1.5969622135162354 -0.9231435060501099 0.6117740273475647 0.791009247303009 -0.0
0.76190185546875 1.5969622135162354 -0.9231435060501099 0.42576372623443604 -0.32929471135139465 0.8427686095237732
0.988911509513855 1.4213825464248657 -0.6528705954551697 0.6117435097694397 0.791009247303009 -0.0
0.988911509513855 1.4213825464248657 -0.6528705954551697 -0.0 0.0 -1.0
0.76190185546875 1.5969622135162354 -0.6528705954551697 0.6118045449256897 0.790978729724884 -0.0
0.76190185546875 1.5969622135162354 -0.6528705954551697 -0.0 0.0 -1.0
0.724315881729126 1.6260329484939575 -0.892795741558075 0.6118045449256897 0.790978729724884 -0.0
0.724315881729126 1.6260329484939575 -0.892795741558075 0.791009247303009 -0.6117740273475647 -0.0
0.724315881729126 1.6260329484939575 -0.6832183599472046 0.6118045449256897 0.790978729724884 -0.0
0.724315881729126 1.6260329484939575 -0.6832183599472046 0.791009247303009 -0.6117740273475647 -0.0
0.78341144323349 1.1556882858276367 -0.9231435060501099 -0.0 0.0 1.0
0.78341144323349 1.1556882858276367 -0.9231435060501099 -0.791009247303009 0.6117740273475647 -0.0
0.556401789188385 1.3312679529190063 -0.9231435060501099 -0.0 0.0 1.0
0.556401789188385 1.3312679529190063 -0.9231435060501099 0.42576372623443604 -0.32929471135139465 0.8427686095237732
0.78341144323349 1.1556882858276367 -0.6528705954551697 -0.0 0.0 -1.0
0.78341144323349 1.1556882858276367 -0.6528705954551697 -0.791009247303009 0.6117740273475647 -0.0
0.556401789188385 1.3312679529190063 -0.6528705954551697 -0.0 0.0 -1.0
0.556401789188385 1.3312679529190063 -0.6528705954551697 0.42576372623443604 -0.32929471135139465 -0.8427686095237732
0.518815815448761 1.3603386878967285 -0.892795741558075 0.42576372623443604 -0.32929471135139465 0.8427686095237732
0.518815815448761 1.3603386878967285 -0.892795741558075 0.791009247303009 -0.6117740273475647 -0.0
0.518815815448761 1.3603386878967285 -0.6832183599472046 0.42576372623443604 -0.32929471135139465 -0.8427686095237732
0.518815815448761 1.3603386878967285 -0.6832183599472046 0.791009247303009 -0.6117740273475647 -0.0
50 53 51
53 50 83
90 58 57
58 90 92
25 75 78
75 25 73
37 52 67
52 37 13
32 60 63
60 32 66
33 1 54
1 33 35
84 76 74
76 84 85
96 11 79
11 96 20
29 72 81
72 29 77
27 70 26
70 27 71
24 22 28
22 24 9
28 77 29
77 28 22
80 68 94
68 80 69
94 20 96
20 94 68
10 23 21
23 10 8
21 85 84
85 21 23
34 82 36
82 34 49
36 13 37
13 36 82
56 88 86
88 56 62
48 55 12
55 48 46
12 83 50
83 12 55
62 94 88
94 62 80
18 29 19
29 18 28
65 28 18
28 65 24
4 26 6
26 4 27
19 81 61
81 19 29
92 79 58
79 92 96
59 78 64
78 59 25
15 90 14
90 15 86
47 86 15
86 47 56
19 37 18
37 19 36
61 36 19
36 61 34
7 35 33
35 7 5
66 2 0
2 66 32
18 67 65
67 18 37
14 57 3
57 14 90
97 107 95
107 97 109
91 104 93
104 91 102
30 101 89
101 30 106
87 103 39
103 87 99
17 98 38
98 17 100
16 108 31
108 16 105
42 44 41
44 40 45
40 42 43
44 42 40
LABEL zzGroup18
MATERIAL 1
TEXTURE 0
GEOM 901 715
1.143721580505371 0.8673770427703857 1.2960102558135986 0.3724478781223297 -0.9280373454093933 -0.0
1.2411903142929077 1.3606871366500854 1.296010136604309 0.9280373454093933 0.3724478781223297 -0.0
1.3819736242294312 0.6999722719192505 1.2960102558135986 -0.0 0.0 -1.0
1.4664912223815918 1.1277339458465576 1.296010136604309 -0.0 0.0 -1.0
1.4247727394104004 1.231695294380188 1.296010136604309 -0.0 0.0 -1.0
1.4656424522399902 1.1656545400619507 1.296010136604309 -0.0 0.0 -1.0
1.4503724575042725 1.203706979751587 1.296010136604309 -0.0 0.0 -1.0
1.2411903142929077 1.360687255859375 1.6131675243377686 0.9280373454093933 0.3724478781223297 -0.0
1.2411903142929077 1.360687255859375 1.4355835914611816 0.9280373454093933 0.3724478781223297 -0.0
1.1437216997146606 0.8673771023750305 1.613167643547058 0.3724478781223297 -0.9280373454093933 -0.0
1.1437216997146606 0.8673771023750305 1.4355837106704712 0.3724478781223297 -0.9280373454093933 -0.0
1.3819737434387207 0.6999722719192505 1.613167643547058 -0.0 0.0 1.0
1.4503724575042725 1.203706979751587 1.6131675243377686 -0.0 0.0 0.999969482421875
1.42477285861969 1.231695294380188 1.6131675243377686 -0.0 0.0 1.0
1.4656425714492798 1.1656546592712402 1.6131675243377686 -0.0 0.0 1.0
1.4664912223815918 1.1277340650558472 1.6131675243377686 -0.0 0.0 1.0
0.7424279451370239 1.485884189605713 1.628217339515686 0.8182012438774109 -0.574907660484314 -0.0
0.7424278855323792 1.485884189605713 1.440284252166748 0.8182012438774109 -0.574907660484314 -0.0
0.5882189273834229 1.594237208366394 1.440284252166748 -0.0 0.0 -1.0
0.5882189273834229 1.594237208366394 1.628217339515686 -0.0 0.0 1.0
0.5701040029525757 1.6069653034210205 1.440284252166748 -0.0 0.0 -1.0
0.5701040625572205 1.60696542263031 1.628217339515686 -0.0 0.0 1.0
0.8239412903785706 1.6018946170806885 1.6282172203063965 0.8182012438774109 -0.574907660484314 -0.0
0.8239412307739258 1.6018946170806885 1.4402841329574585 0.8182012438774109 -0.574907660484314 -0.0
0.6697323322296143 1.7102477550506592 1.4402841329574585 0.574907660484314 0.8182012438774109 -0.0
0.6516173481941223 1.7229759693145752 1.4402841329574585 0.574907660484314 0.8182012438774109 -0.0
0.6292827129364014 1.7386692762374878 1.4402841329574585 0.574907660484314 0.8182012438774109 -0.0
0.5548555850982666 1.6327438354492188 1.440284252166748 -0.0 0.0 -1.0
0.6697323322296143 1.7102477550506592 1.6282172203063965 -0.0 0.0 1.0
0.6516174077987671 1.7229759693145752 1.6282172203063965 -0.0 0.0 1.0
0.6292827129364014 1.7386692762374878 1.6282172203063965 -0.0 0.0 1.0
0.5548555850982666 1.6327438354492188 1.628217339515686 -0.0 0.0 0.999969482421875
0.8551899194717407 1.640186071395874 1.613167405128479 0.574907660484314 0.8182012438774109 -0.0
0.8522710800170898 1.636031985282898 1.613167405128479 -0.0 0.0 0.999969482421875
0.8800537586212158 1.6165107488632202 1.613167405128479 -0.0 0.0 1.0
0.8760236501693726 1.6131393909454346 1.613167405128479 -0.0 0.0 0.999969482421875
0.7033122181892395 1.2274967432022095 1.6590831279754639 -0.8182012438774109 0.574907660484314 -0.0
0.7033122181892395 1.2274967432022095 1.57757568359375 -0.574907660484314 -0.8182012438774109 -0.0
0.7807549238204956 1.3377139568328857 1.57757568359375 0.5405133366584778 0.7692495584487915 0.3406781256198883
0.7637752890586853 1.31354820728302 1.6590831279754639 -0.8182012438774109 0.574907660484314 -0.0
1.002380132675171 1.0173605680465698 1.6590831279754639 -0.574907660484314 -0.8182012438774109 -0.0
1.002380132675171 1.0173605680465698 1.57757568359375 -0.574907660484314 -0.8182012438774109 -0.0
1.0628430843353271 1.1034120321273804 1.6590831279754639 0.5405133366584778 0.7692495584487915 0.3406781256198883
1.0798228979110718 1.1275776624679565 1.57757568359375 0.5405133366584778 0.7692495584487915 0.3406781256198883
0.8373813033103943 1.6143848896026611 1.639399528503418 -0.0 0.0 0.999969482421875
0.8373813033103943 1.6143848896026611 1.6133147478103638 -0.8182012438774109 0.574907660484314 -0.0
0.8528650403022766 1.63642156124115 1.6133147478103638 0.574907660484314 0.8182012438774109 -0.0
0.8528650403022766 1.63642156124115 1.639399528503418 0.574907660484314 0.8182012438774109 -0.0
0.864307165145874 1.6283817291259766 1.6133147478103638 0.574907660484314 0.8182012438774109 -0.0
0.864307165145874 1.6283817291259766 1.639399528503418 -0.0 0.0 1.0
1.2359604835510254 1.3672443628311157 1.6133147478103638 0.574907660484314 0.8182012438774109 -0.0
1.2359604835510254 1.3672443628311157 1.639399528503418 0.8182012438774109 -0.574907660484314 -0.0
1.2204768657684326 1.3452078104019165 1.639399528503418 -0.574907660484314 -0.8182012438774109 -0.0
0.848088264465332 1.6068617105484009 1.639399528503418 -0.574907660484314 -0.8182012438774109 -0.0
0.8480125665664673 1.6069148778915405 1.6133147478103638 -0.574907660484314 -0.8182012438774109 -0.0
1.2204768657684326 1.3452078104019165 1.6133147478103638 -0.574907660484314 -0.8182012438774109 -0.0
1.1927659511566162 1.1618098020553589 1.6320996284484863 0.8099307417869568 -0.5690786242485046 0.1419110745191574
1.1927659511566162 1.1618098020553589 1.6124577522277832 0.8182012438774109 -0.574907660484314 -0.0
1.1753911972045898 1.1370820999145508 1.6124577522277832 0.8182012438774109 -0.574907660484314 -0.0
1.1753911972045898 1.1370820999145508 1.6320996284484863 -0.574907660484314 -0.8182012438774109 -0.0
1.1733038425445557 1.138548731803894 1.6408138275146484 0.69441819190979 -0.48789942264556885 0.5288552641868591
1.1906784772872925 1.1632765531539917 1.6408138275146484 0.69441819190979 -0.48789942264556885 0.5288552641868591
1.167600393295288 1.1425563097000122 1.647192358970642 0.38566240668296814 -0.2709738314151764 0.8819239139556885
1.184975028038025 1.1672840118408203 1.647192358970642 0.38566240668296814 -0.2709738314151764 0.8819239139556885
1.1598107814788818 1.1480295658111572 1.649527907371521 -0.574877142906189 -0.8182012438774109 -0.0
1.1771855354309082 1.1727573871612549 1.649527907371521 0.09817804396152496 -0.06897182762622833 0.9927670955657959
0.7861469388008118 1.4475153684616089 1.649527907371521 -0.09814752638339996 0.06897182762622833 0.9927670955657959
0.768772304058075 1.4227876663208008 1.649527907371521 -0.574877142906189 -0.8182012438774109 -0.0
0.760981559753418 1.4282618761062622 1.647192358970642 -0.38566240668296814 0.2710043787956238 0.8819239139556885
0.7783561944961548 1.4529895782470703 1.647192358970642 -0.38566240668296814 0.2710043787956238 0.8819239139556885
0.7552792429924011 1.4322683811187744 1.6408138275146484 -0.69441819190979 0.48792994022369385 0.5287942290306091
0.7726538777351379 1.456996202468872 1.6408138275146484 -0.69441819190979 0.48792994022369385 0.5287942290306091
0.7531918287277222 1.4337351322174072 1.6320996284484863 -0.8099307417869568 0.5690786242485046 0.1419110745191574
0.7705665230751038 1.4584629535675049 1.6320996284484863 -0.8099307417869568 0.5690786242485046 0.1419110745191574
0.7705665230751038 1.4584629535675049 1.6124577522277832 -0.8182012438774109 0.574907660484314 -0.0
0.7531918287277222 1.4337351322174072 1.6124577522277832 -0.8182012438774109 0.574907660484314 -0.0
0.7881627082824707 1.447654128074646 1.6304409503936768 -0.0 0.0 1.0
0.7865234613418579 1.4453212022781372 1.612006425857544 -0.8182012438774109 0.574907660484314 -0.0
0.883040189743042 1.5826846361160278 1.6120063066482544 -0.8182012438774109 0.574907660484314 -0.0
0.8846792578697205 1.5850176811218262 1.6304408311843872 -0.8182012438774109 0.574907660484314 -0.0
1.0220422744750977 1.4885011911392212 1.6304408311843872 0.8182012438774109 -0.574877142906189 -0.0
1.0204031467437744 1.486168384552002 1.6120063066482544 0.8182012438774109 -0.574877142906189 -0.0
0.9238864779472351 1.3488048315048218 1.612006425857544 0.8182012438774109 -0.574877142906189 -0.0
0.925524890422821 1.351136565208435 1.6304409503936768 -0.0 0.0 0.999969482421875
1.147204041481018 1.432740569114685 1.4993010759353638 0.8182012438774109 -0.574877142906189 -0.0
1.0901309251785278 1.4728423357009888 1.5690542459487915 -0.0 0.0 1.0
1.0925650596618652 1.4763067960739136 1.5690542459487915 -0.0 0.0 1.0
1.1496381759643555 1.4362050294876099 1.4993010759353638 0.8182012438774109 -0.574877142906189 -0.0
1.147204041481018 1.432740569114685 1.4006532430648804 0.8182012438774109 -0.574877142906189 -0.0
1.1496381759643555 1.4362050294876099 1.4006532430648804 0.5785698890686035 -0.4065065383911133 -0.7070833444595337
1.0901308059692383 1.4728423357009888 1.3309000730514526 0.5785698890686035 -0.4065065383911133 -0.7070833444595337
1.0925649404525757 1.4763067960739136 1.3309000730514526 -0.0 0.0 -1.0
1.009416937828064 1.529554843902588 1.3309000730514526 -0.5785393714904785 0.4065065383911133 -0.7070833444595337
1.011851191520691 1.5330193042755127 1.3309000730514526 -0.5785393714904785 0.4065065383911133 -0.7070833444595337
0.9523438215255737 1.5696567296981812 1.400654673576355 -0.5785393714904785 0.4065065383911133 -0.7070833444595337
0.9547779560089111 1.5731210708618164 1.400654673576355 -0.5785393714904785 0.4065065383911133 -0.7070833444595337
0.9523438215255737 1.5696567296981812 1.4993010759353638 -0.8182012438774109 0.574877142906189 -0.0
0.9547779560089111 1.5731210708618164 1.4993010759353638 -0.8182012438774109 0.574877142906189 -0.0
1.009416937828064 1.5295549631118774 1.5690542459487915 -0.0 0.0 1.0
1.0118510723114014 1.5330194234848022 1.5690542459487915 -0.5785698890686035 0.4064760208129883 0.7070833444595337
1.212470293045044 1.3953338861465454 1.4886571168899536 -0.31308940052986145 0.21997740864753723 -0.9238868355751038
1.2087455987930298 1.3900328874588013 1.4886571168899536 -0.31308940052986145 0.21997740864753723 -0.9238868355751038
1.2204394340515137 1.3818162679672241 1.494576334953308 0.31305888295173645 -0.21997740864753723 -0.9238868355751038
1.2241641283035278 1.3871172666549683 1.494576334953308 0.7559129595756531 -0.5311441421508789 -0.382671594619751
1.2252837419509888 1.3784126043319702 1.5088695287704468 0.7559129595756531 -0.5311441421508789 -0.382671594619751
1.229008436203003 1.3837134838104248 1.5088695287704468 0.7559129595756531 -0.5311441421508789 -0.382671594619751
1.2204394340515137 1.3818162679672241 1.52316153049469 0.31311991810798645 -0.22000794112682343 0.9238563179969788
1.2241641283035278 1.3871172666549683 1.52316153049469 0.7558824419975281 -0.5311441421508789 0.382702112197876
1.2087455987930298 1.3900328874588013 1.5290820598602295 -0.31311991810798645 0.22000794112682343 0.9238563179969788
1.212470293045044 1.3953338861465454 1.5290820598602295 -0.31311991810798645 0.22000794112682343 0.9238563179969788
1.1970518827438354 1.3982493877410889 1.52316153049469 -0.31311991810798645 0.22000794112682343 0.9238563179969788
1.2007765769958496 1.403550386428833 1.52316153049469 -0.7559129595756531 0.5311136245727539 0.382702112197876
1.1922075748443604 1.4016531705856323 1.5088695287704468 -0.7559129595756531 0.5311136245727539 0.382702112197876
1.195932149887085 1.406954050064087 1.5088695287704468 -0.7559129595756531 0.5311136245727539 0.382702112197876
1.1970518827438354 1.3982493877410889 1.494576334953308 -0.31308940052986145 0.21997740864753723 -0.9238868355751038
1.2007765769958496 1.403550386428833 1.494576334953308 -0.7559129595756531 0.5311441421508789 -0.382671594619751
0.5589759945869446 1.6264673471450806 1.3752729892730713 -0.0 0.0 1.0
0.5589759945869446 1.6264673471450806 1.3012382984161377 -0.574907660484314 -0.8182012438774109 -0.0
0.6212806105613708 1.715139627456665 1.3012381792068481 -0.0 0.0 -1.0
0.6212806105613708 1.715139627456665 1.3752728700637817 -0.0 0.0 1.0
0.6251680254936218 1.579958200454712 1.3752729892730713 -0.574907660484314 -0.8182012438774109 -0.0
0.6251680254936218 1.579958200454712 1.3012382984161377 -0.574907660484314 -0.8182012438774109 -0.0
0.6874725818634033 1.668630838394165 1.3012381792068481 0.574907660484314 0.8182012438774109 -0.0
0.6874725818634033 1.668630838394165 1.3752728700637817 0.574907660484314 0.8182012438774109 -0.0
0.46554034948349 1.359557867050171 1.4292666912078857 -0.9163792729377747 0.40025025606155396 -0.0
0.4655402898788452 1.3595577478408813 1.3751578330993652 -0.9163792729377747 0.40025025606155396 -0.0
0.6211229562759399 1.7157515287399292 1.3751577138900757 -0.9163792729377747 0.40025025606155396 -0.0
0.6211229562759399 1.7157515287399292 1.4292665719985962 -0.9163792729377747 0.40025025606155396 -0.0
0.468731164932251 1.3573157787322998 1.4292666912078857 -0.574907660484314 -0.8182012438774109 -0.0
0.468731164932251 1.3573156595230103 1.3751578330993652 -0.574907660484314 -0.8182012438774109 -0.0
0.7210124731063843 1.7163649797439575 1.3751577138900757 -0.006134220398962498 0.999969482421875 -0.0
0.7210124731063843 1.716365098953247 1.4292665719985962 -0.006134220398962498 0.999969482421875 -0.0
1.083504319190979 1.482673168182373 1.5423200130462646 0.574907660484314 0.8182012438774109 -0.0
1.1277648210525513 1.4515740871429443 1.4882272481918335 0.574907660484314 0.8182012438774109 -0.0
1.0209119319915771 1.5266528129577637 1.5423200130462646 0.574907660484314 0.8182012438774109 -0.0
1.1277648210525513 1.4515740871429443 1.4117270708084106 0.574907660484314 0.8182012438774109 -0.0
0.9766513705253601 1.5577521324157715 1.4882272481918335 0.574907660484314 0.8182012438774109 -0.0
1.083504319190979 1.482673168182373 1.357634425163269 0.574907660484314 0.8182012438774109 -0.0
0.9766513705253601 1.5577521324157715 1.4117270708084106 0.574907660484314 0.8182012438774109 -0.0
1.0209119319915771 1.5266528129577637 1.357634425163269 0.574907660484314 0.8182012438774109 -0.0
0.49596327543258667 1.3342305421829224 1.651426911354065 -0.0 0.0 1.0
0.49596327543258667 1.3342305421829224 1.4316651821136475 -0.0 0.0 -1.0
0.5307374000549316 1.6048569679260254 1.4316651821136475 -0.0 0.0 -1.0
0.5307374000549316 1.6048569679260254 1.651426911354065 -0.0 0.0 1.0
0.5933974385261536 1.2657697200775146 1.651426911354065 -0.0 0.0 1.0
0.5933974385261536 1.265769600868225 1.4316651821136475 -0.0 0.0 -0.999969482421875
0.7302191853523254 1.4604955911636353 1.651426911354065 -0.0 0.0 1.0
0.7302191853523254 1.4604955911636353 1.4316651821136475 -0.0 0.0 -1.0
0.7655580043792725 1.3995755910873413 1.6131675243377686 0.8182012438774109 -0.574907660484314 -0.0
0.7655580043792725 1.3995755910873413 1.581984281539917 0.8182012438774109 -0.574907660484314 -0.0
0.6511738300323486 1.2367830276489258 1.581984281539917 0.8182012438774109 -0.574907660484314 -0.0
0.6511738300323486 1.2367829084396362 1.6131675243377686 0.8182012438774109 -0.574907660484314 -0.0
1.0259701013565063 0.9734371900558472 1.6131675243377686 -0.8182012438774109 0.574907660484314 -0.0
1.0259701013565063 0.9734371900558472 1.581984281539917 -0.8182012438774109 0.574907660484314 -0.0
1.1403542757034302 1.1362297534942627 1.6131675243377686 -0.8182012438774109 0.574907660484314 -0.0
1.1403542757034302 1.1362297534942627 1.581984281539917 -0.8182012438774109 0.574907660484314 -0.0
1.1352713108062744 0.8639854788780212 1.296010136604309 0.3724478781223297 -0.9280373454093933 -0.0
0.6122849583625793 1.2314552068710327 1.296010136604309 -0.574907660484314 -0.8182012438774109 -0.0
1.236562967300415 1.3722171783447266 1.2960100173950195 -0.0 0.0 -1.0
0.8901672959327698 1.6156095266342163 1.2960100173950195 -0.0 0.0 -1.0
0.8852310180664062 1.617414951324463 1.2960100173950195 -0.0 0.0 -1.0
0.880053699016571 1.6165107488632202 1.2960100173950195 -0.4211859405040741 0.9069490432739258 -0.0
0.8760236501693726 1.6131393909454346 1.2960100173950195 -0.7388530969619751 0.6738486886024475 -0.0
1.2365630865097046 1.3722171783447266 1.613167405128479 -0.0 0.0 1.0
0.8901672959327698 1.6156095266342163 1.613167405128479 -0.0 0.0 1.0
1.2365630865097046 1.3722171783447266 1.435583472251892 0.7838373780250549 0.6209601163864136 -0.0
0.8901672959327698 1.6156095266342163 1.435583472251892 -0.0 -0.00012207403779029846 -1.0
0.8852310180664062 1.617414951324463 1.435583472251892 -0.0 -9.155552834272385e-05 -1.0
0.8800537586212158 1.6165107488632202 1.435583472251892 -0.4211859405040741 0.9069490432739258 -0.0
0.8522710800170898 1.636031985282898 1.435583472251892 -0.0 -0.00027466658502817154 -1.0
0.8551899194717407 1.640186071395874 1.435583472251892 0.574907660484314 0.8182012438774109 -0.0
0.8760236501693726 1.6131393909454346 1.435583472251892 -0.0 -0.0002136295661330223 -0.999969482421875
0.6122849583625793 1.2314552068710327 1.4355835914611816 -0.0 0.0 -1.0
0.6122848987579346 1.2314552068710327 1.6131675243377686 -0.574907660484314 -0.8182012438774109 -0.0
1.1352711915969849 0.863985538482666 1.6131675243377686 0.3724478781223297 -0.9280373454093933 -0.0
1.1352711915969849 0.863985538482666 1.4355835914611816 0.3724478781223297 -0.9280373454093933 -0.0
0.5826374292373657 1.252286672592163 1.4355835914611816 -0.0 0.0 -1.0
0.582637369632721 1.252286672592163 1.6131675243377686 -0.8182012438774109 0.574907660484314 -0.0
0.7234370112419128 1.724779725074768 1.5817198753356934 -0.0 0.0 1.0
0.6989347338676453 1.6899079084396362 1.5817198753356934 -0.0 0.0 1.0
0.6989347338676453 1.6899079084396362 1.534713864326477 -0.574907660484314 -0.8182012438774109 -0.0
0.7234370112419128 1.724779725074768 1.534713864326477 0.574907660484314 0.8182012438774109 -0.0
0.6490728259086609 1.7249428033828735 1.534713864326477 -0.0 0.0 -1.0
0.6735750436782837 1.7598146200180054 1.534713864326477 -0.0 0.0 -1.0
0.6490728259086609 1.7249428033828735 1.5817198753356934 -0.574907660484314 -0.8182012438774109 -0.0
0.6735750436782837 1.7598146200180054 1.5817198753356934 0.574907660484314 0.8182012438774109 -0.0
0.7234385013580322 1.7247787714004517 1.5301384925842285 -0.8181707262992859 0.574938178062439 0.0005493331700563431
0.7234407663345337 1.7247772216796875 1.585221290588379 -0.8182012438774109 0.574907660484314 -0.0010986663401126862
0.7234371304512024 1.724779725074768 1.5889936685562134 -0.8182012438774109 0.574907660484314 -0.0
0.6989348530769348 1.6899079084396362 1.5889936685562134 -0.8182012438774109 0.574907660484314 -0.0
0.7272974848747253 1.7302732467651367 1.5274399518966675 -0.8181707262992859 0.574938178062439 0.0005493331700563431
0.7272986173629761 1.7302724123001099 1.5301384925842285 -0.8181707262992859 0.574938178062439 0.0005493331700563431
0.7273008227348328 1.7302708625793457 1.585221290588379 0.574907660484314 0.8182012438774109 -0.0
0.7272974848747253 1.7302732467651367 1.5889936685562134 -0.0 0.0 0.999969482421875
0.826948344707489 1.5999925136566162 1.4399083852767944 -0.39951780438423157 0.28070923686027527 -0.8726767897605896
0.851443886756897 1.6348546743392944 1.4399083852767944 -0.39951780438423157 0.28070923686027527 -0.8726767897605896
0.8552954792976379 1.6403363943099976 1.4399083852767944 0.574907660484314 0.8182012438774109 -0.0
0.8269335031509399 1.5999714136123657 1.5889936685562134 -0.0 0.0 1.0
0.8514357209205627 1.634843111038208 1.5889936685562134 -0.0 0.0 1.0
0.8552958965301514 1.6403368711471558 1.5889936685562134 0.574907660484314 0.8182012438774109 -0.0
0.8552959561347961 1.6403367519378662 1.5851716995239258 0.574907660484314 0.8182012438774109 -0.0
0.8514357805252075 1.6348429918289185 1.5851716995239258 0.574877142906189 0.8182012438774109 6.103701889514923e-05
0.8552954792976379 1.6403363943099976 1.4436808824539185 0.395764023065567 -0.2780846655368805 0.8752098083496094
0.851443886756897 1.6348546743392944 1.4436808824539185 0.395764023065567 -0.2780846655368805 0.8752098083496094
0.6989347338676453 1.6899079084396362 1.5274399518966675 -0.8182012438774109 0.574907660484314 -0.0
0.7234370112419128 1.724779725074768 1.5274399518966675 -0.8181707262992859 0.574938178062439 0.0005493331700563431
0.4671563506126404 1.3544714450836182 1.431665062904358 -0.0 0.0 1.0
0.467156320810318 1.354471206665039 1.3012397289276123 -0.0 0.0 -1.0
0.7218144536018372 1.7169032096862793 1.3012394905090332 -0.0 0.0 -1.0
0.7218144536018372 1.7169032096862793 1.431665062904358 -0.0 0.0 0.999969482421875
0.6200482249259949 1.2470437288284302 1.4316651821136475 -0.0 0.0 1.0
0.6200482249259949 1.2470437288284302 1.3012397289276123 -0.0 0.0 -1.0
0.8747074007987976 1.609474778175354 1.3012396097183228 -0.0 0.0 -0.999969482421875
0.8747074604034424 1.609474778175354 1.431665062904358 -0.0 0.0 1.0
1.0640029907226562 1.521288275718689 1.3356274366378784 0.00027466658502817154 -0.0001831110566854477 -0.999969482421875
1.0518206357955933 1.5041102170944214 1.3356274366378784 -0.00027466658502817154 0.0001831110566854477 -0.999969482421875
1.076035499572754 1.4870960712432861 1.3395230770111084 0.21082186698913574 -0.14951017498970032 -0.9660024046897888
1.0882179737091064 1.5042741298675537 1.3395230770111084 0.574877142906189 0.8182012438774109 -0.0
1.0986013412475586 1.471240520477295 1.3509464263916016 0.40760520100593567 -0.28907132148742676 -0.8661763072013855
1.1107839345932007 1.4884183406829834 1.3509464263916016 0.574877142906189 0.8182012438774109 -0.0
1.1179797649383545 1.4576244354248047 1.3691192865371704 0.5766167044639587 -0.40894803404808044 -0.7072664499282837
1.130162239074707 1.4748023748397827 1.3691192865371704 0.5769218802452087 -0.40916165709495544 -0.7069002389907837
1.1328479051589966 1.447177529335022 1.3928016424179077 0.7063204050064087 -0.5009002685546875 -0.5001373291015625
1.1450303792953491 1.46435546875 1.3928016424179077 0.574907660484314 0.8182012438774109 -0.0
1.1421958208084106 1.4406094551086426 1.42038094997406 0.7878658175468445 -0.5587328672409058 -0.25888851284980774
1.1543781757354736 1.4577873945236206 1.42038094997406 0.574877142906189 0.8182012438774109 -0.0
1.1453832387924194 1.4383697509765625 1.449977159500122 0.8156682252883911 -0.5784783363342285 -0.0
1.1575658321380615 1.45554780960083 1.449977159500122 0.574877142906189 0.8182012438774109 -0.0
1.1421958208084106 1.4406094551086426 1.479573369026184 0.7878658175468445 -0.5587328672409058 0.25888851284980774
1.1543781757354736 1.4577873945236206 1.479573369026184 0.574877142906189 0.8182012438774109 -0.0
1.1328479051589966 1.447177529335022 1.5071526765823364 0.7063204050064087 -0.5009002685546875 0.5001373291015625
1.1450303792953491 1.46435546875 1.5071526765823364 0.574907660484314 0.8182012438774109 -0.0
1.1179797649383545 1.4576245546340942 1.5308350324630737 0.5766167044639587 -0.40894803404808044 0.7072664499282837
1.130162239074707 1.4748024940490723 1.5308350324630737 0.574907660484314 0.8182012438774109 -0.0
1.0986013412475586 1.471240520477295 1.5490078926086426 0.40760520100593567 -0.28907132148742676 0.8661763072013855
1.1107839345932007 1.4884183406829834 1.5490078926086426 0.574877142906189 0.8182012438774109 -0.0
1.0760356187820435 1.4870960712432861 1.5604312419891357 0.21082186698913574 -0.14951017498970032 0.9660024046897888
1.088218092918396 1.5042741298675537 1.5604312419891357 0.574877142906189 0.8182012438774109 -0.0
1.0518194437026978 1.5041110515594482 1.5643283128738403 -0.00027466658502817154 0.0002136295661330223 0.999969482421875
1.0640029907226562 1.521288275718689 1.5643283128738403 0.574877142906189 0.8182012438774109 -0.0
1.027604579925537 1.5211254358291626 1.5604312419891357 -0.21137119829654694 0.1499069184064865 0.965819239616394
1.0397871732711792 1.5383033752441406 1.5604312419891357 0.574877142906189 0.8182012438774109 -0.0
1.0050387382507324 1.5369811058044434 1.5490078926086426 -0.40806299448013306 0.28937649726867676 0.8658406138420105
1.0172213315963745 1.5541590452194214 1.5490078926086426 -0.40760520100593567 0.28907132148742676 0.8661763072013855
0.9856604337692261 1.5505969524383545 1.5308350324630737 -0.5769218802452087 0.40916165709495544 0.7069002389907837
0.9978430271148682 1.5677748918533325 1.5308350324630737 0.574907660484314 0.8182012438774109 -0.0
0.9707923531532288 1.5610439777374268 1.5071526765823364 -0.7064729928970337 0.5010223984718323 0.4998321533203125
0.9829748868942261 1.5782217979431152 1.5071526765823364 0.574907660484314 0.8182012438774109 -0.0
0.9614444971084595 1.5676122903823853 1.479573369026184 -0.7878963351249695 0.5587939023971558 0.25870540738105774
0.9736270308494568 1.5847898721694946 1.479573369026184 -0.7878658175468445 0.5587633848190308 0.25888851284980774
0.9582570195198059 1.5698518753051758 1.449977159500122 -0.8156682252883911 0.5784783363342285 -0.0
0.9704394340515137 1.5870295763015747 1.449977159500122 -0.8156682252883911 0.5784783363342285 -0.0
0.9614444971084595 1.5676122903823853 1.42038094997406 -0.7878963351249695 0.5587633848190308 -0.25870540738105774
0.9736270308494568 1.5847898721694946 1.42038094997406 0.574877142906189 0.8182012438774109 -0.0
0.970792293548584 1.5610439777374268 1.3928016424179077 -0.7064729928970337 0.5010223984718323 -0.4998321533203125
0.9829748868942261 1.5782217979431152 1.3928016424179077 -0.7063204050064087 0.5009307861328125 -0.5001373291015625
0.9856604337692261 1.5505969524383545 1.3691192865371704 -0.5769218802452087 0.40916165709495544 -0.7069002389907837
0.9978430271148682 1.5677748918533325 1.3691192865371704 0.574907660484314 0.8182012438774109 -0.0
1.0050386190414429 1.5369811058044434 1.3509464263916016 -0.40806299448013306 0.28937649726867676 -0.8658406138420105
1.017221212387085 1.5541590452194214 1.3509464263916016 0.574907660484314 0.8182012438774109 -0.0
1.027604579925537 1.5211254358291626 1.3395230770111084 -0.21137119829654694 0.1499069184064865 -0.965819239616394
1.0397871732711792 1.5383033752441406 1.3395230770111084 -0.21082186698913574 0.14951017498970032 -0.9660024046897888
1.0640029907226562 1.521288275718689 1.3429889678955078 -0.0014954069629311562 0.0010986663401126862 0.999969482421875
1.0866597890853882 1.505368709564209 1.3466342687606812 -0.20978423953056335 0.15463729202747345 0.965422511100769
1.107772707939148 1.4905340671539307 1.357322335243225 0.574877142906189 0.8182012438774109 -0.0
1.1259019374847412 1.477795958518982 1.3743246793746948 -0.5699942111968994 0.4202093482017517 0.7060456871986389
1.1398146152496338 1.4680204391479492 1.396483063697815 0.574907660484314 0.8182012438774109 -0.0
1.148559808731079 1.461875557899475 1.4222866296768188 0.574877142906189 0.8182012438774109 -0.0
1.15154230594635 1.4597798585891724 1.449977159500122 -0.8048951625823975 0.5934019088745117 -0.0
1.148559808731079 1.461875557899475 1.4776676893234253 -0.7775810956954956 0.573259711265564 -0.25827813148498535
1.1398146152496338 1.4680204391479492 1.5034712553024292 -0.6974700093269348 0.5142063498497009 -0.4990691840648651
1.1259019374847412 1.477795958518982 1.5256296396255493 -0.5699942111968994 0.4202093482017517 -0.7060456871986389
1.107772707939148 1.4905340671539307 1.542631983757019 0.574877142906189 0.8182012438774109 -0.0
1.0866597890853882 1.505368709564209 1.553320050239563 0.574877142906189 0.8182012438774109 -0.0
1.0640029907226562 1.521288275718689 1.5569654703140259 -0.0014954069629311562 0.0010986663401126862 -0.999969482421875
1.041345238685608 1.5372086763381958 1.553320050239563 0.574877142906189 0.8182012438774109 -0.0
1.0202324390411377 1.5520431995391846 1.542631983757019 0.40137943625450134 -0.29590746760368347 -0.8667562007904053
1.0021032094955444 1.5647814273834229 1.5256296396255493 0.5684377551078796 -0.4191106855869293 -0.7079378366470337
0.9881905913352966 1.5745570659637451 1.5034712553024292 0.6967070698738098 -0.5136570334434509 -0.5007171630859375
0.9794453978538513 1.5807018280029297 1.4776676893234253 0.574877142906189 0.8182012438774109 -0.0
0.976462721824646 1.5827974081039429 1.449977159500122 0.574877142906189 0.8182012438774109 -0.0
0.9794453978538513 1.5807018280029297 1.4222866296768188 0.7773674726486206 -0.5731070637702942 0.25922420620918274
0.9881916642189026 1.5745562314987183 1.396483063697815 0.6967070698738098 -0.5136265158653259 0.5007171630859375
1.0021032094955444 1.5647814273834229 1.3743246793746948 0.574907660484314 0.8182012438774109 -0.0
1.0202324390411377 1.5520431995391846 1.357322335243225 0.574907660484314 0.8182012438774109 -0.0
1.041345238685608 1.5372085571289062 1.3466342687606812 0.574877142906189 0.8182012438774109 -0.0
1.084260106086731 1.5021138191223145 1.3466342687606812 -0.2069460153579712 0.15256202220916748 0.9663686156272888
1.061603307723999 1.5180332660675049 1.3429889678955078 0.574907660484314 0.8182012438774109 -0.0
1.1053730249404907 1.4872791767120361 1.357322335243225 -0.40137943625450134 0.29590746760368347 0.8667562007904053
1.1235021352767944 1.4745410680770874 1.3743246793746948 0.574907660484314 0.8182012438774109 -0.0
1.1374149322509766 1.4647653102874756 1.396483063697815 0.574907660484314 0.8182012438774109 -0.0
1.1461600065231323 1.458620548248291 1.4222866296768188 0.574907660484314 0.8182012438774109 -0.0
1.1491426229476929 1.4565249681472778 1.449977159500122 0.574907660484314 0.8182012438774109 -0.0
1.1461600065231323 1.458620548248291 1.4776676893234253 -0.7773674726486206 0.5731070637702942 -0.25922420620918274
1.1374149322509766 1.4647653102874756 1.5034712553024292 -0.6967070698738098 0.5136265158653259 -0.5007171630859375
1.1235021352767944 1.4745410680770874 1.5256296396255493 -0.5684682726860046 0.4190801680088043 -0.7079378366470337
1.1053730249404907 1.4872791767120361 1.542631983757019 0.574907660484314 0.8182012438774109 -0.0
1.084260106086731 1.5021138191223145 1.553320050239563 0.574877142906189 0.8182012438774109 -0.0
1.061603307723999 1.5180332660675049 1.5569654703140259 0.574907660484314 0.8182012438774109 -0.0
1.0389454364776611 1.5339536666870117 1.553320050239563 0.574907660484314 0.8182012438774109 -0.0
1.017832636833191 1.54878830909729 1.542631983757019 0.4036683142185211 -0.29761651158332825 -0.8651387095451355
0.9997034072875977 1.5615265369415283 1.5256296396255493 0.5699636936187744 -0.4202093482017517 -0.7060456871986389
0.9857907891273499 1.571302056312561 1.5034712553024292 0.6974700093269348 -0.5142063498497009 -0.4990691840648651
0.9770455956459045 1.577446699142456 1.4776676893234253 0.574907660484314 0.8182012438774109 -0.0
0.974062979221344 1.5795425176620483 1.449977159500122 0.574877142906189 0.8182012438774109 -0.0
0.9770455956459045 1.577446699142456 1.4222866296768188 0.574877142906189 0.8182012438774109 -0.0
0.9857919216156006 1.5713013410568237 1.396483063697815 0.574907660484314 0.8182012438774109 -0.0
0.9997034072875977 1.5615265369415283 1.3743246793746948 0.5699636936187744 -0.4202093482017517 0.7060456871986389
1.017832636833191 1.54878830909729 1.357322335243225 0.574877142906189 0.8182012438774109 -0.0
1.0389454364776611 1.5339535474777222 1.3466342687606812 0.574907660484314 0.8182012438774109 -0.0
1.061603307723999 1.5180332660675049 1.365909218788147 -0.0 0.0 1.0
1.0794059038162231 1.5055245161056519 1.3687738180160522 -0.21173742413520813 0.14877773821353912 0.9659108519554138
1.0959956645965576 1.493868112564087 1.3771718740463257 0.574907660484314 0.8182012438774109 -0.0
1.110242486000061 1.4838576316833496 1.3905316591262817 0.574907660484314 0.8182012438774109 -0.0
1.121173620223999 1.4761769771575928 1.407942533493042 0.574907660484314 0.8182012438774109 -0.0
1.1280450820922852 1.4713488817214966 1.4282193183898926 0.574907660484314 0.8182012438774109 -0.0
1.1303889751434326 1.4697020053863525 1.449977159500122 0.574907660484314 0.8182012438774109 -0.0
1.1280450820922852 1.4713488817214966 1.4717364311218262 0.574907660484314 0.8182012438774109 -0.0
1.121173620223999 1.4761769771575928 1.4920117855072021 -0.7085787653923035 0.4978484511375427 -0.4999847412109375
1.110241413116455 1.483858346939087 1.5094226598739624 -0.5785393714904785 0.4065065383911133 -0.7071138620376587
1.0959956645965576 1.493868112564087 1.5227824449539185 0.574907660484314 0.8182012438774109 -0.0
1.0794060230255127 1.5055245161056519 1.5311819314956665 0.574877142906189 0.8182012438774109 -0.0
1.061603307723999 1.5180332660675049 1.5340464115142822 0.574907660484314 0.8182012438774109 -0.0
1.043799638748169 1.5305428504943848 1.5311819314956665 0.574907660484314 0.8182012438774109 -0.0
1.0272101163864136 1.5421993732452393 1.5227824449539185 0.574907660484314 0.8182012438774109 -0.0
1.012963056564331 1.552209734916687 1.5094226598739624 0.5785393714904785 -0.4064760208129883 -0.7071138620376587
1.0020318031311035 1.5598903894424438 1.4920117855072021 0.7085787653923035 -0.4978789687156677 -0.4999847412109375
0.9951604604721069 1.5647186040878296 1.4717364311218262 0.574907660484314 0.8182012438774109 -0.0
0.9928167462348938 1.566365361213684 1.449977159500122 0.574877142906189 0.8182012438774109 -0.0
0.9951604604721069 1.5647186040878296 1.4282193183898926 0.790337860584259 -0.5553147792816162 0.25876644253730774
1.0020318031311035 1.5598903894424438 1.407942533493042 0.574907660484314 0.8182012438774109 -0.0
1.012964129447937 1.5522089004516602 1.3905316591262817 0.5785393714904785 -0.4065065383911133 0.7071138620376587
1.027209997177124 1.5421993732452393 1.3771718740463257 0.574877142906189 0.8182012438774109 -0.0
1.043799638748169 1.5305428504943848 1.3687738180160522 0.574907660484314 0.8182012438774109 -0.0
1.0764638185501099 1.5013372898101807 1.3687738180160522 0.574907660484314 0.8182012438774109 -0.0
1.0586612224578857 1.5138460397720337 1.365909218788147 0.574907660484314 0.8182012438774109 -0.0
1.0930534601211548 1.4896808862686157 1.3771718740463257 0.574877142906189 0.8182012438774109 -0.0
1.1073004007339478 1.4796704053878784 1.3905316591262817 0.574907660484314 0.8182012438774109 -0.0
1.1182315349578857 1.4719898700714111 1.407942533493042 0.574907660484314 0.8182012438774109 -0.0
1.1251029968261719 1.4671615362167358 1.4282193183898926 0.574907660484314 0.8182012438774109 -0.0
1.1274467706680298 1.4655147790908813 1.449977159500122 0.574907660484314 0.8182012438774109 -0.0
1.1251029968261719 1.4671615362167358 1.4717364311218262 0.574907660484314 0.8182012438774109 -0.0
1.1182315349578857 1.4719898700714111 1.4920117855072021 -0.7085787653923035 0.4978484511375427 -0.4999847412109375
1.1072993278503418 1.4796711206436157 1.5094226598739624 0.574877142906189 0.8182012438774109 -0.0
1.0930534601211548 1.4896808862686157 1.5227824449539185 0.574907660484314 0.8182012438774109 -0.0
1.0764639377593994 1.5013372898101807 1.5311819314956665 0.574907660484314 0.8182012438774109 -0.0
1.0586612224578857 1.5138460397720337 1.5340464115142822 0.574907660484314 0.8182012438774109 -0.0
1.0408575534820557 1.5263556241989136 1.5311819314956665 0.574907660484314 0.8182012438774109 -0.0
1.0242680311203003 1.538012146949768 1.5227824449539185 0.574907660484314 0.8182012438774109 -0.0
1.0100210905075073 1.5480225086212158 1.5094226598739624 0.574907660484314 0.8182012438774109 -0.0
0.999089777469635 1.5557032823562622 1.4920117855072021 0.574907660484314 0.8182012438774109 -0.0
0.9922183752059937 1.5605313777923584 1.4717364311218262 0.574907660484314 0.8182012438774109 -0.0
0.9898746609687805 1.562178134918213 1.449977159500122 0.574877142906189 0.8182012438774109 -0.0
0.9922183752059937 1.5605313777923584 1.4282193183898926 0.574877142906189 0.8182012438774109 -0.0
0.999089777469635 1.5557032823562622 1.407942533493042 0.574907660484314 0.8182012438774109 -0.0
1.0100220441818237 1.5480217933654785 1.3905316591262817 0.574877142906189 0.8182012438774109 -0.0
1.0242679119110107 1.538012146949768 1.3771718740463257 0.40910062193870544 -0.287453830242157 0.8660237193107605
1.0408575534820557 1.5263556241989136 1.3687738180160522 0.574907660484314 0.8182012438774109 -0.0
1.069614291191101 1.4960193634033203 1.3782793283462524 -0.21176794171333313 0.14877773821353912 0.9659108519554138
1.0538957118988037 1.507063627243042 1.3757497072219849 -0.0 0.0 0.999969482421875
1.056453824043274 1.510704517364502 1.3757497072219849 -0.0 0.0 1.0
1.0721724033355713 1.4996602535247803 1.3782793283462524 0.3327738344669342 0.7437971234321594 0.5796685814857483
1.0842621326446533 1.485727071762085 1.3856945037841797 -0.40907010436058044 0.287423312664032 0.8660237193107605
1.0868202447891235 1.489367961883545 1.3856945037841797 -0.40907010436058044 0.287423312664032 0.8660237193107605
1.096840262413025 1.4768892526626587 1.39749014377594 -0.5785393714904785 0.4065065383911133 0.7071138620376587
1.0993983745574951 1.480530023574829 1.39749014377594 0.11264381557703018 0.8984344005584717 0.42432934045791626
1.1064928770065308 1.470107078552246 1.412864089012146 -0.7086092829704285 0.4978484511375427 0.4999847412109375
1.109050989151001 1.473747968673706 1.412864089012146 -0.7086092829704285 0.4978484511375427 0.4999847412109375
1.1125599145889282 1.4658441543579102 1.4307664632797241 -0.790337860584259 0.5552842617034912 0.25879696011543274
1.1151180267333984 1.4694850444793701 1.4307664632797241 -0.790337860584259 0.5552842617034912 0.25879696011543274
1.114629864692688 1.4643898010253906 1.449977159500122 -0.8182012438774109 0.574877142906189 -0.0
1.1171879768371582 1.468030571937561 1.449977159500122 -0.8182012438774109 0.574877142906189 -0.0
1.1125599145889282 1.4658441543579102 1.4691892862319946 -0.790337860584259 0.5552842617034912 -0.25879696011543274
1.1151180267333984 1.4694850444793701 1.4691892862319946 -0.014465773478150368 0.9877315759658813 -0.15533921122550964
1.1064928770065308 1.470107078552246 1.4870916604995728 -0.7086092829704285 0.4978484511375427 -0.4999847412109375
1.109050989151001 1.473747968673706 1.4870916604995728 0.034546952694654465 0.9532761573791504 -0.300088495016098
1.0968403816223145 1.4768892526626587 1.5024641752243042 -0.5785393714904785 0.4064760208129883 -0.7071138620376587
1.0993984937667847 1.480530023574829 1.5024641752243042 0.11261329799890518 0.8984344005584717 -0.42435988783836365
1.0842621326446533 1.485727071762085 1.5142598152160645 -0.40910062193870544 0.287453830242157 -0.8659932017326355
1.0868202447891235 1.489367961883545 1.5142598152160645 -0.40910062193870544 0.287453830242157 -0.8659932017326355
1.069614291191101 1.4960193634033203 1.5216763019561768 -0.21176794171333313 0.14877773821353912 -0.9659108519554138
1.0721724033355713 1.4996602535247803 1.5216763019561768 -0.21176794171333313 0.14877773821353912 -0.9659108519554138
1.0538957118988037 1.507063627243042 1.5242046117782593 -0.0 0.0 -1.0
1.056453824043274 1.510704517364502 1.5242046117782593 -0.0 0.0 -1.0
1.0381760597229004 1.5181089639663696 1.5216763019561768 0.21173742413520813 -0.14877773821353912 -0.9659108519554138
1.0407341718673706 1.5217498540878296 1.5216763019561768 0.5869625210762024 0.5652027726173401 -0.5796380639076233
1.0235282182693481 1.5284011363983154 1.5142598152160645 0.40910062193870544 -0.287453830242157 -0.8659932017326355
1.0260863304138184 1.5320420265197754 1.5142598152160645 0.40910062193870544 -0.287453830242157 -0.8659932017326355
1.0109500885009766 1.5372388362884521 1.5024641752243042 0.5785393714904785 -0.4064760208129883 -0.7071138620376587
1.0135082006454468 1.540879726409912 1.5024641752243042 0.8070619702339172 0.41050446033477783 -0.42432934045791626
1.0012977123260498 1.5440211296081543 1.4870916604995728 0.7085787653923035 -0.4978484511375427 -0.5000152587890625
1.0038557052612305 1.5476619005203247 1.4870916604995728 0.8851283192634583 0.3556321859359741 -0.300088495016098
0.995230495929718 1.5482841730117798 1.4691892862319946 0.790337860584259 -0.5552842617034912 -0.25879696011543274
0.9977886080741882 1.5519250631332397 1.4691892862319946 0.9341715574264526 0.32114627957344055 -0.15533921122550964
0.9931606650352478 1.5497385263442993 1.449977159500122 0.8182012438774109 -0.574877142906189 -0.0
0.995718777179718 1.5533792972564697 1.449977159500122 0.8182012438774109 -0.574877142906189 -0.0
0.995230495929718 1.5482841730117798 1.4307664632797241 0.790337860584259 -0.5552842617034912 0.25879696011543274
0.9977886080741882 1.5519250631332397 1.4307664632797241 0.790337860584259 -0.5552842617034912 0.25879696011543274
1.0012977123260498 1.5440211296081543 1.412864089012146 0.7085787653923035 -0.4978484511375427 0.4999847412109375
1.0038557052612305 1.5476619005203247 1.412864089012146 0.7085787653923035 -0.4978484511375427 0.4999847412109375
1.0109500885009766 1.5372388362884521 1.39749014377594 0.5785393714904785 -0.4065065383911133 0.7071138620376587
1.0135082006454468 1.540879726409912 1.39749014377594 0.5785393714904785 -0.4065065383911133 0.7071138620376587
1.0235282182693481 1.5284011363983154 1.3856945037841797 0.40910062193870544 -0.287423312664032 0.8660237193107605
1.0260863304138184 1.5320420265197754 1.3856945037841797 0.40910062193870544 -0.287423312664032 0.8660237193107605
1.0381760597229004 1.5181089639663696 1.3782793283462524 0.21176794171333313 -0.14877773821353912 0.9659108519554138
1.0407341718673706 1.5217498540878296 1.3782793283462524 0.21176794171333313 -0.14877773821353912 0.9659108519554138
1.0586612224578857 1.5138460397720337 1.370632529258728 0.574907660484314 0.8182012438774109 -0.0
1.0754632949829102 1.502040147781372 1.3733364343643188 0.3327738344669342 0.7437971234321594 0.5796685814857483
1.091121792793274 1.491038203239441 1.3812617063522339 0.574877142906189 0.8182012438774109 -0.0
1.1045664548873901 1.4815913438796997 1.3938716650009155 0.11264381557703018 0.8984344005584717 0.42432934045791626
1.1148840188980103 1.474341869354248 1.4103049039840698 0.574907660484314 0.8182012438774109 -0.0
1.1213698387145996 1.4697847366333008 1.4294419288635254 0.574907660484314 0.8182012438774109 -0.0
1.123582124710083 1.4682302474975586 1.449977159500122 0.574907660484314 0.8182012438774109 -0.0
1.1213698387145996 1.4697848558425903 1.4705137014389038 -0.014465773478150368 0.9877315759658813 -0.15533921122550964
1.1148840188980103 1.474341869354248 1.4896494150161743 0.034546952694654465 0.9532761573791504 -0.300088495016098
1.1045664548873901 1.4815913438796997 1.5060826539993286 0.11261329799890518 0.8984344005584717 -0.42435988783836365
1.091121792793274 1.491038203239441 1.5186926126480103 0.574907660484314 0.8182012438774109 -0.0
1.0754635334014893 1.5020402669906616 1.5266193151474 0.574907660484314 0.8182012438774109 -0.0
1.0586612224578857 1.5138460397720337 1.5293231010437012 0.574907660484314 0.8182012438774109 -0.0
1.0418579578399658 1.5256527662277222 1.5266193151474 0.5869625210762024 0.5652027726173401 -0.5796380639076233
1.0261996984481812 1.5366548299789429 1.5186926126480103 0.574907660484314 0.8182012438774109 -0.0
1.0127538442611694 1.5461024045944214 1.5060826539993286 0.8070924878120422 0.41050446033477783 -0.42432934045791626
1.0024374723434448 1.5533511638641357 1.4896494150161743 0.8851283192634583 0.3556321859359741 -0.300057977437973
0.9959515929222107 1.5579081773757935 1.4705137014389038 0.9341715574264526 0.32114627957344055 -0.15533921122550964
0.9937393069267273 1.5594627857208252 1.449977159500122 0.574877142906189 0.8182012438774109 -0.0
0.9959515929222107 1.5579081773757935 1.4294406175613403 0.574877142906189 0.8182012438774109 -0.0
1.0024373531341553 1.5533511638641357 1.4103049039840698 0.574907660484314 0.8182012438774109 -0.0
1.0127547979354858 1.5461015701293945 1.3938716650009155 0.574877142906189 0.8182012438774109 -0.0
1.0261996984481812 1.5366548299789429 1.3812617063522339 0.574877142906189 0.8182012438774109 -0.0
1.0418579578399658 1.5256527662277222 1.3733364343643188 0.574907660484314 0.8182012438774109 -0.0
0.6292827129364014 1.7386692762374878 1.4402841329574585 -0.8182317614555359 0.574877142906189 -0.0
0.5548555850982666 1.6327438354492188 1.440284252166748 -0.8182012438774109 0.574877142906189 -0.0
0.6292827129364014 1.7386692762374878 1.6282172203063965 -0.8182317614555359 0.574877142906189 -0.0
0.5548555850982666 1.6327438354492188 1.628217339515686 -0.8182012438774109 0.574907660484314 -0.0
0.5548555850982666 1.6327438354492188 1.4442108869552612 -0.8182012438774109 0.574907660484314 -0.0
0.5548555850982666 1.6327438354492188 1.624290943145752 -0.8182012438774109 0.574907660484314 -0.0
0.6292827129364014 1.7386692762374878 1.6242905855178833 -0.8182317614555359 0.574877142906189 -0.0
0.6292827129364014 1.7386692762374878 1.4442105293273926 -0.8182317614555359 0.574877142906189 -0.0
0.6264958381652832 1.734702706336975 1.4402841329574585 -0.8182012438774109 0.574877142906189 -0.0
0.5575972199440002 1.6366456747055054 1.440284252166748 -0.8182012438774109 0.574907660484314 -0.0
0.6264958381652832 1.734702706336975 1.6282172203063965 -0.8182012438774109 0.574877142906189 -0.0
0.5575972199440002 1.6366456747055054 1.628217339515686 -0.8182012438774109 0.574907660484314 -0.0
0.6264958381652832 1.734702706336975 1.4442105293273926 -0.0 0.0 1.0
0.5575972199440002 1.6366456747055054 1.4442108869552612 0.5684072375297546 0.8227179646492004 -0.0
0.6264958381652832 1.734702706336975 1.6242905855178833 -0.0 0.0 -1.0
0.5575972199440002 1.6366456747055054 1.624290943145752 0.5684072375297546 0.8227179646492004 -0.0
0.8124904632568359 1.6062039136886597 1.4442105293273926 -0.8182012438774109 0.574907660484314 -0.0
0.7435919046401978 1.5081467628479004 1.4442108869552612 -0.8182012438774109 0.574907660484314 -0.0
0.8124904632568359 1.6062039136886597 1.6242905855178833 -0.8182012438774109 0.574907660484314 -0.0
0.7435919046401978 1.5081467628479004 1.624290943145752 -0.8182012438774109 0.574907660484314 -0.0
1.2411903142929077 1.360687255859375 1.6131675243377686 -0.9810174703598022 0.19382305443286896 -0.0
1.2411903142929077 1.360687255859375 1.6131675243377686 -0.0 0.0 1.0
1.2411903142929077 1.360687255859375 1.6131675243377686 -0.0 0.0 1.0
1.2411903142929077 1.360687255859375 1.4355835914611816 -0.9810174703598022 0.19382305443286896 -0.0
1.1437216997146606 0.8673771023750305 1.613167643547058 -0.0 0.0 1.0
1.1437216997146606 0.8673771023750305 1.613167643547058 -0.9810174703598022 0.19382305443286896 -0.0
1.1437216997146606 0.8673771023750305 1.613167643547058 -0.0 0.0 1.0
1.1437216997146606 0.8673771023750305 1.4355837106704712 -0.9810174703598022 0.19382305443286896 -0.0
1.143721580505371 0.8673770427703857 1.2960102558135986 -0.0 0.0 -1.0
1.143721580505371 0.8673770427703857 1.2960102558135986 -0.9810174703598022 0.19382305443286896 -0.0
1.143721580505371 0.8673770427703857 1.2960102558135986 -0.0 0.0 -1.0
1.2411903142929077 1.3606871366500854 1.296010136604309 -0.0 0.0 -1.0
1.2411903142929077 1.3606871366500854 1.296010136604309 -0.9810174703598022 0.19382305443286896 -0.0
1.2411903142929077 1.3606871366500854 1.296010136604309 -0.0 0.0 -1.0
0.6516174077987671 1.7229759693145752 1.6282172203063965 0.574907660484314 0.8182012438774109 -0.0
0.6292827129364014 1.7386692762374878 1.6282172203063965 0.574907660484314 0.8182012438774109 -0.0
0.6697323322296143 1.7102477550506592 1.6282172203063965 0.574907660484314 0.8182012438774109 -0.0
0.8239412903785706 1.6018946170806885 1.6282172203063965 0.574907660484314 0.8182012438774109 -0.0
0.8239412903785706 1.6018946170806885 1.6282172203063965 -0.0 0.0 0.999969482421875
0.8239412307739258 1.6018946170806885 1.4402841329574585 0.574907660484314 0.8182012438774109 -0.0
0.8239412307739258 1.6018946170806885 1.4402841329574585 -0.0 0.0 -1.0
0.6697323322296143 1.7102477550506592 1.4402841329574585 -0.0 0.0 -1.0
0.6516173481941223 1.7229759693145752 1.4402841329574585 -0.0 0.0 -1.0
0.5701040029525757 1.6069653034210205 1.440284252166748 -0.7342448234558105 -0.6788537502288818 -0.0
0.5548555850982666 1.6327438354492188 1.440284252166748 -0.860683023929596 -0.5091097950935364 -0.0
0.7424279451370239 1.485884189605713 1.628217339515686 -0.574907660484314 -0.8182012438774109 -0.0
0.7424279451370239 1.485884189605713 1.628217339515686 -0.0 0.0 1.0
0.7424278855323792 1.485884189605713 1.440284252166748 -0.574907660484314 -0.8182012438774109 -0.0
0.7424278855323792 1.485884189605713 1.440284252166748 -0.0 0.0 -1.0
0.5882189273834229 1.594237208366394 1.628217339515686 -0.574907660484314 -0.8182012438774109 -0.0
0.5882189273834229 1.594237208366394 1.440284252166748 -0.574907660484314 -0.8182012438774109 -0.0
0.5701040625572205 1.60696542263031 1.628217339515686 -0.7342448234558105 -0.6788537502288818 -0.0
0.5548555850982666 1.6327438354492188 1.628217339515686 -0.860683023929596 -0.5091097950935364 -0.0
0.6292827129364014 1.7386692762374878 1.4402841329574585 -0.0 0.0 -1.0
1.1922075748443604 1.4016531705856323 1.5088695287704468 -0.7559129595756531 0.5311441421508789 -0.382671594619751
1.195932149887085 1.406954050064087 1.5088695287704468 -0.7559129595756531 0.5311441421508789 -0.382671594619751
1.195932149887085 1.406954050064087 1.5088695287704468 0.574907660484314 0.8182012438774109 -0.0
1.2252837419509888 1.3784126043319702 1.5088695287704468 0.7558824419975281 -0.5311441421508789 0.382702112197876
1.229008436203003 1.3837134838104248 1.5088695287704468 0.7558824419975281 -0.5311441421508789 0.382702112197876
1.229008436203003 1.3837134838104248 1.5088695287704468 0.574907660484314 0.8182012438774109 -0.0
1.1970518827438354 1.3982493877410889 1.52316153049469 -0.7559129595756531 0.5311136245727539 0.382702112197876
1.2007765769958496 1.403550386428833 1.52316153049469 -0.31311991810798645 0.22000794112682343 0.9238563179969788
1.2007765769958496 1.403550386428833 1.52316153049469 0.574907660484314 0.8182012438774109 -0.0
1.2087455987930298 1.3900328874588013 1.5290820598602295 0.31311991810798645 -0.22000794112682343 0.9238563179969788
1.212470293045044 1.3953338861465454 1.5290820598602295 0.31311991810798645 -0.22000794112682343 0.9238563179969788
1.212470293045044 1.3953338861465454 1.5290820598602295 0.574907660484314 0.8182012438774109 -0.0
0.7861469388008118 1.4475153684616089 1.649527907371521 0.574877142906189 0.8182012438774109 -0.0
0.7783561944961548 1.4529895782470703 1.647192358970642 0.574907660484314 0.8182012438774109 -0.0
1.1771855354309082 1.1727573871612549 1.649527907371521 0.574877142906189 0.8182012438774109 -0.0
1.184975028038025 1.1672840118408203 1.647192358970642 0.574907660484314 0.8182012438774109 -0.0
0.46554034948349 1.359557867050171 1.4292666912078857 -0.0 0.0 1.0
0.46554034948349 1.359557867050171 1.4292666912078857 -0.574907660484314 -0.8182012438774109 -0.0
0.6211229562759399 1.7157515287399292 1.4292665719985962 -0.0 0.0 1.0
0.6211229562759399 1.7157515287399292 1.4292665719985962 -0.006134220398962498 0.999969482421875 -0.0
1.2204394340515137 1.3818162679672241 1.494576334953308 0.7559129595756531 -0.5311441421508789 -0.382671594619751
1.2241641283035278 1.3871172666549683 1.494576334953308 0.31305888295173645 -0.21997740864753723 -0.9238868355751038
1.2241641283035278 1.3871172666549683 1.494576334953308 0.574907660484314 0.8182012438774109 -0.0
1.2007765769958496 1.403550386428833 1.494576334953308 0.574907660484314 0.8182012438774109 -0.0
1.2007765769958496 1.403550386428833 1.494576334953308 -0.31308940052986145 0.21997740864753723 -0.9238868355751038
1.212470293045044 1.3953338861465454 1.4886571168899536 0.574907660484314 0.8182012438774109 -0.0
1.212470293045044 1.3953338861465454 1.4886571168899536 0.31305888295173645 -0.21997740864753723 -0.9238868355751038
0.468731164932251 1.3573157787322998 1.4292666912078857 -0.0 0.0 0.999969482421875
0.7210124731063843 1.7163649797439575 1.3751577138900757 -0.0 0.0 -1.0
0.6211229562759399 1.7157515287399292 1.3751577138900757 -0.0 0.0 -1.0
0.6211229562759399 1.7157515287399292 1.3751577138900757 -0.006134220398962498 0.999969482421875 -0.0
0.7033122181892395 1.2274967432022095 1.6590831279754639 -0.0 0.0 0.999969482421875
0.7033122181892395 1.2274967432022095 1.6590831279754639 -0.574907660484314 -0.8182012438774109 -0.0
0.7637752890586853 1.31354820728302 1.6590831279754639 -0.0 0.0 0.999969482421875
0.7637752890586853 1.31354820728302 1.6590831279754639 0.5405133366584778 0.7692495584487915 0.3406781256198883
0.7033122181892395 1.2274967432022095 1.57757568359375 -0.8182012438774109 0.574907660484314 -0.0
0.7807549238204956 1.3377139568328857 1.57757568359375 -0.8182012438774109 0.574907660484314 -0.0
1.0628430843353271 1.1034120321273804 1.6590831279754639 0.8182012438774109 -0.574907660484314 -0.0
1.0628430843353271 1.1034120321273804 1.6590831279754639 -0.0 0.0 1.0
1.0798228979110718 1.1275776624679565 1.57757568359375 0.8182012438774109 -0.574907660484314 -0.0
0.7881627082824707 1.447654128074646 1.6304409503936768 -0.8182012438774109 0.574907660484314 -0.0
0.8846792578697205 1.5850176811218262 1.6304408311843872 -0.0 0.0 1.0
1.2359604835510254 1.3672443628311157 1.6133147478103638 0.8182012438774109 -0.574907660484314 -0.0
1.2359604835510254 1.3672443628311157 1.639399528503418 0.574907660484314 0.8182012438774109 -0.0
1.2359604835510254 1.3672443628311157 1.639399528503418 -0.0 0.0 1.0
0.8528650403022766 1.63642156124115 1.6133147478103638 -0.8182012438774109 0.574907660484314 -0.0
0.8528650403022766 1.63642156124115 1.6133147478103638 -0.0 0.0 -1.0
0.8528650403022766 1.63642156124115 1.639399528503418 -0.8182012438774109 0.574907660484314 -0.0
0.8528650403022766 1.63642156124115 1.639399528503418 -0.0 0.0 1.0
0.768772304058075 1.4227876663208008 1.649527907371521 -0.09814752638339996 0.06897182762622833 0.9927670955657959
0.760981559753418 1.4282618761062622 1.647192358970642 -0.574907660484314 -0.8182012438774109 -0.0
1.1598107814788818 1.1480295658111572 1.649527907371521 0.09817804396152496 -0.06897182762622833 0.9927670955657959
0.7726538777351379 1.456996202468872 1.6408138275146484 0.574907660484314 0.8182012438774109 -0.0
1.167600393295288 1.1425563097000122 1.647192358970642 -0.574907660484314 -0.8182012438774109 -0.0
1.1906784772872925 1.1632765531539917 1.6408138275146484 0.574907660484314 0.8182012438774109 -0.0
1.1927659511566162 1.1618098020553589 1.6320996284484863 0.574907660484314 0.8182012438774109 -0.0
1.1927659511566162 1.1618098020553589 1.6124577522277832 0.574907660484314 0.8182012438774109 -0.0
0.7210124731063843 1.716365098953247 1.4292665719985962 -0.0 0.0 0.999969482421875
1.1753911972045898 1.1370820999145508 1.6124577522277832 -0.574907660484314 -0.8182012438774109 -0.0
1.1753911972045898 1.1370820999145508 1.6320996284484863 0.8099307417869568 -0.5690786242485046 0.1419110745191574
0.7552792429924011 1.4322683811187744 1.6408138275146484 -0.574907660484314 -0.8182012438774109 -0.0
0.7531918287277222 1.4337351322174072 1.6320996284484863 -0.574907660484314 -0.8182012438774109 -0.0
0.7705665230751038 1.4584629535675049 1.6320996284484863 0.574907660484314 0.8182012438774109 -0.0
0.7705665230751038 1.4584629535675049 1.6124577522277832 0.574907660484314 0.8182012438774109 -0.0
1.2204768657684326 1.3452078104019165 1.639399528503418 -0.0 0.0 1.0
1.2204768657684326 1.3452078104019165 1.639399528503418 0.8182012438774109 -0.574907660484314 -0.0
0.848088264465332 1.6068617105484009 1.639399528503418 -0.0 0.0 1.0
0.5589759945869446 1.6264673471450806 1.3752729892730713 -0.8182012438774109 0.574907660484314 -0.0
0.5589759945869446 1.6264673471450806 1.3752729892730713 -0.574907660484314 -0.8182012438774109 -0.0
0.6212806105613708 1.715139627456665 1.3752728700637817 -0.8182012438774109 0.574907660484314 -0.0
0.6212806105613708 1.715139627456665 1.3752728700637817 0.574907660484314 0.8182012438774109 -0.0
0.6251680254936218 1.579958200454712 1.3752729892730713 -0.0 0.0 1.0
0.6874725818634033 1.668630838394165 1.3752728700637817 -0.0 0.0 0.999969482421875
1.002380132675171 1.0173605680465698 1.6590831279754639 0.8182012438774109 -0.574907660484314 -0.0
1.002380132675171 1.0173605680465698 1.6590831279754639 -0.0 0.0 1.0
1.002380132675171 1.0173605680465698 1.57757568359375 0.8182012438774109 -0.574907660484314 -0.0
0.6212806105613708 1.715139627456665 1.3012381792068481 0.574907660484314 0.8182012438774109 -0.0
0.6212806105613708 1.715139627456665 1.3012381792068481 -0.8182012438774109 0.574907660484314 -0.0
0.6874725818634033 1.668630838394165 1.3012381792068481 -0.0 0.0 -0.999969482421875
1.0925650596618652 1.4763067960739136 1.5690542459487915 0.574907660484314 0.8182012438774109 -0.0
1.0925650596618652 1.4763067960739136 1.5690542459487915 0.5785698890686035 -0.4064760208129883 0.7070833444595337
1.1496381759643555 1.4362050294876099 1.4993010759353638 0.574907660484314 0.8182012438774109 -0.0
1.1496381759643555 1.4362050294876099 1.4993010759353638 0.5785698890686035 -0.4064760208129883 0.7070833444595337
1.0118510723114014 1.5330194234848022 1.5690542459487915 0.574907660484314 0.8182012438774109 -0.0
1.0118510723114014 1.5330194234848022 1.5690542459487915 -0.0 0.0 1.0
1.1496381759643555 1.4362050294876099 1.4006532430648804 0.574907660484314 0.8182012438774109 -0.0
1.1496381759643555 1.4362050294876099 1.4006532430648804 0.8182012438774109 -0.574877142906189 -0.0
1.0925649404525757 1.4763067960739136 1.3309000730514526 0.574907660484314 0.8182012438774109 -0.0
1.0925649404525757 1.4763067960739136 1.3309000730514526 0.5785698890686035 -0.4065065383911133 -0.7070833444595337
1.011851191520691 1.5330193042755127 1.3309000730514526 0.574907660484314 0.8182012438774109 -0.0
1.011851191520691 1.5330193042755127 1.3309000730514526 -0.0 0.0 -1.0
0.9547779560089111 1.5731210708618164 1.4993010759353638 0.574907660484314 0.8182012438774109 -0.0
0.9547779560089111 1.5731210708618164 1.4993010759353638 -0.5785698890686035 0.4064760208129883 0.7070833444595337
0.9547779560089111 1.5731210708618164 1.400654673576355 0.574907660484314 0.8182012438774109 -0.0
0.9547779560089111 1.5731210708618164 1.400654673576355 -0.8182012438774109 0.574877142906189 -0.0
0.49596327543258667 1.3342305421829224 1.4316651821136475 -0.9918210506439209 0.1274452954530716 -0.0
0.49596327543258667 1.3342305421829224 1.4316651821136475 -0.574907660484314 -0.8182012438774109 -0.0
0.5307374000549316 1.6048569679260254 1.4316651821136475 -0.9918210506439209 0.1274452954530716 -0.0
0.5307374000549316 1.6048569679260254 1.4316651821136475 0.5862605571746826 0.8101138472557068 -0.0
0.5307374000549316 1.6048569679260254 1.651426911354065 -0.9918210506439209 0.1274452954530716 -0.0
0.5307374000549316 1.6048569679260254 1.651426911354065 0.5862605571746826 0.8101138472557068 -0.0
0.5933974385261536 1.2657697200775146 1.651426911354065 0.8182012438774109 -0.574907660484314 -0.0
0.5933974385261536 1.2657697200775146 1.651426911354065 -0.574907660484314 -0.8182012438774109 -0.0
0.5933974385261536 1.265769600868225 1.4316651821136475 0.8182012438774109 -0.574907660484314 -0.0
0.5933974385261536 1.265769600868225 1.4316651821136475 -0.574907660484314 -0.8182012438774109 -0.0
0.49596327543258667 1.3342305421829224 1.651426911354065 -0.9918210506439209 0.1274452954530716 -0.0
0.49596327543258667 1.3342305421829224 1.651426911354065 -0.574907660484314 -0.8182012438774109 -0.0
0.7302191853523254 1.4604955911636353 1.651426911354065 0.5862605571746826 0.8101138472557068 -0.0
0.7302191853523254 1.4604955911636353 1.651426911354065 0.8182012438774109 -0.574907660484314 -0.0
0.7302191853523254 1.4604955911636353 1.4316651821136475 0.8182012438774109 -0.574907660484314 -0.0
0.7302191853523254 1.4604955911636353 1.4316651821136475 0.5862605571746826 0.8101138472557068 -0.0
0.7655580043792725 1.3995755910873413 1.6131675243377686 -0.0 0.0 1.0
0.7655580043792725 1.3995755910873413 1.6131675243377686 -0.574907660484314 -0.8182012438774109 -0.0
0.6511738300323486 1.2367829084396362 1.6131675243377686 -0.0 0.0 1.0
0.6511738300323486 1.2367829084396362 1.6131675243377686 0.574907660484314 0.8182012438774109 -0.0
0.7655580043792725 1.3995755910873413 1.581984281539917 -0.574907660484314 -0.8182012438774109 -0.0
0.7655580043792725 1.3995755910873413 1.581984281539917 -0.0 0.0 0.999969482421875
0.6511738300323486 1.2367830276489258 1.581984281539917 0.574907660484314 0.8182012438774109 -0.0
0.6511738300323486 1.2367830276489258 1.581984281539917 -0.0 0.0 1.0
0.880053699016571 1.6165107488632202 1.2960100173950195 -0.0 0.0 -1.0
0.8760236501693726 1.6131393909454346 1.2960100173950195 -0.0 0.0 -1.0
1.1403542757034302 1.1362297534942627 1.6131675243377686 -0.574907660484314 -0.8182012438774109 -0.0
1.1403542757034302 1.1362297534942627 1.6131675243377686 -0.0 0.0 1.0
1.1403542757034302 1.1362297534942627 1.581984281539917 -0.574907660484314 -0.8182012438774109 -0.0
1.1403542757034302 1.1362297534942627 1.581984281539917 -0.0 0.0 1.0
1.0259701013565063 0.9734371900558472 1.6131675243377686 -0.0 0.0 1.0
1.0259701013565063 0.9734371900558472 1.6131675243377686 0.574907660484314 0.8182012438774109 -0.0
1.0259701013565063 0.9734371900558472 1.581984281539917 -0.0 0.0 0.999969482421875
1.0259701013565063 0.9734371900558472 1.581984281539917 0.574907660484314 0.8182012438774109 -0.0
1.1352711915969849 0.863985538482666 1.4355835914611816 -0.574907660484314 -0.8182012438774109 -0.0
1.1352713108062744 0.8639854788780212 1.296010136604309 -0.574907660484314 -0.8182012438774109 -0.0
1.1352713108062744 0.8639854788780212 1.296010136604309 -0.0 0.0 -1.0
1.1352711915969849 0.863985538482666 1.6131675243377686 -0.574907660484314 -0.8182012438774109 -0.0
1.1352711915969849 0.863985538482666 1.6131675243377686 -0.0 0.0 1.0
0.8760236501693726 1.6131393909454346 1.435583472251892 -0.7388530969619751 0.6738486886024475 -0.0
0.6122849583625793 1.2314552068710327 1.4355835914611816 -0.8226874470710754 0.5684682726860046 -0.0
0.6122849583625793 1.2314552068710327 1.4355835914611816 -0.574907660484314 -0.8182012438774109 -0.0
0.8800537586212158 1.6165107488632202 1.435583472251892 -0.0 -0.0001831110566854477 -0.999969482421875
0.5826374292373657 1.252286672592163 1.4355835914611816 -0.574907660484314 -0.8182012438774109 -0.0
0.5826374292373657 1.252286672592163 1.4355835914611816 -0.8182012438774109 0.574907660484314 -0.0
0.8901672959327698 1.6156095266342163 1.435583472251892 0.5203710794448853 0.8539078831672668 -0.0
0.8852310180664062 1.617414951324463 1.435583472251892 0.08871730417013168 0.9960325956344604 -0.0
1.236562967300415 1.3722171783447266 1.2960100173950195 0.7838068604469299 0.6209601163864136 -0.0
0.8901672959327698 1.6156095266342163 1.2960100173950195 0.46314889192581177 0.886257529258728 -0.0
0.8852310180664062 1.617414951324463 1.2960100173950195 0.08871730417013168 0.9960325956344604 -0.0
1.2365630865097046 1.3722171783447266 1.613167405128479 0.7838373780250549 0.6209601163864136 -0.0
0.8901672959327698 1.6156095266342163 1.613167405128479 0.574907660484314 0.8182012438774109 -0.0
0.8551899194717407 1.640186071395874 1.435583472251892 -0.0 -0.00015259254723787308 -1.0
0.8551899194717407 1.640186071395874 1.435583472251892 -0.8182012438774109 0.574907660484314 -0.0
0.6490728259086609 1.7249428033828735 1.534713864326477 -0.8182012438774109 0.574907660484314 -0.0
0.6490728259086609 1.7249428033828735 1.534713864326477 -0.574907660484314 -0.8182012438774109 -0.0
0.6735750436782837 1.7598146200180054 1.534713864326477 -0.8182012438774109 0.574907660484314 -0.0
0.6735750436782837 1.7598146200180054 1.534713864326477 0.574907660484314 0.8182012438774109 -0.0
0.6490728259086609 1.7249428033828735 1.5817198753356934 -0.8182012438774109 0.574907660484314 -0.0
0.6490728259086609 1.7249428033828735 1.5817198753356934 -0.0 0.0 1.0
0.6735750436782837 1.7598146200180054 1.5817198753356934 -0.8182012438774109 0.574907660484314 -0.0
0.6735750436782837 1.7598146200180054 1.5817198753356934 -0.0 0.0 1.0
0.6989347338676453 1.6899079084396362 1.5817198753356934 -0.574907660484314 -0.8182012438774109 -0.0
0.7234370112419128 1.724779725074768 1.5817198753356934 0.574907660484314 0.8182012438774109 -0.0
0.6989347338676453 1.6899079084396362 1.534713864326477 -0.0 0.0 -1.0
0.7234370112419128 1.724779725074768 1.534713864326477 -0.0 0.0 -1.0
0.7234407663345337 1.7247772216796875 1.585221290588379 0.5836359858512878 0.8119754791259766 -0.0
0.7234407663345337 1.7247772216796875 1.585221290588379 -0.0002441480755805969 0.00015259254723787308 -0.999969482421875
0.7234371304512024 1.724779725074768 1.5889936685562134 0.5880001187324524 0.808832049369812 -0.0
0.7234371304512024 1.724779725074768 1.5889936685562134 -0.8182012438774109 0.574907660484314 -0.0010986663401126862
0.7234371304512024 1.724779725074768 1.5889936685562134 -0.0 0.0 1.0
0.7272974848747253 1.7302732467651367 1.5274399518966675 0.574938178062439 0.8181707262992859 3.0518509447574615e-05
0.7272974848747253 1.7302732467651367 1.5274399518966675 -0.39951780438423157 0.28070923686027527 -0.8726767897605896
0.7272986173629761 1.7302724123001099 1.5301384925842285 0.574938178062439 0.8181707262992859 3.0518509447574615e-05
0.7272986173629761 1.7302724123001099 1.5301384925842285 0.395764023065567 -0.2780846655368805 0.8752098083496094
0.7273008227348328 1.7302708625793457 1.585221290588379 -0.8182012438774109 0.574907660484314 -0.0010986663401126862
0.7273008227348328 1.7302708625793457 1.585221290588379 -0.0002441480755805969 0.00015259254723787308 -0.999969482421875
0.7272974848747253 1.7302732467651367 1.5889936685562134 -0.8182012438774109 0.574907660484314 -0.0010986663401126862
0.7272974848747253 1.7302732467651367 1.5889936685562134 0.574907660484314 0.8182012438774109 -0.0
0.8552954792976379 1.6403363943099976 1.4436808824539185 0.574907660484314 0.8182012438774109 -0.0
0.8552958965301514 1.6403368711471558 1.5889936685562134 -0.0 0.0 1.0
0.7234385013580322 1.7247787714004517 1.5301384925842285 0.574877142906189 0.8182012438774109 6.103701889514923e-05
0.7234385013580322 1.7247787714004517 1.5301384925842285 0.395764023065567 -0.2780846655368805 0.8752098083496094
0.6989348530769348 1.6899079084396362 1.5889936685562134 -0.0 0.0 1.0
0.8552959561347961 1.6403367519378662 1.5851716995239258 -0.0002441480755805969 0.00015259254723787308 -0.999969482421875
0.8552954792976379 1.6403363943099976 1.4399083852767944 -0.39951780438423157 0.28070923686027527 -0.8726767897605896
0.851443886756897 1.6348546743392944 1.4436808824539185 0.574877142906189 0.8182012438774109 6.103701889514923e-05
0.8514357805252075 1.6348429918289185 1.5851716995239258 -0.0002441480755805969 0.00015259254723787308 -0.999969482421875
0.6989347338676453 1.6899079084396362 1.5274399518966675 -0.39951780438423157 0.28070923686027527 -0.8726767897605896
0.7234370112419128 1.724779725074768 1.5274399518966675 -0.39951780438423157 0.28070923686027527 -0.8726767897605896
0.7234370112419128 1.724779725074768 1.5274399518966675 -0.8182012438774109 0.574907660484314 -0.0
0.4671563506126404 1.3544714450836182 1.431665062904358 -0.8182012438774109 0.574907660484314 -0.0
0.4671563506126404 1.3544714450836182 1.431665062904358 -0.574907660484314 -0.8182012438774109 -0.0
0.7218144536018372 1.7169032096862793 1.431665062904358 -0.8182012438774109 0.574907660484314 -0.0
0.467156320810318 1.354471206665039 1.3012397289276123 -0.574907660484314 -0.8182012438774109 -0.0
0.467156320810318 1.354471206665039 1.3012397289276123 -0.8182012438774109 0.574907660484314 -0.0
0.7218144536018372 1.7169032096862793 1.3012394905090332 -0.8182012438774109 0.574907660484314 -0.0
0.6200482249259949 1.2470437288284302 1.4316651821136475 -0.574907660484314 -0.8182012438774109 -0.0
0.6200482249259949 1.2470437288284302 1.3012397289276123 -0.574907660484314 -0.8182012438774109 -0.0
1.0135082006454468 1.540879726409912 1.39749014377594 0.8070924878120422 0.41050446033477783 0.42432934045791626
1.0260863304138184 1.5320420265197754 1.3856945037841797 0.7053743004798889 0.4819788336753845 0.5196996927261353
0.9977886080741882 1.5519250631332397 1.4307664632797241 0.9341715574264526 0.32117679715156555 0.15530869364738464
1.0038557052612305 1.5476619005203247 1.412864089012146 0.8851283192634583 0.3556627035140991 0.300057977437973
0.9736270308494568 1.5847898721694946 1.479573369026184 0.574877142906189 0.8182012438774109 -0.0
0.9704394340515137 1.5870295763015747 1.449977159500122 0.574877142906189 0.8182012438774109 -0.0
1.1461600065231323 1.458620548248291 1.4776676893234253 0.574907660484314 0.8182012438774109 -0.0
1.1374149322509766 1.4647653102874756 1.5034712553024292 0.574907660484314 0.8182012438774109 -0.0
1.1151180267333984 1.4694850444793701 1.4307664632797241 -0.014435254968702793 0.9877315759658813 0.15530869364738464
1.1171879768371582 1.468030571937561 1.449977159500122 -0.031159397214651108 0.99951171875 -0.0
1.0721724033355713 1.4996602535247803 1.5216763019561768 0.3327738344669342 0.7437971234321594 -0.5796380639076233
1.056453824043274 1.510704517364502 1.5242046117782593 0.4598529040813446 0.6544999480247498 -0.600085437297821
1.084260106086731 1.5021138191223145 1.3466342687606812 0.574907660484314 0.8182012438774109 -0.0
1.1053730249404907 1.4872791767120361 1.357322335243225 0.574907660484314 0.8182012438774109 -0.0
1.0397871732711792 1.5383033752441406 1.3395230770111084 0.574877142906189 0.8182012438774109 -0.0
1.0640029907226562 1.521288275718689 1.3356274366378784 0.574877142906189 0.8182012438774109 -0.0
1.0407341718673706 1.5217498540878296 1.3782793283462524 0.5869319438934326 0.5651722550392151 0.5796685814857483
1.056453824043274 1.510704517364502 1.3757497072219849 0.4598529040813446 0.6544694304466248 0.600146472454071
1.107772707939148 1.4905340671539307 1.357322335243225 -0.4036683142185211 0.29758599400520325 0.8651387095451355
1.1259019374847412 1.477795958518982 1.3743246793746948 0.574907660484314 0.8182012438774109 -0.0
1.061603307723999 1.5180332660675049 1.5340464115142822 -0.0 0.0 -1.0
1.043799638748169 1.5305428504943848 1.5311819314956665 0.21176794171333313 -0.14880825579166412 -0.9659108519554138
1.012963056564331 1.552209734916687 1.5094226598739624 0.574907660484314 0.8182012438774109 -0.0
1.0020318031311035 1.5598903894424438 1.4920117855072021 0.574907660484314 0.8182012438774109 -0.0
1.0272101163864136 1.5421993732452393 1.5227824449539185 0.40910062193870544 -0.287453830242157 -0.8660237193107605
0.9951604604721069 1.5647186040878296 1.4717364311218262 0.790307343006134 -0.5553147792816162 -0.25879696011543274
1.1398146152496338 1.4680204391479492 1.396483063697815 -0.6974700093269348 0.5142063498497009 0.4990691840648651
1.148559808731079 1.461875557899475 1.4222866296768188 -0.7775810956954956 0.573259711265564 0.25827813148498535
1.15154230594635 1.4597798585891724 1.449977159500122 0.574877142906189 0.8182012438774109 -0.0
1.0959956645965576 1.493868112564087 1.5227824449539185 -0.40910062193870544 0.287453830242157 -0.8659932017326355
1.0794060230255127 1.5055245161056519 1.5311819314956665 -0.21176794171333313 0.14880825579166412 -0.9659108519554138
1.110241413116455 1.483858346939087 1.5094226598739624 0.574907660484314 0.8182012438774109 -0.0
1.121173620223999 1.4761769771575928 1.4920117855072021 0.574907660484314 0.8182012438774109 -0.0
1.091121792793274 1.491038203239441 1.3812617063522339 0.2143620103597641 0.82699054479599 0.5196996927261353
1.1045664548873901 1.4815913438796997 1.3938716650009155 0.574907660484314 0.8182012438774109 -0.0
1.0754632949829102 1.502040147781372 1.3733364343643188 0.574907660484314 0.8182012438774109 -0.0
1.1148840188980103 1.474341869354248 1.4103049039840698 0.03460799157619476 0.9532761573791504 0.300057977437973
1.148559808731079 1.461875557899475 1.4776676893234253 0.574877142906189 0.8182012438774109 -0.0
1.1398146152496338 1.4680204391479492 1.5034712553024292 0.574907660484314 0.8182012438774109 -0.0
0.9951604604721069 1.5647186040878296 1.4282193183898926 0.574877142906189 0.8182012438774109 -0.0
1.0020318031311035 1.5598903894424438 1.407942533493042 0.7085787653923035 -0.4978789687156677 0.4999847412109375
1.1213698387145996 1.4697847366333008 1.4294419288635254 -0.014435254968702793 0.9877315759658813 0.15530869364738464
1.0038557052612305 1.5476619005203247 1.4870916604995728 0.7085787653923035 -0.4978484511375427 -0.5000152587890625
0.9977886080741882 1.5519250631332397 1.4691892862319946 0.790337860584259 -0.5552842617034912 -0.25879696011543274
0.995718777179718 1.5533792972564697 1.449977159500122 0.9508957266807556 0.3094271719455719 -0.0
1.107772707939148 1.4905340671539307 1.542631983757019 -0.4036683142185211 0.29758599400520325 -0.8651387095451355
1.0866597890853882 1.505368709564209 1.553320050239563 -0.20978423953056335 0.15466780960559845 -0.965422511100769
1.1259019374847412 1.477795958518982 1.5256296396255493 0.574907660484314 0.8182012438774109 -0.0
1.0640029907226562 1.521288275718689 1.5569654703140259 0.574877142906189 0.8182012438774109 -0.0
1.012964129447937 1.5522089004516602 1.3905316591262817 0.574907660484314 0.8182012438774109 -0.0
1.027209997177124 1.5421993732452393 1.3771718740463257 0.40910062193870544 -0.287453830242157 0.8660237193107605
1.0135082006454468 1.540879726409912 1.5024641752243042 0.5785393714904785 -0.4065065383911133 -0.7071138620376587
0.9978430271148682 1.5677748918533325 1.3691192865371704 -0.5766167044639587 0.40894803404808044 -0.7072664499282837
1.017221212387085 1.5541590452194214 1.3509464263916016 -0.40760520100593567 0.28907132148742676 -0.8661763072013855
1.0959956645965576 1.493868112564087 1.3771718740463257 -0.40907010436058044 0.287423312664032 0.8660237193107605
1.110242486000061 1.4838576316833496 1.3905316591262817 -0.5785393714904785 0.4065065383911133 0.7070833444595337
1.121173620223999 1.4761769771575928 1.407942533493042 -0.7086092829704285 0.4978789687156677 0.4999542236328125
1.091121792793274 1.491038203239441 1.5186926126480103 0.2143620103597641 0.82699054479599 -0.5196996927261353
1.0754635334014893 1.5020402669906616 1.5266193151474 0.3327738344669342 0.7437971234321594 -0.5796380639076233
1.1045664548873901 1.4815913438796997 1.5060826539993286 0.574877142906189 0.8182012438774109 -0.0
1.0586612224578857 1.5138460397720337 1.5293231010437012 0.4598529040813446 0.6544999480247498 -0.600085437297821
1.0586612224578857 1.5138460397720337 1.370632529258728 0.4598529040813446 0.6544694304466248 0.600146472454071
1.043799638748169 1.5305428504943848 1.3687738180160522 0.21173742413520813 -0.14877773821353912 0.9659108519554138
1.061603307723999 1.5180332660675049 1.365909218788147 0.574907660484314 0.8182012438774109 -0.0
1.0418579578399658 1.5256527662277222 1.3733364343643188 0.5869319438934326 0.5651722550392151 0.5796685814857483
1.0418579578399658 1.5256527662277222 1.5266193151474 0.574907660484314 0.8182012438774109 -0.0
0.976462721824646 1.5827974081039429 1.449977159500122 0.8048951625823975 -0.5933713912963867 -0.0
0.9794453978538513 1.5807018280029297 1.4222866296768188 0.574877142906189 0.8182012438774109 -0.0
0.9794453978538513 1.5807018280029297 1.4776676893234253 0.7773674726486206 -0.5731070637702942 -0.25919368863105774
1.1073004007339478 1.4796704053878784 1.3905316591262817 -0.5785393714904785 0.4065065383911133 0.7070833444595337
1.1182315349578857 1.4719898700714111 1.407942533493042 -0.7086092829704285 0.4978789687156677 0.4999542236328125
1.0930534601211548 1.4896808862686157 1.3771718740463257 -0.40907010436058044 0.287423312664032 0.8660237193107605
1.0261996984481812 1.5366548299789429 1.5186926126480103 0.7053743004798889 0.4820093512535095 -0.5196691751480103
1.0127538442611694 1.5461024045944214 1.5060826539993286 0.574907660484314 0.8182012438774109 -0.0
1.0397871732711792 1.5383033752441406 1.5604312419891357 -0.21082186698913574 0.14951017498970032 0.9660024046897888
1.0172213315963745 1.5541590452194214 1.5490078926086426 0.574907660484314 0.8182012438774109 -0.0
1.0640029907226562 1.521288275718689 1.5643283128738403 0.00027466658502817154 -0.0001831110566854477 0.999969482421875
0.9881905913352966 1.5745570659637451 1.5034712553024292 0.574907660484314 0.8182012438774109 -0.0
1.0024374723434448 1.5533511638641357 1.4896494150161743 0.574907660484314 0.8182012438774109 -0.0
0.9959515929222107 1.5579081773757935 1.4705137014389038 0.574907660484314 0.8182012438774109 -0.0
0.9978430271148682 1.5677748918533325 1.5308350324630737 -0.5766167044639587 0.40894803404808044 0.7072664499282837
0.9829748868942261 1.5782217979431152 1.5071526765823364 -0.7063204050064087 0.5009307861328125 0.5001373291015625
1.0021032094955444 1.5647814273834229 1.5256296396255493 0.574907660484314 0.8182012438774109 -0.0
1.0764638185501099 1.5013372898101807 1.3687738180160522 -0.21173742413520813 0.14877773821353912 0.9659108519554138
1.0586612224578857 1.5138460397720337 1.365909218788147 -0.0 0.0 0.999969482421875
1.1274467706680298 1.4655147790908813 1.449977159500122 -0.8182012438774109 0.574877142906189 -0.0
1.1251029968261719 1.4671615362167358 1.4717364311218262 -0.790337860584259 0.5552842617034912 -0.25879696011543274
1.1182315349578857 1.4719898700714111 1.4920117855072021 0.574877142906189 0.8182012438774109 -0.0
0.9959515929222107 1.5579081773757935 1.4294406175613403 0.9341715574264526 0.32117679715156555 0.15533921122550964
1.0024373531341553 1.5533511638641357 1.4103049039840698 0.8850978016853333 0.3556627035140991 0.300057977437973
0.9937393069267273 1.5594627857208252 1.449977159500122 0.9508957266807556 0.3094271719455719 -0.0
1.0127547979354858 1.5461015701293945 1.3938716650009155 0.8070924878120422 0.41050446033477783 0.42432934045791626
1.041345238685608 1.5372086763381958 1.553320050239563 0.2069460153579712 -0.15256202220916748 -0.9663686156272888
1.1303889751434326 1.4697020053863525 1.449977159500122 -0.8182012438774109 0.574877142906189 -0.0
1.1280450820922852 1.4713488817214966 1.4717364311218262 -0.790337860584259 0.5552842617034912 -0.25879696011543274
1.1053730249404907 1.4872791767120361 1.542631983757019 -0.40137943625450134 0.29590746760368347 -0.8667562007904053
1.084260106086731 1.5021138191223145 1.553320050239563 -0.2069154977798462 0.15256202220916748 -0.9663686156272888
1.1235021352767944 1.4745410680770874 1.5256296396255493 0.574907660484314 0.8182012438774109 -0.0
0.9898746609687805 1.562178134918213 1.449977159500122 0.8182012438774109 -0.574907660484314 -0.0
0.9922183752059937 1.5605313777923584 1.4282193183898926 0.790337860584259 -0.5553147792816162 0.25876644253730774
0.9922183752059937 1.5605313777923584 1.4717364311218262 0.790307343006134 -0.5553147792816162 -0.25879696011543274
1.1491426229476929 1.4565249681472778 1.449977159500122 -0.8048951625823975 0.5934019088745117 -0.0
1.0882179737091064 1.5042741298675537 1.3395230770111084 0.21137119829654694 -0.1499069184064865 -0.965819239616394
0.999089777469635 1.5557032823562622 1.4920117855072021 0.7085787653923035 -0.4978789687156677 -0.4999847412109375
1.0389454364776611 1.5339536666870117 1.553320050239563 0.20978423953056335 -0.15466780960559845 -0.965422511100769
1.017832636833191 1.54878830909729 1.542631983757019 0.574907660484314 0.8182012438774109 -0.0
1.0242679119110107 1.538012146949768 1.3771718740463257 0.574877142906189 0.8182012438774109 -0.0
1.0408575534820557 1.5263556241989136 1.3687738180160522 0.21173742413520813 -0.14877773821353912 0.9659108519554138
1.0100210905075073 1.5480225086212158 1.5094226598739624 0.5785393714904785 -0.4064760208129883 -0.7071138620376587
1.0242680311203003 1.538012146949768 1.5227824449539185 0.40910062193870544 -0.287453830242157 -0.8660237193107605
1.1235021352767944 1.4745410680770874 1.3743246793746948 -0.5684682726860046 0.4190801680088043 0.7079378366470337
1.130162239074707 1.4748023748397827 1.3691192865371704 0.574907660484314 0.8182012438774109 -0.0
1.1450303792953491 1.46435546875 1.3928016424179077 0.7064729928970337 -0.5010223984718323 -0.4998321533203125
1.0261996984481812 1.5366548299789429 1.3812617063522339 0.7053743004798889 0.4819788336753845 0.5196996927261353
0.9997034072875977 1.5615265369415283 1.5256296396255493 0.574907660484314 0.8182012438774109 -0.0
0.9857907891273499 1.571302056312561 1.5034712553024292 0.574907660484314 0.8182012438774109 -0.0
0.9770455956459045 1.577446699142456 1.4776676893234253 0.7775810956954956 -0.573259711265564 -0.25824761390686035
0.974062979221344 1.5795425176620483 1.449977159500122 0.8048951625823975 -0.5933713912963867 -0.0
1.0930534601211548 1.4896808862686157 1.5227824449539185 -0.40910062193870544 0.287453830242157 -0.8659932017326355
1.0764639377593994 1.5013372898101807 1.5311819314956665 -0.21176794171333313 0.14880825579166412 -0.9659108519554138
1.1072993278503418 1.4796711206436157 1.5094226598739624 -0.5785393714904785 0.4065065383911133 -0.7071138620376587
1.1374149322509766 1.4647653102874756 1.396483063697815 -0.6967070698738098 0.5136265158653259 0.5007171630859375
1.1461600065231323 1.458620548248291 1.4222866296768188 -0.7773674726486206 0.5731070637702942 0.25922420620918274
1.109050989151001 1.473747968673706 1.412864089012146 0.034577470272779465 0.9532761573791504 0.300057977437973
1.1107839345932007 1.4884183406829834 1.5490078926086426 0.40806299448013306 -0.28937649726867676 0.8658406138420105
1.088218092918396 1.5042741298675537 1.5604312419891357 0.21137119829654694 -0.1499069184064865 0.965819239616394
0.9881916642189026 1.5745562314987183 1.396483063697815 0.574907660484314 0.8182012438774109 -0.0
1.0021032094955444 1.5647814273834229 1.3743246793746948 0.5684377551078796 -0.4191106855869293 0.7079378366470337
1.109050989151001 1.473747968673706 1.4870916604995728 -0.7085787653923035 0.4978484511375427 -0.4999847412109375
1.0993984937667847 1.480530023574829 1.5024641752243042 -0.5785393714904785 0.4064760208129883 -0.7071138620376587
1.1151180267333984 1.4694850444793701 1.4691892862319946 -0.790337860584259 0.5552842617034912 -0.25879696011543274
1.0868202447891235 1.489367961883545 1.5142598152160645 0.2143314927816391 0.82699054479599 -0.5196996927261353
1.017832636833191 1.54878830909729 1.357322335243225 0.4036683142185211 -0.29761651158332825 0.8651387095451355
1.0389454364776611 1.5339535474777222 1.3466342687606812 0.20978423953056335 -0.15466780960559845 0.965422511100769
1.130162239074707 1.4748024940490723 1.5308350324630737 0.5769218802452087 -0.40913113951683044 0.7069002389907837
0.9770455956459045 1.577446699142456 1.4222866296768188 0.7775810956954956 -0.573259711265564 0.25827813148498535
0.9857919216156006 1.5713013410568237 1.396483063697815 0.6974700093269348 -0.5142063498497009 0.4990691840648651
0.9997034072875977 1.5615265369415283 1.3743246793746948 0.574907660484314 0.8182012438774109 -0.0
1.0202324390411377 1.5520431995391846 1.357322335243225 0.40137943625450134 -0.29590746760368347 0.8667562007904053
1.041345238685608 1.5372085571289062 1.3466342687606812 0.2069154977798462 -0.15256202220916748 0.9663686156272888
1.1450303792953491 1.46435546875 1.5071526765823364 0.7064729928970337 -0.5010223984718323 0.4998321533203125
1.1148840188980103 1.474341869354248 1.4896494150161743 0.574877142906189 0.8182012438774109 -0.0
1.1213698387145996 1.4697848558425903 1.4705137014389038 0.574907660484314 0.8182012438774109 -0.0
1.0586612224578857 1.5138460397720337 1.5340464115142822 -0.0 0.0 -1.0
1.0408575534820557 1.5263556241989136 1.5311819314956665 0.21176794171333313 -0.14880825579166412 -0.9659108519554138
1.123582124710083 1.4682302474975586 1.449977159500122 -0.031159397214651108 0.99951171875 -0.0
1.1543781757354736 1.4577873945236206 1.42038094997406 0.7878963351249695 -0.5587633848190308 -0.25870540738105774
1.1575658321380615 1.45554780960083 1.449977159500122 0.8156682252883911 -0.5784783363342285 -0.0
1.061603307723999 1.5180332660675049 1.3429889678955078 0.0014954069629311562 -0.0010986663401126862 0.999969482421875
0.9928167462348938 1.566365361213684 1.449977159500122 0.8182012438774109 -0.574907660484314 -0.0
1.1970518827438354 1.3982493877410889 1.494576334953308 -0.7559129595756531 0.5311441421508789 -0.382671594619751
1.2204394340515137 1.3818162679672241 1.52316153049469 0.7558824419975281 -0.5311441421508789 0.382702112197876
1.2241641283035278 1.3871172666549683 1.52316153049469 0.31311991810798645 -0.22000794112682343 0.9238563179969788
1.2241641283035278 1.3871172666549683 1.52316153049469 0.574907660484314 0.8182012438774109 -0.0
0.864307165145874 1.6283817291259766 1.639399528503418 0.574907660484314 0.8182012438774109 -0.0
0.8373813033103943 1.6143848896026611 1.639399528503418 -0.574907660484314 -0.8182012438774109 -0.0
0.8373813033103943 1.6143848896026611 1.639399528503418 -0.8182012438774109 0.574907660484314 -0.0
0.8373813033103943 1.6143848896026611 1.6133147478103638 -0.574907660484314 -0.8182012438774109 -0.0
0.8373813033103943 1.6143848896026611 1.6133147478103638 -0.0 0.0 -0.999969482421875
1.0220422744750977 1.4885011911392212 1.6304408311843872 -0.0 0.0 1.0
0.925524890422821 1.351136565208435 1.6304409503936768 0.8182012438774109 -0.574877142906189 -0.0
1.009416937828064 1.5295549631118774 1.5690542459487915 -0.5785698890686035 0.4064760208129883 0.7070833444595337
0.4655402898788452 1.3595577478408813 1.3751578330993652 -0.0 0.0 -1.0
0.4655402898788452 1.3595577478408813 1.3751578330993652 -0.574907660484314 -0.8182012438774109 -0.0
1.1733038425445557 1.138548731803894 1.6408138275146484 -0.574907660484314 -0.8182012438774109 -0.0
0.9523438215255737 1.5696567296981812 1.4993010759353638 -0.5785698890686035 0.4064760208129883 0.7070833444595337
1.009416937828064 1.529554843902588 1.3309000730514526 -0.0 0.0 -1.0
0.9523438215255737 1.5696567296981812 1.400654673576355 -0.8182012438774109 0.574877142906189 -0.0
0.7531918287277222 1.4337351322174072 1.6124577522277832 -0.574907660484314 -0.8182012438774109 -0.0
1.147204041481018 1.432740569114685 1.4993010759353638 0.5785698890686035 -0.4064760208129883 0.7070833444595337
1.0901309251785278 1.4728423357009888 1.5690542459487915 0.5785698890686035 -0.4064760208129883 0.7070833444595337
1.0901308059692383 1.4728423357009888 1.3309000730514526 -0.0 0.0 -1.0
1.2087455987930298 1.3900328874588013 1.4886571168899536 0.31305888295173645 -0.21997740864753723 -0.9238868355751038
1.147204041481018 1.432740569114685 1.4006532430648804 0.5785698890686035 -0.4065065383911133 -0.7070833444595337
0.5589759945869446 1.6264673471450806 1.3012382984161377 -0.8182012438774109 0.574907660484314 -0.0
0.5589759945869446 1.6264673471450806 1.3012382984161377 -0.0 0.0 -1.0
0.8480125665664673 1.6069148778915405 1.6133147478103638 -0.0 0.0 -1.0
0.864307165145874 1.6283817291259766 1.6133147478103638 -0.0 0.0 -0.999969482421875
0.6251680254936218 1.579958200454712 1.3012382984161377 -0.0 0.0 -1.0
0.468731164932251 1.3573156595230103 1.3751578330993652 -0.0 0.0 -0.999969482421875
1.2204768657684326 1.3452078104019165 1.6133147478103638 0.8182012438774109 -0.574907660484314 -0.0
0.582637369632721 1.252286672592163 1.6131675243377686 -0.0 0.0 0.999969482421875
0.582637369632721 1.252286672592163 1.6131675243377686 -0.574907660484314 -0.8182012438774109 -0.0
0.6122848987579346 1.2314552068710327 1.6131675243377686 -0.0 0.0 1.0
0.6122849583625793 1.2314552068710327 1.296010136604309 -0.0 0.0 -0.999969482421875
0.6122849583625793 1.2314552068710327 1.296010136604309 -0.8226874470710754 0.5684682726860046 -0.0
0.8551899194717407 1.640186071395874 1.613167405128479 -0.0 0.0 1.0
0.8551899194717407 1.640186071395874 1.613167405128479 -0.0 0.0 1.0
0.8551899194717407 1.640186071395874 1.613167405128479 -0.8182012438774109 0.574907660484314 -0.0
1.0866597890853882 1.505368709564209 1.3466342687606812 0.574877142906189 0.8182012438774109 -0.0
1.0640029907226562 1.521288275718689 1.3429889678955078 0.574877142906189 0.8182012438774109 -0.0
0.9829748868942261 1.5782217979431152 1.3928016424179077 0.574907660484314 0.8182012438774109 -0.0
1.0407341718673706 1.5217498540878296 1.5216763019561768 0.21176794171333313 -0.14877773821353912 -0.9659108519554138
1.0260863304138184 1.5320420265197754 1.5142598152160645 0.7053743004798889 0.4820093512535095 -0.5196691751480103
1.0794059038162231 1.5055245161056519 1.3687738180160522 0.574907660484314 0.8182012438774109 -0.0
1.1251029968261719 1.4671615362167358 1.4282193183898926 -0.790337860584259 0.5552842617034912 0.25879696011543274
1.1280450820922852 1.4713488817214966 1.4282193183898926 -0.790337860584259 0.5552842617034912 0.25879696011543274
1.0721724033355713 1.4996602535247803 1.3782793283462524 -0.21176794171333313 0.14877773821353912 0.9659108519554138
1.0868202447891235 1.489367961883545 1.3856945037841797 0.2143620103597641 0.82699054479599 0.5196996927261353
0.9736270308494568 1.5847898721694946 1.42038094997406 -0.7878658175468445 0.5587633848190308 -0.25888851284980774
1.0202324390411377 1.5520431995391846 1.542631983757019 0.574907660484314 0.8182012438774109 -0.0
0.999089777469635 1.5557032823562622 1.407942533493042 0.7085787653923035 -0.4978789687156677 0.4999847412109375
1.0100220441818237 1.5480217933654785 1.3905316591262817 0.5785393714904785 -0.4065065383911133 0.7071138620376587
1.061603307723999 1.5180332660675049 1.5569654703140259 0.0014954069629311562 -0.0011291848495602608 -0.999969482421875
1.0993983745574951 1.480530023574829 1.39749014377594 -0.5785393714904785 0.4065065383911133 0.7071138620376587
1.1107839345932007 1.4884183406829834 1.3509464263916016 0.40806299448013306 -0.28937649726867676 -0.8658406138420105
1.1543781757354736 1.4577873945236206 1.479573369026184 0.7878963351249695 -0.5587633848190308 0.25870540738105774
0.6264958381652832 1.734702706336975 1.4442105293273926 -0.8182012438774109 0.574877142906189 -0.0
0.6264958381652832 1.734702706336975 1.4442105293273926 -0.5684072375297546 -0.8227179646492004 -0.0
0.5575972199440002 1.6366456747055054 1.4442108869552612 -0.8182012438774109 0.574907660484314 -0.0
0.5575972199440002 1.6366456747055054 1.4442108869552612 -0.0 0.0 0.999969482421875
0.6264958381652832 1.734702706336975 1.6242905855178833 -0.8182012438774109 0.574877142906189 -0.0
0.6264958381652832 1.734702706336975 1.6242905855178833 -0.5684072375297546 -0.8227179646492004 -0.0
0.5575972199440002 1.6366456747055054 1.624290943145752 -0.8182012438774109 0.574907660484314 -0.0
0.5575972199440002 1.6366456747055054 1.624290943145752 -0.0 0.0 -0.999969482421875
0.8124904632568359 1.6062039136886597 1.4442105293273926 -0.0 0.0 0.999969482421875
0.8124904632568359 1.6062039136886597 1.4442105293273926 -0.5684072375297546 -0.8227179646492004 -0.0
0.7435919046401978 1.5081467628479004 1.4442108869552612 -0.0 0.0 1.0
0.7435919046401978 1.5081467628479004 1.4442108869552612 0.5684072375297546 0.8227179646492004 -0.0
0.8124904632568359 1.6062039136886597 1.6242905855178833 -0.0 0.0 -0.999969482421875
0.8124904632568359 1.6062039136886597 1.6242905855178833 -0.5684072375297546 -0.8227179646492004 -0.0
0.7435919046401978 1.5081467628479004 1.624290943145752 -0.0 0.0 -1.0
0.7435919046401978 1.5081467628479004 1.624290943145752 0.5684072375297546 0.8227179646492004 -0.0
450 457 455
457 450 453
453 459 457
459 453 462
11 451 454
451 12 13
12 15 14
15 451 11
451 15 12
4 458 461
458 3 2
3 6 5
6 458 4
458 6 3
471 20 472
20 471 18
464 24 25
24 464 466
21 28 29
28 21 19
19 468 28
468 19 476
483 20 27
20 483 472
470 18 471
18 470 478
466 469 24
469 466 467
481 480 479
480 481 473
465 25 26
25 465 464
31 29 30
29 31 21
479 477 475
477 479 480
473 482 474
482 473 481
16 23 22
23 16 17
99 843 839
843 99 576
35 33 864
33 35 34
557 523 521
523 557 559
123 560 554
560 123 122
836 855 854
855 836 530
550 528 49
528 550 548
53 835 54
835 53 833
498 497 496
497 498 499
544 59 842
59 544 545
534 842 537
842 534 544
79 77 524
77 79 78
72 74 75
74 72 73
494 106 830
106 494 493
70 69 71
69 70 68
63 60 61
60 63 62
553 852 551
852 553 561
489 486 831
486 489 507
531 45 834
45 531 529
515 522 517
522 515 558
543 57 56
57 543 58
570 84 88
84 570 87
527 48 832
48 527 50
72 71 73
71 72 70
516 41 40
41 516 37
831 492 495
492 831 486
533 65 66
65 533 535
107 487 488
487 107 829
44 49 532
49 44 550
857 513 512
513 857 840
95 92 94
92 95 93
505 850 510
850 505 102
97 845 96
845 97 578
572 851 90
851 572 89
545 542 59
542 545 846
856 118 562
118 856 853
539 547 546
547 539 540
131 514 503
514 131 130
86 98 85
98 86 568
491 108 109
108 491 110
574 849 844
849 574 91
68 66 69
66 68 533
506 507 489
507 506 509
51 858 526
858 51 549
500 541 502
541 500 511
501 129 128
129 501 841
61 543 56
543 61 60
552 121 120
121 552 117
100 114 508
114 100 101
76 837 525
837 76 83
65 62 63
62 65 535
499 536 497
536 499 538
127 125 124
125 127 126
105 504 103
504 105 104
115 484 485
484 115 828
113 490 111
490 113 112
116 556 119
556 116 555
42 38 518
38 42 43
39 519 36
519 39 520
566 848 847
848 566 564
832 46 47
46 832 48
575 138 577
138 575 136
135 565 569
565 135 133
67 537 64
537 67 534
577 139 573
139 577 138
563 134 567
134 563 132
137 569 571
569 137 135
139 571 573
571 139 137
133 563 565
563 133 132
567 136 575
136 567 134
838 81 80
81 838 82
52 54 55
54 52 53
538 546 536
546 538 539
583 579 589
579 583 581
585 593 592
593 585 587
590 588 586
588 590 580
591 582 584
582 591 594
140 146 143
146 140 144
141 147 145
147 141 142
160 862 603
862 160 159
463 615 862
615 463 460
617 597 861
597 617 609
452 606 456
606 452 595
167 169 631
169 167 621
166 167 631
456 609 617
609 456 606
595 164 597
158 862 159
862 158 463
603 862 604
163 595 452
595 163 164
618 161 162
161 618 168
612 598 610
598 612 601
861 865 859
865 861 164
616 620 613
620 616 173
168 628 161
628 168 625
620 860 622
860 620 173
619 162 863
162 619 618
1 165 8
165 1 626
625 627 628
627 625 624
599 605 596
605 599 607
175 9 174
9 175 10
621 631 169
631 621 171
866 623 177
623 866 632
630 165 624
165 630 629
600 611 608
611 600 602
597 164 861
613 157 614
157 613 620
10 156 0
156 10 175
624 626 627
626 624 165
155 152 154
152 155 153
8 629 7
629 8 165
171 176 631
176 171 172
150 148 151
148 150 149
170 630 624
630 170 32
639 633 637
633 639 635
178 638 179
638 178 640
641 634 180
634 641 184
181 185 642
185 181 636
643 183 644
183 643 182
660 647 645
666 655 663
655 666 646
187 656 654
656 187 648
649 197 198
197 649 662
664 668 651
668 664 195
195 667 668
667 195 194
650 658 196
652 658 650
199 192 657
192 199 200
661 202 653
202 661 203
193 198 659
198 193 649
201 660 645
660 201 665
188 204 189
204 188 669
190 186 191
186 190 205
671 677 676
677 671 673
672 674 670
674 672 675
206 213 209
213 206 210
211 208 212
208 211 207
249 246 759
246 249 248
369 366 368
366 369 367
703 781 778
781 703 326
790 220 221
220 790 222
319 342 798
342 319 318
780 215 214
215 780 216
381 378 380
378 381 379
331 879 880
879 331 718
282 813 814
813 282 281
265 288 788
288 265 696
771 873 763
873 771 874
277 300 301
300 277 276
329 776 777
776 329 827
728 880 356
880 728 331
325 787 786
787 325 702
805 814 307
814 805 282
874 748 873
748 874 734
262 811 826
811 262 817
379 376 378
376 379 807
870 382 384
382 870 383
263 826 286
826 263 262
827 778 776
778 827 703
708 796 797
796 708 707
707 798 796
798 707 319
243 240 752
240 243 242
732 761 749
761 732 311
401 398 400
398 401 399
884 226 825
226 884 228
405 402 404
402 405 403
397 394 396
394 397 395
818 228 884
228 818 230
702 822 787
822 702 699
326 786 781
786 326 325
752 238 754
238 752 240
239 275 241
275 239 726
338 411 339
411 338 410
233 272 235
272 233 725
231 725 233
725 231 716
219 697 789
697 219 264
683 745 253
745 683 280
348 751 349
751 348 420
223 267 225
267 223 266
245 755 247
755 245 760
257 284 259
284 257 283
217 264 219
264 217 867
693 867 217
867 693 868
692 868 693
868 692 285
259 285 692
285 259 284
336 712 337
712 336 408
352 425 353
425 352 424
229 716 231
716 229 715
227 715 229
715 227 706
682 280 683
280 682 279
308 333 309
333 308 332
237 726 239
726 237 273
753 760 245
760 753 878
235 273 237
273 235 272
344 417 345
417 344 416
808 370 372
370 808 371
278 301 302
301 278 277
360 404 359
404 360 405
812 230 818
230 812 232
803 234 802
234 803 236
304 717 305
717 304 328
309 741 287
741 309 333
783 700 792
700 783 324
247 279 682
279 247 755
775 320 296
320 775 709
793 327 303
327 793 701
303 328 304
328 303 327
241 878 753
878 241 275
346 743 347
743 346 418
815 332 308
332 815 727
253 804 869
804 253 745
298 323 299
323 298 322
225 706 227
706 225 267
306 727 815
727 306 330
354 427 355
427 354 426
289 314 290
314 289 313
684 710 685
710 684 317
290 315 291
315 290 314
291 316 292
316 291 315
299 324 783
324 299 323
296 321 297
321 296 320
305 330 306
330 305 717
690 312 691
312 690 872
287 872 690
872 287 741
311 762 761
762 311 310
271 294 295
294 271 270
696 286 288
286 696 263
269 779 293
779 269 268
705 799 800
799 705 704
274 774 881
774 274 724
723 295 773
295 723 271
802 232 812
232 802 234
883 216 780
216 883 218
297 322 298
322 297 321
347 420 348
420 347 743
353 426 354
426 353 425
869 283 257
283 869 804
341 819 765
819 341 820
345 418 346
418 345 417
339 412 340
412 339 411
350 757 351
757 350 756
292 317 684
317 292 316
355 428 784
428 355 427
334 408 336
408 334 713
335 713 334
713 335 406
357 406 335
406 357 429
784 429 357
429 784 428
343 416 344
416 343 737
765 737 343
737 765 819
685 709 775
709 685 710
340 820 341
820 340 412
337 410 338
410 337 712
349 756 350
756 349 751
792 701 793
701 792 700
691 313 289
313 691 312
351 424 352
424 351 757
823 686 687
686 823 719
738 688 689
688 738 736
735 377 809
377 735 415
769 681 678
681 769 767
742 679 694
679 742 791
719 801 686
801 719 714
407 695 361
695 407 739
768 393 722
393 768 423
421 871 389
871 421 750
422 389 391
389 422 421
419 689 385
689 419 738
750 385 871
385 750 419
791 678 679
678 791 769
736 809 688
809 736 735
766 722 680
722 766 768
415 375 377
375 415 414
414 373 375
373 414 413
739 694 695
694 739 742
423 391 393
391 423 422
767 680 681
680 767 766
409 876 365
876 409 711
711 361 876
361 711 407
413 687 373
687 413 823
403 400 402
400 403 401
387 384 386
384 387 870
816 307 810
307 816 805
740 356 785
356 740 728
730 254 255
254 730 256
281 795 813
795 281 744
720 388 390
388 720 729
759 244 758
244 759 246
221 218 883
218 221 220
806 372 374
372 806 808
721 390 392
390 721 720
731 256 730
256 731 258
383 380 382
380 383 381
882 362 364
362 882 363
276 782 300
782 276 770
395 392 394
392 395 721
729 386 388
386 729 387
875 359 358
359 875 360
371 368 370
368 371 369
758 242 243
242 758 244
754 236 803
236 754 238
734 747 748
747 734 733
825 224 824
224 825 226
214 260 261
260 214 215
310 785 762
785 310 740
698 797 821
797 698 708
770 881 782
881 770 274
363 358 362
358 363 875
251 248 249
248 251 250
733 749 747
749 733 732
318 764 342
764 318 772
699 821 822
821 699 698
877 250 251
250 877 252
772 763 764
763 772 771
718 777 879
777 718 329
367 364 366
364 367 882
746 302 794
302 746 278
255 252 877
252 255 254
817 810 811
810 817 816
704 788 799
788 704 265
807 374 376
374 807 806
714 365 801
365 714 409
824 222 790
222 824 224
261 258 731
258 261 260
268 800 779
800 268 705
270 293 294
293 270 269
724 773 774
773 724 723
399 396 398
396 399 397
744 794 795
794 744 746
789 266 223
266 789 697
889 432 436
432 889 440
438 437 430
437 438 885
885 436 437
436 885 889
434 891 887
891 434 435
431 887 439
887 431 434
439 885 438
885 439 887
435 441 891
441 435 433
891 440 889
440 891 441
886 898 890
898 886 894
444 899 892
899 444 897
888 893 442
893 888 895
445 896 443
896 445 900
447 448 446
448 447 449
LABEL zzGroup19
MATERIAL 5
TEXTURE 1
GEOM 24 24
1.2411903142929077 1.3606871366500854 1.6131675243377686 0.574907660484314 0.8182012438774109 -0.0 -0.38939368724823 0.1281898021697998
1.2411903142929077 1.3606871366500854 1.4355835914611816 0.574907660484314 0.8182012438774109 -0.0 -0.38939368724823 0.5445604026317596
1.143721580505371 0.8673770427703857 1.6131675243377686 -0.574907660484314 -0.8182012438774109 -0.0 0.521346390247345 0.9999998764579487
1.143721580505371 0.8673770427703857 1.4355837106704712 -0.574907660484314 -0.8182012438774109 -0.0 0.5213465094566345 0.7251506149768829
1.3819735050201416 0.6999722719192505 1.6131675243377686 0.9810174703598022 -0.19382305443286896 -0.0 1.0235474109649658 0.12818968296051025
1.3819735050201416 0.6999722123146057 1.4355837106704712 -0.574907660484314 -0.8182012438774109 -0.0 0.9999999403953552 0.7251507341861725
1.4247727394104004 1.231695294380188 1.6131675243377686 0.6602984666824341 0.7509994506835938 -0.0 0.08162479102611542 0.1281898021697998
1.4664912223815918 1.127733826637268 1.6131675243377686 0.9962462186813354 -0.08621478825807571 -0.0 0.25816085934638977 0.1281898021697998
1.450372338294983 1.203706979751587 1.6131675243377686 0.8465834259986877 0.5322122573852539 -0.0 0.12696358561515808 0.1281898021697998
1.4656424522399902 1.1656544208526611 1.6131675243377686 0.9796441793441772 0.20059816539287567 -0.0 0.19158035516738892 0.1281898021697998
1.4247726202011108 1.231695294380188 1.4355835914611816 0.6602984666824341 0.7509994506835938 -0.0 0.08162474632263184 0.5445603728294373
1.4664911031723022 1.1277339458465576 1.4355835914611816 0.9962462186813354 -0.08621478825807571 -0.0 0.2581608295440674 0.5445603728294373
1.450372338294983 1.203706979751587 1.4355835914611816 0.8465834259986877 0.5322122573852539 -0.0 0.12696363031864166 0.5445603728294373
1.4656424522399902 1.1656544208526611 1.4355835914611816 0.9796441793441772 0.20059816539287567 -0.0 0.19158035516738892 0.5445603728294373
1.1437214612960815 0.8673770427703857 1.2960102558135986 -0.574907660484314 -0.8182012438774109 -0.0 0.5213465094566345 0.5091305375099182
1.2411901950836182 1.3606871366500854 1.2960100173950195 0.574907660484314 0.8182012438774109 -0.0 -0.38939368724823 0.871810257434845
1.3819735050201416 0.6999722719192505 1.296010136604309 0.9810174703598022 -0.19382305443286896 -0.0 1.0235474109649658 0.8718101978302002
1.4247726202011108 1.231695294380188 1.2960100173950195 0.6602984666824341 0.7509994506835938 -0.0 0.08162467181682587 0.8718102872371674
1.450372338294983 1.203706979751587 1.2960100173950195 0.8465834259986877 0.5322122573852539 -0.0 0.12696363031864166 0.8718102872371674
1.4656423330307007 1.1656544208526611 1.2960100173950195 0.9796441793441772 0.20059816539287567 -0.0 0.19158028066158295 0.871810257434845
1.4664911031723022 1.127733826637268 1.2960100173950195 0.9962462186813354 -0.08621478825807571 -0.0 0.258160799741745 0.871810257434845
1.3819735050201416 0.6999722719192505 1.6131675243377686 -0.574907660484314 -0.8182012438774109 -0.0 0.9999998211860657 1.0
1.3819735050201416 0.6999722123146057 1.4355837106704712 0.9810174703598022 -0.19382305443286896 -0.0 1.0235474109649658 0.5445603728294373
1.3819735050201416 0.6999722719192505 1.296010136604309 -0.574907660484314 -0.8182012438774109 -0.0 0.9999999403953552 0.5091306567192078
1 17 15
17 1 10
3 21 2
21 3 5
7 22 11
22 7 4
14 5 3
5 14 23
0 10 1
10 0 6
11 16 20
16 11 22
6 12 10
12 6 8
8 13 12
13 8 9
9 11 13
11 9 7
10 18 17
18 10 12
12 19 18
19 12 13
13 20 19
20 13 11
LABEL zzGroup20
MATERIAL 2
TEXTURE 0
GEOM 129 224
0.777266800403595 1.560354232788086 1.5518795251846313 -0.616962194442749 0.5638294816017151 0.5489974617958069
0.7816388607025146 1.5586283206939697 1.557344913482666 -0.5630054473876953 0.5439313650131226 0.6221808791160583
0.7787352800369263 1.5544686317443848 1.5578445196151733 -0.633869469165802 0.4424573481082916 0.634357750415802
0.7749857306480408 1.5570862293243408 1.552272081375122 -0.6794641017913818 0.4742881655693054 0.5597400069236755
0.775831937789917 1.5503093004226685 1.557344913482666 -0.7047029137611389 0.3409527838230133 0.6221503615379333
0.7794601917266846 1.5634971857070923 1.550716757774353 -0.556871235370636 0.6499221920967102 0.5171361565589905
0.7844310402870178 1.5626280307769775 1.555864930152893 -0.49488815665245056 0.6414990425109863 0.5861079692840576
0.7727044224739075 1.553817868232727 1.5518795251846313 -0.7419965267181396 0.38471633195877075 0.5489974617958069
0.7730401754379272 1.546309232711792 1.555864930152893 -0.772820234298706 0.24335458874702454 0.5860774517059326
0.7814818620681763 1.566393256187439 1.5488289594650269 -0.5014801621437073 0.7293007969856262 0.46540728211402893
0.787003755569458 1.566314458847046 1.553462266921997 -0.43214207887649536 0.731437087059021 0.5274513959884644
0.7705106735229492 1.5506751537322998 1.550716757774353 -0.8020874857902527 0.29862362146377563 0.5171361565589905
0.7704670429229736 1.5426231622695923 1.553462266921997 -0.8355662822723389 0.15341654419898987 0.5274513959884644
0.7832539677619934 1.5689316987991333 1.5462883710861206 -0.4529252052307129 0.7988219857215881 0.395825058221817
0.7892593145370483 1.5695456266403198 1.550228476524353 -0.37711721658706665 0.8102664351463318 0.44856104254722595
0.7684890627861023 1.5477790832519531 1.5488289594650269 -0.8574785590171814 0.21927548944950104 0.46540728211402893
0.768211841583252 1.5393917560577393 1.550228476524353 -0.8906216621398926 0.07458724081516266 0.44856104254722595
0.7847082018852234 1.571015477180481 1.5431926250457764 -0.413068026304245 0.8559221029281616 0.3109835982322693
0.7911098003387451 1.5721970796585083 1.5462883710861206 -0.3319498300552368 0.8749656677246094 0.35242775082588196
0.766717255115509 1.5452404022216797 1.5462883710861206 -0.9060335159301758 0.1496932953596115 0.395794540643692
0.7663609981536865 1.5367404222488403 1.5462883710861206 -0.9357585310935974 0.009887997061014175 0.35245826840400696
0.7857888340950012 1.5725632905960083 1.5396602153778076 -0.38346508145332336 0.8983428478240967 0.2141789048910141
0.7924854159355164 1.5741674900054932 1.541792631149292 -0.29837948083877563 0.9230323433876038 0.24274422228336334
0.7652629613876343 1.5431572198867798 1.5431926250457764 -0.9458601474761963 0.09262367337942123 0.3110141158103943
0.7649857401847839 1.534769892692566 1.541792631149292 -0.9693288803100586 -0.03817865625023842 0.24274422228336334
0.7864539623260498 1.573516607284546 1.5358281135559082 -0.365245521068573 0.9244666695594788 0.10919522494077682
0.7933323979377747 1.5753806829452515 1.5369151830673218 -0.2777184247970581 0.9526352882385254 0.12375255674123764
0.7641820907592773 1.5416089296340942 1.5396602153778076 -0.9754936099052429 0.05020294710993767 0.2141789048910141
0.7641388177871704 1.533556580543518 1.5369151830673218 -0.9899899363517761 -0.06775109469890594 0.12375255674123764
0.786678671836853 1.573838472366333 1.5318423509597778 -0.35908079147338867 0.9332865476608276 -0.0
0.7936181426048279 1.5757904052734375 1.5318423509597778 -0.2707602083683014 0.9626148343086243 -0.0
0.7635169625282288 1.5406557321548462 1.5358281135559082 -0.9937132000923157 0.024079103022813797 0.10916470736265182
0.7638527154922485 1.5331470966339111 1.5318423509597778 -0.9969481229782104 -0.07773064076900482 -0.0
0.7864539623260498 1.573516607284546 1.5278565883636475 -0.365215003490448 0.9244666695594788 -0.10919522494077682
0.7933323979377747 1.5753806829452515 1.5267695188522339 -0.2777184247970581 0.9526352882385254 -0.12375255674123764
0.7632921934127808 1.540333867073059 1.5318423509597778 -0.9998779296875 0.015259254723787308 -0.0
0.7641388177871704 1.533556580543518 1.5267695188522339 -0.9899899363517761 -0.06775109469890594 -0.12375255674123764
0.7857888340950012 1.5725632905960083 1.5240238904953003 -0.38346508145332336 0.8983428478240967 -0.2142094224691391
0.7924854755401611 1.5741673707962036 1.5218915939331055 -0.29837948083877563 0.9230323433876038 -0.24274422228336334
0.7635169625282288 1.5406557321548462 1.5278565883636475 -0.9937132000923157 0.024079103022813797 -0.10916470736265182
0.7649857401847839 1.5347697734832764 1.5218915939331055 -0.9693288803100586 -0.03817865625023842 -0.24277473986148834
0.7847082018852234 1.5710153579711914 1.5204920768737793 -0.413068026304245 0.8559221029281616 -0.3109835982322693
0.7911098599433899 1.5721970796585083 1.5173962116241455 -0.3319498300552368 0.8749656677246094 -0.35242775082588196
0.7641820907592773 1.5416089296340942 1.5240238904953003 -0.9754936099052429 0.05017242953181267 -0.2142094224691391
0.7663609981536865 1.5367404222488403 1.5173962116241455 -0.9357585310935974 0.009887997061014175 -0.35245826840400696
0.7832540273666382 1.5689316987991333 1.5173962116241455 -0.4529252052307129 0.7988219857215881 -0.395825058221817
0.7892593741416931 1.5695455074310303 1.5134557485580444 -0.37711721658706665 0.8102664351463318 -0.44856104254722595
0.7652629613876343 1.5431572198867798 1.5204920768737793 -0.9458601474761963 0.09262367337942123 -0.3110141158103943
0.768211841583252 1.5393916368484497 1.5134557485580444 -0.8906216621398926 0.07458724081516266 -0.44856104254722595
0.7814818620681763 1.5663931369781494 1.5148556232452393 -0.5014496445655823 0.7293007969856262 -0.46540728211402893
0.7870038151741028 1.5663143396377563 1.510222315788269 -0.43211156129837036 0.731437087059021 -0.5274513959884644
0.766717255115509 1.5452402830123901 1.5173962116241455 -0.9060335159301758 0.1496932953596115 -0.395794540643692
0.7704671025276184 1.5426230430603027 1.510222315788269 -0.8355967998504639 0.15341654419898987 -0.5274513959884644
0.7794601917266846 1.5634970664978027 1.5129674673080444 -0.556871235370636 0.6499221920967102 -0.5171666741371155
0.7844310402870178 1.5626280307769775 1.5078192949295044 -0.49488815665245056 0.6414990425109863 -0.5861079692840576
0.7684890627861023 1.5477790832519531 1.5148556232452393 -0.8574785590171814 0.21924497187137604 -0.46540728211402893
0.7730401754379272 1.546309232711792 1.5078192949295044 -0.772820234298706 0.24335458874702454 -0.5860774517059326
0.7772668600082397 1.5603541135787964 1.5118050575256348 -0.616992712020874 0.5637989640235901 -0.5489974617958069
0.7816389203071594 1.5586283206939697 1.5063396692276 -0.5630359649658203 0.5439008474349976 -0.6221808791160583
0.770510733127594 1.5506751537322998 1.5129674673080444 -0.8020874857902527 0.29862362146377563 -0.5171666741371155
0.7758319973945618 1.550309181213379 1.5063396692276 -0.7047029137611389 0.3409527838230133 -0.6221808791160583
0.7749857902526855 1.5570862293243408 1.511412501335144 -0.6794641017913818 0.4742881655693054 -0.5597400069236755
0.7787352800369263 1.5544685125350952 1.5058401823043823 -0.633869469165802 0.4424573481082916 -0.634357750415802
0.7727044224739075 1.553817868232727 1.5118050575256348 -0.7419660091400146 0.38474684953689575 -0.5489974617958069
0.7752813100814819 1.5634469985961914 1.518841028213501 -0.670827329158783 0.6492507457733154 -0.3583483397960663
0.7737704515457153 1.5612822771072388 1.5180402994155884 -0.712485134601593 0.5895565748214722 -0.3804437518119812
0.7721989750862122 1.5590310096740723 1.5177700519561768 -0.7557603716850281 0.5275429487228394 -0.3878902494907379
0.7706277370452881 1.5567799806594849 1.5180402994155884 -0.7990966439247131 0.46549883484840393 -0.3804437518119812
0.7691168785095215 1.5546153783798218 1.518841028213501 -0.8407238721847534 0.4058046340942383 -0.3583788573741913
0.7677242159843445 1.5526202917099 1.5201417207717896 -0.8791466951370239 0.3508102595806122 -0.32248908281326294
0.7766740322113037 1.5654420852661133 1.5201417207717896 -0.6324350833892822 0.7042756676673889 -0.32248908281326294
0.7665038704872131 1.5508716106414795 1.5218915939331055 -0.9127780795097351 0.3026215434074402 -0.27426984906196594
0.7778943777084351 1.5671907663345337 1.5218915939331055 -0.598803699016571 0.7524338364601135 -0.27426984906196594
0.7655019760131836 1.5494364500045776 1.5240238904953003 -0.940366804599762 0.2631000578403473 -0.2155522257089615
0.7788959741592407 1.568625569343567 1.5240238904953003 -0.5711843967437744 0.791985809803009 -0.2154911905527115
0.764757513999939 1.548370361328125 1.5264569520950317 -0.9609057903289795 0.23368023335933685 -0.14841151237487793
0.7796403169631958 1.5696922540664673 1.5264569520950317 -0.5506759881973267 0.8213751912117004 -0.14841151237487793
0.7642995119094849 1.5477135181427002 1.5290968418121338 -0.9735404253005981 0.2155522257089615 -0.07562486827373505
0.7800987362861633 1.570348858833313 1.5290967226028442 -0.5380412936210632 0.8395031690597534 -0.07565538585186005
0.764144778251648 1.5474920272827148 1.5318423509597778 -0.9777825474739075 0.20947904884815216 -0.0
0.7802534103393555 1.5705703496932983 1.5318423509597778 -0.5337687134742737 0.8456068634986877 -0.0
0.7642995119094849 1.5477136373519897 1.5345873832702637 -0.9735404253005981 0.2155522257089615 0.07562486827373505
0.7800987362861633 1.570348858833313 1.5345873832702637 -0.5380412936210632 0.8394726514816284 0.07568590342998505
0.764757513999939 1.548370361328125 1.5372276306152344 -0.9609057903289795 0.23368023335933685 0.14841151237487793
0.7796406745910645 1.5696920156478882 1.5372276306152344 -0.5506759881973267 0.8214057087898254 0.14844202995300293
0.7655019760131836 1.5494364500045776 1.5396602153778076 -0.940366804599762 0.2631000578403473 0.2155522257089615
0.7788959741592407 1.568625569343567 1.5396602153778076 -0.5711843967437744 0.7920163869857788 0.2154606729745865
0.7665038704872131 1.550871729850769 1.541792631149292 -0.9127780795097351 0.3026215434074402 0.27423933148384094
0.7778943181037903 1.5671907663345337 1.541792631149292 -0.598803699016571 0.7524643540382385 0.27426984906196594
0.7677241563796997 1.5526202917099 1.5435428619384766 -0.8791466951370239 0.3508102595806122 0.32248908281326294
0.7766740322113037 1.5654420852661133 1.5435428619384766 -0.6324350833892822 0.7042451500892639 0.32251960039138794
0.7691168785095215 1.5546153783798218 1.5448431968688965 -0.8407238721847534 0.4058351516723633 0.3583788573741913
0.7752813100814819 1.5634469985961914 1.5448431968688965 -0.670827329158783 0.6492202281951904 0.3583483397960663
0.7706277370452881 1.5567800998687744 1.545643925666809 -0.7990966439247131 0.46546831727027893 0.3804132342338562
0.7737704515457153 1.5612823963165283 1.545643925666809 -0.712485134601593 0.5895870923995972 0.3804132342338562
0.7721989750862122 1.5590310096740723 1.545914649963379 -0.7557603716850281 0.5275429487228394 0.3878902494907379
0.7733864188194275 1.5643885135650635 1.5369151830673218 -0.7224036455154419 0.6768090128898621 0.14145329594612122
0.7727642059326172 1.5634970664978027 1.5378072261810303 -0.7393414378166199 0.652241587638855 0.1670888364315033
0.7699038982391357 1.5606333017349243 1.5318423509597778 -0.8199713230133057 0.5723746418952942 -0.0
0.7738974690437317 1.5651202201843262 1.5358281135559082 -0.7075716257095337 0.6977446675300598 0.1115756705403328
0.7720543146133423 1.562480092048645 1.5384700298309326 -0.7595751881599426 0.6235541701316833 0.18488113582134247
0.7742769122123718 1.5656636953353882 1.5345873832702637 -0.6977751851081848 0.711966335773468 0.0787682756781578
0.7712844610214233 1.5613765716552734 1.5388782024383545 -0.7807855606079102 0.5928220748901367 0.19711905717849731
0.7745105624198914 1.5659984350204468 1.533241868019104 -0.6905118227005005 0.7223426103591919 0.036927394568920135
0.7704830765724182 1.5602291822433472 1.5390161275863647 -0.8033692240715027 0.5608081221580505 0.20010986924171448
0.774589478969574 1.5661115646362305 1.5318423509597778 -0.6882228851318359 0.7254554629325867 -0.0
0.7696818709373474 1.5590810775756836 1.5388782024383545 -0.82570880651474 0.5285195708274841 0.19711905717849731
0.7745105624198914 1.5659984350204468 1.5304428339004517 -0.6905118227005005 0.7223426103591919 -0.036896876990795135
0.768911600112915 1.5579777956008911 1.5384700298309326 -0.8460646271705627 0.4994964301586151 0.18613238632678986
0.7742769122123718 1.5656636953353882 1.5290967226028442 -0.6977751851081848 0.7119357585906982 -0.0787682756781578
0.7682017683982849 1.5569608211517334 1.5378072261810303 -0.8681905269622803 0.4678182303905487 0.16547136008739471
0.7738974690437317 1.5651202201843262 1.5278565883636475 -0.7075716257095337 0.6977141499519348 -0.1116061881184578
0.7675798535346985 1.5560691356658936 1.5369151830673218 -0.8846095204353333 0.4441053569316864 0.1420941799879074
0.7733864188194275 1.5643885135650635 1.5267695188522339 -0.7224036455154419 0.6768090128898621 -0.14145329594612122
0.7670691013336182 1.5553377866744995 1.5358281135559082 -0.8986175060272217 0.42435988783836365 0.1112094521522522
0.7727642059326172 1.5634970664978027 1.5258773565292358 -0.7393414378166199 0.652241587638855 -0.1670888364315033
0.7666894197463989 1.5547939538955688 1.5345873832702637 -0.9095126390457153 0.40842920541763306 0.07690664380788803
0.7720543146133423 1.562480092048645 1.5252140760421753 -0.7595751881599426 0.6235541701316833 -0.18488113582134247
0.7664557695388794 1.5544592142105103 1.533241868019104 -0.9157384037971497 0.39982298016548157 0.03900265693664551
0.7712844610214233 1.5613765716552734 1.5248059034347534 -0.7808160781860352 0.5928220748901367 -0.19711905717849731
0.766376793384552 1.5543460845947266 1.5318423509597778 -0.9183019399642944 0.395855575799942 -0.0
0.7704830765724182 1.5602291822433472 1.5246679782867432 -0.8033692240715027 0.5607776045799255 -0.20010986924171448
0.7664557695388794 1.5544592142105103 1.5304428339004517 -0.9157384037971497 0.39982298016548157 -0.03900265693664551
0.7696818709373474 1.5590810775756836 1.5248059034347534 -0.825678288936615 0.5285195708274841 -0.19711905717849731
0.7666894197463989 1.5547939538955688 1.5290968418121338 -0.9095126390457153 0.40842920541763306 -0.07690664380788803
0.7689116597175598 1.5579777956008911 1.5252141952514648 -0.8460646271705627 0.4994659125804901 -0.18610186874866486
0.7670691013336182 1.5553377866744995 1.5278565883636475 -0.8986175060272217 0.42435988783836365 -0.1111789271235466
0.7682017683982849 1.5569608211517334 1.5258773565292358 -0.8681905269622803 0.4678182303905487 -0.16544084250926971
0.7675798535346985 1.5560691356658936 1.5267695188522339 -0.8846095204353333 0.4441053569316864 -0.1420941799879074
102 98 104
98 102 100
7 2 3
2 7 4
19 12 15
12 19 16
61 60 63
60 61 62
57 54 58
54 57 53
49 46 50
46 49 45
53 50 54
50 53 49
37 34 38
34 37 33
51 44 47
44 51 48
61 58 62
58 61 57
39 32 35
32 39 36
17 14 18
14 17 13
13 10 14
10 13 9
47 40 43
40 47 44
59 52 55
52 59 56
43 36 39
36 43 40
55 48 51
48 55 52
15 8 11
8 15 12
29 26 30
26 29 25
35 28 31
28 35 32
25 22 26
22 25 21
27 20 23
20 27 24
3 1 0
1 3 2
9 6 10
6 9 5
31 24 27
24 31 28
11 4 7
4 11 8
63 56 59
56 63 60
41 38 42
38 41 37
1 5 0
5 1 6
33 30 34
30 33 29
84 25 82
25 84 21
45 42 46
42 45 41
21 18 22
18 21 17
23 16 19
16 23 20
68 55 69
55 68 59
93 3 95
3 93 7
70 53 64
53 70 49
81 35 31
35 81 79
86 21 84
21 86 17
0 95 3
95 0 94
88 17 86
17 88 13
79 39 35
39 79 77
116 85 114
85 116 83
71 55 51
55 71 69
77 43 39
43 77 75
80 33 78
33 80 29
66 63 67
63 66 61
78 37 76
37 78 33
87 23 19
23 87 85
93 11 7
11 93 91
76 41 74
41 76 37
67 59 68
59 67 63
65 61 66
61 65 57
91 15 11
15 91 89
64 57 65
57 64 53
72 49 70
49 72 45
74 45 72
45 74 41
73 51 47
51 73 71
89 19 15
19 89 87
5 94 0
94 5 92
83 31 27
31 83 81
75 47 43
47 75 73
82 29 80
29 82 25
90 13 88
13 90 9
92 9 90
9 92 5
85 27 23
27 85 83
128 73 126
73 128 71
115 72 70
72 115 113
116 98 118
98 116 114
120 81 118
81 120 79
98 111 113
111 98 109
118 83 116
83 118 81
117 70 64
70 117 115
121 65 66
65 121 119
98 119 121
119 98 117
127 71 128
71 127 69
98 101 103
124 98 126
98 124 122
126 75 124
75 126 73
98 123 125
123 98 121
109 78 76
78 109 107
127 68 69
68 127 125
124 77 122
77 124 75
107 80 78
80 107 105
113 74 72
74 113 111
98 107 109
98 110 108
119 64 65
64 119 117
104 94 102
94 104 95
106 98 108
98 106 104
128 98 127
98 128 126
99 88 86
88 99 96
125 67 68
67 125 123
106 95 104
95 106 93
97 88 96
88 97 90
98 115 117
115 98 113
111 76 74
76 111 109
122 79 120
79 122 77
123 66 67
66 123 121
102 92 100
92 102 94
112 98 114
98 112 110
98 105 107
105 98 103
110 91 108
91 110 89
100 90 97
90 100 92
105 82 80
82 105 103
120 98 122
98 120 118
97 98 100
98 97 96
101 86 84
86 101 99
108 93 106
93 108 91
114 87 112
87 114 85
103 84 82
84 103 101
98 125 127
112 89 110
89 112 87
98 99 101
99 98 96
LABEL zzGroup21
MATERIAL 1
TEXTURE 0
GEOM 56 28
0.7516616582870483 1.6586995124816895 1.436133623123169 0.574907660484314 0.8182012438774109 -0.0
0.6320095062255859 1.7427713871002197 1.632043480873108 0.574907660484314 0.8182012438774109 -0.0
0.6320095658302307 1.7427713871002197 1.436133623123169 0.574907660484314 0.8182012438774109 -0.0
0.7516616582870483 1.6586995124816895 1.632043480873108 0.574907660484314 0.8182012438774109 -0.0
0.6196923851966858 1.7252414226531982 1.632043480873108 -0.0 0.0 1.0
0.6320095062255859 1.7427713871002197 1.632043480873108 -0.0 0.0 1.0
0.7516616582870483 1.6586995124816895 1.632043480873108 -0.0 0.0 1.0
0.7013829946517944 1.5871422290802002 1.632043480873108 -0.0 0.0 1.0
0.6320095658302307 1.7427713871002197 1.436133623123169 -0.0 0.0 -1.0
0.6196923851966858 1.7252414226531982 1.436133623123169 -0.0 0.0 -1.0
0.7013829946517944 1.5871422290802002 1.436133623123169 -0.0 0.0 -1.0
0.7516616582870483 1.6586995124816895 1.436133623123169 -0.0 0.0 -1.0
0.6294012069702148 1.7390592098236084 1.6274157762527466 -0.574907660484314 -0.8182012438774109 -0.0
0.7490532994270325 1.654987096786499 1.6274157762527466 -0.574907660484314 -0.8182012438774109 -0.0
0.7490532994270325 1.654987096786499 1.4407613277435303 -0.574907660484314 -0.8182012438774109 -0.0
0.6294012069702148 1.7390592098236084 1.4407613277435303 -0.574907660484314 -0.8182012438774109 -0.0
0.6196923851966858 1.7252414226531982 1.6274157762527466 -0.0 0.0 -1.0
0.7013829946517944 1.5871422290802002 1.6274157762527466 -0.0 0.0 -1.0
0.7490532994270325 1.654987096786499 1.6274157762527466 -0.0 0.0 -1.0
0.6294012069702148 1.7390592098236084 1.6274157762527466 -0.0 0.0 -1.0
0.6294012069702148 1.7390592098236084 1.4407613277435303 -0.0 0.0 1.0
0.7490532994270325 1.654987096786499 1.4407613277435303 -0.0 0.0 1.0
0.7013829946517944 1.5871422290802002 1.4407613277435303 -0.0 0.0 1.0
0.6196923851966858 1.7252414226531982 1.4407613277435303 -0.0 0.0 1.0
0.6294012069702148 1.7390592098236084 1.6274157762527466 -0.8182012438774109 0.574877142906189 -0.0
0.6294012069702148 1.7390592098236084 1.4407613277435303 -0.8182012438774109 0.574877142906189 -0.0
0.6320095658302307 1.7427713871002197 1.436133623123169 -0.8182012438774109 0.574877142906189 -0.0
0.6320095062255859 1.7427713871002197 1.632043480873108 -0.8182012438774109 0.574877142906189 -0.0
0.6294012069702148 1.7390592098236084 1.4407613277435303 -0.8182012438774109 0.574907660484314 -0.0
0.6196923851966858 1.7252414226531982 1.4407613277435303 -0.8182012438774109 0.574907660484314 -0.0
0.6196923851966858 1.7252414226531982 1.436133623123169 -0.8182012438774109 0.574907660484314 -0.0
0.6320095658302307 1.7427713871002197 1.436133623123169 -0.8182012438774109 0.574907660484314 -0.0
0.6196923851966858 1.7252414226531982 1.6274157762527466 -0.8182012438774109 0.574877142906189 -0.0
0.6294012069702148 1.7390592098236084 1.6274157762527466 -0.8182012438774109 0.574877142906189 -0.0
0.6320095062255859 1.7427713871002197 1.632043480873108 -0.8182012438774109 0.574877142906189 -0.0
0.6196923851966858 1.7252414226531982 1.632043480873108 -0.8182012438774109 0.574877142906189 -0.0
0.7013829946517944 1.5871422290802002 1.6274157762527466 -0.860683023929596 -0.5091097950935364 -0.0
0.6196923851966858 1.7252414226531982 1.6274157762527466 -0.860683023929596 -0.5091097950935364 -0.0
0.6196923851966858 1.7252414226531982 1.632043480873108 -0.860683023929596 -0.5091097950935364 -0.0
0.7013829946517944 1.5871422290802002 1.632043480873108 -0.860683023929596 -0.5091097950935364 -0.0
0.6196923851966858 1.7252414226531982 1.4407613277435303 -0.860683023929596 -0.5091097950935364 -0.0
0.7013829946517944 1.5871422290802002 1.4407613277435303 -0.860683023929596 -0.5091097950935364 -0.0
0.7013829946517944 1.5871422290802002 1.436133623123169 -0.860683023929596 -0.5091097950935364 -0.0
0.6196923851966858 1.7252414226531982 1.436133623123169 -0.860683023929596 -0.5091097950935364 -0.0
0.7013829946517944 1.5871422290802002 1.4407613277435303 0.8182012438774109 -0.574907660484314 -0.0
0.7490532994270325 1.654987096786499 1.4407613277435303 0.8182012438774109 -0.574907660484314 -0.0
0.7516616582870483 1.6586995124816895 1.436133623123169 0.8182012438774109 -0.574907660484314 -0.0
0.7013829946517944 1.5871422290802002 1.436133623123169 0.8182012438774109 -0.574907660484314 -0.0
0.7490532994270325 1.654987096786499 1.6274157762527466 0.8182012438774109 -0.574877142906189 -0.0
0.7013829946517944 1.5871422290802002 1.6274157762527466 0.8182012438774109 -0.574877142906189 -0.0
0.7013829946517944 1.5871422290802002 1.632043480873108 0.8182012438774109 -0.574877142906189 -0.0
0.7516616582870483 1.6586995124816895 1.632043480873108 0.8182012438774109 -0.574877142906189 -0.0
0.7490532994270325 1.654987096786499 1.4407613277435303 0.8182012438774109 -0.574877142906189 -0.0
0.7490532994270325 1.654987096786499 1.6274157762527466 0.8182012438774109 -0.574877142906189 -0.0
0.7516616582870483 1.6586995124816895 1.632043480873108 0.8182012438774109 -0.574877142906189 -0.0
0.7516616582870483 1.6586995124816895 1.436133623123169 0.8182012438774109 -0.574877142906189 -0.0
7 5 4
5 7 6
23 21 20
21 23 22
19 17 16
17 19 18
15 13 12
13 15 14
0 1 3
1 0 2
43 41 40
41 43 42
39 37 36
37 39 38
31 29 28
29 31 30
11 9 8
9 11 10
55 53 52
53 55 54
51 49 48
49 51 50
27 25 24
25 27 26
35 33 32
33 35 34
47 45 44
45 47 46
LABEL zzGroup22
MATERIAL 6
TEXTURE 0
GEOM 120 188
0.7574607729911804 1.348623275756836 -0.8599517345428467 -0.0 0.0 -1.0
0.7417882084846497 1.3607451915740967 -0.857343316078186 -0.20471815764904022 0.1583300232887268 -0.9659108519554138
0.7731344103813171 1.336500644683838 -0.857343316078186 0.20471815764904022 -0.1583300232887268 -0.9659108519554138
0.7877394556999207 1.3252043724060059 -0.8496951460838318 -0.6117740273475647 -0.791009247303009 -0.0
0.800281286239624 1.3155039548873901 -0.8375285863876343 -0.6117740273475647 -0.791009247303009 -0.0
0.8099051117897034 1.3080604076385498 -0.8216731548309326 -0.6117740273475647 -0.791009247303009 -0.0
0.8159549236297607 1.3033812046051025 -0.8032093644142151 -0.6117740273475647 -0.791009247303009 -0.0
0.8180181980133057 1.3017854690551758 -0.7833960056304932 -0.6117740273475647 -0.791009247303009 -0.0
0.81595379114151 1.303382158279419 -0.7635812759399414 -0.6117740273475647 -0.791009247303009 -0.0
0.8099051117897034 1.3080604076385498 -0.7451174855232239 -0.6117740273475647 -0.791009247303009 -0.0
0.8002812266349792 1.3155039548873901 -0.7292620539665222 -0.6117740273475647 -0.791009247303009 -0.0
0.7877394556999207 1.3252043724060059 -0.7170954942703247 -0.6117740273475647 -0.791009247303009 -0.0
0.7731343507766724 1.336500644683838 -0.7094486951828003 -0.6117740273475647 -0.791009247303009 -0.0
0.7574607133865356 1.348623275756836 -0.7068389058113098 -0.6117740273475647 -0.791009247303009 -0.0
0.7417882084846497 1.3607451915740967 -0.7094487547874451 -0.6117740273475647 -0.791009247303009 -0.0
0.7271831035614014 1.3720413446426392 -0.7170954942703247 -0.6117740273475647 -0.791009247303009 -0.0
0.7146413326263428 1.3817417621612549 -0.729262113571167 -0.6117740273475647 -0.791009247303009 -0.0
0.7050175070762634 1.3891853094100952 -0.7451174855232239 -0.6117740273475647 -0.791009247303009 -0.0
0.698967695236206 1.3938645124435425 -0.7635813355445862 -0.6117740273475647 -0.791009247303009 -0.0
0.6969044208526611 1.3954603672027588 -0.7833960652351379 -0.6117740273475647 -0.791009247303009 -0.0
0.698967695236206 1.3938645124435425 -0.8032093644142151 -0.6117740273475647 -0.791009247303009 -0.0
0.7050175070762634 1.3891853094100952 -0.8216732144355774 -0.6117740273475647 -0.791009247303009 -0.0
0.7146413326263428 1.3817417621612549 -0.8375285863876343 -0.6117740273475647 -0.791009247303009 -0.0
0.7271831631660461 1.3720413446426392 -0.8496951460838318 -0.6117740273475647 -0.791009247303009 -0.0
0.8673517107963562 1.5182676315307617 -0.846336841583252 0.5554673671722412 0.8066347241401672 -0.20191046595573425
0.8581071496009827 1.5111358165740967 -0.857343316078186 -0.08246101438999176 0.3084200620651245 -0.9476607441902161
0.8636777400970459 1.5169261693954468 -0.854119598865509 0.2769249677658081 0.6627399325370789 -0.695730447769165
0.8737797141075134 1.499013900756836 -0.8599517345428467 0.11838129907846451 0.15305031836032867 -0.9810785055160522
0.8806914687156677 1.5079500675201416 -0.8485569953918457 0.5982848405838013 0.773522138595581 -0.20902127027511597
0.8786670565605164 1.5053328275680542 -0.8566142916679382 0.42439040541648865 0.5486922860145569 -0.7202673554420471
0.8894533514976501 1.4868911504745483 -0.857343316078186 0.3192236125469208 -0.0022583696991205215 -0.9476607441902161
0.8940322399139404 1.4976317882537842 -0.846336841583252 0.6410717964172363 0.7404095530509949 -0.20191046595573425
0.893657386302948 1.4937385320663452 -0.854119598865509 0.5718253254890442 0.4346446096897125 -0.695730447769165
0.9064633846282959 1.488016963005066 -0.8398270606994629 0.6809595227241516 0.7095858454704285 -0.18100528419017792
0.9040584564208984 1.4755949974060059 -0.8496951460838318 0.5064241290092468 -0.14703817665576935 -0.8496353030204773
0.9076257348060608 1.482934832572937 -0.8468048572540283 0.7092501521110535 0.32834863662719727 -0.6237677931785583
0.916600227355957 1.4658945798873901 -0.8375285863876343 0.6671346426010132 -0.2713400721549988 -0.6937162280082703
0.9171385169029236 1.4797602891921997 -0.8294712901115417 0.7152012586593628 0.6830958127975464 -0.14780114591121674
0.9196208119392395 1.473657250404358 -0.8351686596870422 0.8272652626037598 0.2370983064174652 -0.5092929005622864
0.9262240529060364 1.4584510326385498 -0.8216731548309326 0.790459930896759 -0.3667409420013428 -0.4905545115470886
0.9253300428390503 1.4734246730804443 -0.8159757256507874 0.7414777278900146 0.6627704501152039 -0.10449537634849548
0.9288251399993896 1.4665381908416748 -0.820004403591156 0.9177831411361694 0.1670583188533783 -0.36014893651008606
0.9304792881011963 1.4694418907165527 -0.8002601265907288 0.7579882144927979 0.6499832272529602 -0.05407879874110222
0.9322738647460938 1.4537718296051025 -0.8032093644142151 0.8679769039154053 -0.4267098009586334 -0.2539139986038208
0.9346112012863159 1.4620630741119385 -0.8023455142974854 0.9747306704521179 0.12302011251449585 -0.18640705943107605
0.9322354793548584 1.4680836200714111 -0.7833959460258484 0.7636341452598572 0.6456190943717957 -0.0
0.9343371391296387 1.4521759748458862 -0.7833960056304932 0.8944364786148071 -0.44715720415115356 -0.0
0.93658447265625 1.4605367183685303 -0.7833960056304932 0.9941404461860657 0.10800500214099884 -0.0
0.9304792881011963 1.4694418907165527 -0.766530454158783 0.7579882144927979 0.6499832272529602 0.05407879874110222
0.9322737455368042 1.453771948814392 -0.7635812759399414 0.8679769039154053 -0.4267098009586334 0.2539139986038208
0.9346111416816711 1.4620630741119385 -0.7644450664520264 0.9747306704521179 0.12302011251449585 0.18640705943107605
0.9262240529060364 1.4584510326385498 -0.7451174855232239 0.790459930896759 -0.3667409420013428 0.4905239939689636
0.9253299832344055 1.4734246730804443 -0.7508149147033691 0.7414777278900146 0.6627704501152039 0.10449537634849548
0.9288251399993896 1.4665381908416748 -0.7467862367630005 0.9177831411361694 0.1670583188533783 0.36014893651008606
0.916600227355957 1.4658945798873901 -0.7292620539665222 0.6671346426010132 -0.2713400721549988 0.6937162280082703
0.9171385169029236 1.4797602891921997 -0.7373193502426147 0.7152012586593628 0.6830958127975464 0.14780114591121674
0.9196207523345947 1.473657250404358 -0.7316219806671143 0.8272652626037598 0.2370983064174652 0.5092929005622864
0.9064635634422302 1.4880168437957764 -0.7269638180732727 0.6809290051460266 0.7095858454704285 0.18100528419017792
0.9040583968162537 1.4755949974060059 -0.7170954942703247 0.5063936114311218 -0.14703817665576935 0.8496658205986023
0.9076257944107056 1.4829347133636475 -0.7199859023094177 0.7092501521110535 0.32834863662719727 0.6237677931785583
0.8894533514976501 1.486891269683838 -0.7094487547874451 0.3192236125469208 -0.0022583696991205215 0.9476607441902161
0.8940322399139404 1.4976317882537842 -0.7204551100730896 0.6410717964172363 0.7404095530509949 0.20187993347644806
0.893657386302948 1.4937385320663452 -0.7126724123954773 0.5718558430671692 0.4346446096897125 0.695730447769165
0.8737797141075134 1.499013900756836 -0.7068389654159546 0.11838129907846451 0.15305031836032867 0.9810785055160522
0.8806914687156677 1.5079501867294312 -0.7182337641716003 0.5982848405838013 0.773522138595581 0.20902127027511597
0.8786669969558716 1.5053328275680542 -0.710176408290863 0.42435988783836365 0.5486922860145569 0.7202673554420471
0.8673517107963562 1.5182676315307617 -0.7204551100730896 0.5554673671722412 0.8066347241401672 0.20187993347644806
0.8581071496009827 1.5111358165740967 -0.7094487547874451 -0.08246101438999176 0.3084200620651245 0.9476607441902161
0.8636777400970459 1.5169261693954468 -0.7126724123954773 0.2769249677658081 0.6627399325370789 0.695730447769165
0.8549203276634216 1.527882695198059 -0.7269638776779175 0.5156102180480957 0.8374584317207336 0.18100528419017792
0.8435021042823792 1.5224319696426392 -0.7170955538749695 -0.269600510597229 0.4531693458557129 0.8496658205986023
0.8497093319892883 1.5277299880981445 -0.7199859023094177 0.13950011134147644 0.7690054178237915 0.6237677931785583
0.8309602737426758 1.5321323871612549 -0.729262113571167 -0.430341511964798 0.5774712562561035 0.6937162280082703
0.844245433807373 1.5361391305923462 -0.7373193502426147 0.48136845231056213 0.8639484643936157 0.14780114591121674
0.8377143144607544 1.537007451057434 -0.731622040271759 0.02151554822921753 0.8602862358093262 0.5092929005622864
0.8213364481925964 1.5395759344100952 -0.7451174855232239 -0.5536667704582214 0.6728720664978027 0.4905545115470886
0.8360539078712463 1.5424748659133911 -0.7508149743080139 0.45509201288223267 0.8842738270759583 0.10449537634849548
0.8285099864006042 1.5441265106201172 -0.7467862367630005 -0.06900235265493393 0.9303262233734131 0.36014893651008606
0.8309046030044556 1.5464575290679932 -0.766530454158783 0.4385509788990021 0.8970610499382019 0.05407879874110222
0.8152866363525391 1.5442551374435425 -0.7635813355445862 -0.6312143206596375 0.7328409552574158 0.2539139986038208
0.8227239847183228 1.548601746559143 -0.7644451260566711 -0.125949889421463 0.9743339419364929 0.18640705943107605
0.8291484117507935 1.5478159189224243 -0.7833960056304932 0.43293556571006775 0.9013947248458862 -0.0
0.8132233619689941 1.5458509922027588 -0.7833960652351379 -0.6576433777809143 0.7532883882522583 -0.0
0.8207506537437439 1.5501279830932617 -0.7833960056304932 -0.14535966515541077 0.9893490672111511 -0.0
0.8309046030044556 1.5464575290679932 -0.8002601861953735 0.4385509788990021 0.8970610499382019 -0.05407879874110222
0.8152866363525391 1.5442551374435425 -0.8032093644142151 -0.6312143206596375 0.7328409552574158 -0.2539139986038208
0.8227239847183228 1.548601746559143 -0.8023455739021301 -0.125919371843338 0.9743339419364929 -0.18640705943107605
0.8213364481925964 1.5395759344100952 -0.8216732144355774 -0.5536667704582214 0.6728720664978027 -0.4905545115470886
0.8360539078712463 1.5424748659133911 -0.8159757256507874 0.45509201288223267 0.8842738270759583 -0.10449537634849548
0.828510046005249 1.5441265106201172 -0.8200044631958008 -0.06900235265493393 0.9303262233734131 -0.36014893651008606
0.844245433807373 1.5361391305923462 -0.8294712901115417 0.48136845231056213 0.8639484643936157 -0.14780114591121674
0.8309603333473206 1.5321323871612549 -0.8375285863876343 -0.430341511964798 0.5774712562561035 -0.6937162280082703
0.8377143740653992 1.537007451057434 -0.8351686596870422 0.02151554822921753 0.8602862358093262 -0.5092929005622864
0.8549205660820007 1.52788245677948 -0.8398270606994629 0.5156102180480957 0.8374584317207336 -0.18100528419017792
0.8435021042823792 1.5224319696426392 -0.8496951460838318 -0.269631028175354 0.4531693458557129 -0.8496353030204773
0.8497094511985779 1.5277299880981445 -0.8468048572540283 0.13950011134147644 0.7690359354019165 -0.6237677931785583
0.7146413326263428 1.3817417621612549 -0.729262113571167 -0.5593127012252808 0.43259987235069275 0.7070833444595337
0.7050175070762634 1.3891853094100952 -0.7451174855232239 -0.6850184798240662 0.5298318266868591 0.4999847412109375
0.81595379114151 1.303382158279419 -0.7635812759399414 0.7640308737754822 -0.5909299254417419 0.25879696011543274
0.8099051117897034 1.3080604076385498 -0.7451174855232239 0.6850184798240662 -0.5298318266868591 0.4999847412109375
0.7574607729911804 1.348623275756836 -0.8599517345428467 -0.6117740273475647 -0.791009247303009 -0.0
0.7417882084846497 1.3607451915740967 -0.857343316078186 -0.6117740273475647 -0.791009247303009 -0.0
0.7271831035614014 1.3720413446426392 -0.7170954942703247 -0.395489364862442 0.30588701367378235 0.8660237193107605
0.8180181980133057 1.3017854690551758 -0.7833960056304932 0.790978729724884 -0.6118045449256897 -0.0
0.7731344103813171 1.336500644683838 -0.857343316078186 -0.6117740273475647 -0.791009247303009 -0.0
0.7146413326263428 1.3817417621612549 -0.8375285863876343 -0.5593127012252808 0.43259987235069275 -0.7070833444595337
0.7271831631660461 1.3720413446426392 -0.8496951460838318 -0.395489364862442 0.30588701367378235 -0.8659932017326355
0.7417882084846497 1.3607451915740967 -0.7094487547874451 -0.20471815764904022 0.1583300232887268 0.9659108519554138
0.8159549236297607 1.3033812046051025 -0.8032093644142151 0.7640308737754822 -0.5909299254417419 -0.25879696011543274
0.698967695236206 1.3938645124435425 -0.7635813355445862 -0.7640308737754822 0.5909299254417419 0.25879696011543274
0.8002812266349792 1.3155039548873901 -0.7292620539665222 0.5593127012252808 -0.43259987235069275 0.7070833444595337
0.698967695236206 1.3938645124435425 -0.8032093644142151 -0.7640308737754822 0.5909299254417419 -0.25879696011543274
0.7050175070762634 1.3891853094100952 -0.8216732144355774 -0.6850184798240662 0.5298318266868591 -0.4999847412109375
0.7731343507766724 1.336500644683838 -0.7094486951828003 0.20471815764904022 -0.1583300232887268 0.9659108519554138
0.7574607133865356 1.348623275756836 -0.7068389058113098 -0.0 0.0 0.999969482421875
0.800281286239624 1.3155039548873901 -0.8375285863876343 0.5593127012252808 -0.43259987235069275 -0.7070833444595337
0.8099051117897034 1.3080604076385498 -0.8216731548309326 0.6850184798240662 -0.5298318266868591 -0.4999847412109375
0.6969044208526611 1.3954603672027588 -0.7833960652351379 -0.791009247303009 0.6117740273475647 -0.0
0.7877394556999207 1.3252043724060059 -0.7170954942703247 0.395489364862442 -0.30588701367378235 0.8660237193107605
0.7877394556999207 1.3252043724060059 -0.8496951460838318 0.395489364862442 -0.30588701367378235 -0.8659932017326355
91 112 87
112 91 105
75 96 72
96 75 97
87 111 85
111 87 112
51 98 49
98 51 99
72 102 70
102 72 96
49 103 46
103 49 98
46 108 43
108 46 103
82 109 79
109 82 117
79 97 75
97 79 109
34 2 30
2 34 119
70 107 67
107 70 102
60 118 58
118 60 113
94 105 91
105 94 106
63 113 60
113 63 114
85 117 82
117 85 111
36 119 34
119 36 115
58 110 54
110 58 118
39 115 36
115 39 116
67 114 63
114 67 107
25 106 94
106 25 1
43 116 39
116 43 108
54 99 51
99 54 110
17 15 16
15 13 14
13 11 12
11 9 10
9 7 8
7 5 6
5 3 4
3 100 104
100 23 101
23 21 22
21 19 20
19 17 18
17 13 15
13 9 11
9 5 7
5 100 3
100 21 23
21 17 19
17 9 13
9 100 5
100 17 21
9 17 100
0 30 2
30 0 27
0 25 27
25 0 1
49 53 51
53 49 50
50 52 53
52 50 48
70 74 72
74 70 71
71 73 74
73 71 69
25 29 27
29 25 26
26 28 29
28 26 24
72 77 75
77 72 74
74 76 77
76 74 73
51 56 54
56 51 53
53 55 56
55 53 52
27 32 30
32 27 29
29 31 32
31 29 28
75 80 79
80 75 77
77 78 80
78 77 76
67 71 70
71 67 68
68 69 71
69 68 66
43 47 46
47 43 44
44 45 47
45 44 42
91 95 94
95 91 92
92 93 95
93 92 90
58 62 60
62 58 59
59 61 62
61 59 57
34 38 36
38 34 35
35 37 38
37 35 33
82 86 85
86 82 83
83 84 86
84 83 81
60 65 63
65 60 62
62 64 65
64 62 61
36 41 39
41 36 38
38 40 41
40 38 37
85 89 87
89 85 86
86 88 89
88 86 84
63 68 67
68 63 65
65 66 68
66 65 64
39 44 43
44 39 41
41 42 44
42 41 40
87 92 91
92 87 89
89 90 92
90 89 88
54 59 58
59 54 56
56 57 59
57 56 55
30 35 34
35 30 32
32 33 35
33 32 31
79 83 82
83 79 80
80 81 83
81 80 78
46 50 49
50 46 47
47 48 50
48 47 45
94 26 25
26 94 95
95 24 26
24 95 93
45 52 48
52 57 55
57 64 61
64 69 66
69 76 73
76 81 78
81 88 84
88 93 90
93 28 24
28 33 31
33 40 37
40 45 42
45 57 52
57 69 64
69 81 76
81 93 88
93 33 28
33 45 40
45 69 57
69 93 81
93 45 33
69 45 93
LABEL zzGroup23
MATERIAL 1
TEXTURE 0
GEOM 272 393
0.8737475872039795 1.545122742652893 -0.8887770175933838 0.5554673671722412 0.8066347241401672 -0.20191046595573425
0.8582916259765625 1.5332103967666626 -0.9072048664093018 0.6117740273475647 0.791009247303009 -0.0
0.8675963878631592 1.5428767204284668 -0.9018074870109558 0.2771996259689331 0.6629840731620789 -0.69539475440979
0.8845317959785461 1.512915015220642 -0.9115720987319946 0.6117740273475647 0.791009247303009 -0.0
0.8960819840431213 1.5278483629226685 -0.8924941420555115 0.5982848405838013 0.773522138595581 -0.20902127027511597
0.8926925659179688 1.5234662294387817 -0.9059842824935913 0.42460402846336365 0.5489669442176819 -0.7199316620826721
0.910773754119873 1.4926183223724365 -0.9072048664093018 0.6117740273475647 0.791009247303009 -0.0
0.9184181094169617 1.5105725526809692 -0.888776957988739 0.6410717964172363 0.7404095530509949 -0.20191046595573425
0.9177905321121216 1.504054307937622 -0.901807427406311 0.5719779133796692 0.4349803030490875 -0.69539475440979
0.9392312169075012 1.4944747686386108 -0.8778778314590454 0.6809595227241516 0.7095858454704285 -0.18100528419017792
0.9352266788482666 1.4737052917480469 -0.8943997025489807 0.6117740273475647 0.791009247303009 -0.0
0.9411773681640625 1.4859658479690552 -0.8895605802536011 0.7093417048454285 0.32874539494514465 -0.6234626173973083
0.9562250375747681 1.4574642181396484 -0.8740295767784119 0.6117740273475647 0.791009247303009 -0.0
0.9571043848991394 1.4806509017944336 -0.860539436340332 0.7152012586593628 0.6830958127975464 -0.14780114591121674
0.9612603783607483 1.4704326391220093 -0.870078444480896 0.8272957801818848 0.2375255525112152 -0.5090487599372864
0.9723380208015442 1.4450017213821411 -0.8474832773208618 0.6117740273475647 0.791009247303009 -0.0
0.9708191752433777 1.4700431823730469 -0.8379441499710083 0.7414777278900146 0.6627704501152039 -0.10449537634849548
0.9766709804534912 1.4585134983062744 -0.8446893095970154 0.9177831411361694 0.1675160974264145 -0.35996583104133606
0.9794405102729797 1.4633749723434448 -0.811631977558136 0.7579882144927979 0.6499832272529602 -0.05407879874110222
0.9824670553207397 1.4371674060821533 -0.8165698051452637 0.6117740273475647 0.791009247303009 -0.0
0.9863584041595459 1.4510207176208496 -0.8151234984397888 0.9746696352958679 0.12350840866565704 -0.18631550669670105
0.9823808073997498 1.4611008167266846 -0.7833967208862305 0.7636341452598572 0.6456190943717957 -0.0
0.9859215021133423 1.4344955682754517 -0.78339684009552 0.6117740273475647 0.791009247303009 -0.0
0.9896622896194458 1.448465347290039 -0.7833967804908752 0.9940794110298157 0.10849329829216003 -0.0
0.9794405102729797 1.4633750915527344 -0.7551592588424683 0.7579882144927979 0.6499832272529602 0.05407879874110222
0.9824668765068054 1.4371675252914429 -0.7502214908599854 0.6117740273475647 0.791009247303009 -0.0
0.9863583445549011 1.4510208368301392 -0.7516677379608154 0.9746696352958679 0.12350840866565704 0.18631550669670105
0.9723380208015442 1.4450017213821411 -0.7193080186843872 0.8681905269622803 -0.1830500215291977 0.461165189743042
0.9708191752433777 1.4700431823730469 -0.7288471460342407 0.7414777278900146 0.6627704501152039 0.10449537634849548
0.9766709804534912 1.4585134983062744 -0.7221019864082336 0.9177831411361694 0.1675160974264145 0.35996583104133606
0.9562250375747681 1.4574642181396484 -0.6927617192268372 0.6117740273475647 0.791009247303009 -0.0
0.9571043848991394 1.4806509017944336 -0.706251859664917 0.7152012586593628 0.6830958127975464 0.14780114591121674
0.9612603783607483 1.4704327583312988 -0.696712851524353 0.8272957801818848 0.2375255525112152 0.5090487599372864
0.9392316341400146 1.4944744110107422 -0.6889138221740723 0.6809290051460266 0.7095858454704285 0.18100528419017792
0.9352266788482666 1.4737052917480469 -0.6723915934562683 0.6117740273475647 0.791009247303009 -0.0
0.941177487373352 1.4859657287597656 -0.6772308349609375 0.7093111872673035 0.32874539494514465 0.6234931349754333
0.910773754119873 1.4926183223724365 -0.6595887541770935 0.6117740273475647 0.791009247303009 -0.0
0.9184181094169617 1.5105725526809692 -0.6780164837837219 0.6410717964172363 0.7404095530509949 0.20187993347644806
0.9177905321121216 1.504054307937622 -0.6649860739707947 0.5719779133796692 0.4349803030490875 0.69539475440979
0.8845317959785461 1.5129151344299316 -0.6552191972732544 0.6117740273475647 0.791009247303009 -0.0
0.8960820436477661 1.5278483629226685 -0.6742973327636719 0.5982848405838013 0.773522138595581 0.20902127027511597
0.8926925659179688 1.5234662294387817 -0.6608070731163025 0.42457351088523865 0.5489669442176819 0.7199316620826721
0.873747706413269 1.545122742652893 -0.6780164241790771 0.5554673671722412 0.8066347241401672 0.20187993347644806
0.8582916855812073 1.5332103967666626 -0.6595887541770935 0.6117740273475647 0.791009247303009 -0.0
0.8675963878631592 1.5428767204284668 -0.6649860739707947 0.2771996259689331 0.6629840731620789 0.69539475440979
0.8529340624809265 1.5612210035324097 -0.6889138221740723 0.5156102180480957 0.8374584317207336 0.18100528419017792
0.8338387608528137 1.5521234273910522 -0.6723915934562683 0.6117740273475647 0.791009247303009 -0.0
0.8442094326019287 1.5609652996063232 -0.6772308349609375 0.13986632227897644 0.7691885232925415 0.6234931349754333
0.8128404021263123 1.5683645009994507 -0.6927617192268372 0.6117740273475647 0.791009247303009 -0.0
0.8350613713264465 1.5750446319580078 -0.706251859664917 0.48136845231056213 0.8639484643936157 0.14780114591121674
0.8241266012191772 1.5764983892440796 -0.696712851524353 0.021912289783358574 0.860438883304596 0.5090487599372864
0.7967274188995361 1.580826997756958 -0.7193080186843872 0.6117740273475647 0.791009247303009 -0.0
0.8213465213775635 1.585652232170105 -0.7288471460342407 0.45509201288223267 0.8842738270759583 0.10449537634849548
0.8087159395217896 1.588417649269104 -0.7221019864082336 -0.06857509166002274 0.9304177761077881 0.35996583104133606
0.8127251863479614 1.5923203229904175 -0.7551592588424683 0.4385509788990021 0.8970610499382019 0.05407879874110222
0.7865984439849854 1.5886613130569458 -0.7502214908599854 0.6117740273475647 0.791009247303009 -0.0
0.7990285754203796 1.5959103107452393 -0.7516677379608154 -0.12546159327030182 0.9744254946708679 0.18631550669670105
0.8097848892211914 1.5945945978164673 -0.7833967208862305 0.43293556571006775 0.9013947248458862 -0.0
0.7831438779830933 1.5913331508636475 -0.78339684009552 0.6117740273475647 0.791009247303009 -0.0
0.795724630355835 1.5984656810760498 -0.7833967804908752 -0.14487136900424957 0.9894406199455261 -0.0
0.8127251863479614 1.592320442199707 -0.811631977558136 0.4385509788990021 0.8970610499382019 -0.05407879874110222
0.7865984439849854 1.5886613130569458 -0.8165698051452637 0.6117740273475647 0.791009247303009 -0.0
0.7990285754203796 1.5959103107452393 -0.8151234984397888 -0.12546159327030182 0.9744254946708679 -0.18631550669670105
0.7967274188995361 1.580826997756958 -0.8474832773208618 -0.6275215744972229 0.4853663742542267 -0.6087527275085449
0.8213465213775635 1.585652232170105 -0.8379441499710083 0.45509201288223267 0.8842738270759583 -0.10449537634849548
0.8087159395217896 1.5884175300598145 -0.8446893095970154 -0.06857509166002274 0.9304177761077881 -0.35996583104133606
0.8350613117218018 1.5750445127487183 -0.860539436340332 0.48136845231056213 0.8639484643936157 -0.14780114591121674
0.8128403425216675 1.5683645009994507 -0.8740295767784119 0.6117740273475647 0.791009247303009 -0.0
0.8241265416145325 1.57649827003479 -0.8700783848762512 0.021912289783358574 0.860438883304596 -0.5090487599372864
0.8529344797134399 1.561220645904541 -0.8778778314590454 0.5156102180480957 0.8374584317207336 -0.18100528419017792
0.8338387608528137 1.5521234273910522 -0.8943997025489807 0.6117740273475647 0.791009247303009 -0.0
0.8442095518112183 1.5609651803970337 -0.8895605802536011 0.13983580470085144 0.7692190408706665 -0.6234626173973083
0.9941384792327881 1.4281401634216309 -0.6528705954551697 0.6117740273475647 0.791009247303009 -0.0
0.9941384792327881 1.4281401634216309 -0.9231435060501099 0.6117740273475647 0.791009247303009 -0.0
0.9941384196281433 1.4281400442123413 -0.6446459889411926 -0.0 0.0 1.0
0.9941384792327881 1.4281400442123413 -0.9313681125640869 -0.0 0.0 -1.0
0.7295428514480591 1.632790446281433 -0.8927956819534302 0.6117740273475647 0.791009247303009 -0.0
0.7295428514480591 1.632790446281433 -0.6832183599472046 0.6117740273475647 0.791009247303009 -0.0
0.7295428514480591 1.632790446281433 -0.8992006182670593 -0.443433940410614 0.3429670035839081 -0.8280587196350098
0.7295428514480591 1.632790446281433 -0.6768134236335754 -0.443433940410614 0.3429670035839081 0.8280587196350098
0.7245044112205505 1.6366873979568481 -0.888727605342865 -0.791009247303009 0.6117740273475647 -0.0
0.7245044112205505 1.6366873979568481 -0.6872864961624146 -0.791009247303009 0.6117740273475647 -0.0
0.7671287655830383 1.603719711303711 -0.9231435060501099 0.6117740273475647 0.791009247303009 -0.0
0.7671287655830383 1.603719711303711 -0.6528705954551697 0.6117740273475647 0.791009247303009 -0.0
1.0019347667694092 1.4221100807189941 -0.6528705954551697 0.791009247303009 -0.6117740273475647 -0.0
1.0019347667694092 1.4221100807189941 -0.9231435060501099 0.791009247303009 -0.6117740273475647 -0.0
0.7245043516159058 1.6366873979568481 -0.6811255216598511 -0.6987212896347046 0.5404217839241028 0.4687032699584961
0.7245043516159058 1.6366873979568481 -0.8948885202407837 -0.6987212896347046 0.5404217839241028 -0.4687032699584961
0.7671287655830383 1.603719711303711 -0.6446459889411926 -0.23187963664531708 0.17935727536678314 0.9560533165931702
0.7671287655830383 1.603719711303711 -0.9313681125640869 -0.23191015422344208 0.17935727536678314 -0.9560533165931702
1.0019347667694092 1.4221100807189941 -0.6446459889411926 0.791009247303009 -0.6117740273475647 -0.0
1.0019347667694092 1.4221100807189941 -0.9313681125640869 0.791009247303009 -0.6117740273475647 -0.0
0.9580740928649902 1.4560339450836182 -0.6958081126213074 0.8142033219337463 -0.14484085142612457 0.5621814727783203
0.8109695911407471 1.569811224937439 -0.870947539806366 -0.7154148817062378 0.39988401532173157 -0.5729239583015442
0.8685212731361389 1.5383656024932861 -0.8887770175933838 -0.5554673671722412 -0.8066347241401672 0.20191046595573425
0.8530653119087219 1.5264531373977661 -0.9072048664093018 -0.3879512846469879 -0.7413861751556396 0.5475325584411621
0.8623700141906738 1.5361194610595703 -0.9018074870109558 -0.2771996259689331 -0.6629840731620789 0.69539475440979
0.8793054223060608 1.5061578750610352 -0.9115720987319946 -0.503982663154602 -0.651631236076355 0.5668507814407349
0.890855610370636 1.521091103553772 -0.8924941420555115 -0.5982848405838013 -0.773522138595581 0.20902127027511597
0.8874661922454834 1.5167089700698853 -0.9059842824935913 -0.42460402846336365 -0.5489669442176819 0.7199316620826721
0.9055474400520325 1.48586106300354 -0.9072048664093018 -0.6200445294380188 -0.5618762969970703 0.5475325584411621
0.9131917953491211 1.5038152933120728 -0.888776957988739 -0.6410717964172363 -0.7404095530509949 0.20191046595573425
0.9125641584396362 1.4972970485687256 -0.901807427406311 -0.5719779133796692 -0.4349803030490875 0.69539475440979
0.9340049028396606 1.4877175092697144 -0.8778778314590454 -0.6809595227241516 -0.7095858454704285 0.18100528419017792
0.9300003051757812 1.46694815158844 -0.8943997025489807 -0.7282021641731262 -0.47822505235671997 0.490890234708786
0.9359509944915771 1.4792085886001587 -0.8895605802536011 -0.7093417048454285 -0.32874539494514465 0.6234626173973083
0.9509987235069275 1.450706958770752 -0.8740295767784119 -0.8210699558258057 -0.4063844680786133 0.40083009004592896
0.951878011226654 1.473893642425537 -0.860539436340332 -0.7152012586593628 -0.6830958127975464 0.14780114591121674
0.9560340642929077 1.4636754989624023 -0.870078444480896 -0.8272957801818848 -0.2375255525112152 0.5090487599372864
0.9671116471290588 1.4382444620132446 -0.8474832773208618 -0.8923001885414124 -0.35129857063293457 0.28342539072036743
0.9655928611755371 1.4632859230041504 -0.8379441499710083 -0.7414777278900146 -0.6627704501152039 0.10449537634849548
0.9714446067810059 1.451756238937378 -0.8446893095970154 -0.9177831411361694 -0.1675160974264145 0.35996583104133606
0.9742141962051392 1.456617832183838 -0.811631977558136 -0.7579882144927979 -0.6499832272529602 0.05407879874110222
0.9772406816482544 1.4304102659225464 -0.8165698051452637 -0.9371013641357422 -0.3166295289993286 0.14670246839523315
0.9811320304870605 1.4442635774612427 -0.8151234984397888 -0.9746696352958679 -0.12350840866565704 0.18631550669670105
0.9771544933319092 1.4543436765670776 -0.7833967208862305 -0.7636341452598572 -0.6456190943717957 -0.0
0.9806951880455017 1.4277383089065552 -0.78339684009552 -0.9375896453857422 -0.34766685962677 -0.0
0.9844359159469604 1.4417080879211426 -0.7833967804908752 -0.9940794110298157 -0.10849329829216003 -0.0
0.9742141962051392 1.456617832183838 -0.7551592588424683 -0.7579882144927979 -0.6499832272529602 -0.05407879874110222
0.9772405624389648 1.430410385131836 -0.7502214908599854 -0.9371013641357422 -0.3166295289993286 -0.14670246839523315
0.9811319708824158 1.4442635774612427 -0.7516677379608154 -0.9746696352958679 -0.12350840866565704 -0.18631550669670105
0.9671117067337036 1.4382444620132446 -0.7193080186843872 -0.8923001885414124 -0.35129857063293457 -0.28342539072036743
0.9655928611755371 1.4632859230041504 -0.7288471460342407 -0.7414777278900146 -0.6627704501152039 -0.10449537634849548
0.9714446067810059 1.451756238937378 -0.7221019864082336 -0.9177831411361694 -0.1675160974264145 -0.35996583104133606
0.9509987235069275 1.450706958770752 -0.6927617192268372 -0.8210699558258057 -0.4063844680786133 -0.40083009004592896
0.951878011226654 1.473893642425537 -0.706251859664917 -0.7152012586593628 -0.6830958127975464 -0.14780114591121674
0.9560340642929077 1.4636754989624023 -0.696712851524353 -0.8272957801818848 -0.2375255525112152 -0.5090487599372864
0.9340053200721741 1.4877172708511353 -0.6889138221740723 -0.6809290051460266 -0.7095858454704285 -0.18100528419017792
0.9300003051757812 1.46694815158844 -0.6723915934562683 -0.7281716465950012 -0.47822505235671997 -0.490920752286911
0.9359511137008667 1.4792084693908691 -0.6772308349609375 -0.7093111872673035 -0.32874539494514465 -0.6234931349754333
0.9055474400520325 1.48586106300354 -0.6595887541770935 -0.6200445294380188 -0.5618762969970703 -0.5475325584411621
0.9131917953491211 1.5038154125213623 -0.6780164837837219 -0.6410717964172363 -0.7404095530509949 -0.20187993347644806
0.912564218044281 1.4972970485687256 -0.6649860739707947 -0.5719779133796692 -0.4349803030490875 -0.69539475440979
0.8793054819107056 1.5061578750610352 -0.6552191972732544 -0.503982663154602 -0.651631236076355 -0.5668507814407349
0.8908556699752808 1.521091103553772 -0.6742973327636719 -0.5982848405838013 -0.773522138595581 -0.20902127027511597
0.8874662518501282 1.5167089700698853 -0.6608070731163025 -0.42457351088523865 -0.5489669442176819 -0.7199316620826721
0.8685213327407837 1.5383656024932861 -0.6780164241790771 -0.5554673671722412 -0.8066347241401672 -0.20187993347644806
0.8530653119087219 1.5264532566070557 -0.6595887541770935 -0.3879512846469879 -0.7413861751556396 -0.5475325584411621
0.8623700737953186 1.5361194610595703 -0.6649860739707947 -0.2771996259689331 -0.6629840731620789 -0.69539475440979
0.8477077484130859 1.5544637441635132 -0.6889138221740723 -0.5156102180480957 -0.8374584317207336 -0.18100528419017792
0.8286124467849731 1.5453661680221558 -0.6723915934562683 -0.2797936797142029 -0.8250373601913452 -0.490920752286911
0.8389831185340881 1.5542080402374268 -0.6772308349609375 -0.13986632227897644 -0.7691885232925415 -0.6234931349754333
0.8076140284538269 1.5616073608398438 -0.6927617192268372 -0.18692587316036224 -0.8968474268913269 -0.40083009004592896
0.8298349976539612 1.5682873725891113 -0.706251859664917 -0.48136845231056213 -0.8639484643936157 -0.14780114591121674
0.8189002275466919 1.569741129875183 -0.696712851524353 -0.021912289783358574 -0.860438883304596 -0.5090487599372864
0.7915010452270508 1.574069857597351 -0.7193080186843872 -0.11566515266895294 -0.9519638419151306 -0.28342539072036743
0.8161201477050781 1.578895092010498 -0.7288471460342407 -0.45509201288223267 -0.8842738270759583 -0.10449537634849548
0.803489625453949 1.5816603899002075 -0.7221019864082336 0.06857509166002274 -0.9304177761077881 -0.35996583104133606
0.8074988722801208 1.5855631828308105 -0.7551592588424683 -0.4385509788990021 -0.8970610499382019 -0.05407879874110222
0.7813720703125 1.5819040536880493 -0.7502214908599854 -0.07089449465274811 -0.9866328835487366 -0.14670246839523315
0.7938022613525391 1.5891530513763428 -0.7516677379608154 0.12546159327030182 -0.9744254946708679 -0.18631550669670105
0.804558515548706 1.5878373384475708 -0.7833967208862305 -0.43293556571006775 -0.9013947248458862 -0.0
0.7779175639152527 1.584575891494751 -0.78339684009552 -0.110904261469841 -0.9938047528266907 -0.0
0.7904983162879944 1.5917084217071533 -0.7833967804908752 0.14487136900424957 -0.9894406199455261 -0.0
0.8074988126754761 1.5855631828308105 -0.811631977558136 -0.4385509788990021 -0.8970610499382019 0.05407879874110222
0.7813720703125 1.5819040536880493 -0.8165698051452637 -0.07089449465274811 -0.9866328835487366 0.14670246839523315
0.7938022613525391 1.5891530513763428 -0.8151234984397888 0.12546159327030182 -0.9744254946708679 0.18631550669670105
0.7915010452270508 1.574069857597351 -0.8474832773208618 -0.6275215744972229 0.4853663742542267 -0.6087527275085449
0.8161201477050781 1.5788949728012085 -0.8379441499710083 -0.45509201288223267 -0.8842738270759583 0.10449537634849548
0.803489625453949 1.5816603899002075 -0.8446893095970154 0.06857509166002274 -0.9304177761077881 0.35996583104133606
0.8298349976539612 1.5682873725891113 -0.860539436340332 -0.48136845231056213 -0.8639484643936157 0.14780114591121674
0.8076140284538269 1.5616072416305542 -0.8740295767784119 -0.6275215744972229 0.4853663742542267 -0.6087527275085449
0.8189002275466919 1.569741129875183 -0.8700783848762512 -0.021912289783358574 -0.860438883304596 0.5090487599372864
0.8477081060409546 1.5544633865356445 -0.8778778314590454 -0.5156102180480957 -0.8374584317207336 0.18100528419017792
0.8286124467849731 1.5453661680221558 -0.8943997025489807 -0.2797936797142029 -0.8250373601913452 0.490890234708786
0.8389831781387329 1.5542079210281372 -0.8895605802536011 -0.13983580470085144 -0.7692190408706665 0.6234626173973083
0.9889121055603027 1.4213829040527344 -0.6528705954551697 -0.6117740273475647 -0.791009247303009 -0.0
0.9889121055603027 1.4213829040527344 -0.9231435060501099 -0.6117740273475647 -0.791009247303009 -0.0
0.9889121055603027 1.4213829040527344 -0.6446459889411926 -0.0 0.0 1.0
0.9889121055603027 1.4213829040527344 -0.9313681125640869 -0.0 0.0 -1.0
0.7243164777755737 1.6260331869125366 -0.8927956819534302 -0.6117740273475647 -0.791009247303009 -0.0
0.7243164777755737 1.6260331869125366 -0.6832183599472046 -0.6117740273475647 -0.791009247303009 -0.0
0.7243164777755737 1.6260331869125366 -0.8992006182670593 -0.443433940410614 0.3429670035839081 -0.8280587196350098
0.7243164777755737 1.6260331869125366 -0.6768134236335754 -0.443433940410614 0.3429670035839081 0.8280587196350098
0.71927809715271 1.6299301385879517 -0.888727605342865 -0.791009247303009 0.6117740273475647 -0.0
0.71927809715271 1.6299301385879517 -0.6872864961624146 -0.791009247303009 0.6117740273475647 -0.0
0.7619024515151978 1.596962571144104 -0.9231435060501099 -0.6117740273475647 -0.791009247303009 -0.0
0.7619024515151978 1.596962571144104 -0.6528705954551697 -0.6117740273475647 -0.791009247303009 -0.0
0.9967083930969238 1.4153529405593872 -0.6528705954551697 0.791009247303009 -0.6117740273475647 -0.0
0.9967083930969238 1.4153529405593872 -0.9231435060501099 0.791009247303009 -0.6117740273475647 -0.0
0.7192780375480652 1.6299301385879517 -0.6811255216598511 -0.6987212896347046 0.5404217839241028 0.4687032699584961
0.7192780375480652 1.6299301385879517 -0.8948885202407837 -0.6987212896347046 0.5404217839241028 -0.4687032699584961
0.7619024515151978 1.5969624519348145 -0.6446459889411926 -0.23187963664531708 0.17935727536678314 0.9560533165931702
0.7619024515151978 1.5969624519348145 -0.9313681125640869 -0.23191015422344208 0.17935727536678314 -0.9560533165931702
0.9967083930969238 1.4153528213500977 -0.6446459889411926 0.791009247303009 -0.6117740273475647 -0.0
0.9967083930969238 1.4153528213500977 -0.9313681125640869 0.791009247303009 -0.6117740273475647 -0.0
0.8057432174682617 1.563054084777832 -0.870947539806366 -0.6275215744972229 0.4853663742542267 -0.6087527275085449
0.9824668765068054 1.4371675252914429 -0.7502214908599854 0.9410992860794067 -0.23941770195960999 0.2387157827615738
0.9824668765068054 1.4371675252914429 -0.7502214908599854 0.6117740273475647 0.791009247303009 -0.0
0.9723380208015442 1.4450017213821411 -0.7193080186843872 0.6117740273475647 0.791009247303009 -0.0
0.8338387608528137 1.5521234273910522 -0.6723915934562683 -0.12836085259914398 0.5877559781074524 0.7987609505653381
0.8338387608528137 1.5521234273910522 -0.6723915934562683 0.6117740273475647 0.791009247303009 -0.0
0.8128404021263123 1.5683645009994507 -0.6927617192268372 0.6117740273475647 0.791009247303009 -0.0
0.8128404021263123 1.5683645009994507 -0.6927617192268372 -0.2794885039329529 0.7046418786048889 0.652180552482605
0.8582916259765625 1.5332103967666626 -0.9072048664093018 0.0475478395819664 0.4516739249229431 -0.8908963203430176
0.8582916259765625 1.5332103967666626 -0.9072048664093018 0.6117740273475647 0.791009247303009 -0.0
0.8845317959785461 1.512915015220642 -0.9115720987319946 0.6117740273475647 0.791009247303009 -0.0
0.8845317959785461 1.512915015220642 -0.9115720987319946 0.23636585474014282 0.30561235547065735 -0.922330379486084
0.7967274188995361 1.580826997756958 -0.7193080186843872 0.6117740273475647 0.791009247303009 -0.0
0.7967274188995361 1.580826997756958 -0.7193080186843872 -0.395428329706192 0.7943052649497986 0.461165189743042
0.910773754119873 1.4926183223724365 -0.9072048664093018 0.6117740273475647 0.791009247303009 -0.0
0.910773754119873 1.4926183223724365 -0.9072048664093018 0.42521438002586365 0.1595812886953354 -0.8908963203430176
0.7865984439849854 1.5886613130569458 -0.7502214908599854 0.6117740273475647 0.791009247303009 -0.0
0.7865984439849854 1.5886613130569458 -0.7502214908599854 -0.4683065414428711 0.8506729602813721 0.2387157827615738
0.8582916855812073 1.5332103967666626 -0.6595887541770935 0.0475478395819664 0.4516739249229431 0.8908963203430176
0.8582916855812073 1.5332103967666626 -0.6595887541770935 0.6117740273475647 0.791009247303009 -0.0
0.9824670553207397 1.4371674060821533 -0.8165698051452637 0.9410992860794067 -0.23941770195960999 -0.2387157827615738
0.9824670553207397 1.4371674060821533 -0.8165698051452637 0.6117740273475647 0.791009247303009 -0.0
0.9859215021133423 1.4344955682754517 -0.78339684009552 0.6117740273475647 0.791009247303009 -0.0
0.9859215021133423 1.4344955682754517 -0.78339684009552 0.9659413695335388 -0.25864437222480774 -0.0
0.8128403425216675 1.5683645009994507 -0.8740295767784119 -0.2794885039329529 0.7046418786048889 -0.652180552482605
0.8128403425216675 1.5683645009994507 -0.8740295767784119 0.6117740273475647 0.791009247303009 -0.0
0.8128403425216675 1.5683645009994507 -0.8740295767784119 -0.6275215744972229 0.4853663742542267 -0.6087527275085449
0.8338387608528137 1.5521234273910522 -0.8943997025489807 0.6117740273475647 0.791009247303009 -0.0
0.8338387608528137 1.5521234273910522 -0.8943997025489807 -0.12839137017726898 0.5877559781074524 -0.7987609505653381
0.9352266788482666 1.4737052917480469 -0.6723915934562683 0.6011536121368408 0.023468732833862305 0.7987609505653381
0.9352266788482666 1.4737052917480469 -0.6723915934562683 0.6117740273475647 0.791009247303009 -0.0
0.910773754119873 1.4926183223724365 -0.6595887541770935 0.6117740273475647 0.791009247303009 -0.0
0.910773754119873 1.4926183223724365 -0.6595887541770935 0.42521438002586365 0.1595507711172104 0.8908963203430176
0.9352266788482666 1.4737052917480469 -0.8943997025489807 0.6011841297149658 0.023468732833862305 -0.7987609505653381
0.9352266788482666 1.4737052917480469 -0.8943997025489807 0.6117740273475647 0.791009247303009 -0.0
0.9562250375747681 1.4574642181396484 -0.8740295767784119 0.6117740273475647 0.791009247303009 -0.0
0.9562250375747681 1.4574642181396484 -0.8740295767784119 0.7522507309913635 -0.09335611760616302 -0.652180552482605
0.7831438779830933 1.5913331508636475 -0.78339684009552 -0.4931791126728058 0.869899570941925 -0.0
0.7831438779830933 1.5913331508636475 -0.78339684009552 0.6117740273475647 0.791009247303009 -0.0
0.7865984439849854 1.5886613130569458 -0.8165698051452637 0.6117740273475647 0.791009247303009 -0.0
0.7865984439849854 1.5886613130569458 -0.8165698051452637 -0.4683065414428711 0.8506729602813721 -0.2387157827615738
0.8845317959785461 1.5129151344299316 -0.6552191972732544 0.6117740273475647 0.791009247303009 -0.0
0.8845317959785461 1.5129151344299316 -0.6552191972732544 0.23636585474014282 0.30561235547065735 0.922330379486084
0.9723380208015442 1.4450017213821411 -0.8474832773208618 0.6117740273475647 0.791009247303009 -0.0
0.9723380208015442 1.4450017213821411 -0.8474832773208618 0.8681905269622803 -0.1830500215291977 -0.461165189743042
0.7967274188995361 1.580826997756958 -0.8474832773208618 0.6117740273475647 0.791009247303009 -0.0
0.7967274188995361 1.580826997756958 -0.8474832773208618 -0.395428329706192 0.7943052649497986 -0.461165189743042
0.7967274188995361 1.580826997756958 -0.8474832773208618 0.6117740273475647 0.791009247303009 -0.0
0.9562250375747681 1.4574642181396484 -0.6927617192268372 0.7522507309913635 -0.09335611760616302 0.652180552482605
1.0019347667694092 1.4221100807189941 -0.9313681125640869 0.6117740273475647 0.791009247303009 -0.0
1.0019347667694092 1.4221100807189941 -0.9313681125640869 -0.0 0.0 -1.0
0.9941384792327881 1.4281400442123413 -0.9313681125640869 0.6117740273475647 0.791009247303009 -0.0
0.7671287655830383 1.603719711303711 -0.6446459889411926 0.6117740273475647 0.791009247303009 -0.0
0.7295428514480591 1.632790446281433 -0.6768134236335754 0.6117740273475647 0.791009247303009 -0.0
0.7671287655830383 1.603719711303711 -0.9313681125640869 0.6117740273475647 0.791009247303009 -0.0
0.7295428514480591 1.632790446281433 -0.8992006182670593 0.6117740273475647 0.791009247303009 -0.0
1.0019347667694092 1.4221100807189941 -0.9231435060501099 0.6117740273475647 0.791009247303009 -0.0
1.0019347667694092 1.4221100807189941 -0.6528705954551697 0.6117740273475647 0.791009247303009 -0.0
0.7245044112205505 1.6366873979568481 -0.6872864961624146 0.6117740273475647 0.791009247303009 -0.0
0.7245044112205505 1.6366873979568481 -0.888727605342865 0.6117740273475647 0.791009247303009 -0.0
0.7245043516159058 1.6366873979568481 -0.6811255216598511 0.6117740273475647 0.791009247303009 -0.0
0.9941384196281433 1.4281400442123413 -0.6446459889411926 0.6117740273475647 0.791009247303009 -0.0
1.0019347667694092 1.4221100807189941 -0.6446459889411926 0.6117740273475647 0.791009247303009 -0.0
1.0019347667694092 1.4221100807189941 -0.6446459889411926 -0.0 0.0 1.0
0.7245043516159058 1.6366873979568481 -0.8948885202407837 0.6117740273475647 0.791009247303009 -0.0
0.8057432174682617 1.563054084777832 -0.870947539806366 0.6536759734153748 -0.3812982439994812 0.6536759734153748
0.8076140284538269 1.5616072416305542 -0.8740295767784119 -0.18692587316036224 -0.8968474268913269 0.40083009004592896
0.8076140284538269 1.5616072416305542 -0.8740295767784119 -0.7442854046821594 0.5756401419639587 -0.33857235312461853
0.9967083930969238 1.4153528213500977 -0.9313681125640869 -0.6117740273475647 -0.791009247303009 -0.0
0.9967083930969238 1.4153528213500977 -0.9313681125640869 -0.0 0.0 -1.0
0.9889121055603027 1.4213829040527344 -0.9313681125640869 -0.6117740273475647 -0.791009247303009 -0.0
0.7619024515151978 1.5969624519348145 -0.6446459889411926 -0.6117740273475647 -0.791009247303009 -0.0
0.7243164777755737 1.6260331869125366 -0.6768134236335754 -0.6117740273475647 -0.791009247303009 -0.0
0.7619024515151978 1.5969624519348145 -0.9313681125640869 -0.6117740273475647 -0.791009247303009 -0.0
0.7243164777755737 1.6260331869125366 -0.8992006182670593 -0.6117740273475647 -0.791009247303009 -0.0
0.9967083930969238 1.4153529405593872 -0.9231435060501099 -0.6117740273475647 -0.791009247303009 -0.0
0.9967083930969238 1.4153529405593872 -0.6528705954551697 -0.6117740273475647 -0.791009247303009 -0.0
0.71927809715271 1.6299301385879517 -0.6872864961624146 -0.6117740273475647 -0.791009247303009 -0.0
0.71927809715271 1.6299301385879517 -0.888727605342865 -0.6117740273475647 -0.791009247303009 -0.0
0.7192780375480652 1.6299301385879517 -0.6811255216598511 -0.6117740273475647 -0.791009247303009 -0.0
0.9889121055603027 1.4213829040527344 -0.6446459889411926 -0.6117740273475647 -0.791009247303009 -0.0
0.9967083930969238 1.4153528213500977 -0.6446459889411926 -0.6117740273475647 -0.791009247303009 -0.0
0.9967083930969238 1.4153528213500977 -0.6446459889411926 -0.0 0.0 1.0
0.7192780375480652 1.6299301385879517 -0.8948885202407837 -0.6117740273475647 -0.791009247303009 -0.0
0.7915010452270508 1.574069857597351 -0.8474832773208618 -0.11566515266895294 -0.9519638419151306 0.28342539072036743
0.7915010452270508 1.574069857597351 -0.8474832773208618 -0.7709891200065613 0.5963011384010315 -0.22345653176307678
187 29 27
29 187 26
26 28 29
28 26 24
190 50 193
50 190 47
47 49 50
49 47 45
194 5 197
5 194 2
4 2 0
2 4 5
193 53 199
53 193 50
50 52 53
52 50 49
29 92 27
92 32 234
92 29 32
29 31 32
31 29 28
197 8 201
8 197 5
5 7 8
7 5 4
199 56 203
56 199 53
53 54 56
54 53 52
204 47 190
47 204 44
44 45 47
45 44 42
206 23 209
23 206 20
20 21 23
21 20 18
210 71 214
71 210 68
68 69 71
69 68 66
215 38 218
38 215 35
35 37 38
37 35 33
219 14 222
14 219 11
11 13 14
13 11 9
223 62 226
62 223 59
59 60 62
60 59 57
218 41 228
41 218 38
38 40 41
40 38 37
222 17 230
17 222 14
14 16 17
16 14 13
226 65 232
65 226 62
62 64 65
64 62 60
228 44 204
44 228 41
41 42 44
42 41 40
230 20 206
20 230 17
17 18 20
18 17 16
232 68 210
68 232 65
65 66 68
66 65 64
234 35 215
35 234 32
32 33 35
33 32 31
201 11 219
11 201 8
8 9 11
9 8 7
203 59 223
59 203 56
56 57 59
57 56 54
209 26 187
26 209 23
23 24 26
24 23 21
214 2 194
2 214 71
0 71 69
71 0 2
21 28 24
28 33 31
33 40 37
40 45 42
45 52 49
52 57 54
57 64 60
64 69 66
69 4 0
4 9 7
9 16 13
16 21 18
21 33 28
33 45 40
45 57 52
57 69 64
69 9 4
9 21 16
21 45 33
45 69 57
69 21 9
45 21 69
83 247 72
247 83 238
77 245 244
245 77 76
237 242 235
242 237 73
73 208 72
73 207 208
224 82 83
225 82 224
73 229 207
73 221 229
231 82 225
211 82 231
73 220 221
73 200 220
213 82 211
195 82 213
73 196 200
196 82 195
82 196 73
240 73 237
73 240 82
239 244 246
244 239 77
82 241 76
241 82 240
73 243 242
243 73 72
76 250 245
250 76 241
83 76 77
76 83 82
238 77 239
77 238 83
72 248 243
248 72 247
83 202 224
83 198 202
188 72 208
189 72 188
83 192 198
83 191 192
30 72 189
216 72 30
83 205 191
83 227 205
217 72 216
72 227 83
227 72 217
22 189 25
189 34 30
34 39 36
39 46 43
46 51 48
51 58 55
58 233 61
233 70 67
70 3 1
3 10 6
10 15 12
15 22 19
22 34 189
34 46 39
46 58 51
58 70 233
70 10 3
10 22 15
22 46 34
46 70 58
70 22 10
46 22 70
212 93 63
119 123 120
123 119 121
120 122 118
122 120 123
140 144 141
144 140 142
141 143 139
143 141 144
95 99 96
99 95 97
96 98 94
98 96 99
142 147 144
147 142 145
144 146 143
146 144 147
123 124 126
124 123 121
123 125 122
125 123 126
97 102 99
102 97 100
99 101 98
101 99 102
145 150 147
150 145 149
147 148 146
148 147 150
137 141 138
141 137 140
138 139 136
139 138 141
113 117 114
117 113 116
114 115 112
115 114 117
252 165 162
165 252 164
162 163 160
163 162 165
128 132 129
132 128 130
129 131 127
131 129 132
104 108 105
108 104 106
105 107 103
107 105 108
152 156 153
156 152 155
153 154 151
154 153 156
130 135 132
135 130 133
132 134 131
134 132 135
106 111 108
111 106 109
108 110 107
110 108 111
155 159 156
159 155 270
156 158 154
158 156 159
133 138 135
138 133 137
135 136 134
136 135 138
109 114 111
114 109 113
111 112 110
112 111 114
270 162 159
162 270 252
159 160 158
160 159 162
124 129 126
129 124 128
126 127 125
127 126 129
100 105 102
105 100 104
102 103 101
103 102 105
149 153 150
153 149 152
150 151 148
151 150 153
116 120 117
120 116 119
117 118 115
118 117 120
164 96 165
96 164 95
165 94 163
94 165 96
122 115 118
115 110 112
110 103 107
103 98 101
98 163 94
163 158 160
158 151 154
151 146 148
146 139 143
139 134 136
134 127 131
127 122 125
122 110 115
110 98 103
98 158 163
158 146 151
146 134 139
134 122 127
122 98 110
98 146 158
146 122 134
98 122 146
177 266 257
266 177 166
171 264 170
264 171 263
256 261 167
261 256 254
176 152 177
176 155 152
116 167 166
113 167 116
176 270 155
176 252 270
109 167 113
106 167 109
176 164 252
176 95 164
104 167 106
100 167 104
176 97 95
97 167 100
176 167 97
259 167 176
167 259 256
258 263 171
263 258 265
176 260 259
260 176 170
167 262 166
262 167 261
170 269 260
269 170 264
177 170 176
170 177 171
257 171 177
171 257 258
166 267 266
267 166 262
166 119 116
166 121 119
149 177 152
145 177 149
166 124 121
166 128 124
142 177 145
140 177 142
166 130 128
166 133 130
137 177 140
177 133 166
177 137 133
253 271 251
249 168 268
168 249 74
93 161 186
161 93 212
63 186 157
186 63 93
87 172 181
172 87 78
79 180 173
180 79 86
78 183 172
183 78 89
89 169 183
169 89 75
85 178 179
178 85 84
74 182 168
182 74 88
80 181 174
181 80 87
75 255 169
255 75 236
81 174 175
174 81 80
91 179 185
179 91 85
84 184 178
184 84 90
86 175 180
175 86 81
88 173 182
173 88 79
LABEL zzGroup24
MATERIAL 1
TEXTURE 0
GEOM 160 104
1.3376339673995972 1.1250438690185547 -0.971184492111206 -0.0 0.0 -0.999969482421875
1.317962408065796 1.1638836860656738 -0.9283368587493896 0.8920865654945374 0.4518265426158905 -0.0
1.3179614543914795 1.1638832092285156 -0.971184492111206 -0.0 0.0 -1.0
1.3376349210739136 1.125044345855713 -0.9283368587493896 0.8920865654945374 0.4518265426158905 -0.0
0.9514089822769165 0.978220522403717 -0.9283367395401001 -0.8920865654945374 -0.4518265426158905 -0.0
0.9514079093933105 0.9782199859619141 -0.9711843729019165 -0.0 0.0 -1.0
0.9710814356803894 0.9393812417984009 -0.9283367395401001 -0.8920865654945374 -0.4518265426158905 -0.0
0.9710803627967834 0.9393807053565979 -0.9711843729019165 -0.0 0.0 -1.0
1.1877975463867188 1.0979537963867188 -0.6238609552383423 0.8920865654945374 0.4518265426158905 -0.0
1.1877983808517456 1.0979541540145874 -0.6802056431770325 0.8920865654945374 0.4518265426158905 -0.0
1.2074707746505737 1.059114933013916 -0.6802056431770325 0.4518265426158905 -0.8920865654945374 -0.0
1.2074700593948364 1.0591144561767578 -0.6238609552383423 0.4518265426158905 -0.8920865654945374 -0.0
0.9514081478118896 0.9782201051712036 -0.6238608956336975 -0.4518265426158905 0.8920865654945374 -0.0
0.9514089226722717 0.9782204627990723 -0.6802055835723877 -0.4518265426158905 0.8920865654945374 -0.0
0.9710806608200073 0.9393808245658875 -0.6238608956336975 0.4518265426158905 -0.8920865654945374 -0.0
0.9710813760757446 0.9393812417984009 -0.6802055835723877 0.4518265426158905 -0.8920865654945374 -0.0
1.4771435260772705 0.8496134281158447 -0.9283369183540344 0.4518265426158905 -0.8920865654945374 -0.0
1.4574711322784424 0.8884526491165161 -0.9283369183540344 -0.0 0.0 1.0
1.4574700593948364 0.8884521126747131 -0.971184492111206 -0.4518265426158905 0.8920865654945374 -0.0
1.477142572402954 0.8496128916740417 -0.971184492111206 0.4518265426158905 -0.8920865654945374 -0.0
1.1551272869110107 0.6865087747573853 -0.9283367991447449 0.4518265426158905 -0.8920865654945374 -0.0
1.1551262140274048 0.6865082383155823 -0.9711843729019165 0.4518265426158905 -0.8920865654945374 -0.0
1.135454773902893 0.7253479957580566 -0.9283367991447449 -0.8920865654945374 -0.4518265426158905 -0.0
1.135453701019287 0.7253474593162537 -0.9711843729019165 -0.8920865654945374 -0.4518265426158905 -0.0
1.346976637840271 0.7836824655532837 -0.6238610148429871 0.8920865654945374 0.4517960250377655 -0.0
1.3273061513900757 0.822522759437561 -0.6238610148429871 -0.4518265426158905 0.8920865654945374 -0.0
1.3273069858551025 0.8225231170654297 -0.6802056431770325 -0.0 0.0 -1.0
1.3469773530960083 0.7836828231811523 -0.6802056431770325 -0.0 0.0 -1.0
1.1105892658233643 0.6639498472213745 -0.6238609552383423 -0.8920865654945374 -0.4518265426158905 -0.0
1.1105899810791016 0.6639502048492432 -0.6802055835723877 -0.0 0.0 -1.0
1.0909167528152466 0.7027890682220459 -0.6238609552383423 -0.4518265426158905 0.8920865654945374 -0.0
1.0909175872802734 0.7027894854545593 -0.6802055835723877 -0.0 0.0 -1.0
1.3021674156188965 0.7634678483009338 -0.6285898685455322 -0.8920865654945374 -0.4518265426158905 -0.0
1.3021674156188965 0.7634678483009338 -0.6714351773262024 -0.8920865654945374 -0.4518265426158905 -0.0
1.1449871063232422 1.0737881660461426 -0.6714351773262024 -0.8920865654945374 -0.4518265426158905 -0.0
1.1449871063232422 1.0737881660461426 -0.6285898685455322 -0.8920865654945374 -0.4518265426158905 -0.0
1.1838263273239136 1.0934605598449707 -0.6285898685455322 0.8920865654945374 0.4518265426158905 -0.0
1.1838263273239136 1.0934605598449707 -0.6714351773262024 0.8920865654945374 0.4518265426158905 -0.0
1.3410067558288574 0.7831403017044067 -0.6714352369308472 -0.0 0.0 -1.0
1.3410067558288574 0.7831403017044067 -0.628589928150177 0.8920865654945374 0.4518265426158905 -0.0
1.1429283618927002 1.0360641479492188 -0.6706259250640869 0.39432966709136963 -0.9183019399642944 0.03460799157619476
0.9774011373519897 0.9549622535705566 -0.9364497065544128 0.48863184452056885 -0.8716391324996948 -0.03833124786615372
0.9686614274978638 0.9570450782775879 -0.9292793273925781 -0.3979003131389618 -0.7785272002220154 0.4853053390979767
1.1341887712478638 1.03814697265625 -0.6634555459022522 -0.443617045879364 -0.7419660091400146 0.5026093125343323
0.9635598659515381 0.9673461318016052 -0.9292793273925781 -0.8591265678405762 0.15741446614265442 0.48692283034324646
1.1290870904922485 1.048448085784912 -0.6634555459022522 -0.8578142523765564 0.09616382420063019 0.504806637763977
0.9671947956085205 0.9755602478981018 -0.9364497065544128 -0.39426863193511963 0.9183324575424194 -0.03463850915431976
1.132722020149231 1.0566620826721191 -0.6706259250640869 -0.48860132694244385 0.8716391324996948 0.03830073028802872
0.9759323596954346 0.9734764099121094 -0.9436200857162476 0.443586528301239 0.7419965267181396 -0.5026093125343323
1.1414597034454346 1.0545783042907715 -0.6777963638305664 0.3978697955608368 0.7785577178001404 -0.4852748215198517
0.9810360670089722 0.9631763696670532 -0.9436200857162476 0.8578142523765564 -0.09604174643754959 -0.504837155342102
1.1465632915496826 1.0442782640457153 -0.6777963638305664 0.8591265678405762 -0.15738394856452942 -0.48695334792137146
1.173906683921814 1.0517549514770508 -0.6706259846687317 0.46562090516090393 -0.8849757313728333 -0.0
1.1788110733032227 1.060831069946289 -0.6655545234680176 0.8922086358070374 -0.0954924151301384 0.44135868549346924
1.3132537603378296 1.125075101852417 -0.9364497661590576 0.46565142273902893 -0.8849452137947083 -0.0
1.3181580305099487 1.1341512203216553 -0.931376039981842 0.8922086358070374 -0.0954618975520134 0.44135868549346924
1.1734580993652344 1.0710022449493408 -0.6655545234680176 0.4265266954898834 0.7894527912139893 0.44132816791534424
1.31280517578125 1.144322395324707 -0.931376039981842 0.4265572130680084 0.7894222736358643 0.44135868549346924
1.1632020473480225 1.0721005201339722 -0.6706259250640869 -0.46568194031715393 0.8849452137947083 -0.0
1.302549123764038 1.1454205513000488 -0.9364497661590576 -0.46568194031715393 0.8849452137947083 -0.0
1.1582996845245361 1.0630254745483398 -0.6756997108459473 -0.8922086358070374 0.0955229327082634 -0.44135868549346924
1.2976467609405518 1.136345624923706 -0.941523551940918 -0.8922086358070374 0.0955229327082634 -0.44135868549346924
1.1636505126953125 1.0528531074523926 -0.6756997108459473 -0.4265877306461334 -0.7894222736358643 -0.44135868549346924
1.3029975891113281 1.1261732578277588 -0.941523551940918 -0.4266182482242584 -0.7893917560577393 -0.44135868549346924
1.1506226062774658 0.7206507325172424 -0.9364497661590576 -0.3719595968723297 0.9266945123672485 -0.053468428552150726
1.2705366611480713 0.7841278314590454 -0.6706259846687317 -0.5469222068786621 0.8358409404754639 0.047120578587055206
1.1471308469772339 0.7123726010322571 -0.9292793869972229 -0.9153416752815247 0.12091433256864548 0.38401439785957336
1.267045021057129 0.7758496999740601 -0.6634555459022522 -0.9133274555206299 0.022858362644910812 0.4065370559692383
1.1524170637130737 0.7021650075912476 -0.9292793869972229 -0.42524489760398865 -0.8180486559867859 0.3871577978134155
1.2723290920257568 0.7656410336494446 -0.6634555459022522 -0.5082247257232666 -0.7572863101959229 0.41010773181915283
1.1611897945404053 0.7002355456352234 -0.9364497661590576 0.5470137596130371 -0.8357799053192139 -0.047151096165180206
1.2811039686203003 0.7637126445770264 -0.6706259846687317 0.3720206320285797 -0.9266639947891235 0.053437910974025726
1.1646795272827148 0.7085126638412476 -0.9436201453208923 0.9133274555206299 -0.022827845066785812 -0.4065370559692383
1.2845935821533203 0.7719897031784058 -0.6777963638305664 0.9153416752815247 -0.12091433256864548 -0.38404491543769836
1.1593953371047974 0.7187212705612183 -0.9436201453208923 0.5083162784576416 0.7572252750396729 -0.41010773181915283
1.2793095111846924 0.7821983098983765 -0.6777963638305664 0.42527541518211365 0.8180181384086609 -0.3871883153915405
1.3117337226867676 0.7984025478363037 -0.6655545234680176 0.4508804678916931 0.7758110165596008 0.44135868549346924
1.301514983177185 0.7998186349868774 -0.6706259846687317 -0.4379405975341797 0.8989837169647217 -0.0
1.4430705308914185 0.8687785863876343 -0.9364498257637024 -0.4379100799560547 0.8989837169647217 -0.0
1.453287124633789 0.8673614263534546 -0.9313760995864868 0.4508804678916931 0.7757804989814758 0.44135868549346924
1.316766619682312 0.7880692481994629 -0.6655545234680176 0.8888210654258728 -0.12317270040512085 0.44135868549346924
1.4583221673965454 0.8570291996002197 -0.9313760995864868 0.8888210654258728 -0.12314218282699585 0.44135868549346924
1.3115838766098022 0.7791510224342346 -0.6706259846687317 0.4379405975341797 -0.8989837169647217 -0.0
1.4531394243240356 0.8481110334396362 -0.9364498257637024 0.4379405975341797 -0.8989837169647217 -0.0
1.301368236541748 0.7805661559104919 -0.6756997108459473 -0.4508194327354431 -0.7758415341377258 -0.44132816791534424
1.4429227113723755 0.8495281338691711 -0.941523551940918 -0.4508194327354431 -0.7758415341377258 -0.44132816791534424
1.2963322401046753 0.790900468826294 -0.6756997108459473 -0.8888210654258728 0.12311166524887085 -0.44135868549346924
1.4378877878189087 0.8598604202270508 -0.941523551940918 -0.8888210654258728 0.12308114767074585 -0.44135868549346924
0.9710814356803894 0.9393812417984009 -0.9283367395401001 -0.0 0.0 0.999969482421875
0.9710814356803894 0.9393812417984009 -0.9283367395401001 0.4518265426158905 -0.8920865654945374 -0.0
0.9514089822769165 0.978220522403717 -0.9283367395401001 -0.0 0.0 1.0
0.9514089822769165 0.978220522403717 -0.9283367395401001 -0.4518265426158905 0.8920865654945374 -0.0
0.9514081478118896 0.9782201051712036 -0.6238608956336975 -0.0 0.0 0.999969482421875
0.9514081478118896 0.9782201051712036 -0.6238608956336975 -0.8920865654945374 -0.4518265426158905 -0.0
1.1877975463867188 1.0979537963867188 -0.6238609552383423 -0.0 0.0 1.0
1.1877975463867188 1.0979537963867188 -0.6238609552383423 -0.4518265426158905 0.8920865654945374 -0.0
1.317962408065796 1.1638836860656738 -0.9283368587493896 -0.0 0.0 1.0
1.317962408065796 1.1638836860656738 -0.9283368587493896 -0.4518265426158905 0.8920865654945374 -0.0
1.3376349210739136 1.125044345855713 -0.9283368587493896 -0.0 0.0 1.0
1.3376349210739136 1.125044345855713 -0.9283368587493896 0.4518265426158905 -0.8920865654945374 -0.0
1.3376339673995972 1.1250438690185547 -0.971184492111206 0.8920865654945374 0.4518265426158905 -0.0
1.3376339673995972 1.1250438690185547 -0.971184492111206 0.4518265426158905 -0.8920865654945374 -0.0
1.3179614543914795 1.1638832092285156 -0.971184492111206 0.8920865654945374 0.4518265426158905 -0.0
1.3179614543914795 1.1638832092285156 -0.971184492111206 -0.4518265426158905 0.8920865654945374 -0.0
1.4574711322784424 0.8884526491165161 -0.9283369183540344 -0.4518265426158905 0.8920865654945374 -0.0
1.4574711322784424 0.8884526491165161 -0.9283369183540344 0.8920865654945374 0.4518265426158905 -0.0
1.135454773902893 0.7253479957580566 -0.9283367991447449 -0.4518265426158905 0.8920865654945374 -0.0
1.135454773902893 0.7253479957580566 -0.9283367991447449 -0.0 0.0 1.0
1.2074707746505737 1.059114933013916 -0.6802056431770325 -0.0 0.0 -1.0
1.2074707746505737 1.059114933013916 -0.6802056431770325 0.8920865654945374 0.4518265426158905 -0.0
0.9710813760757446 0.9393812417984009 -0.6802055835723877 -0.0 0.0 -1.0
0.9710813760757446 0.9393812417984009 -0.6802055835723877 -0.8920865654945374 -0.4518265426158905 -0.0
1.3469773530960083 0.7836828231811523 -0.6802056431770325 0.4518265426158905 -0.8920865654945374 -0.0
1.3469773530960083 0.7836828231811523 -0.6802056431770325 0.8920865654945374 0.4517960250377655 -0.0
1.1105899810791016 0.6639502048492432 -0.6802055835723877 0.4518265426158905 -0.8920865654945374 -0.0
1.1105899810791016 0.6639502048492432 -0.6802055835723877 -0.8920865654945374 -0.4518265426158905 -0.0
1.135453701019287 0.7253474593162537 -0.9711843729019165 -0.4518265426158905 0.8920865654945374 -0.0
1.135453701019287 0.7253474593162537 -0.9711843729019165 -0.0 0.0 -1.0
0.9514089226722717 0.9782204627990723 -0.6802055835723877 -0.8920865654945374 -0.4518265426158905 -0.0
0.9514089226722717 0.9782204627990723 -0.6802055835723877 -0.0 0.0 -0.999969482421875
0.9514079093933105 0.9782199859619141 -0.9711843729019165 -0.4518265426158905 0.8920865654945374 -0.0
0.9514079093933105 0.9782199859619141 -0.9711843729019165 -0.8920865654945374 -0.4518265426158905 -0.0
1.4771435260772705 0.8496134281158447 -0.9283369183540344 0.8920865654945374 0.4518265426158905 -0.0
1.4771435260772705 0.8496134281158447 -0.9283369183540344 -0.0 0.0 1.0
1.477142572402954 0.8496128916740417 -0.971184492111206 0.8920865654945374 0.4518265426158905 -0.0
1.477142572402954 0.8496128916740417 -0.971184492111206 -0.0 0.0 -1.0
1.3273061513900757 0.822522759437561 -0.6238610148429871 0.8920865654945374 0.4517960250377655 -0.0
1.3273061513900757 0.822522759437561 -0.6238610148429871 -0.0 0.0 1.0
1.3273069858551025 0.8225231170654297 -0.6802056431770325 0.8920865654945374 0.4517960250377655 -0.0
1.3273069858551025 0.8225231170654297 -0.6802056431770325 -0.4518265426158905 0.8920865654945374 -0.0
1.4574700593948364 0.8884521126747131 -0.971184492111206 0.8920865654945374 0.4518265426158905 -0.0
1.4574700593948364 0.8884521126747131 -0.971184492111206 -0.0 0.0 -1.0
1.0909175872802734 0.7027894854545593 -0.6802055835723877 -0.8920865654945374 -0.4518265426158905 -0.0
1.0909175872802734 0.7027894854545593 -0.6802055835723877 -0.4518265426158905 0.8920865654945374 -0.0
1.346976637840271 0.7836824655532837 -0.6238610148429871 -0.0 0.0 0.999969482421875
1.346976637840271 0.7836824655532837 -0.6238610148429871 0.4518265426158905 -0.8920865654945374 -0.0
1.1105892658233643 0.6639498472213745 -0.6238609552383423 0.4518265426158905 -0.8920865654945374 -0.0
1.1105892658233643 0.6639498472213745 -0.6238609552383423 -0.0 0.0 1.0
0.9710803627967834 0.9393807053565979 -0.9711843729019165 0.4518265426158905 -0.8920865654945374 -0.0
0.9710803627967834 0.9393807053565979 -0.9711843729019165 -0.8920865654945374 -0.4518265426158905 -0.0
1.1551272869110107 0.6865087747573853 -0.9283367991447449 -0.8920865654945374 -0.4518265426158905 -0.0
1.1551272869110107 0.6865087747573853 -0.9283367991447449 -0.0 0.0 1.0
1.1551262140274048 0.6865082383155823 -0.9711843729019165 -0.8920865654945374 -0.4518265426158905 -0.0
1.1551262140274048 0.6865082383155823 -0.9711843729019165 -0.0 0.0 -1.0
0.9710806608200073 0.9393808245658875 -0.6238608956336975 -0.8920865654945374 -0.4518265426158905 -0.0
0.9710806608200073 0.9393808245658875 -0.6238608956336975 -0.0 0.0 1.0
1.1838263273239136 1.0934605598449707 -0.6714351773262024 -0.0 0.0 -1.0
1.3410067558288574 0.7831403017044067 -0.6714352369308472 0.8920865654945374 0.4518265426158905 -0.0
1.1877983808517456 1.0979541540145874 -0.6802056431770325 -0.0 0.0 -1.0
1.1877983808517456 1.0979541540145874 -0.6802056431770325 -0.4518265426158905 0.8920865654945374 -0.0
1.1838263273239136 1.0934605598449707 -0.6285898685455322 -0.0 0.0 1.0
1.3410067558288574 0.7831403017044067 -0.628589928150177 -0.0 0.0 0.999969482421875
1.2074700593948364 1.0591144561767578 -0.6238609552383423 -0.0 0.0 1.0
1.2074700593948364 1.0591144561767578 -0.6238609552383423 0.8920865654945374 0.4518265426158905 -0.0
1.0909167528152466 0.7027890682220459 -0.6238609552383423 -0.0 0.0 1.0
1.0909167528152466 0.7027890682220459 -0.6238609552383423 -0.8920865654945374 -0.4518265426158905 -0.0
1.3021674156188965 0.7634678483009338 -0.6714351773262024 -0.0 0.0 -1.0
1.1449871063232422 1.0737881660461426 -0.6714351773262024 -0.0 0.0 -1.0
1.3021674156188965 0.7634678483009338 -0.6285898685455322 -0.0 0.0 1.0
1.1449871063232422 1.0737881660461426 -0.6285898685455322 -0.0 0.0 1.0
93 111 144
111 93 118
114 135 136
135 114 112
154 134 127
134 154 137
49 46 47
46 49 48
113 126 24
126 113 128
94 145 152
145 94 92
124 105 122
105 124 130
119 108 110
108 119 148
131 143 117
143 131 125
159 151 150
151 159 158
156 146 38
146 156 157
97 120 91
120 97 103
132 28 155
28 132 115
39 37 36
37 39 147
18 106 104
106 18 116
107 123 17
123 107 141
35 33 32
33 35 34
129 30 25
30 129 133
95 13 12
13 95 149
89 101 99
101 89 138
23 140 22
140 23 142
96 88 98
88 96 90
4 139 6
139 4 121
56 55 57
55 56 53
87 84 86
84 87 85
65 66 67
66 65 64
69 70 71
70 69 68
75 64 65
64 75 74
79 77 76
77 79 78
60 59 61
59 60 58
78 86 77
86 78 87
45 42 43
42 45 44
52 63 54
63 52 62
85 82 84
82 85 83
58 57 59
57 58 56
73 74 75
74 73 72
51 48 49
48 51 50
47 44 45
44 47 46
53 54 55
54 53 52
62 61 63
61 62 60
26 29 31
29 26 27
81 76 80
76 81 79
71 72 73
72 71 70
43 41 40
41 43 42
83 80 82
80 83 81
67 68 69
68 67 66
153 9 8
9 153 109
21 16 20
16 21 19
14 10 11
10 14 15
100 1 3
1 100 102
40 50 51
50 40 41
0 5 2
5 0 7
LABEL zzGroup25
MATERIAL 5
TEXTURE 1
GEOM 64 52
1.6191017627716064 0.9239956736564636 -0.9592617750167847 0.8920865654945374 0.4518265426158905 0.0013122959062457085 0.9904197454452515 0.8588240742683411
1.6187409162521362 0.9238128662109375 -0.6539774537086487 0.8920865654945374 0.4518265426158905 0.0013122959062457085 0.9905009269714355 0.09235149621963501
1.4821720123291016 1.1934399604797363 -0.6539774537086487 -0.001037629321217537 -0.0005188146606087685 0.999969482421875 0.2340942621231079 0.09235149621963501
1.4825328588485718 1.1936227083206177 -0.9592617750167847 0.0010986663401126862 0.0005493331700563431 -0.999969482421875 0.23401322960853577 0.8588240742683411
1.4711856842041016 1.2074425220489502 -0.6539820432662964 -0.001037629321217537 -0.0004882961511611938 0.999969482421875 0.1911049783229828 0.09236299991607666
1.4715465307235718 1.207625389099121 -0.9592663049697876 0.6512344479560852 0.7588427662849426 0.0012207403779029846 0.19102397561073303 0.8588355481624603
1.4556782245635986 1.216176152229309 -0.653993546962738 -0.0011291848495602608 -0.0006103701889514923 0.999969482421875 0.1560535728931427 0.09239202737808228
1.4560391902923584 1.2163589000701904 -0.9592778086662292 0.0011597033590078354 0.0006103701889514923 -0.999969482421875 0.15597239136695862 0.8588643670082092
1.4380079507827759 1.2183122634887695 -0.6540119051933289 -0.0011291848495602608 -0.0007324442267417908 0.999969482421875 0.13427069783210754 0.09243810176849365
1.4383689165115356 1.2184951305389404 -0.9592984914779663 0.0011291848495602608 0.0005798516795039177 -0.999969482421875 0.1341894268989563 0.8589163422584534
1.4208651781082153 1.2135205268859863 -0.6540349125862122 -0.0010986663401126862 -0.0006714072078466415 0.999969482421875 0.12908512353897095 0.09249579906463623
1.4212260246276855 1.2137033939361572 -0.9593192338943481 0.0010681478306651115 0.0006103701889514923 -0.999969482421875 0.12900394201278687 0.8589682877063751
1.3986912965774536 1.2022892236709595 -0.6540670990943909 -0.8920865654945374 -0.4518265426158905 -0.0013122959062457085 0.13407108187675476 0.09257662296295166
1.3990521430969238 1.2024720907211304 -0.9593513607978821 -0.8920865654945374 -0.4518265426158905 -0.0013122959062457085 0.13398993015289307 0.8590490818023682
1.4742804765701294 1.1884145736694336 -0.6539889574050903 -0.843470573425293 -0.5371562838554382 -0.0013122959062457085 0.23825764656066895 0.09238052368164062
1.610434889793396 0.9196057915687561 -0.6539889574050903 -0.8920865654945374 -0.4518265426158905 -0.0013122959062457085 0.9923684597015381 0.09238052368164062
1.6107957363128662 0.9197885990142822 -0.9592732191085815 -0.8920865654945374 -0.4518265426158905 -0.0013122959062457085 0.9922871589660645 0.8588527739048004
1.4746413230895996 1.1885974407196045 -0.9592732191085815 0.0010986663401126862 0.0005493331700563431 -0.999969482421875 0.23817631602287292 0.8588527739048004
1.4650028944015503 1.2002391815185547 -0.6539912223815918 -0.001037629321217537 -0.0004882961511611938 0.999969482421875 0.20195481181144714 0.09238612651824951
1.4653637409210205 1.2004220485687256 -0.9592778086662292 0.0011291848495602608 0.0005798516795039177 -0.999969482421875 0.201873779296875 0.8588643670082092
1.4527219533920288 1.2071564197540283 -0.6540027260780334 -0.0011291848495602608 -0.0006103701889514923 0.999969482421875 0.17419466376304626 0.09241491556167603
1.453082799911499 1.2073391675949097 -0.9592870473861694 0.0011597033590078354 0.0006103701889514923 -0.999969482421875 0.17411348223686218 0.8588875830173492
1.4387285709381104 1.2088459730148315 -0.6540188193321228 -0.0011291848495602608 -0.0007324442267417908 0.999969482421875 0.15694919228553772 0.09245526790618896
1.4390894174575806 1.209028720855713 -0.9593031406402588 0.0011291848495602608 0.0005798516795039177 -0.999969482421875 0.15686801075935364 0.8589280843734741
1.4242539405822754 1.2048001289367676 -0.6540371775627136 -0.0010986663401126862 -0.0006714072078466415 0.999969482421875 0.15257057547569275 0.09250152111053467
1.4246149063110352 1.204982876777649 -0.9593214988708496 0.0010681478306651115 0.0006103701889514923 -0.999969482421875 0.15248924493789673 0.8589740693569183
1.4028983116149902 1.1939833164215088 -0.6540670990943909 -0.8920865654945374 -0.4518265426158905 -0.0013122959062457085 0.15737265348434448 0.09257662296295166
1.40325927734375 1.1941660642623901 -0.9593513607978821 -0.8920865654945374 -0.4518265426158905 -0.0013122959062457085 0.15729165077209473 0.8590490818023682
1.3986912965774536 1.2022892236709595 -0.6540670990943909 -0.4518265426158905 0.8920865654945374 -0.0 0.13407108187675476 0.09257662296295166
1.3986912965774536 1.2022892236709595 -0.6540670990943909 -0.0010986663401126862 -0.0006103701889514923 0.999969482421875 0.13407108187675476 0.09257662296295166
1.3990521430969238 1.2024720907211304 -0.9593513607978821 -0.4518265426158905 0.8920865654945374 -0.0 0.13398993015289307 0.8590490818023682
1.3990521430969238 1.2024720907211304 -0.9593513607978821 0.0010986663401126862 0.0006103701889514923 -0.999969482421875 0.13398993015289307 0.8590490818023682
1.4242539405822754 1.2048001289367676 -0.6540371775627136 0.36225470900535583 -0.9320657849311829 -0.00012207403779029846 0.15257057547569275 0.09250152111053467
1.4028983116149902 1.1939833164215088 -0.6540670990943909 0.4518265426158905 -0.8920865654945374 -0.0 0.15737265348434448 0.09257662296295166
1.4028983116149902 1.1939833164215088 -0.6540670990943909 -0.0010986663401126862 -0.0006103701889514923 0.999969482421875 0.15737265348434448 0.09257662296295166
1.4390894174575806 1.209028720855713 -0.9593031406402588 0.07611316442489624 -0.9970701932907104 -0.0004882961511611938 0.15686801075935364 0.8589280843734741
1.4246149063110352 1.204982876777649 -0.9593214988708496 0.36225470900535583 -0.9320657849311829 -0.00012207403779029846 0.15248924493789673 0.8589740693569183
1.4742804765701294 1.1884145736694336 -0.6539889574050903 -0.001037629321217537 -0.0005188146606087685 0.999969482421875 0.23825764656066895 0.09238052368164062
1.610434889793396 0.9196057915687561 -0.6539889574050903 -0.0010986663401126862 -0.0005493331700563431 0.999969482421875 0.9923684597015381 0.09238052368164062
1.610434889793396 0.9196057915687561 -0.6539889574050903 0.4518265426158905 -0.8920865654945374 -0.0 0.9923684597015381 0.09238052368164062
1.453082799911499 1.2073391675949097 -0.9592870473861694 -0.3112888038158417 -0.9502853751182556 -0.0009155552834272385 0.17411348223686218 0.8588875830173492
1.4560391902923584 1.2163589000701904 -0.9592778086662292 0.3113193213939667 0.9502853751182556 0.0009155552834272385 0.15597239136695862 0.8588643670082092
1.4383689165115356 1.2184951305389404 -0.9592984914779663 -0.07602160423994064 0.9971007108688354 0.0004882961511611938 0.1341894268989563 0.8589163422584534
1.4715465307235718 1.207625389099121 -0.9592663049697876 0.0011291848495602608 0.0005798516795039177 -0.999969482421875 0.19102397561073303 0.8588355481624603
1.4650028944015503 1.2002391815185547 -0.6539912223815918 -0.6512344479560852 -0.7588427662849426 -0.0012207403779029846 0.20195481181144714 0.09238612651824951
1.4653637409210205 1.2004220485687256 -0.9592778086662292 -0.6512344479560852 -0.7588427662849426 -0.0012207403779029846 0.201873779296875 0.8588643670082092
1.4208651781082153 1.2135205268859863 -0.6540349125862122 -0.36225470900535583 0.9320657849311829 0.00012207403779029846 0.12908512353897095 0.09249579906463623
1.4825328588485718 1.1936227083206177 -0.9592617750167847 0.843470573425293 0.5371257662773132 0.0013122959062457085 0.23401322960853577 0.8588240742683411
1.4746413230895996 1.1885974407196045 -0.9592732191085815 -0.843470573425293 -0.5371257662773132 -0.0013122959062457085 0.23817631602287292 0.8588527739048004
1.6107957363128662 0.9197885990142822 -0.9592732191085815 0.0010986663401126862 0.0005493331700563431 -0.999969482421875 0.9922871589660645 0.8588527739048004
1.6107957363128662 0.9197885990142822 -0.9592732191085815 0.4518265426158905 -0.8920865654945374 -0.0 0.9922871589660645 0.8588527739048004
1.4380079507827759 1.2183122634887695 -0.6540119051933289 -0.07605212926864624 0.9971007108688354 0.0004882961511611938 0.13427069783210754 0.09243810176849365
1.6191017627716064 0.9239956736564636 -0.9592617750167847 0.0010986663401126862 0.0005493331700563431 -0.999969482421875 0.9904197454452515 0.8588240742683411
1.6191017627716064 0.9239956736564636 -0.9592617750167847 0.4518265426158905 -0.8920865654945374 -0.0 0.9904197454452515 0.8588240742683411
1.40325927734375 1.1941660642623901 -0.9593513607978821 0.4518265426158905 -0.8920865654945374 -0.0 0.15729165077209473 0.8590490818023682
1.40325927734375 1.1941660642623901 -0.9593513607978821 0.0010986663401126862 0.0006103701889514923 -0.999969482421875 0.15729165077209473 0.8590490818023682
1.6187409162521362 0.9238128662109375 -0.6539774537086487 0.4518265426158905 -0.8920865654945374 -0.0 0.9905009269714355 0.09235149621963501
1.6187409162521362 0.9238128662109375 -0.6539774537086487 -0.0010986663401126862 -0.0005493331700563431 0.999969482421875 0.9905009269714355 0.09235149621963501
1.4527219533920288 1.2071564197540283 -0.6540027260780334 -0.3112888038158417 -0.9502853751182556 -0.0009155552834272385 0.17419466376304626 0.09241491556167603
1.4387285709381104 1.2088459730148315 -0.6540188193321228 0.07611316442489624 -0.9970701932907104 -0.0004882961511611938 0.15694919228553772 0.09245526790618896
1.4711856842041016 1.2074425220489502 -0.6539820432662964 0.6512039303779602 0.7588732838630676 0.0012207403779029846 0.1911049783229828 0.09236299991607666
1.4556782245635986 1.216176152229309 -0.653993546962738 0.3113193213939667 0.9502853751182556 0.0009155552834272385 0.1560535728931427 0.09239202737808228
1.4212260246276855 1.2137033939361572 -0.9593192338943481 -0.36225470900535583 0.9320657849311829 0.00012207403779029846 0.12900394201278687 0.8589682877063751
1.4821720123291016 1.1934399604797363 -0.6539774537086487 0.843470573425293 0.5371257662773132 0.0013122959062457085 0.2340942621231079 0.09235149621963501
54 32 33
32 54 36
45 14 44
14 45 48
35 58 59
58 35 40
60 47 5
47 60 63
40 44 58
44 40 45
57 37 38
37 57 2
51 41 42
41 51 61
53 39 50
39 53 56
36 59 32
59 36 35
46 42 62
42 46 51
28 62 30
62 28 46
10 34 24
34 10 29
8 24 22
24 8 10
6 22 20
22 6 8
23 7 21
7 23 9
2 18 37
18 2 4
55 11 25
11 55 31
19 3 17
3 19 43
21 43 19
43 21 7
4 20 18
20 4 6
25 9 23
9 25 11
17 52 49
52 17 3
12 27 26
27 12 13
0 63 1
63 0 47
61 5 41
5 61 60
48 15 14
15 48 16
LABEL zzGroup26
MATERIAL 6
TEXTURE 0
GEOM 82 56
1.408791422843933 1.135782241821289 -0.9592946171760559 0.8920865654945374 0.4518265426158905 -0.0
1.2124725580215454 1.0363446474075317 -0.6748999953269958 -0.8920865654945374 -0.4518265426158905 -0.0
1.2124724388122559 1.0363446474075317 -0.9592945575714111 -0.8920865654945374 -0.4518265426158905 -0.0
1.4087915420532227 1.135782241821289 -0.6749000549316406 0.8920865654945374 0.4518265426158905 -0.0
1.3119101524353027 0.8400257229804993 -0.6748999953269958 0.4518265426158905 -0.8920865654945374 -0.0
1.3119100332260132 0.8400257229804993 -0.9592945575714111 0.4518265426158905 -0.8920865654945374 -0.0
1.5082290172576904 0.9394632577896118 -0.6749000549316406 0.8920865654945374 0.4518265426158905 -0.0
1.5082290172576904 0.9394632577896118 -0.9592946171760559 0.8920865654945374 0.4518265426158905 -0.0
1.4752659797668457 1.0877478122711182 -0.7321504950523376 -0.4518570601940155 0.8920865654945374 -0.0
1.4752659797668457 1.0877478122711182 -0.764560878276825 -0.4518570601940155 0.8920865654945374 -0.0
1.5024207830429077 1.034136176109314 -0.764560878276825 0.4518265426158905 -0.8920865654945374 -0.0
1.5024207830429077 1.034136176109314 -0.7321504950523376 0.8273873329162598 0.4190801680088043 0.3738517463207245
1.4694066047668457 1.084779977798462 -0.7253272533416748 -0.4518265426158905 0.8920865654945374 -0.0
1.4965614080429077 1.0311683416366577 -0.7253272533416748 0.3492233157157898 0.17688527703285217 0.9201635718345642
1.4628862142562866 1.0141115188598633 -0.7253272533416748 -0.0 0.0 1.0
1.4357314109802246 1.0677231550216675 -0.7253272533416748 -0.4518265426158905 0.8920865654945374 -0.0
1.4694066047668457 1.084779977798462 -0.771386444568634 -0.4518265426158905 0.8920865654945374 -0.0
1.4357314109802246 1.0677231550216675 -0.771386444568634 -0.4518265426158905 0.8920865654945374 -0.0
1.4965614080429077 1.0311683416366577 -0.771386444568634 0.3492843508720398 0.17691579461097717 -0.9201330542564392
1.4628862142562866 1.0141115188598633 -0.771386444568634 -0.0 0.0 -1.0
1.5013113021850586 1.017125129699707 -0.680081844329834 -0.4518265426158905 0.8920865654945374 -0.0
1.5284662246704102 0.9635134935379028 -0.680081844329834 0.4518265426158905 -0.8920865654945374 -0.0
1.4966737031936646 0.9474102854728699 -0.680081844329834 0.4518265426158905 -0.8920865654945374 -0.0
1.4695188999176025 1.0010218620300293 -0.680081844329834 -0.4518265426158905 0.8920865654945374 -0.0
1.4695188999176025 1.0010218620300293 -0.8166295289993286 -0.8920865654945374 -0.4518265426158905 -0.0
1.5111780166625977 1.0221227407455444 -0.6884223818778992 0.7354961037635803 0.3725394308567047 0.5658742189407349
1.5438605546951294 1.0386767387390137 -0.8166295289993286 0.8856776356697083 0.44859156012535095 -0.11960203945636749
1.5161164999008179 1.0246241092681885 -0.8711833357810974 0.6809290051460266 0.34488967061042786 -0.6460158228874207
1.5009195804595947 1.0169267654418945 -0.8850780725479126 0.29926449060440063 0.1515549123287201 -0.9420453310012817
1.4695188999176025 1.0010218620300293 -0.8850780725479126 -0.0 0.0 -0.999969482421875
1.4966737031936646 0.9474102854728699 -0.8166295289993286 -0.8920865654945374 -0.4518265426158905 -0.0
1.5383329391479492 0.9685111045837402 -0.6884223818778992 0.7354961037635803 0.3725394308567047 0.5658742189407349
1.5710153579711914 0.9850651621818542 -0.8166295289993286 0.8856776356697083 0.44859156012535095 -0.11960203945636749
1.5432713031768799 0.9710124731063843 -0.8711833357810974 0.4518265426158905 -0.8920865654945374 -0.0
1.5280745029449463 0.9633151292800903 -0.8850780725479126 0.4518265426158905 -0.8920865654945374 -0.0
1.4966737031936646 0.9474102854728699 -0.8850780725479126 0.4518265426158905 -0.8920865654945374 -0.0
1.5009195804595947 1.0169267654418945 -0.8850780725479126 -0.4518265426158905 0.8920865654945374 -0.0
1.4695188999176025 1.0010218620300293 -0.8850780725479126 -0.4518265426158905 0.8920865654945374 -0.0
1.4695188999176025 1.0010218620300293 -0.8850780725479126 -0.8920865654945374 -0.4518265426158905 -0.0
1.4965614080429077 1.0311683416366577 -0.7253272533416748 0.4518265426158905 -0.8920865654945374 -0.0
1.4628862142562866 1.0141115188598633 -0.7253272533416748 0.4518265426158905 -0.8920865654945374 -0.0
1.4694066047668457 1.084779977798462 -0.771386444568634 0.3492843508720398 0.17691579461097717 -0.9201330542564392
1.4357314109802246 1.0677231550216675 -0.771386444568634 -0.0 0.0 -0.999969482421875
1.4695188999176025 1.0010218620300293 -0.8166295289993286 -0.4518265426158905 0.8920865654945374 -0.0
1.5383329391479492 0.9685111045837402 -0.6884223818778992 0.4518265426158905 -0.8920865654945374 -0.0
1.5710153579711914 0.9850651621818542 -0.8166295289993286 0.4518265426158905 -0.8920865654945374 -0.0
1.3119101524353027 0.8400257229804993 -0.6748999953269958 -0.8920865654945374 -0.4518265426158905 -0.0
1.3119101524353027 0.8400257229804993 -0.6748999953269958 -0.0 0.0 1.0
1.3119100332260132 0.8400257229804993 -0.9592945575714111 -0.8920865654945374 -0.4518265426158905 -0.0
1.3119100332260132 0.8400257229804993 -0.9592945575714111 -0.0 0.0 -1.0
1.5432713031768799 0.9710124731063843 -0.8711833357810974 0.6809290051460266 0.34488967061042786 -0.6460158228874207
1.5280745029449463 0.9633151292800903 -0.8850780725479126 0.29926449060440063 0.1515549123287201 -0.9420453310012817
1.4965614080429077 1.0311683416366577 -0.771386444568634 0.4518265426158905 -0.8920865654945374 -0.0
1.4628862142562866 1.0141115188598633 -0.771386444568634 0.4518265426158905 -0.8920865654945374 -0.0
1.5438605546951294 1.0386767387390137 -0.8166295289993286 -0.4518265426158905 0.8920865654945374 -0.0
1.5161164999008179 1.0246241092681885 -0.8711833357810974 -0.4518265426158905 0.8920865654945374 -0.0
1.5284662246704102 0.9635134935379028 -0.680081844329834 0.28321176767349243 0.143436998128891 0.9482405781745911
1.4966737031936646 0.9474102854728699 -0.680081844329834 -0.0 0.0 1.0
1.408791422843933 1.135782241821289 -0.9592946171760559 -0.4518265426158905 0.8920865654945374 -0.0
1.408791422843933 1.135782241821289 -0.9592946171760559 -0.0 0.0 -1.0
1.4087915420532227 1.135782241821289 -0.6749000549316406 -0.4518265426158905 0.8920865654945374 -0.0
1.4087915420532227 1.135782241821289 -0.6749000549316406 -0.0 0.0 1.0
1.2124725580215454 1.0363446474075317 -0.6748999953269958 -0.0 0.0 1.0
1.2124725580215454 1.0363446474075317 -0.6748999953269958 -0.4518265426158905 0.8920865654945374 -0.0
1.5024207830429077 1.034136176109314 -0.764560878276825 0.8274178504943848 0.4190801680088043 -0.3737601935863495
1.5024207830429077 1.034136176109314 -0.7321504950523376 0.4518265426158905 -0.8920865654945374 -0.0
1.4966737031936646 0.9474102854728699 -0.8850780725479126 -0.0 0.0 -1.0
1.4966737031936646 0.9474102854728699 -0.8850780725479126 -0.8920865654945374 -0.4518265426158905 -0.0
1.5111780166625977 1.0221227407455444 -0.6884223818778992 -0.4518265426158905 0.8920865654945374 -0.0
1.4752659797668457 1.0877478122711182 -0.7321504950523376 0.8273873329162598 0.4190801680088043 0.3738517463207245
1.4752659797668457 1.0877478122711182 -0.764560878276825 0.8274178504943848 0.4190801680088043 -0.3737601935863495
1.4694066047668457 1.084779977798462 -0.7253272533416748 0.3492233157157898 0.17688527703285217 0.9201635718345642
1.4357314109802246 1.0677231550216675 -0.7253272533416748 -0.0 0.0 0.999969482421875
1.5013113021850586 1.017125129699707 -0.680081844329834 0.28321176767349243 0.143436998128891 0.9482405781745911
1.4695188999176025 1.0010218620300293 -0.680081844329834 -0.0 0.0 1.0
1.2124724388122559 1.0363446474075317 -0.9592945575714111 -0.4518265426158905 0.8920865654945374 -0.0
1.2124724388122559 1.0363446474075317 -0.9592945575714111 -0.0 0.0 -1.0
1.4966737031936646 0.9474102854728699 -0.8166295289993286 0.4518265426158905 -0.8920865654945374 -0.0
1.5082290172576904 0.9394632577896118 -0.6749000549316406 0.4518265426158905 -0.8920865654945374 -0.0
1.5082290172576904 0.9394632577896118 -0.6749000549316406 -0.0 0.0 1.0
1.5082290172576904 0.9394632577896118 -0.9592946171760559 0.4518265426158905 -0.8920865654945374 -0.0
1.5082290172576904 0.9394632577896118 -0.9592946171760559 -0.0 0.0 -1.0
62 79 61
79 62 47
53 39 40
39 53 52
51 27 50
27 51 28
58 63 60
63 58 75
43 36 37
36 43 55
49 59 81
59 49 76
72 13 71
13 72 14
71 11 69
11 71 13
52 65 39
65 52 10
11 70 69
70 11 64
30 38 67
38 30 24
66 28 51
28 66 29
1 48 46
48 1 2
74 56 73
56 74 57
18 70 64
70 18 41
20 43 23
44 77 45
77 44 21
55 43 54
34 77 35
77 34 33
77 21 22
12 9 16
9 12 8
77 33 45
43 68 54
68 43 20
19 41 18
41 19 42
26 50 27
50 26 32
4 80 78
80 4 5
31 26 25
26 31 32
15 16 17
16 15 12
0 6 7
6 0 3
73 31 25
31 73 56
LABEL zzGroup27
MATERIAL 5
TEXTURE 1
GEOM 239 176
1.4636633396148682 0.9707622528076172 -1.2058519124984741 0.7970824241638184 0.6038392186164856 -0.0 0.296539306640625 1.0
1.4396588802337646 0.9525766968727112 -1.2058517932891846 0.4269844591617584 -0.5636158585548401 -0.7070833444595337 1.7338238649244886e-06 0.3640597462654114
1.4439451694488525 0.9469181895256042 -1.1887133121490479 0.6038392186164856 -0.7970824241638184 -0.0 0.0 0.46136754751205444
1.4679497480392456 0.9651037454605103 -1.1887133121490479 0.6038392186164856 -0.7970824241638184 -0.0 0.1542365849018097 0.46136707067489624
1.4396588802337646 0.9525766968727112 -1.1715761423110962 0.4269844591617584 -0.5636158585548401 0.7070833444595337 0.45872172713279724 0.29525476694107056
1.4636633396148682 0.9707622528076172 -1.1715762615203857 0.7970824241638184 0.6038392186164856 -0.0 0.4587205648422241 0.931195080280304
1.4293102025985718 0.9662377238273621 -1.1644774675369263 -0.0 0.0 1.0 0.4587249159812927 0.36406028270721436
1.4533138275146484 0.9844220876693726 -1.1644774675369263 0.7970824241638184 0.6038392186164856 3.0518509447574615e-05 0.4587205946445465 0.8338910043239594
1.4189605712890625 0.9798975586891174 -1.1715761423110962 -0.4269844591617584 0.5636158585548401 0.7070833444595337 0.4587205946445465 0.4613645672798157
1.4429651498794556 0.9980831146240234 -1.1715762615203857 0.7970824241638184 0.6038392186164856 3.0518509447574615e-05 0.3915415406227112 0.7650848925113678
1.4146742820739746 0.9855560660362244 -1.1887133121490479 -0.6038392186164856 0.7970824241638184 -0.0 0.7671957612037659 0.5301670432090759
1.4386787414550781 1.0037416219711304 -1.1887133121490479 0.7970824241638184 0.6038392186164856 -0.0 0.2965414822101593 0.7650838941335678
1.4189605712890625 0.9798975586891174 -1.2058517932891846 -0.4269844591617584 0.5636158585548401 -0.7070833444595337 0.7671974301338196 0.43285930156707764
1.4429651498794556 0.9980831146240234 -1.2058517932891846 -0.4269844591617584 0.5636158585548401 -0.7070833444595337 0.6129607558250427 0.4328601360321045
1.4293102025985718 0.9662377238273621 -1.212950587272644 -0.0 0.0 -1.0 0.7671932578086853 0.36405420303344727
1.4533138275146484 0.9844220876693726 -1.212950587272644 0.7970824241638184 0.6038392186164856 -0.0 0.22936104238033295 0.9311960265040398
1.4636633396148682 0.9707622528076172 -1.0554559230804443 0.4269844591617584 -0.5635853409767151 -0.7071138620376587 0.6129578948020935 0.8338898420333862
1.4396588802337646 0.9525766968727112 -1.0554559230804443 0.4269844591617584 -0.5636158585548401 -0.7070833444595337 0.4587212800979614 0.8338920176029205
1.4439451694488525 0.9469181895256042 -1.0383188724517822 0.6038392186164856 -0.7970824241638184 -0.0 0.4587205946445465 0.9311924651265144
1.4679497480392456 0.9651037454605103 -1.0383188724517822 0.6038392186164856 -0.7970824241638184 -0.0 0.6129571795463562 0.9311902895569801
1.4396588802337646 0.952576756477356 -1.0211803913116455 0.4269844591617584 -0.5636158585548401 0.7070833444595337 0.4587230682373047 1.0
1.4636633396148682 0.9707622528076172 -1.0211803913116455 0.4269844591617584 -0.5636158585548401 0.7070833444595337 0.6129596829414368 0.9999977692359607
1.4293102025985718 0.9662377238273621 -1.014081597328186 -0.0 0.0 1.0 0.7671961784362793 0.931194469332695
1.4533147811889648 0.9844232797622681 -1.014081597328186 0.7970824241638184 0.6038392186164856 -0.0 0.0 0.8338903784751892
1.4189605712890625 0.9798975586891174 -1.0211803913116455 -0.4269844591617584 0.5636158585548401 0.7070833444595337 0.7672004699707031 0.8338902145624161
1.4429651498794556 0.9980831146240234 -1.0211803913116455 0.7970824241638184 0.6038392186164856 -0.0 8.024308613130415e-07 0.9311946928501129
1.4146742820739746 0.9855560660362244 -1.0383188724517822 -0.6038392186164856 0.7970824241638184 -0.0 0.30847692489624023 0.4613601565361023
1.4386788606643677 1.0037416219711304 -1.0383188724517822 0.7970824241638184 0.6038392186164856 -0.0 0.06718266755342484 1.0
1.4189605712890625 0.9798975586891174 -1.0554559230804443 -0.4269844591617584 0.5636158585548401 -0.7070833444595337 0.3084792494773865 0.36405980587005615
1.4429651498794556 0.9980831146240234 -1.0554559230804443 0.7970824241638184 0.6038392186164856 -0.0 0.16218265891075134 0.9999981361379469
1.4293102025985718 0.9662377238273621 -1.0625547170639038 -0.0 0.0 -1.0 0.30847564339637756 0.2952547073364258
1.4533147811889648 0.9844232797622681 -1.0625547170639038 -0.0 0.0 -0.999969482421875 0.15423904359340668 0.29525429010391235
1.4636633396148682 0.9707622528076172 -1.132367730140686 0.4269844591617584 -0.5636158585548401 -0.7071138620376587 0.1542372852563858 0.5989737212657928
1.4396588802337646 0.9525766968727112 -1.132367730140686 0.4269844591617584 -0.5636158585548401 -0.7070833444595337 7.164560997807712e-07 0.5989758968353271
1.4439451694488525 0.9469181895256042 -1.115230679512024 0.6038392186164856 -0.7970824241638184 -0.0 0.0 0.6962763965129852
1.4679497480392456 0.9651037454605103 -1.115230679512024 0.6038392186164856 -0.7970824241638184 -0.0 0.1542365998029709 0.6962741911411285
1.4396588802337646 0.9525766968727112 -1.0980920791625977 0.4269844591617584 -0.5636158585548401 0.7070833444595337 0.6129619479179382 0.5989741086959839
1.4636633396148682 0.9707622528076172 -1.0980920791625977 0.4269844591617584 -0.5636158585548401 0.7070833444595337 0.7671985030174255 0.5989741086959839
1.4293102025985718 0.9662377238273621 -1.0909934043884277 -0.0 0.0 1.0 0.6129651665687561 0.6677796244621277
1.4533146619796753 0.9844232797622681 -1.0909934043884277 0.7970824241638184 0.6038392186164856 -0.0 0.22936029732227325 0.5989742279052734
1.4189605712890625 0.9798975586891174 -1.0980920791625977 -0.4269844591617584 0.5636158585548401 0.7070833444595337 0.6129608750343323 0.7650838792324066
1.4429651498794556 0.9980831146240234 -1.0980920791625977 0.7970824241638184 0.6038392186164856 -0.0 0.22936098277568817 0.6962785124778748
1.4146742820739746 0.9855560660362244 -1.115230679512024 -0.6038392186164856 0.7970824241638184 -0.0 0.612958550453186 0.6962762176990509
1.4386787414550781 1.0037416219711304 -1.115230679512024 -0.6038392186164856 0.7970824241638184 -0.0 0.45872196555137634 0.6962758302688599
1.4189605712890625 0.9798975586891174 -1.132367730140686 -0.4269844591617584 0.5636158585548401 -0.7070833444595337 0.6129608750343323 0.5989758670330048
1.4429651498794556 0.9980831146240234 -1.132367730140686 -0.4269844591617584 0.5636158585548401 -0.7070833444595337 0.4587242603302002 0.5989754498004913
1.4293102025985718 0.9662377238273621 -1.1394665241241455 -0.0 0.0 -1.0 0.6129571795463562 0.530170738697052
1.4533146619796753 0.9844232797622681 -1.1394665241241455 -0.0 0.0 -0.999969482421875 0.4587205946445465 0.5301703214645386
1.5435351133346558 0.8594181537628174 -1.205254077911377 0.4269844591617584 -0.5635853409767151 -0.7071138620376587 0.8980790376663208 0.8771286010742188
1.5231664180755615 0.8439862728118896 -1.205254077911377 0.4269844591617584 -0.5636158585548401 -0.7070833444595337 0.7672010064125061 0.8771315068006516
1.5258605480194092 0.8404308557510376 -1.1944842338562012 0.6038697361946106 -0.7970519065856934 -0.0 0.7672042846679688 0.9382796585559845
1.5462284088134766 0.855861485004425 -1.1944842338562012 0.6038697361946106 -0.7970519065856934 -0.0 0.8980749249458313 0.9382775314152241
1.5231664180755615 0.8439862728118896 -1.1837143898010254 0.4269844591617584 -0.5636158585548401 0.7070833444595337 0.7672020792961121 0.9815177079290152
1.5435351133346558 0.8594181537628174 -1.1837143898010254 0.4269844591617584 -0.5635853409767151 0.7071138620376587 0.8980801701545715 0.9815148022025824
1.516662359237671 0.8525716066360474 -1.1792532205581665 -0.0 0.0 1.0 0.8980773687362671 0.4869251847267151
1.5370322465896606 0.8680025339126587 -1.1792532205581665 -0.0 0.0 1.0 0.7671973705291748 0.4869304299354553
1.5101594924926758 0.8611560463905334 -1.1837143898010254 -0.4269539415836334 0.5635853409767151 0.7071138620376587 0.898074746131897 0.42577898502349854
1.5305273532867432 0.8765866756439209 -1.1837143898010254 -0.4269844591617584 0.5636158585548401 0.7071138620376587 0.7672041654586792 0.42577898502349854
1.5074660778045654 0.8647127151489258 -1.1944842338562012 -0.6038392186164856 0.7970824241638184 -0.0 0.9898970723152161 0.08238399028778076
1.5278339385986328 0.880143404006958 -1.1944842338562012 0.7970824241638184 0.6038392186164856 -3.0518509447574615e-05 0.15423904359340668 0.19086384773254395
1.5101594924926758 0.8611560463905334 -1.205254077911377 -0.4269539415836334 0.5635853409767151 -0.7071138620376587 0.9301936626434326 0.0823788046836853
1.5305273532867432 0.8765866756439209 -1.205254077911377 -0.4269844591617584 0.5636158585548401 -0.7071138620376587 0.9301936626434326 0.21641820669174194
1.5166622400283813 0.8525716066360474 -1.2097151279449463 -0.0 0.0 -0.999969482421875 0.8879774808883667 0.08237600326538086
1.5370322465896606 0.8680025339126587 -1.2097151279449463 -0.0 0.0 -1.0 0.8879753947257996 0.2164251208305359
1.5026072263717651 0.9134430289268494 -1.0767868757247925 0.7970824241638184 0.6038392186164856 3.0518509447574615e-05 0.3084792494773865 0.33929193019866943
1.4822381734848022 0.8980132937431335 -1.0767868757247925 0.4269539415836334 -0.5636158585548401 -0.7071138620376587 0.1542338877916336 0.104389488697052
1.484931468963623 0.8944565653800964 -1.0660170316696167 0.6038087010383606 -0.7971129417419434 -0.0 0.15423904359340668 0.04324042797088623
1.505300521850586 0.909886360168457 -1.0660170316696167 0.7970824241638184 0.6038392186164856 -0.0 0.35069358348846436 0.38253307342529297
1.4822381734848022 0.8980132937431335 -1.055247187614441 0.4269539415836334 -0.5636158585548401 0.7071138620376587 0.6262240409851074 0.06880050897598267
1.5026072263717651 0.9134430289268494 -1.055247187614441 0.4269539415836334 -0.5636158585548401 0.7071138620376587 0.7570966482162476 0.06879758834838867
1.4757343530654907 0.9065964818000793 -1.050786018371582 -0.0 0.0 1.0 0.6262179017066956 0.11203408241271973
1.4961031675338745 0.9220283627510071 -1.050786018371582 -0.0 0.0 1.0 0.7570958137512207 0.11204016208648682
1.4692314863204956 0.9151809215545654 -1.055247187614441 -0.4269844591617584 0.5635853409767151 0.7071138620376587 0.6262186765670776 0.17318034172058105
1.4896003007888794 0.9306127429008484 -1.055247187614441 0.7970824241638184 0.6038392186164856 -0.0 0.45261672139167786 0.27814483642578125
1.4665381908416748 0.9187375903129578 -1.0660170316696167 -0.6038697361946106 0.7970519065856934 -0.0 1.0 0.8474758267402649
1.4869060516357422 0.9341682195663452 -1.0660170316696167 0.7970824241638184 0.6038392186164856 -0.0 0.4104016125202179 0.2349054217338562
1.4692314863204956 0.9151809215545654 -1.0767868757247925 -0.4269844591617584 0.5635853409767151 -0.7071138620376587 0.9402966499328613 0.847470685839653
1.4896003007888794 0.9306127429008484 -1.0767868757247925 -0.4269844591617584 0.5636158585548401 -0.7070833444595337 0.9402973651885986 0.9815177079290152
1.4757343530654907 0.9065964818000793 -1.0812479257583618 -0.0 0.0 -1.0 0.8980805277824402 0.8474678695201874
1.4961031675338745 0.9220283031463623 -1.0812479257583618 0.7970824241638184 0.6038392186164856 3.0518509447574615e-05 0.3084821105003357 0.27813857793807983
1.5026072263717651 0.9134430289268494 -1.1641830205917358 0.7970824241638184 0.6038392186164856 3.0518509447574615e-05 0.7148768901824951 0.21642518043518066
1.4822381734848022 0.8980132937431335 -1.1641830205917358 0.4269539415836334 -0.5636158585548401 -0.7071138620376587 0.2851119339466095 0.104389488697052
1.484931468963623 0.8944565653800964 -1.15341317653656 0.6038087010383606 -0.7971129417419434 -0.0 0.28511708974838257 0.04324042797088623
1.505300521850586 0.9098863005638123 -1.15341317653656 0.7970824241638184 0.6038392186164856 -0.0 0.6551735401153564 0.2164250612258911
1.4822381734848022 0.8980132937431335 -1.1426434516906738 0.4269539415836334 -0.5636158585548401 0.7071138620376587 0.7571027874946594 0.06880050897598267
1.5026072263717651 0.9134430289268494 -1.1426434516906738 0.7970824241638184 0.6038392186164856 -0.0 0.6129591464996338 0.2596660852432251
1.4757343530654907 0.9065964818000793 -1.138182282447815 -0.0 0.0 1.0 0.7570965886116028 0.11203402280807495
1.4961031675338745 0.9220283031463623 -1.138182282447815 0.7970824241638184 0.6038392186164856 -0.0 0.6129619479179382 0.3208194971084595
1.4692314863204956 0.9151808619499207 -1.1426434516906738 -0.4269844591617584 0.5635853409767151 0.7071138620376587 0.7570974230766296 0.17318028211593628
1.4896003007888794 0.9306127429008484 -1.1426434516906738 0.7970824241638184 0.6038392186164856 -0.0 0.6551789045333862 0.36405426263809204
1.4665381908416748 0.9187375903129578 -1.15341317653656 -0.6038697361946106 0.7970519065856934 -0.0 0.7571011185646057 0.21642082929611206
1.4869060516357422 0.9341682195663452 -1.15341317653656 -0.6038697361946106 0.7970519065856934 -0.0 0.8879716992378235 0.2164251208305359
1.4692314863204956 0.9151808619499207 -1.1641830205917358 -0.4269844591617584 0.5635853409767151 -0.7071138620376587 0.940294086933136 0.3961207866668701
1.4896003007888794 0.9306127429008484 -1.1641830205917358 -0.4269844591617584 0.5636158585548401 -0.7070833444595337 0.9402948617935181 0.5301677882671356
1.4757343530654907 0.9065964818000793 -1.1686441898345947 -0.0 0.0 -1.0 0.28511708974838257 0.14762699604034424
1.4961031675338745 0.9220283031463623 -1.1686441898345947 0.7970824241638184 0.6038392186164856 3.0518509447574615e-05 0.7570965886116028 0.2596670389175415
1.5435352325439453 0.8594181537628174 -1.034760594367981 0.7970824241638184 0.6038392186164856 6.103701889514923e-05 0.6028579473495483 0.1908666491508484
1.5231664180755615 0.8439863324165344 -1.0347604751586914 0.4269844591617584 -0.5636158585548401 -0.7070833444595337 0.8980817794799805 0.7218425869941711
1.5258605480194092 0.8404308557510376 -1.0239907503128052 0.6038697361946106 -0.7970519065856934 -0.0 0.8980791568756104 0.6606943905353546
1.5462285280227661 0.855861485004425 -1.0239907503128052 0.7970824241638184 0.6038392186164856 -0.0 0.5606435537338257 0.14762556552886963
1.5231664180755615 0.8439863324165344 -1.0132209062576294 0.4269844591617584 -0.5636158585548401 0.7070833444595337 0.8980817794799805 0.6174564361572266
1.5435352325439453 0.8594181537628174 -1.0132209062576294 0.7970824241638184 0.6038392186164856 -0.0 0.5009403228759766 0.14762568473815918
1.516662359237671 0.8525716662406921 -1.0087597370147705 -0.0 0.0 1.0 0.8879772424697876 0.32081156969070435
1.5370323657989502 0.8680025339126587 -1.0087597370147705 0.7970824241638184 0.6038392186164856 -3.0518509447574615e-05 0.45872339606285095 0.19086045026779175
1.5101594924926758 0.8611560463905334 -1.0132209062576294 -0.4269844591617584 0.5635853409767151 0.7071138620376587 0.8879746198654175 0.25966548919677734
1.5305283069610596 0.8765878677368164 -1.0132209062576294 0.7970824241638184 0.6038392186164856 -3.0518509447574615e-05 0.4587205946445465 0.2520138621330261
1.507466197013855 0.8647127151489258 -1.0239907503128052 -0.6038697361946106 0.7970519065856934 -0.0 0.8879694938659668 0.2164248824119568
1.5278340578079224 0.880143404006958 -1.0239907503128052 0.7970824241638184 0.6038392186164856 -0.0 0.5009356141090393 0.29525327682495117
1.5101594924926758 0.8611560463905334 -1.0347604751586914 -0.4269844591617584 0.5635853409767151 -0.7071138620376587 0.9476833343505859 0.3504718542098999
1.5305283069610596 0.8765878677368164 -1.0347604751586914 -0.4269844591617584 0.5636158585548401 -0.7070833444595337 0.9476804137229919 0.216424822807312
1.516662359237671 0.8525716662406921 -1.0392216444015503 -0.0 0.0 -1.0 0.9898993968963623 0.35047394037246704
1.5370323657989502 0.8680025339126587 -1.0392216444015503 0.7970824241638184 0.6038392186164856 6.103701889514923e-05 0.6028580069541931 0.25201284885406494
1.5435352325439453 0.8594181537628174 -1.1173816919326782 0.7970824241638184 0.6038392186164856 6.103701889514923e-05 0.3084792494773865 0.42577242851257324
1.5231664180755615 0.8439863324165344 -1.1173816919326782 0.4269844591617584 -0.5636158585548401 -0.7070833444595337 0.1542389690876007 0.2520129680633545
1.5258605480194092 0.8404308557510376 -1.1066102981567383 0.6038697361946106 -0.7970519065856934 -0.0 0.1542363166809082 0.19085758924484253
1.5462284088134766 0.855861485004425 -1.1066102981567383 0.6038697361946106 -0.7970519065856934 -0.0 0.023365722969174385 0.19085818529129028
1.5231664180755615 0.8439863324165344 -1.095840573310852 0.4269844591617584 -0.5636158585548401 0.7070833444595337 0.15423904359340668 0.14761948585510254
1.5435352325439453 0.8594181537628174 -1.095840573310852 0.7970824241638184 0.6038392186164856 -0.0 0.3506983518600464 0.5301662385463715
1.516662359237671 0.8525716662406921 -1.0913794040679932 -0.0 0.0 0.999969482421875 0.4393598735332489 0.1916612982749939
1.5370323657989502 0.8680025339126587 -1.0913794040679932 -0.0 0.0 1.0 0.3084798753261566 0.19166654348373413
1.5101594924926758 0.8611560463905334 -1.095840573310852 -0.4269844591617584 0.5635853409767151 0.7071138620376587 0.4393572509288788 0.13051503896713257
1.5305283069610596 0.8765878677368164 -1.095840573310852 -0.4269844591617584 0.5636158585548401 0.7070833444595337 0.3084792494773865 0.13051313161849976
1.507466197013855 0.8647127151489258 -1.1066102981567383 -0.6038697361946106 0.7970519065856934 -0.0 0.4393521249294281 0.08727449178695679
1.5278340578079224 0.880143404006958 -1.1066102981567383 0.7970824241638184 0.6038392186164856 -0.0 0.45261967182159424 0.4257786273956299
1.5101594924926758 0.8611560463905334 -1.1173816919326782 -0.4269844591617584 0.5636158585548401 -0.7070833444595337 0.5184332132339478 0.14762353897094727
1.5305283069610596 0.8765878677368164 -1.1173816919326782 0.7970824241638184 0.6038392186164856 -0.0 0.4104006290435791 0.3825330138206482
1.516662359237671 0.8525716662406921 -1.121842861175537 -0.0 0.0 -1.0 0.15423904359340668 0.29525429010391235
1.5370323657989502 0.8680025339126587 -1.121842861175537 0.7970824241638184 0.6038392186164856 6.103701889514923e-05 0.3506929576396942 0.382534384727478
1.5435352325439453 0.8594181537628174 -1.0132209062576294 0.4269844591617584 -0.5635853409767151 0.7071138620376587 0.7672038078308105 0.617457777261734
1.5370323657989502 0.8680025339126587 -1.0087597370147705 -0.0 0.0 1.0 0.7570972442626953 0.32081693410873413
1.5026072263717651 0.9134430289268494 -1.0767868757247925 0.4269539415836334 -0.5636158585548401 -0.7071138620376587 0.02336123026907444 0.10438621044158936
1.505300521850586 0.909886360168457 -1.0660170316696167 0.6038087010383606 -0.7971129417419434 -0.0 0.02336646430194378 0.043237268924713135
1.5305283069610596 0.8765878677368164 -1.0132209062576294 -0.4269844591617584 0.5636158585548401 0.7070833444595337 0.7570965886116028 0.25966358184814453
1.4386788606643677 1.0037416219711304 -1.0383188724517822 -0.6038392186164856 0.7970824241638184 -0.0 0.15424033999443054 0.46135973930358887
1.4429651498794556 0.9980831146240234 -1.0554559230804443 -0.4269844591617584 0.5636158585548401 -0.7070833444595337 0.15424269437789917 0.3640593886375427
1.5278340578079224 0.880143404006958 -1.0239907503128052 -0.6038697361946106 0.7970519065856934 -0.0 0.757098913192749 0.2164248824119568
1.4961031675338745 0.9220283031463623 -1.1686441898345947 -0.0 0.0 -1.0 0.15423904359340668 0.14762753248214722
1.5026072263717651 0.9134430289268494 -1.1641830205917358 0.4269539415836334 -0.5636158585548401 -0.7071138620376587 0.15423926711082458 0.10438621044158936
1.5370322465896606 0.8680025339126587 -1.2097151279449463 0.7970519065856934 0.6038697361946106 0.00012207403779029846 0.19645699858665466 0.2952542304992676
1.5435351133346558 0.8594181537628174 -1.205254077911377 0.7970519065856934 0.6038697361946106 0.00012207403779029846 0.2561575770378113 0.29525429010391235
1.4533146619796753 0.9844232797622681 -1.1394665241241455 0.7970824241638184 0.6038392186164856 3.0518509447574615e-05 0.4587205946445465 0.6962772905826569
1.4636633396148682 0.9707622528076172 -1.132367730140686 0.7970824241638184 0.6038392186164856 3.0518509447574615e-05 0.4587205946445465 0.5989713072776794
1.5462285280227661 0.855861485004425 -1.0239907503128052 0.6038697361946106 -0.7970519065856934 -0.0 0.7672085165977478 0.6606950461864471
1.4533147811889648 0.9844232797622681 -1.014081597328186 -0.0 0.0 0.999969482421875 0.612959623336792 0.9311944842338562
1.4429651498794556 0.9980831146240234 -1.0211803913116455 -0.4269844591617584 0.5636158585548401 0.7070833444595337 0.6129639148712158 0.8338901996612549
1.5026072263717651 0.9134430289268494 -1.055247187614441 0.7970824241638184 0.6038392186164856 -0.0 0.41039690375328064 0.3825329542160034
1.4961031675338745 0.9220283627510071 -1.050786018371582 0.7970824241638184 0.6038392186164856 -0.0 0.45261669158935547 0.3392910361289978
1.4679497480392456 0.9651037454605103 -1.115230679512024 0.7970824241638184 0.6038392186164856 -0.0 0.39154598116874695 0.5301687717437744
1.4636633396148682 0.9707622528076172 -1.0980920791625977 0.7970824241638184 0.6038392186164856 -0.0 0.29653871059417725 0.5301677882671356
1.5305273532867432 0.8765866756439209 -1.1837143898010254 0.7970519065856934 0.6038697361946106 -0.0 0.19645823538303375 0.14762753248214722
1.5278339385986328 0.880143404006958 -1.1944842338562012 -0.6038392186164856 0.7970824241638184 -0.0 0.9898970723152161 0.21642333269119263
1.4636633396148682 0.9707622528076172 -1.0554559230804443 0.7970824241638184 0.6038697361946106 3.0518509447574615e-05 0.22936029732227325 0.8338873535394669
1.4679497480392456 0.9651037454605103 -1.0383188724517822 0.7970824241638184 0.6038392186164856 -0.0 0.1621856987476349 0.7650848627090454
1.4896003007888794 0.9306127429008484 -1.0767868757247925 0.7970824241638184 0.6038392186164856 -0.0 0.3506990373134613 0.23490387201309204
1.4961031675338745 0.9220283031463623 -1.0812479257583618 -0.0 0.0 -1.0 0.8980812430381775 0.9815148916095495
1.4869060516357422 0.9341682195663452 -1.0660170316696167 -0.6038697361946106 0.7970519065856934 -0.0 1.0 0.9815152212977409
1.5305273532867432 0.8765866756439209 -1.205254077911377 0.7970824241638184 0.6038392186164856 -0.0 0.15423934161663055 0.25201284885406494
1.4636633396148682 0.9707622528076172 -1.0211803913116455 0.7970824241638184 0.6038392186164856 -0.0 0.06717836856842041 0.7650838792324066
1.4896003007888794 0.9306127429008484 -1.055247187614441 -0.4269844591617584 0.5636158585548401 0.7070833444595337 0.7570966482162476 0.17318642139434814
1.5370323657989502 0.8680025339126587 -1.0392216444015503 -0.0 0.0 -0.999969482421875 0.9898993372917175 0.216424822807312
1.5435352325439453 0.8594181537628174 -1.034760594367981 0.4269844591617584 -0.5635853409767151 -0.7071138620376587 0.767203688621521 0.7218439877033234
1.4961031675338745 0.9220283031463623 -1.138182282447815 -0.0 0.0 1.0 0.8879746198654175 0.11204022169113159
1.4896003007888794 0.9306127429008484 -1.1426434516906738 -0.4269844591617584 0.5636158585548401 0.7070833444595337 0.8879753947257996 0.17318642139434814
1.4533147811889648 0.9844232797622681 -1.0625547170639038 0.7970824241638184 0.6038392186164856 3.0518509447574615e-05 0.22936029732227325 0.9311933293938637
1.4533138275146484 0.9844220876693726 -1.1644774675369263 -0.0 0.0 1.0 0.6129540205001831 0.36405837535858154
1.4429651498794556 0.9980831146240234 -1.1715762615203857 -0.4269844591617584 0.5636158585548401 0.7070833444595337 0.6129571795463562 0.4613645672798157
1.5370323657989502 0.8680025339126587 -1.121842861175537 -0.0 0.0 -1.0 0.023359006270766258 0.2952527403831482
1.5435352325439453 0.8594181537628174 -1.1173816919326782 0.4269844591617584 -0.5636158585548401 -0.7070833444595337 0.02336093597114086 0.2520143985748291
1.5370323657989502 0.8680025339126587 -1.0913794040679932 0.7970824241638184 0.6038392186164856 -3.0518509447574615e-05 0.4103989601135254 0.5301677882671356
1.5305283069610596 0.8765878677368164 -1.095840573310852 0.7970824241638184 0.6038392186164856 -3.0518509447574615e-05 0.4526197016239166 0.4869268536567688
1.5026072263717651 0.9134430289268494 -1.1426434516906738 0.4269539415836334 -0.5636158585548401 0.7071138620376587 0.8879753947257996 0.06879764795303345
1.4386787414550781 1.0037416219711304 -1.1887133121490479 -0.6038392186164856 0.7970824241638184 -0.0 0.6129591464996338 0.5301677882671356
1.505300521850586 0.9098863005638123 -1.15341317653656 0.6038087010383606 -0.7971129417419434 -0.0 0.15424449741840363 0.043237268924713135
1.4429651498794556 0.9980831146240234 -1.2058517932891846 0.7970824241638184 0.6038392186164856 -0.0 0.22936029732227325 0.8338898718357086
1.4636633396148682 0.9707622528076172 -1.1715762615203857 0.4269844591617584 -0.5636158585548401 0.7070833444595337 0.6129582524299622 0.29525476694107056
1.5278340578079224 0.880143404006958 -1.1066102981567383 -0.6038697361946106 0.7970519065856934 -0.0 0.3084815740585327 0.08727449178695679
1.5462284088134766 0.855861485004425 -1.1066102981567383 0.7970824241638184 0.6038392186164856 -0.0 0.30848056077957153 0.48692864179611206
1.5435352325439453 0.8594181537628174 -1.095840573310852 0.4269844591617584 -0.5635853409767151 0.7071138620376587 0.023360973224043846 0.14762091636657715
1.4386787414550781 1.0037416219711304 -1.115230679512024 0.7970824241638184 0.6038392186164856 -0.0 0.29654279351234436 0.7650838792324066
1.4429651498794556 0.9980831146240234 -1.132367730140686 0.7970824241638184 0.6038392186164856 -0.0 0.39154288172721863 0.7650820314884186
1.5305283069610596 0.8765878677368164 -1.1173816919326782 -0.4269844591617584 0.5636158585548401 -0.7070833444595337 0.5184302926063538 0.013576507568359375
1.5462284088134766 0.855861485004425 -1.1944842338562012 0.7970824241638184 0.6038392186164856 -0.0 0.29837650060653687 0.2520178556442261
1.4636633396148682 0.9707622528076172 -1.2058519124984741 0.4269844591617584 -0.5636158585548401 -0.7070833444595337 0.15423832833766937 0.36405932903289795
1.4679497480392456 0.9651037454605103 -1.1887133121490479 0.7970824241638184 0.6038392186164856 -0.0 0.3915465772151947 0.9999982095182531
1.4869060516357422 0.9341682195663452 -1.15341317653656 0.7970824241638184 0.6038392186164856 -0.0 0.7148814797401428 0.36405277252197266
1.4533138275146484 0.9844220876693726 -1.212950587272644 -0.0 0.0 -1.0 0.6129641532897949 0.36405420303344727
1.4896003007888794 0.9306127429008484 -1.1641830205917358 0.7970824241638184 0.6038392186164856 -0.0 0.7570965886116028 0.32081329822540283
1.5370322465896606 0.8680025339126587 -1.1792532205581665 0.7970519065856934 0.6038697361946106 -0.0 0.256164014339447 0.1476297378540039
1.4533146619796753 0.9844232797622681 -1.0909934043884277 -0.0 0.0 0.999969482421875 0.7672017216682434 0.6677796244621277
1.5435351133346558 0.8594181537628174 -1.1837143898010254 0.7970824241638184 0.6038392186164856 -3.0518509447574615e-05 0.29837650060653687 0.19086897373199463
1.4429651498794556 0.9980831146240234 -1.0980920791625977 -0.4269844591617584 0.5636158585548401 0.7070833444595337 0.4587242901325226 0.7650834619998932
1.5305283069610596 0.8765878677368164 -1.0347604751586914 0.7970824241638184 0.6038392186164856 -0.0 0.5606382489204407 0.29525476694107056
1.4636633396148682 0.9707622528076172 -1.0980920791625977 0.4269844591617584 -0.5636158585548401 0.7070833444595337 0.15423904359340668 0.7650816738605499
1.4396588802337646 0.9525766968727112 -1.0980920791625977 0.4269844591617584 -0.5636158585548401 0.7070833444595337 2.478938085914706e-06 0.7650838792324066
1.4533147811889648 0.9844232797622681 -1.0625547170639038 -0.0 0.0 -0.999969482421875 0.612959623336792 0.7650839388370514
1.4293102025985718 0.9662377238273621 -1.0625547170639038 -0.0 0.0 -1.0 0.4587230682373047 0.7650861442089081
1.4429651498794556 0.9980831146240234 -1.0980920791625977 -0.4269844591617584 0.5636158585548401 0.7070833444595337 0.7671974301338196 0.7650838792324066
1.4189605712890625 0.9798975586891174 -1.0980920791625977 -0.4269844591617584 0.5636158585548401 0.7070833444595337 0.6129608750343323 0.7650838494300842
1.4636633396148682 0.9707622528076172 -1.1715762615203857 0.4269844591617584 -0.5636158585548401 0.7070833444595337 0.15423832833766937 0.5301673114299774
1.4396588802337646 0.9525766968727112 -1.1715761423110962 0.4269844591617584 -0.5636158585548401 0.7070833444595337 1.748152953950921e-06 0.5301677882671356
1.4533146619796753 0.9844232797622681 -1.1394665241241455 -0.0 0.0 -0.999969482421875 0.15423904359340668 0.530167818069458
1.4293102025985718 0.9662377238273621 -1.1394665241241455 -0.0 0.0 -1.0 2.450279907861841e-06 0.5301699936389923
1.4429651498794556 0.9980831146240234 -1.0211803913116455 -0.4269844591617584 0.5636158585548401 0.7070833444595337 0.1542426496744156 0.5301674008369446
1.4189605712890625 0.9798975586891174 -1.0211803913116455 -0.4269844591617584 0.5636158585548401 0.7070833444595337 0.3084792196750641 0.5301677882671356
1.4146742820739746 0.9855560660362244 -1.1887133121490479 -0.6038392186164856 0.7970824241638184 -0.0 0.45872265100479126 0.5301677882671356
1.4636633396148682 0.9707622528076172 -1.0211803913116455 0.4269844591617584 -0.5636158585548401 0.7070833444595337 0.6129629015922546 1.0
1.4396588802337646 0.952576756477356 -1.0211803913116455 0.4269844591617584 -0.5636158585548401 0.7070833444595337 0.7671993970870972 0.99999999266196
1.5435352325439453 0.8594181537628174 -1.0132209062576294 0.4269844591617584 -0.5635853409767151 0.7071138620376587 0.7570998668670654 0.3640522360801697
1.5231664180755615 0.8439863324165344 -1.0132209062576294 0.4269844591617584 -0.5636158585548401 0.7070833444595337 0.8879777789115906 0.36405426263809204
1.4533138275146484 0.9844220876693726 -1.212950587272644 -0.0 0.0 -1.0 0.15423336625099182 0.2952541708946228
1.4293102025985718 0.9662377238273621 -1.212950587272644 -0.0 0.0 -1.0 4.219926722726086e-06 0.2952538728713989
1.5278339385986328 0.880143404006958 -1.1944842338562012 -0.6038392186164856 0.7970824241638184 -0.0 0.7671990990638733 0.38253843784332275
1.5074660778045654 0.8647127151489258 -1.1944842338562012 -0.6038392186164856 0.7970824241638184 -0.0 0.8980696797370911 0.38253843784332275
1.5026072263717651 0.9134430289268494 -1.1426434516906738 0.4269539415836334 -0.5636158585548401 0.7071138620376587 0.15424002707004547 0.0
1.4822381734848022 0.8980132937431335 -1.1426434516906738 0.4269539415836334 -0.5636158585548401 0.7071138620376587 0.2851126790046692 3.2782554626464844e-06
1.5026072263717651 0.9134430289268494 -1.055247187614441 0.4269539415836334 -0.5636158585548401 0.7071138620376587 0.023361993953585625 0.0
1.4822381734848022 0.8980132937431335 -1.055247187614441 0.4269539415836334 -0.5636158585548401 0.7071138620376587 0.15423466265201569 3.2782554626464844e-06
1.4961031675338745 0.9220283031463623 -1.1686441898345947 -0.0 0.0 -1.0 0.8980787396430969 0.5301649868488312
1.4757343530654907 0.9065964818000793 -1.1686441898345947 -0.0 0.0 -1.0 0.8980779647827148 0.3961179852485657
1.4869060516357422 0.9341682195663452 -1.0660170316696167 -0.6038697361946106 0.7970519065856934 -0.0 0.7570929527282715 0.2164251208305359
1.4665381908416748 0.9187375903129578 -1.0660170316696167 -0.6038697361946106 0.7970519065856934 -0.0 0.6262224316596985 0.21642088890075684
1.4961031675338745 0.9220283031463623 -1.0812479257583618 -0.0 0.0 -1.0 0.02336101233959198 0.14762753248214722
1.4757343530654907 0.9065964818000793 -1.0812479257583618 -0.0 0.0 -1.0 0.15423904359340668 0.147627055644989
1.5370323657989502 0.8680025339126587 -1.121842861175537 -0.0 0.0 -1.0 0.5606493353843689 0.013576507568359375
1.516662359237671 0.8525716662406921 -1.121842861175537 -0.0 0.0 -1.0 0.5606493353843689 0.14762556552886963
1.5278340578079224 0.880143404006958 -1.1066102981567383 -0.6038697361946106 0.7970519065856934 -0.0 0.4587205946445465 0.013579964637756348
1.507466197013855 0.8647127151489258 -1.1066102981567383 -0.6038697361946106 0.7970519065856934 -0.0 0.4587227702140808 0.1476193070411682
1.5370323657989502 0.8680025339126587 -1.0392216444015503 -0.0 0.0 -0.999969482421875 0.7672017216682434 0.7650823593139648
1.516662359237671 0.8525716662406921 -1.0392216444015503 -0.0 0.0 -1.0 0.8980817794799805 0.7650838792324066
1.5370322465896606 0.8680025339126587 -1.2097151279449463 -0.0 0.0 -1.0 0.8980805277824402 0.8338901996612549
1.5166622400283813 0.8525716066360474 -1.2097151279449463 -0.0 0.0 -0.999969482421875 0.7672004699707031 0.8338901996612549
1.4869060516357422 0.9341682195663452 -1.15341317653656 -0.6038697361946106 0.7970519065856934 -0.0 0.9999974966049194 0.5301653146743774
1.4665381908416748 0.9187375903129578 -1.15341317653656 -0.6038697361946106 0.7970519065856934 -0.0 0.9999974966049194 0.3961259126663208
1.5435351133346558 0.8594181537628174 -1.1837143898010254 0.4269844591617584 -0.5635853409767151 0.7071138620376587 0.7671999931335449 0.5301658511161804
1.5231664180755615 0.8439862728118896 -1.1837143898010254 0.4269844591617584 -0.5636158585548401 0.7070833444595337 0.8980779647827148 0.5301677882671356
1.5435352325439453 0.8594181537628174 -1.095840573310852 0.4269844591617584 -0.5635853409767151 0.7071138620376587 0.30848243832588196 0.23490190505981445
1.5231664180755615 0.8439863324165344 -1.095840573310852 0.4269844591617584 -0.5636158585548401 0.7070833444595337 0.43936043977737427 0.23490387201309204
1.5278340578079224 0.880143404006958 -1.0239907503128052 -0.6038697361946106 0.7970519065856934 -0.0 0.8879777789115906 0.21642827987670898
1.507466197013855 0.8647127151489258 -1.0239907503128052 -0.6038697361946106 0.7970519065856934 -0.0 0.8879799246788025 0.3504676818847656
117 169 168
169 117 123
181 59 189
59 181 156
147 178 148
178 147 179
21 18 19
18 21 20
3 1 182
1 3 2
31 28 134
28 31 30
164 4 174
4 164 6
43 40 190
40 43 42
188 36 37
36 188 38
165 6 164
6 165 8
185 12 13
12 185 14
145 73 146
73 145 75
192 34 35
34 192 193
151 29 152
29 151 163
35 33 32
33 35 34
134 26 133
26 134 28
16 195 194
195 16 17
47 44 45
44 47 46
13 10 171
10 13 12
45 42 43
42 45 44
196 38 188
38 196 197
141 179 147
179 141 140
183 11 5
11 183 173
148 41 39
41 148 178
198 2 3
2 198 199
19 17 16
17 19 18
32 201 200
201 32 33
144 22 143
22 144 24
133 203 202
203 133 26
171 8 165
8 171 204
159 108 109
108 159 110
143 206 205
206 143 22
157 25 23
25 157 27
152 27 157
27 152 29
0 173 183
173 0 15
142 97 160
97 142 98
128 98 142
98 128 100
167 126 166
126 167 113
63 60 61
60 63 62
61 58 150
58 61 60
99 107 101
107 99 191
71 68 69
68 71 70
129 208 207
208 129 102
189 149 187
149 189 59
182 210 209
210 182 1
135 104 132
104 135 106
131 65 130
65 131 66
161 84 170
84 161 86
162 86 161
86 162 88
77 74 155
74 77 76
211 56 57
56 211 212
213 82 172
82 213 214
176 123 117
123 176 125
139 156 181
156 139 138
57 54 55
54 57 56
85 89 87
89 85 184
215 66 131
66 215 216
172 81 137
81 172 82
137 94 136
94 137 81
217 92 93
92 217 218
51 49 48
49 51 50
219 72 158
72 219 220
154 76 77
76 154 78
130 222 221
222 130 65
64 153 67
153 64 79
67 75 145
75 67 153
80 186 83
186 80 95
53 50 51
50 53 52
177 114 115
114 177 116
223 124 180
124 223 224
158 70 71
70 158 72
175 120 121
120 175 122
180 226 225
226 180 124
160 228 227
228 160 97
48 230 229
230 48 49
5 9 7
9 5 11
83 184 85
184 83 186
91 88 162
88 91 90
93 232 231
232 93 92
55 234 233
234 55 54
119 236 235
236 119 118
109 238 237
238 109 108
115 113 167
113 115 114
121 118 119
118 121 120
132 102 129
102 132 104
96 191 99
191 96 111
101 105 103
105 101 107
112 125 176
125 112 127
LABEL zzGroup28
MATERIAL 10
TEXTURE 2
GEOM 72 44
0.7523829340934753 1.6063507795333862 -1.2253551483154297 -0.791009247303009 0.6117740273475647 -0.0 0.19000187516212463 0.8418064415454865
0.8530358672142029 1.5285011529922485 -1.2253551483154297 0.791009247303009 -0.6117740273475647 -0.0 0.30011653900146484 0.8418064415454865
0.8530359268188477 1.528501272201538 -0.999082088470459 0.791009247303009 -0.6117740273475647 -0.0 0.30011653900146484 0.0987328290939331
0.7523830533027649 1.6063507795333862 -0.999082088470459 -0.791009247303009 0.6117740273475647 -0.0 0.19000187516212463 0.0987328290939331
0.7491490840911865 1.6021696329116821 -1.2253551483154297 -0.791009247303009 0.6117740273475647 -0.0 0.19000187516212463 0.8418064415454865
0.8498019576072693 1.524320125579834 -1.2253551483154297 0.791009247303009 -0.6117740273475647 -0.0 0.30011653900146484 0.8418064415454865
0.8498020172119141 1.524320125579834 -0.999082088470459 0.791009247303009 -0.6117740273475647 -0.0 0.30011653900146484 0.0987328290939331
0.7491492033004761 1.6021696329116821 -0.999082088470459 -0.791009247303009 0.6117740273475647 -0.0 0.19000187516212463 0.0987328290939331
0.8673888444900513 1.5109264850616455 -1.0413252115249634 -0.790978729724884 0.6118045449256897 -0.0 0.31362780928611755 0.24679601192474365
0.8673887848854065 1.5109264850616455 -1.2087247371673584 -0.790978729724884 0.6118045449256897 -0.0 0.31362780928611755 0.8096401691436768
0.8707402944564819 1.5152597427368164 -1.2087247371673584 0.6117740273475647 0.791009247303009 -0.0 0.31362780928611755 0.8096401691436768
0.8707403540611267 1.5152597427368164 -1.0413252115249634 0.6117740273475647 0.791009247303009 -0.0 0.31362780928611755 0.24679601192474365
1.0260804891586304 1.39511239528656 -1.0413252115249634 0.791009247303009 -0.6117740273475647 -0.0 0.4862390160560608 0.24679601192474365
1.0260804891586304 1.39511239528656 -1.2087247371673584 0.791009247303009 -0.6117740273475647 -0.0 0.4862390160560608 0.8096401691436768
1.0227290391921997 1.3907792568206787 -1.2087247371673584 0.791009247303009 -0.6117740273475647 -0.0 0.4862390160560608 0.8096401691436768
1.0227290391921997 1.3907792568206787 -1.0413252115249634 0.791009247303009 -0.6117740273475647 -0.0 0.4862390160560608 0.24679601192474365
0.9865982532501221 1.425649881362915 -1.0413252115249634 0.6819360852241516 -0.5274208784103394 0.5066987872123718 0.4464987516403198 0.24679601192474365
0.9832467436790466 1.4213166236877441 -1.0413252115249634 0.6819360852241516 -0.5274208784103394 0.5066987872123718 0.4464987516403198 0.24679601192474365
0.9743008613586426 1.4351612329483032 -1.0148744583129883 -0.0 0.0 0.999969482421875 0.4259894788265228 0.15579718351364136
0.9709494113922119 1.4308280944824219 -1.0148744583129883 -0.0 0.0 1.0 0.4259894788265228 0.15579718351364136
0.9062235355377197 1.480889916419983 -1.2087247371673584 -0.0 0.0 -1.0 0.34993571043014526 0.8096401691436768
0.9095750451087952 1.4852230548858643 -1.2087247371673584 0.6117740273475647 0.791009247303009 -0.0 0.34993571043014526 0.8096401691436768
0.9191684722900391 1.4708776473999023 -1.2087247371673584 -0.0 0.0 -1.0 0.3711645007133484 0.8096401691436768
0.9225199818611145 1.4752109050750732 -1.2087247371673584 -0.0 0.0 -1.0 0.3711645007133484 0.8096401691436768
0.9709493517875671 1.4308279752731323 -1.2087247371673584 -0.0 0.0 -0.999969482421875 0.4259894788265228 0.8096401691436768
0.9743008613586426 1.4351612329483032 -1.2087247371673584 -0.0 0.0 -0.999969482421875 0.4259894788265228 0.8096401691436768
0.9832466840744019 1.4213166236877441 -1.2087247371673584 -0.0 0.0 -1.0 0.4464987516403198 0.8096401691436768
0.9865981936454773 1.425649881362915 -1.2087247371673584 -0.0 0.0 -1.0 0.4464987516403198 0.8096401691436768
0.9225200414657593 1.4752109050750732 -1.0148744583129883 -0.6726584434509277 0.5202490091323853 0.5261390805244446 0.3711645007133484 0.15579718351364136
0.9095751047134399 1.4852231740951538 -1.0413252115249634 -0.6726584434509277 0.5202490091323853 0.5261390805244446 0.34993571043014526 0.24679601192474365
0.9191685318946838 1.470877766609192 -1.0148744583129883 -0.6726584434509277 0.5202490091323853 0.5261390805244446 0.3711645007133484 0.15579718351364136
0.9062235951423645 1.480889916419983 -1.0413252115249634 -0.0 0.0 0.999969482421875 0.34993571043014526 0.24679601192474365
0.9225199818611145 1.4752109050750732 -1.2087247371673584 0.6117740273475647 0.791009247303009 -0.0 0.3711645007133484 0.8096401691436768
0.9743008613586426 1.4351612329483032 -1.2087247371673584 0.6117740273475647 0.791009247303009 -0.0 0.4259894788265228 0.8096401691436768
0.9743008613586426 1.4351612329483032 -1.0148744583129883 0.6117740273475647 0.791009247303009 -0.0 0.4259894788265228 0.15579718351364136
0.9743008613586426 1.4351612329483032 -1.0148744583129883 0.6819360852241516 -0.5274208784103394 0.5066987872123718 0.4259894788265228 0.15579718351364136
0.9225200414657593 1.4752109050750732 -1.0148744583129883 0.6117740273475647 0.791009247303009 -0.0 0.3711645007133484 0.15579718351364136
0.9225200414657593 1.4752109050750732 -1.0148744583129883 -0.0 0.0 1.0 0.3711645007133484 0.15579718351364136
0.7491490840911865 1.6021696329116821 -1.2253551483154297 -0.0 0.0 -1.0 0.19000187516212463 0.8418064415454865
0.7523829340934753 1.6063507795333862 -1.2253551483154297 -0.0 0.0 -1.0 0.19000187516212463 0.8418064415454865
0.7523829340934753 1.6063507795333862 -1.2253551483154297 0.6117740273475647 0.791009247303009 -0.0 0.19000187516212463 0.8418064415454865
0.9865982532501221 1.425649881362915 -1.0413252115249634 -0.0 0.0 1.0 0.4464987516403198 0.24679601192474365
0.9865982532501221 1.425649881362915 -1.0413252115249634 0.6117740273475647 0.791009247303009 -0.0 0.4464987516403198 0.24679601192474365
0.9832467436790466 1.4213166236877441 -1.0413252115249634 -0.0 0.0 1.0 0.4464987516403198 0.24679601192474365
0.9095750451087952 1.4852230548858643 -1.2087247371673584 -0.0 0.0 -1.0 0.34993571043014526 0.8096401691436768
1.0260804891586304 1.39511239528656 -1.0413252115249634 -0.0 0.0 1.0 0.4862390160560608 0.24679601192474365
1.0260804891586304 1.39511239528656 -1.0413252115249634 0.6117740273475647 0.791009247303009 -0.0 0.4862390160560608 0.24679601192474365
0.9709494113922119 1.4308280944824219 -1.0148744583129883 0.6819360852241516 -0.5274208784103394 0.5066987872123718 0.4259894788265228 0.15579718351364136
0.9095751047134399 1.4852231740951538 -1.0413252115249634 0.6117740273475647 0.791009247303009 -0.0 0.34993571043014526 0.24679601192474365
0.9095751047134399 1.4852231740951538 -1.0413252115249634 -0.0 0.0 1.0 0.34993571043014526 0.24679601192474365
0.8498019576072693 1.524320125579834 -1.2253551483154297 -0.0 0.0 -1.0 0.30011653900146484 0.8418064415454865
0.8530358672142029 1.5285011529922485 -1.2253551483154297 -0.0 0.0 -1.0 0.30011653900146484 0.8418064415454865
0.8530358672142029 1.5285011529922485 -1.2253551483154297 0.6117740273475647 0.791009247303009 -0.0 0.30011653900146484 0.8418064415454865
0.9191685318946838 1.470877766609192 -1.0148744583129883 -0.0 0.0 0.999969482421875 0.3711645007133484 0.15579718351364136
0.8707402944564819 1.5152597427368164 -1.2087247371673584 -0.0 0.0 -1.0 0.31362780928611755 0.8096401691436768
0.8707402944564819 1.5152597427368164 -1.2087247371673584 -0.790978729724884 0.6118045449256897 -0.0 0.31362780928611755 0.8096401691436768
0.9865981936454773 1.425649881362915 -1.2087247371673584 0.6117740273475647 0.791009247303009 -0.0 0.4464987516403198 0.8096401691436768
1.0260804891586304 1.39511239528656 -1.2087247371673584 -0.0 0.0 -1.0 0.4862390160560608 0.8096401691436768
1.0260804891586304 1.39511239528656 -1.2087247371673584 0.6117740273475647 0.791009247303009 -0.0 0.4862390160560608 0.8096401691436768
0.7491492033004761 1.6021696329116821 -0.999082088470459 -0.0 0.0 1.0 0.19000187516212463 0.0987328290939331
0.7523830533027649 1.6063507795333862 -0.999082088470459 -0.0 0.0 1.0 0.19000187516212463 0.0987328290939331
0.7523830533027649 1.6063507795333862 -0.999082088470459 0.6117740273475647 0.791009247303009 -0.0 0.19000187516212463 0.0987328290939331
1.0227290391921997 1.3907792568206787 -1.0413252115249634 -0.0 0.0 1.0 0.4862390160560608 0.24679601192474365
0.8707403540611267 1.5152597427368164 -1.0413252115249634 -0.790978729724884 0.6118045449256897 -0.0 0.31362780928611755 0.24679601192474365
0.8707403540611267 1.5152597427368164 -1.0413252115249634 -0.0 0.0 0.999969482421875 0.31362780928611755 0.24679601192474365
0.9062235951423645 1.480889916419983 -1.0413252115249634 -0.6726584434509277 0.5202490091323853 0.5261390805244446 0.34993571043014526 0.24679601192474365
0.8673887848854065 1.5109264850616455 -1.2087247371673584 -0.0 0.0 -1.0 0.31362780928611755 0.8096401691436768
0.8673888444900513 1.5109264850616455 -1.0413252115249634 -0.0 0.0 1.0 0.31362780928611755 0.24679601192474365
0.8498020172119141 1.524320125579834 -0.999082088470459 -0.0 0.0 1.0 0.30011653900146484 0.0987328290939331
0.8530359268188477 1.528501272201538 -0.999082088470459 -0.0 0.0 1.0 0.30011653900146484 0.0987328290939331
0.8530359268188477 1.528501272201538 -0.999082088470459 0.6117740273475647 0.791009247303009 -0.0 0.30011653900146484 0.0987328290939331
1.0227290391921997 1.3907792568206787 -1.2087247371673584 -0.0 0.0 -1.0 0.4862390160560608 0.8096401691436768
63 9 8
9 63 55
48 32 21
32 48 36
43 45 41
45 43 62
57 26 27
26 57 71
36 33 32
33 36 34
70 40 61
40 70 52
42 58 56
58 42 46
15 13 12
13 15 14
67 49 64
49 67 31
50 39 51
39 50 38
59 69 60
69 59 68
25 22 23
22 25 24
44 66 54
66 44 20
11 21 10
21 11 48
47 16 35
16 47 17
53 18 37
18 53 19
6 1 2
1 6 5
65 28 29
28 65 30
0 7 3
7 0 4
34 56 33
56 34 42
23 20 44
20 23 22
27 24 25
24 27 26
LABEL zzGroup29
MATERIAL 1
TEXTURE 0
GEOM 135 119
0.6781226396560669 1.5786762237548828 -0.9757490158081055 -0.0 0.0 1.0
0.4961930215358734 1.3434568643569946 -0.9311811327934265 -0.0 0.0 1.0
0.4961930215358734 1.3434568643569946 -0.9757488965988159 -0.0 0.0 1.0
0.6781226396560669 1.5786762237548828 -0.9311811923980713 -0.791009247303009 0.6117740273475647 -0.0
0.7175455093383789 1.6296465396881104 -0.9757490158081055 0.6118045449256897 0.790978729724884 -0.0
0.7175455093383789 1.6296465396881104 -0.9311811923980713 0.6118045449256897 0.790978729724884 -0.0
1.0375553369522095 1.3006744384765625 -0.9707156419754028 0.5298013091087341 -0.40977203845977783 0.7425458431243896
1.0769762992858887 1.351642370223999 -0.9707155823707581 0.5298013091087341 -0.40977203845977783 0.7425458431243896
1.4397259950637817 1.0710769891738892 -0.9707157015800476 0.6117740273475647 0.791009247303009 -0.0
1.4003040790557861 1.0201077461242676 -0.9707156419754028 0.7854243516921997 0.6189458966255188 -0.0
1.2183735370635986 0.7848871946334839 -0.9707156419754028 -0.0 0.0 1.0
0.8556256890296936 1.0654550790786743 -0.9707155227661133 -0.0 0.0 1.0
1.0423082113265991 1.3784582614898682 -0.9311812520027161 0.5298013091087341 -0.40977203845977783 0.7425458431243896
1.002886176109314 1.3274890184402466 -0.9311812520027161 0.5298013091087341 -0.40977203845977783 0.7425458431243896
0.8209565877914429 1.092269778251648 -0.9311811923980713 -0.0 0.0 1.0
1.4397259950637817 1.0710768699645996 -1.0107427835464478 0.6117740273475647 0.791009247303009 -0.0
1.076977252960205 1.3516435623168945 -1.0107426643371582 0.6118045449256897 0.790978729724884 -0.0
1.4397258758544922 1.0710769891738892 -1.2673523426055908 -0.0 0.0 -1.0
1.0769771337509155 1.3516435623168945 -1.2673523426055908 -0.0 0.0 -1.0
1.0423080921173096 1.3784582614898682 -0.9757490158081055 0.6118045449256897 0.790978729724884 -0.0
1.0423080921173096 1.3784582614898682 -1.2673523426055908 0.6118045449256897 0.790978729724884 -0.0
0.7175454497337341 1.6296465396881104 -1.2673523426055908 0.6118045449256897 0.790978729724884 -0.0
0.6816502809524536 1.6574095487594604 -0.9757490158081055 -0.791009247303009 0.6117740273475647 -0.0
0.6816502213478088 1.6574095487594604 -1.2673522233963013 -0.791009247303009 0.6117740273475647 -0.0
1.4003040790557861 1.0201077461242676 -1.0107427835464478 0.7854243516921997 0.6189458966255188 -0.0
1.4003039598464966 1.0201077461242676 -1.2673523426055908 0.7854243516921997 0.6189458966255188 -0.0
0.8209565877914429 1.0922696590423584 -0.9757489562034607 -0.6117740273475647 -0.791009247303009 -0.0
0.8556256890296936 1.0654550790786743 -1.0107426643371582 -0.6118045449256897 -0.790978729724884 -0.0
1.2183735370635986 0.7848871946334839 -1.0107426643371582 -0.5795770287513733 -0.8148747086524963 -0.0
0.8556256294250488 1.0654549598693848 -1.2673522233963013 -0.6118045449256897 -0.790978729724884 -0.0
1.2183735370635986 0.7848871946334839 -1.2673523426055908 -0.5795770287513733 -0.8148747086524963 -0.0
0.8209565281867981 1.0922696590423584 -1.2673522233963013 -0.6117740273475647 -0.791009247303009 -0.0
0.49619296193122864 1.343456745147705 -1.2673522233963013 -0.6117740273475647 -0.791009247303009 -0.0
0.46029776334762573 1.3712198734283447 -1.2673522233963013 -0.791009247303009 0.6117740273475647 -0.0
0.46029776334762573 1.3712198734283447 -0.9757488965988159 -0.791009247303009 0.6117740273475647 -0.0
1.03755521774292 1.300674319267273 -1.2673523426055908 -0.0 0.0 -1.0
1.002886176109314 1.3274890184402466 -1.2673523426055908 -0.0 0.0 -0.999969482421875
0.6781225800514221 1.5786762237548828 -1.2673522233963013 -0.0 0.0 -1.0
0.6422273516654968 1.606439232826233 -1.2673522233963013 0.6117740273475647 0.791009247303009 -0.0
0.6422274112701416 1.6064391136169434 -0.9757489562034607 0.6117740273475647 0.791009247303009 -0.0
0.5159885883331299 1.3690508604049683 -1.2673522233963013 -0.0 0.0 -1.0
0.8754213452339172 1.0910491943359375 -0.9707155823707581 -0.0 0.0 1.0
0.5159886479377747 1.3690508604049683 -0.9311811327934265 -0.791009247303009 0.6117740273475647 -0.0
0.5159886479377747 1.3690509796142578 -0.9757489562034607 -0.0 0.0 1.0
1.5649147033691406 0.811220645904541 -0.9707157015800476 0.7854243516921997 0.6189458966255188 -0.0
1.564914584159851 0.811220645904541 -1.0107427835464478 0.7854243516921997 0.6189458966255188 -0.0
1.2369353771209717 0.7727758884429932 -0.9707156419754028 -0.0 0.0 1.0
1.564914584159851 0.811220645904541 -1.2673524618148804 0.7854243516921997 0.6189458966255188 -0.0
1.2369352579116821 0.7727758884429932 -1.2673523426055908 -0.0 0.0 -1.0
1.2369353771209717 0.7727758884429932 -1.0107426643371582 0.11810663342475891 -0.9929807186126709 -0.0
0.48009300231933594 1.3968137502670288 -0.9757488965988159 -0.9881283044815063 -0.15350809693336487 -0.0
0.8407522439956665 1.1178637742996216 -0.9311811923980713 -0.0 0.0 1.0
1.2381694316864014 0.8104815483093262 -0.9707156419754028 -0.0 0.0 1.0
1.2298084497451782 0.8169482350349426 -1.2673523426055908 -0.0 0.0 -1.0
0.8754212856292725 1.091049075126648 -1.2673522233963013 -0.0 0.0 -1.0
0.840752124786377 1.1178637742996216 -1.2673522233963013 -0.0 0.0 -1.0
1.2643263339996338 0.776033878326416 -0.9707156419754028 -0.0 0.0 1.0
1.2643262147903442 0.776033878326416 -1.2673523426055908 -0.0 0.0 -1.0
1.2643263339996338 0.776033878326416 -1.0107426643371582 0.11716055870056152 -0.9931027889251709 -0.0
0.4800931215286255 1.3968136310577393 -1.2673522233963013 -0.9881283044815063 -0.15350809693336487 -0.0
0.4209345579147339 1.7775973081588745 -1.2673522233963013 -0.9881283044815063 -0.15350809693336487 -0.0
0.42093461751937866 1.7775973081588745 -0.9757489562034607 -0.0 0.0 1.0
0.5159886479377747 1.3690508604049683 -0.9311811327934265 -0.0 0.0 1.0
0.6781226396560669 1.5786762237548828 -0.9311811923980713 -0.0 0.0 1.0
0.5159886479377747 1.3690509796142578 -0.9757489562034607 -0.791009247303009 0.6117740273475647 -0.0
0.4961930215358734 1.3434568643569946 -0.9757488965988159 -0.791009247303009 0.6117740273475647 -0.0
0.4961930215358734 1.3434568643569946 -0.9757488965988159 -0.6117740273475647 -0.791009247303009 -0.0
0.7175455093383789 1.6296465396881104 -0.9311811923980713 -0.0 0.0 1.0
0.7175455093383789 1.6296465396881104 -0.9311811923980713 -0.791009247303009 0.6117740273475647 -0.0
0.6781226396560669 1.5786762237548828 -0.9757490158081055 -0.791009247303009 0.6117740273475647 -0.0
0.7175455093383789 1.6296465396881104 -0.9757490158081055 -0.0 0.0 1.0
0.7175455093383789 1.6296465396881104 -0.9757490158081055 -0.791009247303009 0.6117740273475647 -0.0
0.4961930215358734 1.3434568643569946 -0.9311811327934265 -0.791009247303009 0.6117740273475647 -0.0
0.4961930215358734 1.3434568643569946 -0.9311811327934265 -0.6117740273475647 -0.791009247303009 -0.0
0.8754213452339172 1.0910491943359375 -0.9707155823707581 0.5298013091087341 -0.40977203845977783 0.7425458431243896
0.8556256890296936 1.0654550790786743 -0.9707155227661133 0.5298013091087341 -0.40977203845977783 0.7425458431243896
0.8556256890296936 1.0654550790786743 -0.9707155227661133 -0.6117740273475647 -0.790978729724884 -0.0
1.0375553369522095 1.3006744384765625 -0.9707156419754028 -0.0 0.0 0.999969482421875
0.6422274112701416 1.6064391136169434 -0.9757489562034607 -0.0 0.0 1.0
0.6422274112701416 1.6064391136169434 -0.9757489562034607 -0.791009247303009 0.6117740273475647 -0.0
0.6816502809524536 1.6574095487594604 -0.9757490158081055 -0.0 0.0 1.0
0.6816502809524536 1.6574095487594604 -0.9757490158081055 0.6117740273475647 0.791009247303009 -0.0
1.0769762992858887 1.351642370223999 -0.9707155823707581 -0.0 0.0 1.0
1.0769762992858887 1.351642370223999 -0.9707155823707581 0.6118045449256897 0.790978729724884 -0.0
1.4397259950637817 1.0710769891738892 -0.9707157015800476 -0.0 0.0 1.0
1.4397259950637817 1.0710769891738892 -0.9707157015800476 0.791009247303009 -0.6117740273475647 -0.0
0.8407522439956665 1.1178637742996216 -0.9311811923980713 0.5298013091087341 -0.40977203845977783 0.7425458431243896
0.8209565877914429 1.092269778251648 -0.9311811923980713 0.5298013091087341 -0.40977203845977783 0.7425458431243896
0.8209565877914429 1.092269778251648 -0.9311811923980713 -0.6117740273475647 -0.791009247303009 -0.0
1.0423082113265991 1.3784582614898682 -0.9311812520027161 0.6118045449256897 0.790978729724884 -0.0
1.0423082113265991 1.3784582614898682 -0.9311812520027161 -0.0 0.0 1.0
1.002886176109314 1.3274890184402466 -0.9311812520027161 -0.0 0.0 1.0
0.8209565281867981 1.0922696590423584 -1.2673522233963013 -0.0 0.0 -0.999969482421875
0.49619296193122864 1.343456745147705 -1.2673522233963013 -0.0 0.0 -1.0
0.46029776334762573 1.3712198734283447 -1.2673522233963013 -0.6117740273475647 -0.791009247303009 -0.0
0.46029776334762573 1.3712198734283447 -1.2673522233963013 -0.0 0.0 -0.999969482421875
0.46029776334762573 1.3712198734283447 -0.9757488965988159 -0.6117740273475647 -0.791009247303009 -0.0
0.46029776334762573 1.3712198734283447 -0.9757488965988159 -0.0 0.0 1.0
1.4003040790557861 1.0201077461242676 -0.9707156419754028 -0.0 0.0 1.0
1.4003040790557861 1.0201077461242676 -0.9707156419754028 0.791009247303009 -0.6117740273475647 -0.0
1.4003040790557861 1.0201077461242676 -1.0107427835464478 0.791009247303009 -0.6117740273475647 -0.0
1.2183735370635986 0.7848871946334839 -0.9707156419754028 -0.5795770287513733 -0.8148747086524963 -0.0
0.6816502213478088 1.6574095487594604 -1.2673522233963013 0.6117740273475647 0.791009247303009 -0.0
0.6816502213478088 1.6574095487594604 -1.2673522233963013 -0.0 0.0 -0.999969482421875
0.7175454497337341 1.6296465396881104 -1.2673523426055908 -0.0 0.0 -0.999969482421875
1.4003039598464966 1.0201077461242676 -1.2673523426055908 -0.0 0.0 -1.0
1.4003039598464966 1.0201077461242676 -1.2673523426055908 0.791009247303009 -0.6117740273475647 -0.0
1.0423080921173096 1.3784582614898682 -1.2673523426055908 -0.0 0.0 -1.0
1.4397259950637817 1.0710768699645996 -1.0107427835464478 0.791009247303009 -0.6117740273475647 -0.0
1.0769771337509155 1.3516435623168945 -1.2673523426055908 0.6117740273475647 0.791009247303009 -0.0
1.2369353771209717 0.7727758884429932 -0.9707156419754028 -0.5464339256286621 -0.8374889492988586 -0.0
1.2369353771209717 0.7727758884429932 -0.9707156419754028 0.11810663342475891 -0.9929807186126709 -0.0
0.6422273516654968 1.606439232826233 -1.2673522233963013 -0.0 0.0 -1.0
0.6422273516654968 1.606439232826233 -1.2673522233963013 -0.791009247303009 0.6117740273475647 -0.0
1.4397258758544922 1.0710769891738892 -1.2673523426055908 0.791009247303009 -0.6117740273475647 -0.0
1.4397258758544922 1.0710769891738892 -1.2673523426055908 0.6117740273475647 0.791009247303009 -0.0
0.8556256294250488 1.0654549598693848 -1.2673522233963013 -0.0 0.0 -0.999969482421875
1.2183735370635986 0.7848871946334839 -1.2673523426055908 -0.0 0.0 -1.0
0.48009300231933594 1.3968137502670288 -0.9757488965988159 -0.0 0.0 1.0
0.48009300231933594 1.3968137502670288 -0.9757488965988159 -0.791009247303009 0.6117740273475647 -0.0
1.5649147033691406 0.811220645904541 -0.9707157015800476 0.11624500155448914 -0.9931943416595459 -0.0
1.5649147033691406 0.811220645904541 -0.9707157015800476 -0.0 0.0 1.0
1.564914584159851 0.811220645904541 -1.0107427835464478 0.11624500155448914 -0.9931943416595459 -0.0
1.2643263339996338 0.776033878326416 -0.9707156419754028 0.11716055870056152 -0.9931027889251709 -0.0
1.2643262147903442 0.776033878326416 -1.2673523426055908 0.11716055870056152 -0.9931027889251709 -0.0
1.2369352579116821 0.7727758884429932 -1.2673523426055908 0.11810663342475891 -0.9929807186126709 -0.0
1.2369352579116821 0.7727758884429932 -1.2673523426055908 -0.5464339256286621 -0.8374889492988586 -0.0
1.564914584159851 0.811220645904541 -1.2673524618148804 0.11624500155448914 -0.9931943416595459 -0.0
1.564914584159851 0.811220645904541 -1.2673524618148804 -0.0 0.0 -1.0
1.2369353771209717 0.7727758884429932 -1.0107426643371582 -0.5464339256286621 -0.8374889492988586 -0.0
0.4800931215286255 1.3968136310577393 -1.2673522233963013 -0.0 0.0 -1.0
0.4800931215286255 1.3968136310577393 -1.2673522233963013 -0.791009247303009 0.6117740273475647 -0.0
0.42093461751937866 1.7775973081588745 -0.9757489562034607 0.6117740273475647 0.791009247303009 -0.0
0.42093461751937866 1.7775973081588745 -0.9757489562034607 -0.9881283044815063 -0.15350809693336487 -0.0
0.4209345579147339 1.7775973081588745 -1.2673522233963013 0.6117740273475647 0.791009247303009 -0.0
94 66 96
66 94 32
30 129 28
129 30 126
16 115 109
115 16 15
89 16 19
16 89 83
107 37 104
37 107 36
19 109 20
109 19 16
70 78 0
78 70 80
87 74 86
74 87 75
0 118 43
118 0 78
62 91 63
91 62 51
53 35 105
35 53 54
41 98 77
98 41 52
54 92 55
92 54 116
105 57 53
57 105 128
63 90 67
90 63 91
77 84 82
84 77 98
13 7 12
7 13 6
68 69 3
69 68 71
28 110 101
110 28 129
130 93 95
93 130 40
69 42 3
42 69 64
76 26 27
26 76 88
26 29 27
29 26 31
55 93 40
93 55 92
85 100 108
100 85 99
66 31 26
31 66 32
101 27 28
27 101 76
18 36 107
36 18 35
83 15 16
15 83 8
28 29 30
29 28 27
86 6 13
6 86 74
21 19 20
19 21 4
64 72 42
72 64 65
108 106 114
106 108 100
49 124 58
124 49 125
111 58 123
58 111 49
5 19 4
19 5 89
81 21 102
21 81 4
88 66 26
66 88 73
103 37 112
37 103 104
17 35 18
35 17 105
10 56 52
56 10 46
58 127 122
127 58 124
123 122 120
122 123 58
53 48 117
48 53 57
52 121 98
121 52 56
9 45 24
45 9 44
24 47 25
47 24 45
36 40 37
40 36 55
112 40 130
40 112 37
35 55 36
55 35 54
11 52 41
52 11 10
117 54 53
54 117 116
1 51 62
51 1 14
97 43 118
43 97 2
34 131 33
131 34 119
79 23 113
23 79 22
38 132 39
132 38 134
59 133 60
133 59 50
78 61 118
LABEL zzGroup30
MATERIAL 1
TEXTURE 0
GEOM 112 80
0.7005332708358765 1.6451977491378784 -0.984626054763794 -0.0 0.0 1.0
0.7067945003509521 1.6476829051971436 -0.984626054763794 -0.0 0.0 1.0
0.7005332112312317 1.6451977491378784 -1.2347334623336792 -0.0 0.0 -1.0
0.7067944407463074 1.6476829051971436 -1.2347334623336792 -0.0 0.0 -1.0
0.7094661593437195 1.6538673639297485 -0.984626054763794 -0.0 0.0 1.0
0.7094661593437195 1.6538673639297485 -1.2347334623336792 -0.0 0.0 -1.0
0.7069807052612305 1.6601307392120361 -0.984626054763794 -0.0 0.0 1.0
0.7069806456565857 1.6601307392120361 -1.2347334623336792 -0.0 0.0 -0.999969482421875
0.7007953524589539 1.6628012657165527 -0.984626054763794 -0.0 0.0 1.0
0.7007952928543091 1.6628012657165527 -1.2347334623336792 -0.0 0.0 -1.0
0.6945329308509827 1.6603169441223145 -0.984626054763794 -0.0 0.0 1.0
0.6945328712463379 1.6603169441223145 -1.2347334623336792 -0.0 0.0 -1.0
0.6918624043464661 1.654131531715393 -0.984626054763794 -0.0 0.0 1.0
0.6918623447418213 1.654131531715393 -1.2347334623336792 -0.0 0.0 -1.0
0.6943467259407043 1.6478691101074219 -0.984626054763794 -0.0 0.0 1.0
0.6943466663360596 1.6478691101074219 -1.2347334623336792 -0.0 0.0 -1.0
1.0044243335723877 1.4336750507354736 -1.0213963985443115 0.5094454884529114 -0.39265114068984985 0.765678882598877
0.9794285297393799 1.4407333135604858 -1.0011454820632935 0.5094454884529114 -0.39265114068984985 0.765678882598877
0.9853318333625793 1.4483927488327026 -1.0011454820632935 0.5094454884529114 -0.39265114068984985 0.765678882598877
0.9985201358795166 1.4260144233703613 -1.0213963985443115 0.5094454884529114 -0.39265114068984985 0.765678882598877
1.0044243335723877 1.4336750507354736 -1.2182121276855469 0.6105228066444397 0.791955292224884 -0.0
1.0363314151763916 1.4090763330459595 -1.2182122468948364 0.6105533242225647 0.791955292224884 -0.0
1.0471649169921875 1.400723934173584 -1.2045342922210693 0.6105533242225647 0.791955292224884 -0.0
1.0044243335723877 1.4336750507354736 -1.0213963985443115 0.6105228066444397 0.791955292224884 -0.0
1.0471649169921875 1.400723934173584 -1.0350743532180786 0.6105533242225647 0.791955292224884 -0.0
1.0363315343856812 1.4090763330459595 -1.021396517753601 0.6105533242225647 0.791955292224884 -0.0
0.9853318333625793 1.4483927488327026 -1.0011454820632935 0.6105228066444397 0.791955292224884 -0.0
0.9853317737579346 1.4483927488327026 -1.2182121276855469 0.6105228066444397 0.791955292224884 -0.0
0.8927006721496582 1.5198062658309937 -1.0011454820632935 0.6105533242225647 0.791955292224884 -0.0
0.8927006125450134 1.5198062658309937 -1.2182121276855469 0.6105533242225647 0.791955292224884 -0.0
0.8735353946685791 1.5345821380615234 -0.9846257567405701 0.6105533242225647 0.791955292224884 -0.0
0.8735352754592896 1.5345821380615234 -1.2347334623336792 0.6105533242225647 0.791955292224884 -0.0
0.7137500643730164 1.6577666997909546 -0.9846257567405701 0.6105533242225647 0.791955292224884 -0.0
0.7137498259544373 1.6577664613723755 -1.2347333431243896 0.6105533242225647 0.791955292224884 -0.0
1.0044243335723877 1.4336750507354736 -1.0213963985443115 -0.0 0.0 1.0
1.0363315343856812 1.4090763330459595 -1.021396517753601 -0.0 0.0 1.0
1.0304274559020996 1.4014157056808472 -1.021396517753601 -0.0 0.0 1.0
0.9985201358795166 1.4260144233703613 -1.0213963985443115 -0.0 0.0 1.0
1.0471649169921875 1.400723934173584 -1.0350743532180786 0.791955292224884 -0.6105533242225647 -0.0
1.0471649169921875 1.400723934173584 -1.2045342922210693 0.791955292224884 -0.6105533242225647 -0.0
1.041259527206421 1.3930641412734985 -1.2045342922210693 0.791955292224884 -0.6105533242225647 -0.0
1.041259527206421 1.3930641412734985 -1.0350743532180786 0.791955292224884 -0.6105533242225647 -0.0
0.9985201358795166 1.4260144233703613 -1.0213963985443115 -0.6105533242225647 -0.791955292224884 -0.0
1.0304274559020996 1.4014157056808472 -1.021396517753601 -0.6105533242225647 -0.791955292224884 3.0518509447574615e-05
1.041259527206421 1.3930641412734985 -1.0350743532180786 -0.6105533242225647 -0.791955292224884 -0.0
1.041259527206421 1.3930641412734985 -1.2045342922210693 -0.6105533242225647 -0.791955292224884 -0.0
1.03042733669281 1.4014157056808472 -1.2182122468948364 -0.6105533242225647 -0.791955292224884 -0.0
0.9985201358795166 1.4260144233703613 -1.2182121276855469 -0.6105533242225647 -0.791955292224884 -0.0
0.9794284701347351 1.4407333135604858 -1.2182121276855469 -0.6105533242225647 -0.791955292224884 -0.0
0.9794285297393799 1.4407333135604858 -1.0011454820632935 -0.6105533242225647 -0.791955292224884 -0.0
0.8867952227592468 1.5121465921401978 -1.2182121276855469 -0.6105533242225647 -0.791955292224884 -0.0
0.8867952823638916 1.5121465921401978 -1.0011454820632935 -0.6105533242225647 -0.791955292224884 -0.0
0.8676299452781677 1.5269224643707275 -1.2347334623336792 -0.6105533242225647 -0.791955292224884 -0.0
0.8676300048828125 1.5269224643707275 -0.9846257567405701 -0.6105533242225647 -0.791955292224884 -0.0
0.7078453898429871 1.650107979774475 -1.2347333431243896 -0.6105533242225647 -0.791955292224884 -0.0
0.7078456282615662 1.6501082181930542 -0.9846257567405701 -0.6105533242225647 -0.791955292224884 -0.0
1.041259527206421 1.3930641412734985 -1.2045342922210693 0.5600146651268005 -0.43165379762649536 -0.7071138620376587
1.0471649169921875 1.400723934173584 -1.2045342922210693 0.5600146651268005 -0.43165379762649536 -0.7071138620376587
1.0363314151763916 1.4090763330459595 -1.2182122468948364 0.5600146651268005 -0.43165379762649536 -0.7071138620376587
1.03042733669281 1.4014157056808472 -1.2182122468948364 0.5600146651268005 -0.43165379762649536 -0.7071138620376587
1.0471649169921875 1.400723934173584 -1.0350743532180786 0.5600146651268005 -0.43165379762649536 0.7071138620376587
1.041259527206421 1.3930641412734985 -1.0350743532180786 0.5600146651268005 -0.43165379762649536 0.7071138620376587
1.0304274559020996 1.4014157056808472 -1.021396517753601 0.5600146651268005 -0.43165379762649536 0.7071138620376587
1.0363315343856812 1.4090763330459595 -1.021396517753601 0.5600146651268005 -0.43165379762649536 0.7071138620376587
1.03042733669281 1.4014157056808472 -1.2182122468948364 -0.0 0.0 -1.0
1.0363314151763916 1.4090763330459595 -1.2182122468948364 -0.0 0.0 -0.999969482421875
0.9985201358795166 1.4260144233703613 -1.2182121276855469 -0.0 0.0 -1.0
1.0044243335723877 1.4336750507354736 -1.2182121276855469 -0.0 0.0 -1.0
0.9853317737579346 1.4483927488327026 -1.2182121276855469 -0.0 0.0 -1.0
0.9794284701347351 1.4407333135604858 -1.2182121276855469 -0.0 0.0 -1.0
0.8927006125450134 1.5198062658309937 -1.2182121276855469 -0.0 0.0 -0.999969482421875
0.8867952227592468 1.5121465921401978 -1.2182121276855469 -0.0 0.0 -1.0
0.8867952823638916 1.5121465921401978 -1.0011454820632935 -0.0 0.0 1.0
0.8927006721496582 1.5198062658309937 -1.0011454820632935 -0.0 0.0 1.0
0.9853318333625793 1.4483927488327026 -1.0011454820632935 -0.0 0.0 1.0
0.9794285297393799 1.4407333135604858 -1.0011454820632935 -0.0 0.0 1.0
0.8676300048828125 1.5269224643707275 -0.9846257567405701 0.4464857876300812 -0.34421825408935547 0.82589191198349
0.8735353946685791 1.5345821380615234 -0.9846257567405701 0.4464857876300812 -0.34421825408935547 0.82589191198349
0.8927006721496582 1.5198062658309937 -1.0011454820632935 0.4464857876300812 -0.34421825408935547 0.82589191198349
0.8867952823638916 1.5121465921401978 -1.0011454820632935 0.4464857876300812 -0.34421825408935547 0.82589191198349
0.8735352754592896 1.5345821380615234 -1.2347334623336792 0.4465163052082062 -0.34424877166748047 -0.825861394405365
0.8676299452781677 1.5269224643707275 -1.2347334623336792 0.4465163052082062 -0.34424877166748047 -0.825861394405365
0.8867952227592468 1.5121465921401978 -1.2182121276855469 0.4465163052082062 -0.34424877166748047 -0.825861394405365
0.8927006125450134 1.5198062658309937 -1.2182121276855469 0.4465163052082062 -0.34424877166748047 -0.825861394405365
0.7078456282615662 1.6501082181930542 -0.9846257567405701 -0.791955292224884 0.6105533242225647 -0.0
0.7078453898429871 1.650107979774475 -1.2347333431243896 -0.791955292224884 0.6105533242225647 -0.0
0.7137498259544373 1.6577664613723755 -1.2347333431243896 -0.791955292224884 0.6105533242225647 -0.0
0.7137500643730164 1.6577666997909546 -0.9846257567405701 -0.791955292224884 0.6105533242225647 -0.0
0.7078456282615662 1.6501082181930542 -0.984626054763794 -0.0 0.0 1.0
0.7137500643730164 1.6577666997909546 -0.984626054763794 -0.0 0.0 1.0
0.8735353946685791 1.5345821380615234 -0.9846257567405701 -0.0 0.0 1.0
0.8676300048828125 1.5269224643707275 -0.9846257567405701 -0.0 0.0 0.999969482421875
0.7137498259544373 1.6577664613723755 -1.2347333431243896 -0.0 0.0 -1.0
0.7078453898429871 1.650107979774475 -1.2347333431243896 -0.0 0.0 -1.0
0.8676299452781677 1.5269224643707275 -1.2347334623336792 -0.0 0.0 -1.0
0.8735352754592896 1.5345821380615234 -1.2347334623336792 -0.0 0.0 -1.0
0.7007952928543091 1.6628012657165527 -1.2347334623336792 0.014954069629311562 0.9998779296875 -0.0
0.6945328712463379 1.6603169441223145 -1.2347334623336792 -0.6964324116706848 0.7175816893577576 -0.0
0.6918623447418213 1.654131531715393 -1.2347334623336792 -0.9998779296875 0.014954069629311562 -0.0
0.7067945003509521 1.6476829051971436 -0.984626054763794 0.6964324116706848 -0.7175816893577576 -0.0
0.7094661593437195 1.6538673639297485 -0.984626054763794 0.9998779296875 -0.014984588138759136 -0.0
0.7005332112312317 1.6451977491378784 -1.2347334623336792 -0.014862514100968838 -0.9998779296875 -0.0
0.7067944407463074 1.6476829051971436 -1.2347334623336792 0.6964324116706848 -0.7175816893577576 -0.0
0.6943466663360596 1.6478691101074219 -1.2347334623336792 -0.7176122069358826 -0.6964018940925598 -0.0
0.7007953524589539 1.6628012657165527 -0.984626054763794 0.014954069629311562 0.9998779296875 -0.0
0.6945329308509827 1.6603169441223145 -0.984626054763794 -0.6964324116706848 0.7175816893577576 -0.0
0.7069807052612305 1.6601307392120361 -0.984626054763794 0.7175511717796326 0.6964629292488098 -0.0
0.6918624043464661 1.654131531715393 -0.984626054763794 -0.9998779296875 0.014954069629311562 -0.0
0.6943467259407043 1.6478691101074219 -0.984626054763794 -0.7176122069358826 -0.6964018940925598 -0.0
0.7094661593437195 1.6538673639297485 -1.2347334623336792 0.9998779296875 -0.014984588138759136 -0.0
0.7069806456565857 1.6601307392120361 -1.2347334623336792 0.7175511717796326 0.6964629292488098 -0.0
0.7005332708358765 1.6451977491378784 -0.984626054763794 -0.014862514100968838 -0.9998779296875 -0.0
111 103 101
103 111 108
104 110 96
110 104 106
107 97 98
97 107 105
108 98 103
98 108 107
99 101 102
101 99 111
106 109 110
109 106 100
105 96 97
96 105 104
100 102 109
102 100 99
7 11 9
11 15 13
15 3 2
3 7 5
7 15 11
15 7 3
4 0 1
0 12 14
12 8 10
8 4 6
4 12 0
12 4 8
68 66 69
66 68 67
20 22 21
48 42 49
42 48 47
24 23 25
45 42 46
42 45 44
22 23 24
23 22 20
42 44 43
52 51 53
51 52 50
46 42 47
26 20 27
20 26 23
30 29 31
29 30 28
63 61 60
61 63 62
65 66 67
66 65 64
37 35 34
35 37 36
59 57 56
57 59 58
75 73 72
73 75 74
16 17 19
17 16 18
83 81 80
81 83 82
95 93 92
93 95 94
91 89 88
89 91 90
54 53 55
53 54 52
50 49 51
49 50 48
70 69 71
69 70 68
41 39 38
39 41 40
32 31 33
31 32 30
79 77 76
77 79 78
87 85 84
85 87 86
28 27 29
27 28 26
LABEL zzGroup31
MATERIAL 6
TEXTURE 0
GEOM 72 120
0.5580329895019531 1.798384428024292 -0.3617365062236786 -0.4109012186527252 0.9116489291191101 -0.0
0.5586294531822205 1.7981847524642944 -0.36408400535583496 -0.3869746923446655 0.8595538139343262 -0.3337504267692566
0.5602591037750244 1.79763925075531 -0.365802526473999 -0.2949613928794861 0.6574602723121643 -0.6933194994926453
0.5624852180480957 1.7968941926956177 -0.3664315342903137 -0.07788323611021042 0.17386394739151 -0.981658399105072
0.5647113919258118 1.7961491346359253 -0.365802526473999 0.20850245654582977 -0.4741660952568054 -0.8553727865219116
0.5663410425186157 1.795603632926941 -0.36408400535583496 0.36179691553115845 -0.8290352821350098 -0.4263435900211334
0.5669375658035278 1.7954039573669434 -0.3617365062236786 0.3987853527069092 -0.9170202016830444 -0.0
0.5663410425186157 1.795603632926941 -0.35938897728919983 0.36179691553115845 -0.8290352821350098 0.4263435900211334
0.5647113919258118 1.7961491346359253 -0.35767048597335815 0.20850245654582977 -0.4741660952568054 0.8553727865219116
0.5624852180480957 1.7968941926956177 -0.35704147815704346 -0.07788323611021042 0.17386394739151 0.981658399105072
0.5602591037750244 1.79763925075531 -0.35767048597335815 -0.2949613928794861 0.6574602723121643 0.6933194994926453
0.5586294531822205 1.7981847524642944 -0.35938897728919983 -0.3869746923446655 0.8595538139343262 0.3337504267692566
0.9124665856361389 1.6803148984909058 -0.3617365062236786 0.8730124831199646 0.48765525221824646 -0.0
0.9118701219558716 1.6805145740509033 -0.36408403515815735 0.8230841755867004 0.4603717029094696 -0.3324686288833618
0.9102404713630676 1.6810600757598877 -0.365802526473999 0.6300546526908875 0.35367900133132935 -0.6912747621536255
0.9080142974853516 1.68180513381958 -0.3664315640926361 0.16830958425998688 0.0946379005908966 -0.9811700582504272
0.9057881832122803 1.6825501918792725 -0.365802526473999 -0.44965970516204834 -0.25782036781311035 -0.8551591634750366
0.9041585326194763 1.6830956935882568 -0.36408403515815735 -0.7836542725563049 -0.4528641700744629 -0.42518386244773865
0.903562068939209 1.6832953691482544 -0.3617365062236786 -0.8650166392326355 -0.5017243027687073 -0.0
0.9041585326194763 1.6830956935882568 -0.3593890070915222 -0.7836542725563049 -0.4528641700744629 0.42518386244773865
0.9057881832122803 1.6825501918792725 -0.35767051577568054 -0.44965970516204834 -0.25782036781311035 0.8551591634750366
0.9080142974853516 1.68180513381958 -0.35704147815704346 0.16830958425998688 0.0946379005908966 0.9811700582504272
0.9102404117584229 1.6810600757598877 -0.35767051577568054 0.6300546526908875 0.35367900133132935 0.6913052797317505
0.9118701219558716 1.6805145740509033 -0.3593890070915222 0.8230841755867004 0.4603717029094696 0.3324686288833618
0.8955447673797607 1.7106380462646484 -0.3617365062236786 0.7632068991661072 0.6461073756217957 -0.0
0.876168966293335 1.7271367311477661 -0.3617365062236786 0.4868007302284241 0.8735007643699646 -0.0
0.8759693503379822 1.7265403270721436 -0.36408403515815735 0.4298837184906006 0.764732837677002 -0.47993406653404236
0.8953555822372437 1.7100478410720825 -0.36408403515815735 0.6934720873832703 0.5774102210998535 -0.430890828371048
0.8754239082336426 1.7249106168746948 -0.365802526473999 0.26575517654418945 0.4600360095500946 -0.8471633195877075
0.8948357105255127 1.70844566822052 -0.365802526473999 0.46488845348358154 0.3635975122451782 -0.8072145581245422
0.8746787905693054 1.7226845026016235 -0.3664315342903137 0.021912289783358574 0.025666065514087677 -0.999420166015625
0.8941170573234558 1.7062851190567017 -0.3664315342903137 0.05163731798529625 0.014831995591521263 -0.9985350966453552
0.873933732509613 1.7204583883285522 -0.365802526473999 -0.23657947778701782 -0.42316964268684387 -0.8745994567871094
0.8934026956558228 1.7041352987289429 -0.365802526473999 -0.4196905493736267 -0.3510238826274872 -0.8370311856269836
0.8733882904052734 1.718828797340393 -0.36408403515815735 -0.42527541518211365 -0.7517014145851135 -0.504013180732727
0.8928958177566528 1.7025479078292847 -0.36408403515815735 -0.6971037983894348 -0.5687734484672546 -0.4364452064037323
0.8731886148452759 1.718232274055481 -0.3617365062236786 -0.4925382137298584 -0.8702658414840698 -0.0
0.8927146196365356 1.701962947845459 -0.3617365062236786 -0.7745292782783508 -0.6324961185455322 -0.0
0.8733882904052734 1.718828797340393 -0.3593890070915222 -0.42527541518211365 -0.7517014145851135 0.504013180732727
0.8928958177566528 1.7025479078292847 -0.3593890070915222 -0.6971037983894348 -0.5687734484672546 0.4364452064037323
0.873933732509613 1.7204583883285522 -0.35767048597335815 -0.23657947778701782 -0.42316964268684387 0.8745994567871094
0.8934026956558228 1.7041352987289429 -0.35767051577568054 -0.4196905493736267 -0.3510238826274872 0.8370311856269836
0.8746787905693054 1.7226845026016235 -0.35704147815704346 0.021912289783358574 0.025666065514087677 0.999420166015625
0.894116997718811 1.7062851190567017 -0.35704147815704346 0.05163731798529625 0.014831995591521263 0.9985350966453552
0.8754239082336426 1.7249106168746948 -0.35767048597335815 0.26575517654418945 0.4600360095500946 0.8471633195877075
0.8948356509208679 1.70844566822052 -0.35767048597335815 0.46488845348358154 0.3635975122451782 0.8072145581245422
0.8759693503379822 1.7265403270721436 -0.3593890070915222 0.4298837184906006 0.764732837677002 0.47993406653404236
0.8953555822372437 1.7100478410720825 -0.3593890070915222 0.6934720873832703 0.5774102210998535 0.430890828371048
0.6153712272644043 1.814426302909851 -0.3617365062236786 0.1350444108247757 0.9908139109611511 -0.0
0.5899973511695862 1.8128052949905396 -0.3617365062236786 -0.22626422345638275 0.9740592837333679 -0.0
0.5897939205169678 1.8122180700302124 -0.36408400535583496 -0.21146275103092194 0.8770409226417542 -0.43134862184524536
0.6151715517044067 1.813829779624939 -0.36408400535583496 0.11517685651779175 0.86968594789505 -0.47993406653404236
0.589245080947876 1.8106191158294678 -0.365802526473999 -0.15613269805908203 0.5687124133110046 -0.8075502514839172
0.6146261096000671 1.8122001886367798 -0.365802526473999 0.0633869469165802 0.5275429487228394 -0.8471328020095825
0.5885151624679565 1.808449625968933 -0.3664315342903137 -0.03305154666304588 0.04300057888031006 -0.9985045790672302
0.6138810515403748 1.8099740743637085 -0.3664315342903137 -0.0021973326802253723 0.03415021300315857 -0.9993896484375
0.5877876877784729 1.8062891960144043 -0.365802526473999 0.1275978833436966 -0.5307474136352539 -0.8378551602363586
0.6131359338760376 1.8077479600906372 -0.365802526473999 -0.06439405679702759 -0.47981199622154236 -0.8749656677246094
0.5872374773025513 1.804706335067749 -0.36408400535583496 0.221686452627182 -0.8713949918746948 -0.4376049041748047
0.612590491771698 1.8061182498931885 -0.36408400535583496 -0.11014129966497421 -0.8562883138656616 -0.504562497138977
0.5870312452316284 1.804126501083374 -0.3617365062236786 0.2464369684457779 -0.9691457748413086 -0.0
0.6123908758163452 1.805521845817566 -0.3617365062236786 -0.1272927075624466 -0.9918515682220459 -0.0
0.5872374773025513 1.804706335067749 -0.35938897728919983 0.221686452627182 -0.8713949918746948 0.4376049041748047
0.612590491771698 1.8061182498931885 -0.35938897728919983 -0.11014129966497421 -0.8562883138656616 0.504562497138977
0.5877876877784729 1.8062891960144043 -0.35767048597335815 0.1275978833436966 -0.5307474136352539 0.8378551602363586
0.6131359338760376 1.8077479600906372 -0.35767048597335815 -0.06439405679702759 -0.47981199622154236 0.8749656677246094
0.5885151624679565 1.8084495067596436 -0.35704147815704346 -0.03305154666304588 0.04300057888031006 0.9985045790672302
0.6138810515403748 1.8099740743637085 -0.35704147815704346 -0.0021973326802253723 0.03415021300315857 0.9993896484375
0.589245080947876 1.8106191158294678 -0.35767048597335815 -0.15613269805908203 0.5687124133110046 0.8075502514839172
0.6146261096000671 1.8122001886367798 -0.35767048597335815 0.0633869469165802 0.5275429487228394 0.8471328020095825
0.5897939205169678 1.8122180700302124 -0.35938897728919983 -0.21146275103092194 0.8770104050636292 0.43134862184524536
0.6151715517044067 1.813829779624939 -0.35938897728919983 0.11517685651779175 0.86968594789505 0.47993406653404236
26 53 51
53 26 28
27 14 29
14 27 13
29 15 31
15 29 14
31 16 33
16 31 15
33 17 35
17 33 16
35 18 37
18 35 17
37 19 39
19 37 18
39 20 41
20 39 19
41 21 43
21 41 20
43 22 45
22 43 21
0 50 1
50 0 49
45 23 47
23 45 22
47 12 24
12 47 23
44 71 69
71 44 46
46 48 71
48 46 25
30 57 55
57 30 32
28 55 53
55 28 30
42 69 67
69 42 44
68 9 66
9 68 10
40 67 65
67 40 42
38 65 63
65 38 40
36 63 61
63 36 38
34 61 59
61 34 36
32 59 57
59 32 34
66 8 64
8 66 9
64 7 62
7 64 8
62 6 60
6 62 7
60 5 58
5 60 6
58 4 56
4 58 5
52 1 50
1 52 2
11 49 0
49 11 70
56 3 54
3 56 4
54 2 52
2 54 3
70 10 68
10 70 11
25 27 26
27 25 24
26 29 28
29 26 27
28 31 30
31 28 29
30 33 32
33 30 31
32 35 34
35 32 33
34 37 36
37 34 35
36 39 38
39 36 37
38 41 40
41 38 39
40 43 42
43 40 41
42 45 44
45 42 43
44 47 46
47 44 45
46 24 25
24 46 47
24 13 27
13 24 12
51 49 48
49 51 50
53 50 51
50 53 52
55 52 53
52 55 54
57 54 55
54 57 56
59 56 57
56 59 58
61 58 59
58 61 60
63 60 61
60 63 62
65 62 63
62 65 64
67 64 65
64 67 66
69 66 67
66 69 68
71 68 69
68 71 70
48 70 71
70 48 49
25 51 48
51 25 26
LABEL zzGroup32
MATERIAL 6
TEXTURE 0
GEOM 20 20
0.47426989674568176 0.9824814200401306 -0.8169683218002319 -0.0 0.0 -1.0
0.8780600428581238 1.5045480728149414 -0.8169683218002319 -0.0 0.0 -1.0
0.45785677433013916 0.9951760768890381 -0.8105563521385193 -0.4525284469127655 0.3500167727470398 -0.8201544284820557
0.8616468906402588 1.517242670059204 -0.8105563521385193 -0.4525284469127655 0.3500167727470398 -0.8201544284820557
0.4477129280567169 1.0030217170715332 -0.7937695980072021 -0.7492904663085938 0.5795159935951233 -0.32041382789611816
0.8515030741691589 1.5250884294509888 -0.7937695980072021 -0.7492904663085938 0.5795159935951233 -0.32041382789611816
0.4477129280567169 1.0030217170715332 -0.7730200290679932 -0.7492904663085938 0.5795159935951233 0.32041382789611816
0.8515030741691589 1.5250884294509888 -0.7730200290679932 -0.7492904663085938 0.5795159935951233 0.32041382789611816
0.45785677433013916 0.9951760768890381 -0.756233274936676 -0.4525284469127655 0.3500167727470398 0.8201544284820557
0.8616468906402588 1.517242670059204 -0.756233274936676 -0.4525284469127655 0.3500167727470398 0.8201544284820557
0.47426989674568176 0.9824814200401306 -0.7498213052749634 -0.0 0.0 1.0
0.8780600428581238 1.5045480728149414 -0.7498213052749634 -0.0 0.0 1.0
0.49068301916122437 0.9697867631912231 -0.756233274936676 0.4525284469127655 -0.3500167727470398 0.8201544284820557
0.8944731950759888 1.4918534755706787 -0.756233274936676 0.4525284469127655 -0.3500167727470398 0.8201544284820557
0.500826895236969 0.9619410037994385 -0.7730200290679932 0.7492904663085938 -0.5795159935951233 0.32041382789611816
0.9046170115470886 1.4840075969696045 -0.7730200290679932 0.7492904663085938 -0.5795159935951233 0.32041382789611816
0.500826895236969 0.9619410037994385 -0.7937695980072021 0.7492904663085938 -0.5795159935951233 -0.32041382789611816
0.9046170115470886 1.4840075969696045 -0.7937695980072021 0.7492904663085938 -0.5795159935951233 -0.32041382789611816
0.49068301916122437 0.9697867631912231 -0.8105563521385193 0.4525284469127655 -0.3500167727470398 -0.8201544284820557
0.894473135471344 1.4918534755706787 -0.8105563521385193 0.4525284469127655 -0.3500167727470398 -0.8201544284820557
0 3 1
3 0 2
2 5 3
5 2 4
4 7 5
7 4 6
6 9 7
9 6 8
8 11 9
11 8 10
10 13 11
13 10 12
12 15 13
15 12 14
14 17 15
17 14 16
16 19 17
19 16 18
1 18 0
18 1 19
LABEL zzGroup33
MATERIAL 6
TEXTURE 0
GEOM 20 20
0.47426989674568176 0.9824814200401306 -0.8169683218002319 -0.0 0.0 -1.0
0.8780600428581238 1.5045480728149414 -0.8169683218002319 -0.0 0.0 -1.0
0.45785677433013916 0.9951760768890381 -0.8105563521385193 -0.4525284469127655 0.3500167727470398 -0.8201544284820557
0.8616468906402588 1.517242670059204 -0.8105563521385193 -0.4525284469127655 0.3500167727470398 -0.8201544284820557
0.4477129280567169 1.0030217170715332 -0.7937695980072021 -0.7492904663085938 0.5795159935951233 -0.32041382789611816
0.8515030741691589 1.5250884294509888 -0.7937695980072021 -0.7492904663085938 0.5795159935951233 -0.32041382789611816
0.4477129280567169 1.0030217170715332 -0.7730200290679932 -0.7492904663085938 0.5795159935951233 0.32041382789611816
0.8515030741691589 1.5250884294509888 -0.7730200290679932 -0.7492904663085938 0.5795159935951233 0.32041382789611816
0.45785677433013916 0.9951760768890381 -0.756233274936676 -0.4525284469127655 0.3500167727470398 0.8201544284820557
0.8616468906402588 1.517242670059204 -0.756233274936676 -0.4525284469127655 0.3500167727470398 0.8201544284820557
0.47426989674568176 0.9824814200401306 -0.7498213052749634 -0.0 0.0 1.0
0.8780600428581238 1.5045480728149414 -0.7498213052749634 -0.0 0.0 1.0
0.49068301916122437 0.9697867631912231 -0.756233274936676 0.4525284469127655 -0.3500167727470398 0.8201544284820557
0.8944731950759888 1.4918534755706787 -0.756233274936676 0.4525284469127655 -0.3500167727470398 0.8201544284820557
0.500826895236969 0.9619410037994385 -0.7730200290679932 0.7492904663085938 -0.5795159935951233 0.32041382789611816
0.9046170115470886 1.4840075969696045 -0.7730200290679932 0.7492904663085938 -0.5795159935951233 0.32041382789611816
0.500826895236969 0.9619410037994385 -0.7937695980072021 0.7492904663085938 -0.5795159935951233 -0.32041382789611816
0.9046170115470886 1.4840075969696045 -0.7937695980072021 0.7492904663085938 -0.5795159935951233 -0.32041382789611816
0.49068301916122437 0.9697867631912231 -0.8105563521385193 0.4525284469127655 -0.3500167727470398 -0.8201544284820557
0.894473135471344 1.4918534755706787 -0.8105563521385193 0.4525284469127655 -0.3500167727470398 -0.8201544284820557
0 3 1
3 0 2
2 5 3
5 2 4
4 7 5
7 4 6
6 9 7
9 6 8
8 11 9
11 8 10
10 13 11
13 10 12
12 15 13
15 12 14
14 17 15
17 14 16
16 19 17
19 16 18
1 18 0
18 1 19
LABEL zzGroup34
MATERIAL 6
TEXTURE 0
GEOM 20 20
0.47426989674568176 0.9824814200401306 -0.8169683218002319 -0.0 0.0 -1.0
0.8780600428581238 1.5045480728149414 -0.8169683218002319 -0.0 0.0 -1.0
0.45785677433013916 0.9951760768890381 -0.8105563521385193 -0.4525284469127655 0.3500167727470398 -0.8201544284820557
0.8616468906402588 1.517242670059204 -0.8105563521385193 -0.4525284469127655 0.3500167727470398 -0.8201544284820557
0.4477129280567169 1.0030217170715332 -0.7937695980072021 -0.7492904663085938 0.5795159935951233 -0.32041382789611816
0.8515030741691589 1.5250884294509888 -0.7937695980072021 -0.7492904663085938 0.5795159935951233 -0.32041382789611816
0.4477129280567169 1.0030217170715332 -0.7730200290679932 -0.7492904663085938 0.5795159935951233 0.32041382789611816
0.8515030741691589 1.5250884294509888 -0.7730200290679932 -0.7492904663085938 0.5795159935951233 0.32041382789611816
0.45785677433013916 0.9951760768890381 -0.756233274936676 -0.4525284469127655 0.3500167727470398 0.8201544284820557
0.8616468906402588 1.517242670059204 -0.756233274936676 -0.4525284469127655 0.3500167727470398 0.8201544284820557
0.47426989674568176 0.9824814200401306 -0.7498213052749634 -0.0 0.0 1.0
0.8780600428581238 1.5045480728149414 -0.7498213052749634 -0.0 0.0 1.0
0.49068301916122437 0.9697867631912231 -0.756233274936676 0.4525284469127655 -0.3500167727470398 0.8201544284820557
0.8944731950759888 1.4918534755706787 -0.756233274936676 0.4525284469127655 -0.3500167727470398 0.8201544284820557
0.500826895236969 0.9619410037994385 -0.7730200290679932 0.7492904663085938 -0.5795159935951233 0.32041382789611816
0.9046170115470886 1.4840075969696045 -0.7730200290679932 0.7492904663085938 -0.5795159935951233 0.32041382789611816
0.500826895236969 0.9619410037994385 -0.7937695980072021 0.7492904663085938 -0.5795159935951233 -0.32041382789611816
0.9046170115470886 1.4840075969696045 -0.7937695980072021 0.7492904663085938 -0.5795159935951233 -0.32041382789611816
0.49068301916122437 0.9697867631912231 -0.8105563521385193 0.4525284469127655 -0.3500167727470398 -0.8201544284820557
0.894473135471344 1.4918534755706787 -0.8105563521385193 0.4525284469127655 -0.3500167727470398 -0.8201544284820557
0 3 1
3 0 2
2 5 3
5 2 4
4 7 5
7 4 6
6 9 7
9 6 8
8 11 9
11 8 10
10 13 11
13 10 12
12 15 13
15 12 14
14 17 15
17 14 16
16 19 17
19 16 18
1 18 0
18 1 19
LABEL zzGroup35
MATERIAL 6
TEXTURE 0
GEOM 20 20
0.47426989674568176 0.9824814200401306 -0.8169683218002319 -0.0 0.0 -1.0
0.8780600428581238 1.5045480728149414 -0.8169683218002319 -0.0 0.0 -1.0
0.45785677433013916 0.9951760768890381 -0.8105563521385193 -0.4525284469127655 0.3500167727470398 -0.8201544284820557
0.8616468906402588 1.517242670059204 -0.8105563521385193 -0.4525284469127655 0.3500167727470398 -0.8201544284820557
0.4477129280567169 1.0030217170715332 -0.7937695980072021 -0.7492904663085938 0.5795159935951233 -0.32041382789611816
0.8515030741691589 1.5250884294509888 -0.7937695980072021 -0.7492904663085938 0.5795159935951233 -0.32041382789611816
0.4477129280567169 1.0030217170715332 -0.7730200290679932 -0.7492904663085938 0.5795159935951233 0.32041382789611816
0.8515030741691589 1.5250884294509888 -0.7730200290679932 -0.7492904663085938 0.5795159935951233 0.32041382789611816
0.45785677433013916 0.9951760768890381 -0.756233274936676 -0.4525284469127655 0.3500167727470398 0.8201544284820557
0.8616468906402588 1.517242670059204 -0.756233274936676 -0.4525284469127655 0.3500167727470398 0.8201544284820557
0.47426989674568176 0.9824814200401306 -0.7498213052749634 -0.0 0.0 1.0
0.8780600428581238 1.5045480728149414 -0.7498213052749634 -0.0 0.0 1.0
0.49068301916122437 0.9697867631912231 -0.756233274936676 0.4525284469127655 -0.3500167727470398 0.8201544284820557
0.8944731950759888 1.4918534755706787 -0.756233274936676 0.4525284469127655 -0.3500167727470398 0.8201544284820557
0.500826895236969 0.9619410037994385 -0.7730200290679932 0.7492904663085938 -0.5795159935951233 0.32041382789611816
0.9046170115470886 1.4840075969696045 -0.7730200290679932 0.7492904663085938 -0.5795159935951233 0.32041382789611816
0.500826895236969 0.9619410037994385 -0.7937695980072021 0.7492904663085938 -0.5795159935951233 -0.32041382789611816
0.9046170115470886 1.4840075969696045 -0.7937695980072021 0.7492904663085938 -0.5795159935951233 -0.32041382789611816
0.49068301916122437 0.9697867631912231 -0.8105563521385193 0.4525284469127655 -0.3500167727470398 -0.8201544284820557
0.894473135471344 1.4918534755706787 -0.8105563521385193 0.4525284469127655 -0.3500167727470398 -0.8201544284820557
0 3 1
3 0 2
2 5 3
5 2 4
4 7 5
7 4 6
6 9 7
9 6 8
8 11 9
11 8 10
10 13 11
13 10 12
12 15 13
15 12 14
14 17 15
17 14 16
16 19 17
19 16 18
1 18 0
18 1 19
LABEL zzGroup36
MATERIAL 6
TEXTURE 0
GEOM 20 20
0.47426989674568176 0.9824814200401306 -0.8169683218002319 -0.0 0.0 -1.0
0.8780600428581238 1.5045480728149414 -0.8169683218002319 -0.0 0.0 -1.0
0.45785677433013916 0.9951760768890381 -0.8105563521385193 -0.4525284469127655 0.3500167727470398 -0.8201544284820557
0.8616468906402588 1.517242670059204 -0.8105563521385193 -0.4525284469127655 0.3500167727470398 -0.8201544284820557
0.4477129280567169 1.0030217170715332 -0.7937695980072021 -0.7492904663085938 0.5795159935951233 -0.32041382789611816
0.8515030741691589 1.5250884294509888 -0.7937695980072021 -0.7492904663085938 0.5795159935951233 -0.32041382789611816
0.4477129280567169 1.0030217170715332 -0.7730200290679932 -0.7492904663085938 0.5795159935951233 0.32041382789611816
0.8515030741691589 1.5250884294509888 -0.7730200290679932 -0.7492904663085938 0.5795159935951233 0.32041382789611816
0.45785677433013916 0.9951760768890381 -0.756233274936676 -0.4525284469127655 0.3500167727470398 0.8201544284820557
0.8616468906402588 1.517242670059204 -0.756233274936676 -0.4525284469127655 0.3500167727470398 0.8201544284820557
0.47426989674568176 0.9824814200401306 -0.7498213052749634 -0.0 0.0 1.0
0.8780600428581238 1.5045480728149414 -0.7498213052749634 -0.0 0.0 1.0
0.49068301916122437 0.9697867631912231 -0.756233274936676 0.4525284469127655 -0.3500167727470398 0.8201544284820557
0.8944731950759888 1.4918534755706787 -0.756233274936676 0.4525284469127655 -0.3500167727470398 0.8201544284820557
0.500826895236969 0.9619410037994385 -0.7730200290679932 0.7492904663085938 -0.5795159935951233 0.32041382789611816
0.9046170115470886 1.4840075969696045 -0.7730200290679932 0.7492904663085938 -0.5795159935951233 0.32041382789611816
0.500826895236969 0.9619410037994385 -0.7937695980072021 0.7492904663085938 -0.5795159935951233 -0.32041382789611816
0.9046170115470886 1.4840075969696045 -0.7937695980072021 0.7492904663085938 -0.5795159935951233 -0.32041382789611816
0.49068301916122437 0.9697867631912231 -0.8105563521385193 0.4525284469127655 -0.3500167727470398 -0.8201544284820557
0.894473135471344 1.4918534755706787 -0.8105563521385193 0.4525284469127655 -0.3500167727470398 -0.8201544284820557
0 3 1
3 0 2
2 5 3
5 2 4
4 7 5
7 4 6
6 9 7
9 6 8
8 11 9
11 8 10
10 13 11
13 10 12
12 15 13
15 12 14
14 17 15
17 14 16
16 19 17
19 16 18
1 18 0
18 1 19
LABEL zzGroup37
MATERIAL 6
TEXTURE 0
GEOM 20 20
0.47426989674568176 0.9824814200401306 -0.8169683218002319 -0.0 0.0 -1.0
0.8780600428581238 1.5045480728149414 -0.8169683218002319 -0.0 0.0 -1.0
0.45785677433013916 0.9951760768890381 -0.8105563521385193 -0.4525284469127655 0.3500167727470398 -0.8201544284820557
0.8616468906402588 1.517242670059204 -0.8105563521385193 -0.4525284469127655 0.3500167727470398 -0.8201544284820557
0.4477129280567169 1.0030217170715332 -0.7937695980072021 -0.7492904663085938 0.5795159935951233 -0.32041382789611816
0.8515030741691589 1.5250884294509888 -0.7937695980072021 -0.7492904663085938 0.5795159935951233 -0.32041382789611816
0.4477129280567169 1.0030217170715332 -0.7730200290679932 -0.7492904663085938 0.5795159935951233 0.32041382789611816
0.8515030741691589 1.5250884294509888 -0.7730200290679932 -0.7492904663085938 0.5795159935951233 0.32041382789611816
0.45785677433013916 0.9951760768890381 -0.756233274936676 -0.4525284469127655 0.3500167727470398 0.8201544284820557
0.8616468906402588 1.517242670059204 -0.756233274936676 -0.4525284469127655 0.3500167727470398 0.8201544284820557
0.47426989674568176 0.9824814200401306 -0.7498213052749634 -0.0 0.0 1.0
0.8780600428581238 1.5045480728149414 -0.7498213052749634 -0.0 0.0 1.0
0.49068301916122437 0.9697867631912231 -0.756233274936676 0.4525284469127655 -0.3500167727470398 0.8201544284820557
0.8944731950759888 1.4918534755706787 -0.756233274936676 0.4525284469127655 -0.3500167727470398 0.8201544284820557
0.500826895236969 0.9619410037994385 -0.7730200290679932 0.7492904663085938 -0.5795159935951233 0.32041382789611816
0.9046170115470886 1.4840075969696045 -0.7730200290679932 0.7492904663085938 -0.5795159935951233 0.32041382789611816
0.500826895236969 0.9619410037994385 -0.7937695980072021 0.7492904663085938 -0.5795159935951233 -0.32041382789611816
0.9046170115470886 1.4840075969696045 -0.7937695980072021 0.7492904663085938 -0.5795159935951233 -0.32041382789611816
0.49068301916122437 0.9697867631912231 -0.8105563521385193 0.4525284469127655 -0.3500167727470398 -0.8201544284820557
0.894473135471344 1.4918534755706787 -0.8105563521385193 0.4525284469127655 -0.3500167727470398 -0.8201544284820557
0 3 1
3 0 2
2 5 3
5 2 4
4 7 5
7 4 6
6 9 7
9 6 8
8 11 9
11 8 10
10 13 11
13 10 12
12 15 13
15 12 14
14 17 15
17 14 16
16 19 17
19 16 18
1 18 0
18 1 19
LABEL zzGroup38
MATERIAL 6
TEXTURE 0
GEOM 20 20
0.47426989674568176 0.9824814200401306 -0.8169683218002319 -0.0 0.0 -1.0
0.8780600428581238 1.5045480728149414 -0.8169683218002319 -0.0 0.0 -1.0
0.45785677433013916 0.9951760768890381 -0.8105563521385193 -0.4525284469127655 0.3500167727470398 -0.8201544284820557
0.8616468906402588 1.517242670059204 -0.8105563521385193 -0.4525284469127655 0.3500167727470398 -0.8201544284820557
0.4477129280567169 1.0030217170715332 -0.7937695980072021 -0.7492904663085938 0.5795159935951233 -0.32041382789611816
0.8515030741691589 1.5250884294509888 -0.7937695980072021 -0.7492904663085938 0.5795159935951233 -0.32041382789611816
0.4477129280567169 1.0030217170715332 -0.7730200290679932 -0.7492904663085938 0.5795159935951233 0.32041382789611816
0.8515030741691589 1.5250884294509888 -0.7730200290679932 -0.7492904663085938 0.5795159935951233 0.32041382789611816
0.45785677433013916 0.9951760768890381 -0.756233274936676 -0.4525284469127655 0.3500167727470398 0.8201544284820557
0.8616468906402588 1.517242670059204 -0.756233274936676 -0.4525284469127655 0.3500167727470398 0.8201544284820557
0.47426989674568176 0.9824814200401306 -0.7498213052749634 -0.0 0.0 1.0
0.8780600428581238 1.5045480728149414 -0.7498213052749634 -0.0 0.0 1.0
0.49068301916122437 0.9697867631912231 -0.756233274936676 0.4525284469127655 -0.3500167727470398 0.8201544284820557
0.8944731950759888 1.4918534755706787 -0.756233274936676 0.4525284469127655 -0.3500167727470398 0.8201544284820557
0.500826895236969 0.9619410037994385 -0.7730200290679932 0.7492904663085938 -0.5795159935951233 0.32041382789611816
0.9046170115470886 1.4840075969696045 -0.7730200290679932 0.7492904663085938 -0.5795159935951233 0.32041382789611816
0.500826895236969 0.9619410037994385 -0.7937695980072021 0.7492904663085938 -0.5795159935951233 -0.32041382789611816
0.9046170115470886 1.4840075969696045 -0.7937695980072021 0.7492904663085938 -0.5795159935951233 -0.32041382789611816
0.49068301916122437 0.9697867631912231 -0.8105563521385193 0.4525284469127655 -0.3500167727470398 -0.8201544284820557
0.894473135471344 1.4918534755706787 -0.8105563521385193 0.4525284469127655 -0.3500167727470398 -0.8201544284820557
0 3 1
3 0 2
2 5 3
5 2 4
4 7 5
7 4 6
6 9 7
9 6 8
8 11 9
11 8 10
10 13 11
13 10 12
12 15 13
15 12 14
14 17 15
17 14 16
16 19 17
19 16 18
1 18 0
18 1 19
LABEL zzGroup39
MATERIAL 6
TEXTURE 0
GEOM 20 20
0.47426989674568176 0.9824814200401306 -0.8169683218002319 -0.0 0.0 -1.0
0.8780600428581238 1.5045480728149414 -0.8169683218002319 -0.0 0.0 -1.0
0.45785677433013916 0.9951760768890381 -0.8105563521385193 -0.4525284469127655 0.3500167727470398 -0.8201544284820557
0.8616468906402588 1.517242670059204 -0.8105563521385193 -0.4525284469127655 0.3500167727470398 -0.8201544284820557
0.4477129280567169 1.0030217170715332 -0.7937695980072021 -0.7492904663085938 0.5795159935951233 -0.32041382789611816
0.8515030741691589 1.5250884294509888 -0.7937695980072021 -0.7492904663085938 0.5795159935951233 -0.32041382789611816
0.4477129280567169 1.0030217170715332 -0.7730200290679932 -0.7492904663085938 0.5795159935951233 0.32041382789611816
0.8515030741691589 1.5250884294509888 -0.7730200290679932 -0.7492904663085938 0.5795159935951233 0.32041382789611816
0.45785677433013916 0.9951760768890381 -0.756233274936676 -0.4525284469127655 0.3500167727470398 0.8201544284820557
0.8616468906402588 1.517242670059204 -0.756233274936676 -0.4525284469127655 0.3500167727470398 0.8201544284820557
0.47426989674568176 0.9824814200401306 -0.7498213052749634 -0.0 0.0 1.0
0.8780600428581238 1.5045480728149414 -0.7498213052749634 -0.0 0.0 1.0
0.49068301916122437 0.9697867631912231 -0.756233274936676 0.4525284469127655 -0.3500167727470398 0.8201544284820557
0.8944731950759888 1.4918534755706787 -0.756233274936676 0.4525284469127655 -0.3500167727470398 0.8201544284820557
0.500826895236969 0.9619410037994385 -0.7730200290679932 0.7492904663085938 -0.5795159935951233 0.32041382789611816
0.9046170115470886 1.4840075969696045 -0.7730200290679932 0.7492904663085938 -0.5795159935951233 0.32041382789611816
0.500826895236969 0.9619410037994385 -0.7937695980072021 0.7492904663085938 -0.5795159935951233 -0.32041382789611816
0.9046170115470886 1.4840075969696045 -0.7937695980072021 0.7492904663085938 -0.5795159935951233 -0.32041382789611816
0.49068301916122437 0.9697867631912231 -0.8105563521385193 0.4525284469127655 -0.3500167727470398 -0.8201544284820557
0.894473135471344 1.4918534755706787 -0.8105563521385193 0.4525284469127655 -0.3500167727470398 -0.8201544284820557
0 3 1
3 0 2
2 5 3
5 2 4
4 7 5
7 4 6
6 9 7
9 6 8
8 11 9
11 8 10
10 13 11
13 10 12
12 15 13
15 12 14
14 17 15
17 14 16
16 19 17
19 16 18
1 18 0
18 1 19
LABEL zzGroup40Static
MATERIAL 6
TEXTURE 0
GEOM 20 20
0.47426989674568176 0.9824814200401306 -0.8169683218002319 -0.0 0.0 -1.0
0.8780600428581238 1.5045480728149414 -0.8169683218002319 -0.0 0.0 -1.0
0.45785677433013916 0.9951760768890381 -0.8105563521385193 -0.4525284469127655 0.3500167727470398 -0.8201544284820557
0.8616468906402588 1.517242670059204 -0.8105563521385193 -0.4525284469127655 0.3500167727470398 -0.8201544284820557
0.4477129280567169 1.0030217170715332 -0.7937695980072021 -0.7492904663085938 0.5795159935951233 -0.32041382789611816
0.8515030741691589 1.5250884294509888 -0.7937695980072021 -0.7492904663085938 0.5795159935951233 -0.32041382789611816
0.4477129280567169 1.0030217170715332 -0.7730200290679932 -0.7492904663085938 0.5795159935951233 0.32041382789611816
0.8515030741691589 1.5250884294509888 -0.7730200290679932 -0.7492904663085938 0.5795159935951233 0.32041382789611816
0.45785677433013916 0.9951760768890381 -0.756233274936676 -0.4525284469127655 0.3500167727470398 0.8201544284820557
0.8616468906402588 1.517242670059204 -0.756233274936676 -0.4525284469127655 0.3500167727470398 0.8201544284820557
0.47426989674568176 0.9824814200401306 -0.7498213052749634 -0.0 0.0 1.0
0.8780600428581238 1.5045480728149414 -0.7498213052749634 -0.0 0.0 1.0
0.49068301916122437 0.9697867631912231 -0.756233274936676 0.4525284469127655 -0.3500167727470398 0.8201544284820557
0.8944731950759888 1.4918534755706787 -0.756233274936676 0.4525284469127655 -0.3500167727470398 0.8201544284820557
0.500826895236969 0.9619410037994385 -0.7730200290679932 0.7492904663085938 -0.5795159935951233 0.32041382789611816
0.9046170115470886 1.4840075969696045 -0.7730200290679932 0.7492904663085938 -0.5795159935951233 0.32041382789611816
0.500826895236969 0.9619410037994385 -0.7937695980072021 0.7492904663085938 -0.5795159935951233 -0.32041382789611816
0.9046170115470886 1.4840075969696045 -0.7937695980072021 0.7492904663085938 -0.5795159935951233 -0.32041382789611816
0.49068301916122437 0.9697867631912231 -0.8105563521385193 0.4525284469127655 -0.3500167727470398 -0.8201544284820557
0.894473135471344 1.4918534755706787 -0.8105563521385193 0.4525284469127655 -0.3500167727470398 -0.8201544284820557
0 3 1
3 0 2
2 5 3
5 2 4
4 7 5
7 4 6
6 9 7
9 6 8
8 11 9
11 8 10
10 13 11
13 10 12
12 15 13
15 12 14
14 17 15
17 14 16
16 19 17
19 16 18
1 18 0
18 1 19
LABEL zzGroup41
MATERIAL 6
TEXTURE 0
GEOM 20 20
0.827438473701477 0.7179797887802124 -0.8243656158447266 -0.0 0.0 -0.999969482421875
1.4162163734436035 1.0162091255187988 -0.8243656158447266 -0.0 0.0 -1.0
0.8180625438690186 0.7364901900291443 -0.8179536461830139 -0.25849178433418274 0.5103610157966614 -0.8201544284820557
1.4068403244018555 1.0347195863723755 -0.8179536461830139 -0.25849178433418274 0.5103610157966614 -0.8201544284820557
0.8122678399085999 0.7479302883148193 -0.8011668920516968 -0.4280220866203308 0.8450270295143127 -0.32041382789611816
1.401045799255371 1.0461596250534058 -0.8011668920516968 -0.4280220866203308 0.8450270295143127 -0.32041382789611816
0.8122678399085999 0.7479302883148193 -0.7804173231124878 -0.4280220866203308 0.8450270295143127 0.32041382789611816
1.401045799255371 1.0461596250534058 -0.7804173231124878 -0.4280220866203308 0.8450270295143127 0.32041382789611816
0.8180625438690186 0.7364901900291443 -0.7636305689811707 -0.25849178433418274 0.5103610157966614 0.8201544284820557
1.4068403244018555 1.0347195863723755 -0.7636305689811707 -0.25849178433418274 0.5103610157966614 0.8201544284820557
0.827438473701477 0.7179797887802124 -0.757218599319458 -0.0 0.0 1.0
1.4162163734436035 1.0162091255187988 -0.757218599319458 -0.0 0.0 1.0
0.8368144035339355 0.6994693279266357 -0.7636305689811707 0.25849178433418274 -0.5103610157966614 0.8201544284820557
1.425592303276062 0.9976986646652222 -0.7636305689811707 0.25849178433418274 -0.5103610157966614 0.8201544284820557
0.8426091074943542 0.6880292892456055 -0.7804173231124878 0.4280220866203308 -0.8450270295143127 0.32041382789611816
1.431386947631836 0.9862586259841919 -0.7804173231124878 0.4280220866203308 -0.8450270295143127 0.32041382789611816
0.8426091074943542 0.6880292892456055 -0.8011668920516968 0.4280220866203308 -0.8450270295143127 -0.32041382789611816
1.431386947631836 0.9862586259841919 -0.8011668920516968 0.4280220866203308 -0.8450270295143127 -0.32041382789611816
0.8368144035339355 0.6994693875312805 -0.8179536461830139 0.25849178433418274 -0.5103610157966614 -0.8201544284820557
1.4255921840667725 0.9976987242698669 -0.8179536461830139 0.25849178433418274 -0.5103610157966614 -0.8201544284820557
0 3 1
3 0 2
2 5 3
5 2 4
4 7 5
7 4 6
6 9 7
9 6 8
8 11 9
11 8 10
10 13 11
13 10 12
12 15 13
15 12 14
14 17 15
17 14 16
16 19 17
19 16 18
1 18 0
18 1 19
LABEL zzGroup42
MATERIAL 6
TEXTURE 0
GEOM 20 20
0.827438473701477 0.7179797887802124 -0.8243656158447266 -0.0 0.0 -0.999969482421875
1.4162163734436035 1.0162091255187988 -0.8243656158447266 -0.0 0.0 -1.0
0.8180625438690186 0.7364901900291443 -0.8179536461830139 -0.25849178433418274 0.5103610157966614 -0.8201544284820557
1.4068403244018555 1.0347195863723755 -0.8179536461830139 -0.25849178433418274 0.5103610157966614 -0.8201544284820557
0.8122678399085999 0.7479302883148193 -0.8011668920516968 -0.4280220866203308 0.8450270295143127 -0.32041382789611816
1.401045799255371 1.0461596250534058 -0.8011668920516968 -0.4280220866203308 0.8450270295143127 -0.32041382789611816
0.8122678399085999 0.7479302883148193 -0.7804173231124878 -0.4280220866203308 0.8450270295143127 0.32041382789611816
1.401045799255371 1.0461596250534058 -0.7804173231124878 -0.4280220866203308 0.8450270295143127 0.32041382789611816
0.8180625438690186 0.7364901900291443 -0.7636305689811707 -0.25849178433418274 0.5103610157966614 0.8201544284820557
1.4068403244018555 1.0347195863723755 -0.7636305689811707 -0.25849178433418274 0.5103610157966614 0.8201544284820557
0.827438473701477 0.7179797887802124 -0.757218599319458 -0.0 0.0 1.0
1.4162163734436035 1.0162091255187988 -0.757218599319458 -0.0 0.0 1.0
0.8368144035339355 0.6994693279266357 -0.7636305689811707 0.25849178433418274 -0.5103610157966614 0.8201544284820557
1.425592303276062 0.9976986646652222 -0.7636305689811707 0.25849178433418274 -0.5103610157966614 0.8201544284820557
0.8426091074943542 0.6880292892456055 -0.7804173231124878 0.4280220866203308 -0.8450270295143127 0.32041382789611816
1.431386947631836 0.9862586259841919 -0.7804173231124878 0.4280220866203308 -0.8450270295143127 0.32041382789611816
0.8426091074943542 0.6880292892456055 -0.8011668920516968 0.4280220866203308 -0.8450270295143127 -0.32041382789611816
1.431386947631836 0.9862586259841919 -0.8011668920516968 0.4280220866203308 -0.8450270295143127 -0.32041382789611816
0.8368144035339355 0.6994693875312805 -0.8179536461830139 0.25849178433418274 -0.5103610157966614 -0.8201544284820557
1.4255921840667725 0.9976987242698669 -0.8179536461830139 0.25849178433418274 -0.5103610157966614 -0.8201544284820557
0 3 1
3 0 2
2 5 3
5 2 4
4 7 5
7 4 6
6 9 7
9 6 8
8 11 9
11 8 10
10 13 11
13 10 12
12 15 13
15 12 14
14 17 15
17 14 16
16 19 17
19 16 18
1 18 0
18 1 19
LABEL zzGroup43
MATERIAL 6
TEXTURE 0
GEOM 20 20
0.827438473701477 0.7179797887802124 -0.8243656158447266 -0.0 0.0 -0.999969482421875
1.4162163734436035 1.0162091255187988 -0.8243656158447266 -0.0 0.0 -1.0
0.8180625438690186 0.7364901900291443 -0.8179536461830139 -0.25849178433418274 0.5103610157966614 -0.8201544284820557
1.4068403244018555 1.0347195863723755 -0.8179536461830139 -0.25849178433418274 0.5103610157966614 -0.8201544284820557
0.8122678399085999 0.7479302883148193 -0.8011668920516968 -0.4280220866203308 0.8450270295143127 -0.32041382789611816
1.401045799255371 1.0461596250534058 -0.8011668920516968 -0.4280220866203308 0.8450270295143127 -0.32041382789611816
0.8122678399085999 0.7479302883148193 -0.7804173231124878 -0.4280220866203308 0.8450270295143127 0.32041382789611816
1.401045799255371 1.0461596250534058 -0.7804173231124878 -0.4280220866203308 0.8450270295143127 0.32041382789611816
0.8180625438690186 0.7364901900291443 -0.7636305689811707 -0.25849178433418274 0.5103610157966614 0.8201544284820557
1.4068403244018555 1.0347195863723755 -0.7636305689811707 -0.25849178433418274 0.5103610157966614 0.8201544284820557
0.827438473701477 0.7179797887802124 -0.757218599319458 -0.0 0.0 1.0
1.4162163734436035 1.0162091255187988 -0.757218599319458 -0.0 0.0 1.0
0.8368144035339355 0.6994693279266357 -0.7636305689811707 0.25849178433418274 -0.5103610157966614 0.8201544284820557
1.425592303276062 0.9976986646652222 -0.7636305689811707 0.25849178433418274 -0.5103610157966614 0.8201544284820557
0.8426091074943542 0.6880292892456055 -0.7804173231124878 0.4280220866203308 -0.8450270295143127 0.32041382789611816
1.431386947631836 0.9862586259841919 -0.7804173231124878 0.4280220866203308 -0.8450270295143127 0.32041382789611816
0.8426091074943542 0.6880292892456055 -0.8011668920516968 0.4280220866203308 -0.8450270295143127 -0.32041382789611816
1.431386947631836 0.9862586259841919 -0.8011668920516968 0.4280220866203308 -0.8450270295143127 -0.32041382789611816
0.8368144035339355 0.6994693875312805 -0.8179536461830139 0.25849178433418274 -0.5103610157966614 -0.8201544284820557
1.4255921840667725 0.9976987242698669 -0.8179536461830139 0.25849178433418274 -0.5103610157966614 -0.8201544284820557
0 3 1
3 0 2
2 5 3
5 2 4
4 7 5
7 4 6
6 9 7
9 6 8
8 11 9
11 8 10
10 13 11
13 10 12
12 15 13
15 12 14
14 17 15
17 14 16
16 19 17
19 16 18
1 18 0
18 1 19
LABEL zzGroup44
MATERIAL 6
TEXTURE 0
GEOM 20 20
0.827438473701477 0.7179797887802124 -0.8243656158447266 -0.0 0.0 -0.999969482421875
1.4162163734436035 1.0162091255187988 -0.8243656158447266 -0.0 0.0 -1.0
0.8180625438690186 0.7364901900291443 -0.8179536461830139 -0.25849178433418274 0.5103610157966614 -0.8201544284820557
1.4068403244018555 1.0347195863723755 -0.8179536461830139 -0.25849178433418274 0.5103610157966614 -0.8201544284820557
0.8122678399085999 0.7479302883148193 -0.8011668920516968 -0.4280220866203308 0.8450270295143127 -0.32041382789611816
1.401045799255371 1.0461596250534058 -0.8011668920516968 -0.4280220866203308 0.8450270295143127 -0.32041382789611816
0.8122678399085999 0.7479302883148193 -0.7804173231124878 -0.4280220866203308 0.8450270295143127 0.32041382789611816
1.401045799255371 1.0461596250534058 -0.7804173231124878 -0.4280220866203308 0.8450270295143127 0.32041382789611816
0.8180625438690186 0.7364901900291443 -0.7636305689811707 -0.25849178433418274 0.5103610157966614 0.8201544284820557
1.4068403244018555 1.0347195863723755 -0.7636305689811707 -0.25849178433418274 0.5103610157966614 0.8201544284820557
0.827438473701477 0.7179797887802124 -0.757218599319458 -0.0 0.0 1.0
1.4162163734436035 1.0162091255187988 -0.757218599319458 -0.0 0.0 1.0
0.8368144035339355 0.6994693279266357 -0.7636305689811707 0.25849178433418274 -0.5103610157966614 0.8201544284820557
1.425592303276062 0.9976986646652222 -0.7636305689811707 0.25849178433418274 -0.5103610157966614 0.8201544284820557
0.8426091074943542 0.6880292892456055 -0.7804173231124878 0.4280220866203308 -0.8450270295143127 0.32041382789611816
1.431386947631836 0.9862586259841919 -0.7804173231124878 0.4280220866203308 -0.8450270295143127 0.32041382789611816
0.8426091074943542 0.6880292892456055 -0.8011668920516968 0.4280220866203308 -0.8450270295143127 -0.32041382789611816
1.431386947631836 0.9862586259841919 -0.8011668920516968 0.4280220866203308 -0.8450270295143127 -0.32041382789611816
0.8368144035339355 0.6994693875312805 -0.8179536461830139 0.25849178433418274 -0.5103610157966614 -0.8201544284820557
1.4255921840667725 0.9976987242698669 -0.8179536461830139 0.25849178433418274 -0.5103610157966614 -0.8201544284820557
0 3 1
3 0 2
2 5 3
5 2 4
4 7 5
7 4 6
6 9 7
9 6 8
8 11 9
11 8 10
10 13 11
13 10 12
12 15 13
15 12 14
14 17 15
17 14 16
16 19 17
19 16 18
1 18 0
18 1 19
LABEL zzGroup45
MATERIAL 6
TEXTURE 0
GEOM 20 20
0.827438473701477 0.7179797887802124 -0.8243656158447266 -0.0 0.0 -0.999969482421875
1.4162163734436035 1.0162091255187988 -0.8243656158447266 -0.0 0.0 -1.0
0.8180625438690186 0.7364901900291443 -0.8179536461830139 -0.25849178433418274 0.5103610157966614 -0.8201544284820557
1.4068403244018555 1.0347195863723755 -0.8179536461830139 -0.25849178433418274 0.5103610157966614 -0.8201544284820557
0.8122678399085999 0.7479302883148193 -0.8011668920516968 -0.4280220866203308 0.8450270295143127 -0.32041382789611816
1.401045799255371 1.0461596250534058 -0.8011668920516968 -0.4280220866203308 0.8450270295143127 -0.32041382789611816
0.8122678399085999 0.7479302883148193 -0.7804173231124878 -0.4280220866203308 0.8450270295143127 0.32041382789611816
1.401045799255371 1.0461596250534058 -0.7804173231124878 -0.4280220866203308 0.8450270295143127 0.32041382789611816
0.8180625438690186 0.7364901900291443 -0.7636305689811707 -0.25849178433418274 0.5103610157966614 0.8201544284820557
1.4068403244018555 1.0347195863723755 -0.7636305689811707 -0.25849178433418274 0.5103610157966614 0.8201544284820557
0.827438473701477 0.7179797887802124 -0.757218599319458 -0.0 0.0 1.0
1.4162163734436035 1.0162091255187988 -0.757218599319458 -0.0 0.0 1.0
0.8368144035339355 0.6994693279266357 -0.7636305689811707 0.25849178433418274 -0.5103610157966614 0.8201544284820557
1.425592303276062 0.9976986646652222 -0.7636305689811707 0.25849178433418274 -0.5103610157966614 0.8201544284820557
0.8426091074943542 0.6880292892456055 -0.7804173231124878 0.4280220866203308 -0.8450270295143127 0.32041382789611816
1.431386947631836 0.9862586259841919 -0.7804173231124878 0.4280220866203308 -0.8450270295143127 0.32041382789611816
0.8426091074943542 0.6880292892456055 -0.8011668920516968 0.4280220866203308 -0.8450270295143127 -0.32041382789611816
1.431386947631836 0.9862586259841919 -0.8011668920516968 0.4280220866203308 -0.8450270295143127 -0.32041382789611816
0.8368144035339355 0.6994693875312805 -0.8179536461830139 0.25849178433418274 -0.5103610157966614 -0.8201544284820557
1.4255921840667725 0.9976987242698669 -0.8179536461830139 0.25849178433418274 -0.5103610157966614 -0.8201544284820557
0 3 1
3 0 2
2 5 3
5 2 4
4 7 5
7 4 6
6 9 7
9 6 8
8 11 9
11 8 10
10 13 11
13 10 12
12 15 13
15 12 14
14 17 15
17 14 16
16 19 17
19 16 18
1 18 0
18 1 19
LABEL zzGroup46
MATERIAL 6
TEXTURE 0
GEOM 20 20
0.827438473701477 0.7179797887802124 -0.8243656158447266 -0.0 0.0 -0.999969482421875
1.4162163734436035 1.0162091255187988 -0.8243656158447266 -0.0 0.0 -1.0
0.8180625438690186 0.7364901900291443 -0.8179536461830139 -0.25849178433418274 0.5103610157966614 -0.8201544284820557
1.4068403244018555 1.0347195863723755 -0.8179536461830139 -0.25849178433418274 0.5103610157966614 -0.8201544284820557
0.8122678399085999 0.7479302883148193 -0.8011668920516968 -0.4280220866203308 0.8450270295143127 -0.32041382789611816
1.401045799255371 1.0461596250534058 -0.8011668920516968 -0.4280220866203308 0.8450270295143127 -0.32041382789611816
0.8122678399085999 0.7479302883148193 -0.7804173231124878 -0.4280220866203308 0.8450270295143127 0.32041382789611816
1.401045799255371 1.0461596250534058 -0.7804173231124878 -0.4280220866203308 0.8450270295143127 0.32041382789611816
0.8180625438690186 0.7364901900291443 -0.7636305689811707 -0.25849178433418274 0.5103610157966614 0.8201544284820557
1.4068403244018555 1.0347195863723755 -0.7636305689811707 -0.25849178433418274 0.5103610157966614 0.8201544284820557
0.827438473701477 0.7179797887802124 -0.757218599319458 -0.0 0.0 1.0
1.4162163734436035 1.0162091255187988 -0.757218599319458 -0.0 0.0 1.0
0.8368144035339355 0.6994693279266357 -0.7636305689811707 0.25849178433418274 -0.5103610157966614 0.8201544284820557
1.425592303276062 0.9976986646652222 -0.7636305689811707 0.25849178433418274 -0.5103610157966614 0.8201544284820557
0.8426091074943542 0.6880292892456055 -0.7804173231124878 0.4280220866203308 -0.8450270295143127 0.32041382789611816
1.431386947631836 0.9862586259841919 -0.7804173231124878 0.4280220866203308 -0.8450270295143127 0.32041382789611816
0.8426091074943542 0.6880292892456055 -0.8011668920516968 0.4280220866203308 -0.8450270295143127 -0.32041382789611816
1.431386947631836 0.9862586259841919 -0.8011668920516968 0.4280220866203308 -0.8450270295143127 -0.32041382789611816
0.8368144035339355 0.6994693875312805 -0.8179536461830139 0.25849178433418274 -0.5103610157966614 -0.8201544284820557
1.4255921840667725 0.9976987242698669 -0.8179536461830139 0.25849178433418274 -0.5103610157966614 -0.8201544284820557
0 3 1
3 0 2
2 5 3
5 2 4
4 7 5
7 4 6
6 9 7
9 6 8
8 11 9
11 8 10
10 13 11
13 10 12
12 15 13
15 12 14
14 17 15
17 14 16
16 19 17
19 16 18
1 18 0
18 1 19
LABEL zzGroup47
MATERIAL 6
TEXTURE 0
GEOM 20 20
0.827438473701477 0.7179797887802124 -0.8243656158447266 -0.0 0.0 -0.999969482421875
1.4162163734436035 1.0162091255187988 -0.8243656158447266 -0.0 0.0 -1.0
0.8180625438690186 0.7364901900291443 -0.8179536461830139 -0.25849178433418274 0.5103610157966614 -0.8201544284820557
1.4068403244018555 1.0347195863723755 -0.8179536461830139 -0.25849178433418274 0.5103610157966614 -0.8201544284820557
0.8122678399085999 0.7479302883148193 -0.8011668920516968 -0.4280220866203308 0.8450270295143127 -0.32041382789611816
1.401045799255371 1.0461596250534058 -0.8011668920516968 -0.4280220866203308 0.8450270295143127 -0.32041382789611816
0.8122678399085999 0.7479302883148193 -0.7804173231124878 -0.4280220866203308 0.8450270295143127 0.32041382789611816
1.401045799255371 1.0461596250534058 -0.7804173231124878 -0.4280220866203308 0.8450270295143127 0.32041382789611816
0.8180625438690186 0.7364901900291443 -0.7636305689811707 -0.25849178433418274 0.5103610157966614 0.8201544284820557
1.4068403244018555 1.0347195863723755 -0.7636305689811707 -0.25849178433418274 0.5103610157966614 0.8201544284820557
0.827438473701477 0.7179797887802124 -0.757218599319458 -0.0 0.0 1.0
1.4162163734436035 1.0162091255187988 -0.757218599319458 -0.0 0.0 1.0
0.8368144035339355 0.6994693279266357 -0.7636305689811707 0.25849178433418274 -0.5103610157966614 0.8201544284820557
1.425592303276062 0.9976986646652222 -0.7636305689811707 0.25849178433418274 -0.5103610157966614 0.8201544284820557
0.8426091074943542 0.6880292892456055 -0.7804173231124878 0.4280220866203308 -0.8450270295143127 0.32041382789611816
1.431386947631836 0.9862586259841919 -0.7804173231124878 0.4280220866203308 -0.8450270295143127 0.32041382789611816
0.8426091074943542 0.6880292892456055 -0.8011668920516968 0.4280220866203308 -0.8450270295143127 -0.32041382789611816
1.431386947631836 0.9862586259841919 -0.8011668920516968 0.4280220866203308 -0.8450270295143127 -0.32041382789611816
0.8368144035339355 0.6994693875312805 -0.8179536461830139 0.25849178433418274 -0.5103610157966614 -0.8201544284820557
1.4255921840667725 0.9976987242698669 -0.8179536461830139 0.25849178433418274 -0.5103610157966614 -0.8201544284820557
0 3 1
3 0 2
2 5 3
5 2 4
4 7 5
7 4 6
6 9 7
9 6 8
8 11 9
11 8 10
10 13 11
13 10 12
12 15 13
15 12 14
14 17 15
17 14 16
16 19 17
19 16 18
1 18 0
18 1 19
LABEL zzGroup48
MATERIAL 6
TEXTURE 0
GEOM 20 20
0.827438473701477 0.7179797887802124 -0.8243656158447266 -0.0 0.0 -0.999969482421875
1.4162163734436035 1.0162091255187988 -0.8243656158447266 -0.0 0.0 -1.0
0.8180625438690186 0.7364901900291443 -0.8179536461830139 -0.25849178433418274 0.5103610157966614 -0.8201544284820557
1.4068403244018555 1.0347195863723755 -0.8179536461830139 -0.25849178433418274 0.5103610157966614 -0.8201544284820557
0.8122678399085999 0.7479302883148193 -0.8011668920516968 -0.4280220866203308 0.8450270295143127 -0.32041382789611816
1.401045799255371 1.0461596250534058 -0.8011668920516968 -0.4280220866203308 0.8450270295143127 -0.32041382789611816
0.8122678399085999 0.7479302883148193 -0.7804173231124878 -0.4280220866203308 0.8450270295143127 0.32041382789611816
1.401045799255371 1.0461596250534058 -0.7804173231124878 -0.4280220866203308 0.8450270295143127 0.32041382789611816
0.8180625438690186 0.7364901900291443 -0.7636305689811707 -0.25849178433418274 0.5103610157966614 0.8201544284820557
1.4068403244018555 1.0347195863723755 -0.7636305689811707 -0.25849178433418274 0.5103610157966614 0.8201544284820557
0.827438473701477 0.7179797887802124 -0.757218599319458 -0.0 0.0 1.0
1.4162163734436035 1.0162091255187988 -0.757218599319458 -0.0 0.0 1.0
0.8368144035339355 0.6994693279266357 -0.7636305689811707 0.25849178433418274 -0.5103610157966614 0.8201544284820557
1.425592303276062 0.9976986646652222 -0.7636305689811707 0.25849178433418274 -0.5103610157966614 0.8201544284820557
0.8426091074943542 0.6880292892456055 -0.7804173231124878 0.4280220866203308 -0.8450270295143127 0.32041382789611816
1.431386947631836 0.9862586259841919 -0.7804173231124878 0.4280220866203308 -0.8450270295143127 0.32041382789611816
0.8426091074943542 0.6880292892456055 -0.8011668920516968 0.4280220866203308 -0.8450270295143127 -0.32041382789611816
1.431386947631836 0.9862586259841919 -0.8011668920516968 0.4280220866203308 -0.8450270295143127 -0.32041382789611816
0.8368144035339355 0.6994693875312805 -0.8179536461830139 0.25849178433418274 -0.5103610157966614 -0.8201544284820557
1.4255921840667725 0.9976987242698669 -0.8179536461830139 0.25849178433418274 -0.5103610157966614 -0.8201544284820557
0 3 1
3 0 2
2 5 3
5 2 4
4 7 5
7 4 6
6 9 7
9 6 8
8 11 9
11 8 10
10 13 11
13 10 12
12 15 13
15 12 14
14 17 15
17 14 16
16 19 17
19 16 18
1 18 0
18 1 19
MATERIALS 10
White
LENS
GOLD_FOIL
ALT_LENS
TAPE_FOIL
METAL
defaultmaterial
Mtl #2
FOOT
White_XRay
MATERIAL White
0.8999999761581421 0.8999999761581421 0.8999999761581421 1.0
0.8999999761581421 0.8999999761581421 0.8999999761581421 1.0
0.6000000238418579 0.6000000238418579 0.6000000238418579 1.0 50
0.0 0.0 0.0 1.0
MATERIAL LENS
0.0 0.0 0.0 1.0
0.0 0.0 0.0 1.0
1.0 1.0 1.0 1.0 50
0.0 0.0 0.0 1.0
MATERIAL GOLD_FOIL
0.800000011920929 0.6901959776878357 0.3058820068836212 1.0
0.800000011920929 0.6901959776878357 0.3058820068836212 1.0
1.0 1.0 1.0 1.0 50
0.0 0.0 0.0 1.0
MATERIAL ALT_LENS
0.26967018842697144 0.3343227505683899 0.3343227505683899 1.0
0.26967018842697144 0.3343227505683899 0.3343227505683899 1.0
1.0 1.0 1.0 1.0 50
0.0 0.0 0.0 1.0
MATERIAL TAPE_FOIL
1.0 1.0 1.0 1.0
1.0 1.0 1.0 1.0
1.0 1.0 1.0 1.0 50
0.0 0.0 0.0 1.0
MATERIAL METAL
0.74902 0.74902 0.74902 1.0
0.74902 0.74902 0.74902 1.0
0.556863 0.556863 0.556863 1.0 8.0
0.0 0.0 0.0 1.0
MATERIAL defaultmaterial
0.800000011920929 0.6901959776878357 0.3058820068836212 1.0
0.800000011920929 0.6901959776878357 0.3058820068836212 1.0
0.8999999761581421 0.8999999761581421 0.8999999761581421 1.0 83
0.0 0.0 0.0 1.0
MATERIAL Mtl #2
0.7254899740219116 0.7254899740219116 0.7254899740219116 1.0
0.7254899740219116 0.7254899740219116 0.7254899740219116 1.0
0.8999999761581421 0.8999999761581421 0.8999999761581421 1.0 296
0.0 0.0 0.0 1.0
MATERIAL FOOT
0.08228270709514618 0.021219007670879364 0.007499032653868198 1.0
0.08228270709514618 0.021219007670879364 0.007499032653868198 1.0
1.0 1.0 1.0 1.0 50
0.0 0.0 0.0 1.0
MATERIAL White_XRay
0.800000011920929 0.800000011920929 0.800000011920929 1.0
0.800000011920929 0.800000011920929 0.800000011920929 1.0
1.0 1.0 1.0 1.0 50
0.0 0.0 0.0 1.0
TEXTURES 2
ProjectApollo\TAPE_FOIL.dds
ProjectApollo\XRaySpec.dds