MSHX1
GROUPS 2
LABEL Yagi_antenna
MATERIAL 1
TEXTURE 0
GEOM 698 752
0.5829873085021973 2.0726702213287354 -0.0016468390822410583 0.001037629321217537 0.003479110077023506 0.999969482421875 0.5424460172653198 0.11511200666427612
0.521692156791687 1.8719584941864014 -0.0009387768805027008 0.0009460737928748131 0.0032044434919953346 0.999969482421875 0.5047000050544739 0.11511200666427612
0.5132274031639099 1.874544620513916 -0.0033102696761488914 -0.4771874248981476 0.14923551678657532 0.8660237193107605 0.5047000050544739 0.09490102529525757
0.5748609304428101 2.0751523971557617 -0.003923438489437103 -0.4770958721637726 0.14951017498970032 0.8659932017326355 0.5424460172653198 0.09490102529525757
0.6353898644447327 2.244263172149658 -0.002354484051465988 0.0011291848495602608 0.0037537766620516777 0.999969482421875 0.5747159719467163 0.11511200666427612
0.5070288181304932 1.8764369487762451 -0.009790764190256596 -0.8272652626037598 0.2561418414115906 0.4999542236328125 0.5047000050544739 0.09673798084259033
0.6276019215583801 2.2466416358947754 -0.0045371828600764275 -0.4770348072052002 0.1497848480939865 0.8659932017326355 0.5747159719467163 0.09490102529525757
0.6877920627593994 2.4158549308776855 -0.0030632605776190758 0.0011291848495602608 0.0037537766620516777 0.999969482421875 0.6069859862327576 0.11511200666427612
0.5689107775688171 2.07696795463562 -0.010144425556063652 -0.8271737098693848 0.25641652941703796 0.4999847412109375 0.5424460172653198 0.09673798084259033
0.5047613382339478 1.8771297931671143 -0.01864275336265564 -0.9553819298744202 0.2952970862388611 -0.0 0.5047000050544739 0.09857600927352905
0.6803424954414368 2.4181292057037354 -0.0051500676199793816 -0.4770348072052002 0.1497848480939865 0.8659932017326355 0.6069859862327576 0.09490102529525757
0.7401946783065796 2.5874478816986084 -0.003770909272134304 0.0011291848495602608 0.0037537766620516777 0.999969482421875 0.6392560005187988 0.09306401014328003
0.5667333006858826 2.077633857727051 -0.018642859533429146 -0.9552903771400452 0.29554125666618347 -0.0 0.5424460172653198 0.09857600927352905
0.5070290565490723 1.8764376640319824 -0.02749474346637726 -0.8272652626037598 0.2561418414115906 -0.4999847412109375 0.5047000050544739 0.10041302442550659
0.6218997240066528 2.248382329940796 -0.01049851719290018 -0.827082097530365 0.25669118762016296 0.4999847412109375 0.5747159719467163 0.09673798084259033
0.733083963394165 2.5896201133728027 -0.005763682536780834 -0.4770348072052002 0.1498153656721115 0.8659932017326355 0.6392560005187988 0.09490102529525757
0.7925968766212463 2.759039878845215 -0.004479683004319668 0.0011291848495602608 0.0037537766620516777 0.999969482421875 0.6715260148048401 0.11511200666427612
0.5689111948013306 2.0769693851470947 -0.027140308171510696 -0.8271737098693848 0.25641652941703796 -0.4999847412109375 0.5424460172653198 0.10041302442550659
0.5132272243499756 1.8745440244674683 -0.03397424891591072 -0.4771874248981476 0.14923551678657532 -0.8660237193107605 0.5047000050544739 0.10224997997283936
0.6198127269744873 2.249019145965576 -0.018642552196979523 -0.9552293419837952 0.29581591486930847 -0.0 0.5747159719467163 0.09857600927352905
0.6748882532119751 2.419795274734497 -0.010852749459445477 -0.827082097530365 0.25669118762016296 0.4999847412109375 0.6069859862327576 0.09673798084259033
0.7858250737190247 2.7611093521118164 -0.006377412937581539 -0.4770348072052002 0.1497848480939865 0.8659932017326355 0.6715260148048401 0.09490102529525757
0.8449994921684265 2.930633068084717 -0.005187316797673702 0.0011291848495602608 0.0037537766620516777 0.999969482421875 0.7037960290908813 0.09306401014328003
0.5748605132102966 2.075151205062866 -0.033361297100782394 -0.4770958721637726 0.14951017498970032 -0.8659932017326355 0.5424460172653198 0.10224997997283936
0.521692156791687 1.8719584941864014 -0.03634687513113022 0.0009460737928748131 0.0032044434919953346 -0.999969482421875 0.5047000050544739 0.10408800840377808
0.727878212928772 2.5912094116210938 -0.01120684202760458 -0.827082097530365 0.25669118762016296 0.5000152587890625 0.6392560005187988 0.09673798084259033
0.6218999028205872 2.248382806777954 -0.026786446571350098 -0.827082097530365 0.25669118762016296 -0.4999847412109375 0.5747159719467163 0.10041302442550659
0.672892153263092 2.4204044342041016 -0.018642235547304153 -0.9552293419837952 0.29581591486930847 -0.0 0.6069859862327576 0.09857600927352905
0.8385660648345947 2.93259859085083 -0.006990163587033749 -0.4770348072052002 0.1497848480939865 0.8659932017326355 0.7037960290908813 0.09490102529525757
0.8974021077156067 3.1022260189056396 -0.005895963869988918 0.0011291848495602608 0.0037537766620516777 0.999969482421875 0.7360659837722778 0.09306401014328003
0.5829871296882629 2.072669744491577 -0.03563789278268814 0.001037629321217537 0.003479110077023506 -0.999969482421875 0.5424460172653198 0.10408800840377808
0.530158281326294 1.8693734407424927 -0.03397424891591072 0.47914060950279236 -0.1427960991859436 -0.8660237193107605 0.5047000050544739 0.10592502355575562
0.7808667421340942 2.762622356414795 -0.011561072431504726 -0.827082097530365 0.25669118762016296 0.4999847412109375 0.6715260148048401 0.09673798084259033
0.7259721159934998 2.5917916297912598 -0.018642783164978027 -0.9552293419837952 0.29581591486930847 -0.0 0.6392560005187988 0.09857600927352905
0.6276017427444458 2.246640920639038 -0.0327477790415287 -0.4770348072052002 0.1497848480939865 -0.8659932017326355 0.5747159719467163 0.10224997997283936
0.6748886108398438 2.4197964668273926 -0.0264325812458992 -0.827082097530365 0.25669118762016296 -0.5000152587890625 0.6069859862327576 0.10041302442550659
0.8913071155548096 3.1040878295898438 -0.007603897713124752 -0.4770348072052002 0.1497848480939865 0.8659932017326355 0.7360659837722778 0.09490102529525757
0.9498043060302734 3.273818016052246 -0.006604745052754879 0.0011291848495602608 0.0037537766620516777 0.999969482421875 0.7683359980583191 0.11511200666427612
0.5911144614219666 2.0701873302459717 -0.033361297100782394 0.47923216223716736 -0.1425214409828186 -0.8659932017326355 0.5424460172653198 0.10592502355575562
0.5363559722900391 1.8674815893173218 -0.027494745329022408 0.8292184472084045 -0.24970243871212006 -0.4999847412109375 0.5047000050544739 0.10776197910308838
0.8338557481765747 2.9340367317199707 -0.011915161274373531 -0.82711261510849 0.25669118762016296 0.4999542236328125 0.7037960290908813 0.09673798084259033
0.7790516018867493 2.763176918029785 -0.018642470240592957 -0.9552293419837952 0.29581591486930847 -0.0 0.6715260148048401 0.09857600927352905
0.727878212928772 2.5912094116210938 -0.026078715920448303 -0.827082097530365 0.25669118762016296 -0.5000152587890625 0.6392560005187988 0.10041302442550659
0.6353896856307983 2.2442626953125 -0.034930482506752014 0.0011291848495602608 0.0037537766620516777 -0.999969482421875 0.5747159719467163 0.10408800840377808
0.6803424954414368 2.4181292057037354 -0.032134413719177246 -0.4770348072052002 0.1497848480939865 -0.8659932017326355 0.6069859862327576 0.10224997997283936
0.5970646142959595 2.0683717727661133 -0.027140308171510696 0.8293099999427795 -0.24942778050899506 -0.4999847412109375 0.5424460172653198 0.10776197910308838
0.5386244058609009 1.866788387298584 -0.01864275522530079 0.9573656320571899 -0.28882718086242676 -0.0 0.5047000050544739 0.1096000075340271
0.6431785821914673 2.2418839931488037 -0.032747782766819 0.47932371497154236 -0.1422467678785324 -0.8660237193107605 0.5747159719467163 0.10592502355575562
0.687792181968689 2.4158554077148438 -0.0342220738530159 0.0011291848495602608 0.0037537766620516777 -0.999969482421875 0.6069859862327576 0.10408800840377808
0.7330837845802307 2.5896193981170654 -0.03152187913656235 -0.4770348072052002 0.1497848480939865 -0.8659932017326355 0.6392560005187988 0.10224997997283936
0.7808669209480286 2.762622833251953 -0.025723859667778015 -0.827082097530365 0.25669118762016296 -0.4999847412109375 0.6715260148048401 0.10041302442550659
0.5992421507835388 2.0677061080932617 -0.018642859533429146 0.9574571847915649 -0.28855249285697937 -0.0 0.5424460172653198 0.1096000075340271
0.53635573387146 1.8674808740615845 -0.009790766052901745 0.8292489647865295 -0.24970243871212006 0.4999847412109375 0.5047000050544739 0.11143702268600464
0.6488807797431946 2.240143299102783 -0.026786450296640396 0.8293710350990295 -0.24915310740470886 -0.4999847412109375 0.5747159719467163 0.10776197910308838
0.695242166519165 2.413578987121582 -0.032134417444467545 0.47932371497154236 -0.1422467678785324 -0.8660237193107605 0.6069859862327576 0.10592502355575562
0.7401946783065796 2.5874481201171875 -0.033513665199279785 0.0011291848495602608 0.0037537766620516777 -0.999969482421875 0.6392560005187988 0.10408800840377808
0.597064197063446 2.0683703422546387 -0.010144425556063652 0.8293099999427795 -0.24942778050899506 0.4999847412109375 0.5424460172653198 0.11143702268600464
0.5301584601402283 1.8693740367889404 -0.003310270607471466 0.47914060950279236 -0.1427960991859436 0.8660237193107605 0.5047000050544739 0.1132739782333374
0.6509673595428467 2.2395050525665283 -0.01864255592226982 0.9575182199478149 -0.28827783465385437 -0.0 0.5747159719467163 0.1096000075340271
0.7006969451904297 2.411914825439453 -0.0264325849711895 0.8293710350990295 -0.24915310740470886 -0.5000152587890625 0.6069859862327576 0.10776197910308838
0.59111487865448 2.070188522338867 -0.003923438489437103 0.47923216223716736 -0.1425214409828186 0.8660237193107605 0.5424460172653198 0.1132739782333374
0.6488806009292603 2.240142822265625 -0.01049852091819048 0.8294015526771545 -0.24915310740470886 0.4999847412109375 0.5747159719467163 0.11143702268600464
0.6431787610054016 2.241884708404541 -0.004537186585366726 0.47932371497154236 -0.1422467678785324 0.8660237193107605 0.5747159719467163 0.1132739782333374
0.7026925086975098 2.411303758621216 -0.018642239272594452 0.9575182199478149 -0.28827783465385437 -0.0 0.6069859862327576 0.1096000075340271
0.7473063468933105 2.585275888442993 -0.03152187913656235 0.47932371497154236 -0.1422467678785324 -0.8660237193107605 0.6392560005187988 0.10592502355575562
0.695242166519165 2.413578987121582 -0.00515007134526968 0.47932371497154236 -0.1422467678785324 0.8660237193107605 0.6069859862327576 0.1132739782333374
0.700696587562561 2.4119136333465576 -0.010852753184735775 0.8294015526771545 -0.24915310740470886 0.4999847412109375 0.6069859862327576 0.11143702268600464
0.7525120973587036 2.583686590194702 -0.026078715920448303 0.8293710350990295 -0.24915310740470886 -0.5000152587890625 0.6392560005187988 0.10776197910308838
0.7473065853118896 2.5852766036987305 -0.005763682536780834 0.47932371497154236 -0.1422467678785324 0.8659932017326355 0.6392560005187988 0.1132739782333374
0.7525120973587036 2.583686351776123 -0.01120684202760458 0.8293710350990295 -0.24915310740470886 0.5000152587890625 0.6392560005187988 0.11143702268600464
0.7544182538986206 2.583104372024536 -0.018642783164978027 0.9575182199478149 -0.28827783465385437 -0.0 0.6392560005187988 0.1096000075340271
0.799370527267456 2.7569727897644043 -0.006377412937581539 0.47932371497154236 -0.1422467678785324 0.8659932017326355 0.6715260148048401 0.1132739782333374
0.8043280839920044 2.7554574012756348 -0.011561072431504726 0.8293710350990295 -0.24915310740470886 0.4999847412109375 0.6715260148048401 0.11143702268600464
0.8061434030532837 2.7549033164978027 -0.018642470240592957 0.9575182199478149 -0.28827783465385437 -0.0 0.6715260148048401 0.1096000075340271
0.8043283224105835 2.755458116531372 -0.025723859667778015 0.8294015526771545 -0.24915310740470886 -0.4999847412109375 0.6715260148048401 0.10776197910308838
0.7993704676628113 2.7569727897644043 -0.030908361077308655 0.47935423254966736 -0.1422467678785324 -0.8659932017326355 0.6715260148048401 0.10592502355575562
0.8514343500137329 2.928668737411499 -0.006990163587033749 0.47932371497154236 -0.1422467678785324 0.8659932017326355 0.7037960290908813 0.1132739782333374
0.8561445474624634 2.927229881286621 -0.011915161274373531 0.8294015526771545 -0.24915310740470886 0.4999542236328125 0.7037960290908813 0.11143702268600464
0.8578677177429199 2.9267029762268066 -0.018643148243427277 0.9575182199478149 -0.28827783465385437 -0.0 0.7037960290908813 0.1096000075340271
0.8561444282531738 2.927229642868042 -0.025370001792907715 0.8294015526771545 -0.24915310740470886 -0.4999542236328125 0.7037960290908813 0.10776197910308838
0.9034982919692993 3.1003646850585938 -0.007603897713124752 0.47932371497154236 -0.1422467678785324 0.8660237193107605 0.7360659837722778 0.1132739782333374
0.9079605340957642 3.099000930786133 -0.012269399128854275 0.8294015526771545 -0.24915310740470886 0.4999542236328125 0.7360659837722778 0.11143702268600464
0.909593403339386 3.0985031127929688 -0.018642693758010864 0.9575182199478149 -0.28827783465385437 -0.0 0.7360659837722778 0.1096000075340271
0.955562174320221 3.2720606327056885 -0.008216655813157558 0.47932371497154236 -0.1422467678785324 0.8660237193107605 0.7683359980583191 0.1132739782333374
0.9597760438919067 3.2707736492156982 -0.012623495422303677 0.8294015526771545 -0.24915310740470886 0.4999542236328125 0.7683359980583191 0.11143702268600464
1.0076260566711426 3.443756580352783 -0.008830404840409756 0.47932371497154236 -0.1422467678785324 0.8660237193107605 0.8006060123443604 0.1132739782333374
1.0022070407867432 3.445411205291748 -0.007312378846108913 0.0011291848495602608 0.0037537766620516777 0.999969482421875 0.8006060123443604 0.11511200666427612
0.8514341115951538 2.9286680221557617 -0.030294999480247498 0.47932371497154236 -0.1422467678785324 -0.8659932017326355 0.7037960290908813 0.10592502355575562
0.9079606533050537 3.099001407623291 -0.025016136467456818 0.8294015526771545 -0.24915310740470886 -0.4999542236328125 0.7360659837722778 0.10776197910308838
0.9613185524940491 3.2703022956848145 -0.018642373383045197 0.9575182199478149 -0.28827783465385437 -0.0 0.7683359980583191 0.1096000075340271
1.011591911315918 3.442544460296631 -0.012977725826203823 0.8294015526771545 -0.24915310740470886 0.4999542236328125 0.8006060123443604 0.11143702268600464
1.059689998626709 3.615452527999878 -0.009443155489861965 0.47932371497154236 -0.1422467678785324 0.8660237193107605 0.8328760266304016 0.1132739782333374
1.0546095371246338 3.617003917694092 -0.008021018467843533 0.0010986663401126862 0.0037537766620516777 0.999969482421875 0.8328760266304016 0.11511200666427612
0.9034982323646545 3.1003644466400146 -0.029681481420993805 0.47932371497154236 -0.1422467678785324 -0.8660237193107605 0.7360659837722778 0.10592502355575562
0.9597758054733276 3.270772933959961 -0.024662263691425323 0.8294015526771545 -0.24915310740470886 -0.4999542236328125 0.7683359980583191 0.10776197910308838
1.013043761253357 3.442101001739502 -0.0186430886387825 0.9575182199478149 -0.28827783465385437 -0.0 0.8006060123443604 0.1096000075340271
1.0634084939956665 3.6143171787261963 -0.013331822119653225 0.8294015526771545 -0.24915310740470886 0.4999542236328125 0.8328760266304016 0.11143702268600464
1.1117539405822754 3.7871487140655518 -0.010056904517114162 0.47932371497154236 -0.1422467678785324 0.8659932017326355 0.8651459813117981 0.1132739782333374
1.1070116758346558 3.788595676422119 -0.008728793822228909 0.0011291848495602608 0.0037537766620516777 0.999969482421875 0.8651459813117981 0.11511200666427612
0.9555619359016418 3.272059917449951 -0.02906910330057144 0.47932371497154236 -0.1422467678785324 -0.8660237193107605 0.7683359980583191 0.10592502355575562
1.011591911315918 3.442544460296631 -0.024308420717716217 0.8294015526771545 -0.24915310740470886 -0.4999542236328125 0.8006060123443604 0.10776197910308838
1.0647690296173096 3.6139001846313477 -0.018642760813236237 0.9575182199478149 -0.28827783465385437 -0.0 0.8328760266304016 0.1096000075340271
1.1152234077453613 3.786088466644287 -0.013686037622392178 0.8294015526771545 -0.24915310740470886 0.4999542236328125 0.8651459813117981 0.11143702268600464
1.1638169288635254 3.9588451385498047 -0.010670623742043972 0.47932371497154236 -0.1422467678785324 0.8660237193107605 0.8974159955978394 0.1132739782333374
1.159414291381836 3.960188865661621 -0.009437448345124722 0.0011291848495602608 0.0037537766620516777 0.999969482421875 0.8974159955978394 0.09306401014328003
1.0076260566711426 3.443756580352783 -0.028455592691898346 0.47932371497154236 -0.1422467678785324 -0.8660237193107605 0.8006060123443604 0.10592502355575562
1.0634081363677979 3.614315986633301 -0.023954547941684723 0.8294015526771545 -0.24915310740470886 -0.4999847412109375 0.8328760266304016 0.10776197910308838
1.1164946556091309 3.785700798034668 -0.01864331215620041 0.9575182199478149 -0.28827783465385437 -0.0 0.8651459813117981 0.1096000075340271
1.1670398712158203 3.9578609466552734 -0.014040148817002773 0.8294015526771545 -0.24915310740470886 0.4999847412109375 0.8974159955978394 0.11143702268600464
1.2158806324005127 4.13054084777832 -0.011283389292657375 0.47929319739341736 -0.1422467678785324 0.8660237193107605 0.9296860098838806 0.1132739782333374
1.2118167877197266 4.131781578063965 -0.010145089589059353 0.0011291848495602608 0.0037537766620516777 0.999969482421875 0.9296860098838806 0.09306401014328003
1.0596895217895508 3.6154513359069824 -0.02784223109483719 0.47932371497154236 -0.1422467678785324 -0.8659932017326355 0.8328760266304016 0.10592502355575562
1.1152232885360718 3.78608775138855 -0.023599691689014435 0.8294015526771545 -0.24915310740470886 -0.4999847412109375 0.8651459813117981 0.10776197910308838
1.1682188510894775 3.9574999809265137 -0.018642984330654144 0.9575182199478149 -0.28827783465385437 -0.0 0.8974159955978394 0.1096000075340271
1.218855857849121 4.129631996154785 -0.014394364319741726 0.8294015526771545 -0.24915310740470886 0.4999542236328125 0.9296860098838806 0.11143702268600464
1.267944574356079 4.302237033843994 -0.011897138319909573 0.47929319739341736 -0.1422467678785324 0.8660237193107605 0.9619560241699219 0.1132739782333374
1.264219045639038 4.303373336791992 -0.010853863321244717 0.0010986663401126862 0.0037537766620516777 0.999969482421875 0.9619560241699219 0.09306401014328003
1.3200089931488037 4.473934650421143 -0.012510008178651333 0.47929319739341736 -0.1422467678785324 0.8660237193107605 0.9942259788513184 0.1132739782333374
1.3166227340698242 4.474969863891602 -0.011561504565179348 0.0010986663401126862 0.0037537766620516777 0.999969482421875 0.9942259788513184 0.09306401014328003
1.3224883079528809 4.473178386688232 -0.015102705918252468 0.8294015526771545 -0.24915310740470886 0.4999542236328125 0.9942259788513184 0.11143702268600464
1.2706718444824219 4.301402568817139 -0.014748594723641872 0.8294015526771545 -0.24915310740470886 0.4999542236328125 0.9619560241699219 0.11143702268600464
1.3233959674835205 4.472901344299316 -0.01864289492368698 0.9575182199478149 -0.28827783465385437 -0.0 0.9942259788513184 0.1096000075340271
1.2716693878173828 4.301097869873047 -0.01864335685968399 0.9575182199478149 -0.28827783465385437 -0.0 0.9619560241699219 0.1096000075340271
1.3224883079528809 4.473178863525391 -0.022184111177921295 0.8294015526771545 -0.24915310740470886 -0.4999847412109375 0.9942259788513184 0.10776197910308838
1.2199440002441406 4.129298686981201 -0.018642671406269073 0.9575182199478149 -0.28827783465385437 -0.0 0.9296860098838806 0.1096000075340271
1.270672082901001 4.301403522491455 -0.022537969052791595 0.8294015526771545 -0.24915310740470886 -0.4999542236328125 0.9619560241699219 0.10776197910308838
1.3200092315673828 4.473935127258301 -0.0247759148478508 0.47926267981529236 -0.1422162503004074 -0.8660542368888855 0.9942259788513184 0.10592502355575562
1.218855619430542 4.129631042480469 -0.02289196103811264 0.8294015526771545 -0.24915310740470886 -0.4999542236328125 0.9296860098838806 0.10776197910308838
1.267944097518921 4.3022356033325195 -0.02538944035768509 0.47926267981529236 -0.1422162503004074 -0.8660237193107605 0.9619560241699219 0.10592502355575562
1.3166227340698242 4.474969863891602 -0.025724314153194427 0.0010986663401126862 0.0037842951714992523 -0.999969482421875 0.9942259788513184 0.10408800840377808
1.1670398712158203 3.9578609466552734 -0.023245684802532196 0.8294015526771545 -0.24915310740470886 -0.4999847412109375 0.8974159955978394 0.10776197910308838
1.2642192840576172 4.303374290466309 -0.026432715356349945 0.0010986663401126862 0.0037842951714992523 -0.999969482421875 0.9619560241699219 0.10408800840377808
1.313236951828003 4.476003170013428 -0.0247759148478508 -0.4769737720489502 0.1497848480939865 -0.8660237193107605 0.9942259788513184 0.10224997997283936
1.2158805131912231 4.130540370941162 -0.02600281685590744 0.47929319739341736 -0.1422467678785324 -0.8660237193107605 0.9296860098838806 0.10592502355575562
1.163816213607788 3.958843231201172 -0.026615329086780548 0.47932371497154236 -0.1422467678785324 -0.8660237193107605 0.8974159955978394 0.10592502355575562
1.2604947090148926 4.304510593414307 -0.02538944035768509 -0.4770042896270752 0.1497848480939865 -0.8660237193107605 0.9619560241699219 0.10224997997283936
1.310758113861084 4.4767608642578125 -0.022184111177921295 -0.827082097530365 0.25669118762016296 -0.4999847412109375 0.9942259788513184 0.10041302442550659
1.2118167877197266 4.131781578063965 -0.02714110165834427 0.0010986663401126862 0.0037537766620516777 -0.999969482421875 0.9296860098838806 0.10408800840377808
1.1117537021636963 3.7871479988098145 -0.0272287055850029 0.47932371497154236 -0.1422467678785324 -0.8659932017326355 0.8651459813117981 0.10592502355575562
1.2577674388885498 4.305344581604004 -0.022537969052791595 -0.82711261510849 0.25669118762016296 -0.4999542236328125 0.9619560241699219 0.10041302442550659
1.3098504543304443 4.4770379066467285 -0.01864289492368698 -0.9552293419837952 0.29584643244743347 -0.0 0.9942259788513184 0.09857600927352905
1.2077540159225464 4.133022308349609 -0.02600281685590744 -0.4770042896270752 0.1497848480939865 -0.8660237193107605 0.9296860098838806 0.10224997997283936
1.159414291381836 3.960188865661621 -0.027848534286022186 0.0011291848495602608 0.0037537766620516777 -0.999969482421875 0.8974159955978394 0.10408800840377808
1.1070117950439453 3.7885961532592773 -0.028556935489177704 0.0011291848495602608 0.0037537766620516777 -0.999969482421875 0.8651459813117981 0.10408800840377808
1.2567696571350098 4.305648326873779 -0.01864335685968399 -0.9552293419837952 0.29581591486930847 -0.0 0.9619560241699219 0.09857600927352905
1.310758113861084 4.4767608642578125 -0.015102705918252468 -0.82711261510849 0.25672170519828796 0.4999542236328125 0.9942259788513184 0.09673798084259033
1.1550116539001465 3.9615321159362793 -0.026615329086780548 -0.4770653247833252 0.1498153656721115 -0.8659932017326355 0.8974159955978394 0.10224997997283936
1.2047784328460693 4.13392972946167 -0.02289196103811264 -0.82711261510849 0.25669118762016296 -0.4999542236328125 0.9296860098838806 0.10041302442550659
1.0546092987060547 3.6170032024383545 -0.029265351593494415 0.0011291848495602608 0.0037537766620516777 -0.999969482421875 0.8328760266304016 0.10408800840377808
1.2577672004699707 4.3053436279296875 -0.014748594723641872 -0.82711261510849 0.25669118762016296 0.4999542236328125 0.9619560241699219 0.09673798084259033
1.3132368326187134 4.4760026931762695 -0.012510008178651333 -0.4770348072052002 0.1497848480939865 0.8659932017326355 0.9942259788513184 0.09490102529525757
1.2036900520324707 4.134262561798096 -0.018642671406269073 -0.9552293419837952 0.29581591486930847 -0.0 0.9296860098838806 0.09857600927352905
1.1022709608078003 3.790043830871582 -0.0272287055850029 -0.4770653247833252 0.1498153656721115 -0.8659932017326355 0.8651459813117981 0.10224997997283936
1.1517901420593262 3.9625182151794434 -0.023245684802532196 -0.827082097530365 0.25669118762016296 -0.4999847412109375 0.8974159955978394 0.10041302442550659
1.002206802368164 3.44541072845459 -0.029973752796649933 0.0011291848495602608 0.0037537766620516777 -0.999969482421875 0.8006060123443604 0.10408800840377808
1.2604951858520508 4.304512023925781 -0.011897138319909573 -0.4770042896270752 0.1497848480939865 0.8660237193107605 0.9619560241699219 0.09490102529525757
1.2047786712646484 4.133930683135986 -0.014394364319741726 -0.827082097530365 0.25669118762016296 0.4999542236328125 0.9296860098838806 0.09673798084259033
1.207754135131836 4.133022785186768 -0.011283389292657375 -0.4770042896270752 0.1497848480939865 0.8659932017326355 0.9296860098838806 0.09490102529525757
1.1506097316741943 3.9628777503967285 -0.018642984330654144 -0.9552293419837952 0.29581591486930847 -0.0 0.8974159955978394 0.09857600927352905
1.049529790878296 3.61855411529541 -0.02784223109483719 -0.4770348072052002 0.1498153656721115 -0.8659932017326355 0.8328760266304016 0.10224997997283936
1.0988010168075562 3.791102886199951 -0.023599691689014435 -0.827082097530365 0.25669118762016296 -0.4999847412109375 0.8651459813117981 0.10041302442550659
1.1517901420593262 3.9625182151794434 -0.014040148817002773 -0.827082097530365 0.25669118762016296 0.4999847412109375 0.8974159955978394 0.09673798084259033
1.1550123691558838 3.961534023284912 -0.010670623742043972 -0.4770348072052002 0.1498153656721115 0.8659932017326355 0.8974159955978394 0.09490102529525757
1.0975303649902344 3.791492223739624 -0.01864331215620041 -0.9552293419837952 0.29581591486930847 -0.0 0.8651459813117981 0.09857600927352905
1.045811414718628 3.61968994140625 -0.023954547941684723 -0.827082097530365 0.25669118762016296 -0.4999847412109375 0.8328760266304016 0.10041302442550659
0.9967890977859497 3.447065830230713 -0.028455592691898346 -0.4770348072052002 0.1497848480939865 -0.8659932017326355 0.8006060123443604 0.10224997997283936
1.0988011360168457 3.7911038398742676 -0.013686037622392178 -0.827082097530365 0.25669118762016296 0.4999542236328125 0.8651459813117981 0.09673798084259033
1.102271318435669 3.7900447845458984 -0.010056904517114162 -0.4770348072052002 0.1498153656721115 0.8659932017326355 0.8651459813117981 0.09490102529525757
1.044450283050537 3.620105266571045 -0.018642760813236237 -0.9552293419837952 0.29581591486930847 -0.0 0.8328760266304016 0.09857600927352905
1.045811653137207 3.6196908950805664 -0.013331822119653225 -0.82711261510849 0.25669118762016296 0.4999542236328125 0.8328760266304016 0.09673798084259033
1.0495301485061646 3.6185550689697266 -0.009443155489861965 -0.4770348072052002 0.1497848480939865 0.8659932017326355 0.8328760266304016 0.09490102529525757
0.9928226470947266 3.4482762813568115 -0.024308420717716217 -0.82711261510849 0.25669118762016296 -0.4999542236328125 0.8006060123443604 0.10041302442550659
0.9498042464256287 3.273817539215088 -0.030681170523166656 0.0011291848495602608 0.0037537766620516777 -0.999969482421875 0.7683359980583191 0.10408800840377808
0.9913708567619324 3.4487197399139404 -0.0186430886387825 -0.9552293419837952 0.29581591486930847 -0.0 0.8006060123443604 0.09857600927352905
0.9928226470947266 3.4482765197753906 -0.012977725826203823 -0.82711261510849 0.25669118762016296 0.4999542236328125 0.8006060123443604 0.09673798084259033
0.9967890977859497 3.447065830230713 -0.008830404840409756 -0.4770348072052002 0.1497848480939865 0.8659932017326355 0.8006060123443604 0.09490102529525757
0.9440479278564453 3.275576114654541 -0.02906910330057144 -0.4770348072052002 0.1497848480939865 -0.8659932017326355 0.7683359980583191 0.10224997997283936
0.8974018096923828 3.1022250652313232 -0.03138957917690277 0.0011291848495602608 0.0037537766620516777 -0.999969482421875 0.7360659837722778 0.10408800840377808
0.9398339986801147 3.2768630981445312 -0.024662263691425323 -0.82711261510849 0.25669118762016296 -0.4999542236328125 0.7683359980583191 0.10041302442550659
0.9382914304733276 3.277334451675415 -0.018642373383045197 -0.9552293419837952 0.29581591486930847 -0.0 0.7683359980583191 0.09857600927352905
0.9398342370986938 3.2768635749816895 -0.012623495422303677 -0.82711261510849 0.25669118762016296 0.4999542236328125 0.7683359980583191 0.09673798084259033
0.9440481662750244 3.2755770683288574 -0.008216655813157558 -0.4770348072052002 0.1497848480939865 0.8659932017326355 0.7683359980583191 0.09490102529525757
0.886844277381897 3.105449676513672 -0.012269399128854275 -0.82711261510849 0.25669118762016296 0.4999542236328125 0.7360659837722778 0.09673798084259033
0.8913070559501648 3.1040873527526855 -0.029681481420993805 -0.4770348072052002 0.1497848480939865 -0.8659932017326355 0.7360659837722778 0.10224997997283936
0.8868443965911865 3.105449914932251 -0.025016136467456818 -0.82711261510849 0.25669118762016296 -0.4999542236328125 0.7360659837722778 0.10041302442550659
0.8852120041847229 3.1059489250183105 -0.018642693758010864 -0.9552293419837952 0.29581591486930847 -0.0 0.7360659837722778 0.09857600927352905
0.83213210105896 2.9345622062683105 -0.018643148243427277 -0.9552293419837952 0.29581591486930847 -0.0 0.7037960290908813 0.09857600927352905
0.8338556289672852 2.9340362548828125 -0.025370001792907715 -0.82711261510849 0.25669118762016296 -0.4999542236328125 0.7037960290908813 0.10041302442550659
0.8449997901916504 2.930633783340454 -0.03209783881902695 0.0011291848495602608 0.0037537766620516777 -0.999969482421875 0.7037960290908813 0.10408800840377808
0.8385658264160156 2.9325976371765137 -0.030294999480247498 -0.4770348072052002 0.1498153656721115 -0.8659932017326355 0.7037960290908813 0.10224997997283936
0.7858250141143799 2.7611093521118164 -0.030908361077308655 -0.4770653247833252 0.1498153656721115 -0.8659932017326355 0.6715260148048401 0.10224997997283936
0.7925972938537598 2.7590410709381104 -0.032806240022182465 0.0011291848495602608 0.0037537766620516777 -0.999969482421875 0.6715260148048401 0.10408800840377808
0.5761135220527649 1.9342422485351562 -0.02909102663397789 0.9563890695571899 -0.2920621335506439 -0.0 0.11844900250434875 0.008185029029846191
0.511353075504303 1.95401930809021 -0.02909102290868759 -0.9563890695571899 0.2920621335506439 -0.0 0.09861200302839279 0.008185029029846191
0.5083011984825134 1.9440258741378784 -0.03341898322105408 -0.9563890695571899 0.2920621335506439 -0.0 0.09861200302839279 0.011497974395751953
0.5730616450309753 1.9242488145828247 -0.033418986946344376 0.9563890695571899 -0.2920621335506439 -0.0 0.11844900250434875 0.011497974395751953
0.5052494406700134 1.934032917022705 -0.029091808944940567 -0.9563890695571899 0.2920621335506439 -0.0 0.09626899659633636 0.013840973377227783
0.5700098872184753 1.9142557382583618 -0.029091812670230865 0.9563890695571899 -0.2920621335506439 -0.0 0.12079200148582458 0.013840973377227783
0.5039853453636169 1.9298936128616333 -0.018642738461494446 -0.9563890695571899 0.2920621335506439 -0.0 0.09295500069856644 0.013840973377227783
0.5687457919120789 1.9101165533065796 -0.018642742186784744 -0.2920621335506439 -0.9563890695571899 -0.0 0.11844900250434875 0.01812499761581421
0.5052492022514343 1.9340320825576782 -0.008194111287593842 -0.20651875436306 -0.6762901544570923 0.7070528268814087 0.09861200302839279 0.021438002586364746
0.5700096487998962 1.9142550230026245 -0.00819411501288414 -0.20651875436306 -0.6762901544570923 0.7070528268814087 0.11844900250434875 0.021438002586364746
0.5083010196685791 1.9440253973007202 -0.0038651619106531143 -0.9563890695571899 0.2920621335506439 -0.0 0.0906120017170906 0.008185029029846191
0.5730615258216858 1.9242483377456665 -0.0038651656359434128 0.9563890695571899 -0.2920621335506439 -0.0 0.12644800543785095 0.008185029029846191
0.5113528370857239 1.9540185928344727 -0.008193324320018291 -0.9563890695571899 0.2920621335506439 -0.0 0.09295500069856644 0.005841970443725586
0.5761132836341858 1.934241533279419 -0.00819332804530859 0.9563890695571899 -0.2920621335506439 -0.0 0.12410499900579453 0.005841970443725586
0.5126172304153442 1.9581587314605713 -0.018642256036400795 -0.9563890695571899 0.2920621335506439 -0.0 0.09626899659633636 0.005841970443725586
0.5773776769638062 1.9383816719055176 -0.018642259761691093 0.9563890695571899 -0.2920621335506439 -0.0 0.12079200148582458 0.005841970443725586
0.7078399062156677 2.3655824661254883 -0.029091667383909225 0.20651875436306 0.6762596368789673 -0.7070833444595337 0.11844900250434875 0.03469198942184448
0.6430794596672058 2.385359525680542 -0.029091663658618927 0.20651875436306 0.6762596368789673 -0.7070833444595337 0.09861200302839279 0.03469198942184448
0.6400278806686401 2.3753669261932373 -0.03341948240995407 -0.9563890695571899 0.2920621335506439 -0.0 0.09861200302839279 0.011497974395751953
0.704788327217102 2.3555898666381836 -0.03341948613524437 0.9563890695571899 -0.2920621335506439 -0.0 0.11844900250434875 0.011497974395751953
0.6369758248329163 2.365372896194458 -0.029091451317071915 -0.9563890695571899 0.2920621335506439 -0.0 0.09626899659633636 0.013840973377227783
0.7017362117767334 2.3455958366394043 -0.029091455042362213 -0.20651875436306 -0.6762596368789673 -0.7070833444595337 0.11844900250434875 0.01481097936630249
0.6357117295265198 2.361233711242676 -0.018642384558916092 -0.2920621335506439 -0.9563890695571899 -0.0 0.09861200302839279 0.01812499761581421
0.7004721760749817 2.341456413269043 -0.01864238828420639 -0.2920621335506439 -0.9563890695571899 -0.0 0.11844900250434875 0.01812499761581421
0.6369758248329163 2.365373134613037 -0.008193614892661572 -0.9563890695571899 0.2920621335506439 -0.0 0.0906120017170906 0.011497974395751953
0.701736330986023 2.3455958366394043 -0.00819361861795187 0.9563890695571899 -0.2920621335506439 -0.0 0.12644800543785095 0.011497974395751953
0.6400277018547058 2.375366449356079 -0.0038656583055853844 -0.9563890695571899 0.2920621335506439 -0.0 0.0906120017170906 0.008185029029846191
0.7047881484031677 2.3555893898010254 -0.003865662030875683 0.9563890695571899 -0.2920621335506439 -0.0 0.12644800543785095 0.008185029029846191
0.6430795192718506 2.385359764099121 -0.008193819783627987 0.20651875436306 0.6762596368789673 0.7070833444595337 0.09861200302839279 0.028065025806427002
0.7078399658203125 2.3655824661254883 -0.008193823508918285 0.20651875436306 0.6762596368789673 0.7070833444595337 0.11844900250434875 0.028065025806427002
0.6443436145782471 2.3894989490509033 -0.018642891198396683 -0.9563890695571899 0.2920621335506439 -0.0 0.09626899659633636 0.005841970443725586
0.709104061126709 2.3697218894958496 -0.01864289492368698 0.2920621335506439 0.9563890695571899 -0.0 0.11844900250434875 0.031378984451293945
0.8370400071144104 2.7886500358581543 -0.029091164469718933 0.9563890695571899 -0.2920621335506439 -0.0 0.11844900250434875 0.008185029029846191
0.7722795605659485 2.808427333831787 -0.029091164469718933 0.20651875436306 0.6762901544570923 -0.7070833444595337 0.09861200302839279 0.008185029029846191
0.7692276835441589 2.798433780670166 -0.03342011570930481 -0.0 0.0 -1.0 0.09861200302839279 0.011497974395751953
0.8339881300926208 2.7786567211151123 -0.03342011570930481 0.9563890695571899 -0.2920621335506439 -0.0 0.11844900250434875 0.011497974395751953
0.7661759257316589 2.788440704345703 -0.02909194678068161 -0.20651875436306 -0.6762596368789673 -0.7070833444595337 0.09861200302839279 0.01481097936630249
0.8309363722801208 2.7686636447906494 -0.02909194678068161 0.9563890695571899 -0.2920621335506439 -0.0 0.12079200148582458 0.013840973377227783
0.7649118304252625 2.784301519393921 -0.018642880022525787 -0.9563890695571899 0.2920621335506439 -0.0 0.09295500069856644 0.013840973377227783
0.8296722769737244 2.764524459838867 -0.018642880022525787 0.9563890695571899 -0.2920621335506439 -0.0 0.12410499900579453 0.013840973377227783
0.7661759853363037 2.7884409427642822 -0.008194110356271267 -0.20651875436306 -0.6762596368789673 0.7071138620376587 0.09861200302839279 0.021438002586364746
0.8309364318847656 2.7686638832092285 -0.008194110356271267 -0.20651875436306 -0.6762596368789673 0.7071138620376587 0.11844900250434875 0.021438002586364746
0.7692278623580933 2.798434257507324 -0.0038661500439047813 -0.9563890695571899 0.2920621335506439 -0.0 0.0906120017170906 0.008185029029846191
0.8339883089065552 2.7786571979522705 -0.0038661500439047813 -0.0 0.0 1.0 0.11844900250434875 0.024752020835876465
0.7722796201705933 2.808427333831787 -0.008193320594727993 -0.9563890695571899 0.2920621335506439 -0.0 0.09295500069856644 0.005841970443725586
0.8370400667190552 2.7886505126953125 -0.008194311521947384 0.9563890695571899 -0.2920621335506439 -0.0 0.12410499900579453 0.005841970443725586
0.7735437154769897 2.8125667572021484 -0.018642395734786987 0.2920621335506439 0.9563890695571899 -0.0 0.09861200302839279 0.031378984451293945
0.8383041620254517 2.7927894592285156 -0.018642395734786987 0.2920621335506439 0.9563890695571899 -0.0 0.11844900250434875 0.031378984451293945
0.9675034284591675 3.2158546447753906 -0.029091648757457733 0.20651875436306 0.6762596368789673 -0.7071138620376587 0.11844900250434875 0.008185029029846191
0.9027429819107056 3.2356314659118652 -0.029091648757457733 -0.9563890695571899 0.2920621335506439 -0.0 0.09861200302839279 0.008185029029846191
0.899691104888916 3.2256381511688232 -0.033419616520404816 -0.0 0.0 -1.0 0.09861200302839279 0.011497974395751953
0.9644515514373779 3.2058610916137695 -0.033419616520404816 0.9563890695571899 -0.2920621335506439 -0.0 0.11844900250434875 0.011497974395751953
0.8966392278671265 3.2156448364257812 -0.02909144014120102 -0.20651875436306 -0.6762596368789673 -0.7070833444595337 0.09861200302839279 0.01481097936630249
0.9613997340202332 3.1958680152893066 -0.02909144014120102 0.9563890695571899 -0.2920621335506439 -0.0 0.12079200148582458 0.013840973377227783
0.8953751921653748 3.211505889892578 -0.018642380833625793 -0.2920621335506439 -0.9563890695571899 -0.0 0.09861200302839279 0.01812499761581421
0.9601356983184814 3.1917285919189453 -0.018642380833625793 -0.2920621335506439 -0.9563890695571899 -0.0 0.11844900250434875 0.01812499761581421
0.896639347076416 3.2156453132629395 -0.008193603716790676 -0.20651875436306 -0.6762596368789673 0.7071138620376587 0.09861200302839279 0.021438002586364746
0.9613997936248779 3.1958680152893066 -0.008193603716790676 -0.20651875436306 -0.6762596368789673 0.7071138620376587 0.11844900250434875 0.021438002586364746
0.8996912240982056 3.2256386280059814 -0.0038656508550047874 -0.9563890695571899 0.2920621335506439 -0.0 0.0906120017170906 0.008185029029846191
0.9644516706466675 3.2058615684509277 -0.0038656508550047874 0.9563890695571899 -0.2920621335506439 -0.0 0.12644800543785095 0.008185029029846191
0.9027429819107056 3.2356319427490234 -0.00819381233304739 0.20651875436306 0.6762596368789673 0.7070833444595337 0.09861200302839279 0.028065025806427002
0.9675034880638123 3.2158546447753906 -0.00819381233304739 0.20651875436306 0.6762596368789673 0.7070833444595337 0.11844900250434875 0.028065025806427002
0.904007077217102 3.2397711277008057 -0.018642880022525787 0.2920621335506439 0.9563890695571899 -0.0 0.09861200302839279 0.031378984451293945
0.9687675833702087 3.219994068145752 -0.018642880022525787 0.2920621335506439 0.9563890695571899 -0.0 0.11844900250434875 0.031378984451293945
1.0979669094085693 3.643059015274048 -0.029092155396938324 0.20651875436306 0.6762596368789673 -0.7070833444595337 0.11844900250434875 0.008185029029846191
1.0332074165344238 3.6628358364105225 -0.029092155396938324 0.20651875436306 0.6762596368789673 -0.7070833444595337 0.09861200302839279 0.008185029029846191
1.0301554203033447 3.6528425216674805 -0.03342010825872421 -0.9563890695571899 0.2920621335506439 -0.0 0.09861200302839279 0.011497974395751953
1.0949149131774902 3.633065700531006 -0.03342010825872421 0.9563890695571899 -0.2920621335506439 -0.0 0.11844900250434875 0.011497974395751953
1.0271036624908447 3.6428494453430176 -0.029091961681842804 -0.9563890695571899 0.2920621335506439 -0.0 0.09626899659633636 0.013840973377227783
1.0918631553649902 3.623072624206543 -0.029091961681842804 0.9563890695571899 -0.2920621335506439 -0.0 0.12079200148582458 0.013840973377227783
1.0258393287658691 3.63870906829834 -0.018643014132976532 -0.2920621335506439 -0.9563890695571899 -3.0518509447574615e-05 0.09861200302839279 0.01812499761581421
1.0905988216400146 3.6189322471618652 -0.018643014132976532 -0.2920621335506439 -0.9563890695571899 -3.0518509447574615e-05 0.11844900250434875 0.01812499761581421
1.0271034240722656 3.642848491668701 -0.008194259367883205 -0.9563890695571899 0.2920621335506439 -0.0 0.0906120017170906 0.011497974395751953
1.0918629169464111 3.6230716705322266 -0.008194259367883205 -0.20651875436306 -0.6762596368789673 0.7071138620376587 0.11844900250434875 0.021438002586364746
1.0301554203033447 3.6528420448303223 -0.003866291604936123 -0.9563890695571899 0.2920621335506439 -0.0 0.0906120017170906 0.008185029029846191
1.0949149131774902 3.6330652236938477 -0.003866291604936123 0.9563890695571899 -0.2920621335506439 -0.0 0.12644800543785095 0.008185029029846191
1.0332071781158447 3.662835121154785 -0.008194438181817532 -0.9563890695571899 0.2920621335506439 -0.0 0.09295500069856644 0.005841970443725586
1.0979666709899902 3.6430583000183105 -0.008194438181817532 0.9563890695571899 -0.2920621335506439 -0.0 0.12410499900579453 0.005841970443725586
1.0344715118408203 3.666975259780884 -0.018642403185367584 0.2920621335506439 0.9563890695571899 6.103701889514923e-05 0.09861200302839279 0.031378984451293945
1.0992310047149658 3.647198438644409 -0.018642403185367584 0.2920621335506439 0.9563890695571899 6.103701889514923e-05 0.11844900250434875 0.031378984451293945
1.2292261123657227 4.072869777679443 -0.02909179776906967 0.9563890695571899 -0.2920621335506439 -0.0 0.11844900250434875 0.008185029029846191
1.1644666194915771 4.092646598815918 -0.02909179776906967 0.20651875436306 0.6762596368789673 -0.7070833444595337 0.09861200302839279 0.03469198942184448
1.1614151000976562 4.082653999328613 -0.033419616520404816 -0.0 0.0 -1.0 0.09861200302839279 0.011497974395751953
1.2261745929718018 4.062877178192139 -0.033419616520404816 -0.0 0.0 -1.0 0.11844900250434875 0.011497974395751953
1.1583631038665771 4.072659969329834 -0.029091589152812958 -0.9563890695571899 0.2920621335506439 -0.0 0.09626899659633636 0.013840973377227783
1.2231225967407227 4.052883148193359 -0.029091589152812958 0.9563890695571899 -0.2920621335506439 -0.0 0.12079200148582458 0.013840973377227783
1.1570990085601807 4.068521022796631 -0.018643520772457123 -0.2920621335506439 -0.9563890695571899 -0.0 0.09861200302839279 0.01812499761581421
1.2218585014343262 4.048744201660156 -0.018643520772457123 0.9563890695571899 -0.2920621335506439 -0.0 0.12410499900579453 0.013840973377227783
1.1583631038665771 4.072659969329834 -0.008193752728402615 -0.20651875436306 -0.6762596368789673 0.7070833444595337 0.09861200302839279 0.021438002586364746
1.2231225967407227 4.052883148193359 -0.008193752728402615 0.9563890695571899 -0.2920621335506439 -0.0 0.12644800543785095 0.011497974395751953
1.1614148616790771 4.082653522491455 -0.003865799866616726 -0.9563890695571899 0.2920621335506439 -0.0 0.0906120017170906 0.008185029029846191
1.2261743545532227 4.0628767013549805 -0.003865799866616726 0.9563890695571899 -0.2920621335506439 -0.0 0.12644800543785095 0.008185029029846191
1.1644668579101562 4.092647075653076 -0.008193946443498135 -0.9563890695571899 0.2920621335506439 -0.0 0.09295500069856644 0.005841970443725586
1.2292263507843018 4.072870254516602 -0.008193946443498135 0.9563890695571899 -0.2920621335506439 -0.0 0.12410499900579453 0.005841970443725586
1.1657308340072632 4.096786022186279 -0.018643014132976532 0.2920621335506439 0.9563890695571899 -0.0 0.09861200302839279 0.031378984451293945
1.2304903268814087 4.077009201049805 -0.018643014132976532 0.9563890695571899 -0.2920621335506439 -0.0 0.12079200148582458 0.005841970443725586
1.3519442081451416 4.474711894989014 -0.029092304408550262 0.20651875436306 0.6762291193008423 -0.7071138620376587 0.11844900250434875 0.008185029029846191
1.287184715270996 4.494488716125488 -0.029092304408550262 0.20651875436306 0.6762291193008423 -0.7071138620376587 0.09861200302839279 0.008185029029846191
1.284132957458496 4.484495639801025 -0.03342025727033615 -0.0 0.0 -1.0 0.09861200302839279 0.011497974395751953
1.3488924503326416 4.464718818664551 -0.03342025727033615 0.9563890695571899 -0.2920621335506439 -0.0 0.11844900250434875 0.011497974395751953
1.281081199645996 4.4745025634765625 -0.02909209579229355 -0.20651875436306 -0.6762596368789673 -0.7070833444595337 0.09861200302839279 0.01481097936630249
1.3458406925201416 4.454725742340088 -0.02909209579229355 -0.20651875436306 -0.6762596368789673 -0.7070833444595337 0.11844900250434875 0.01481097936630249
1.2798171043395996 4.470363140106201 -0.018643014132976532 -0.2920621335506439 -0.9563890695571899 -0.0 0.09861200302839279 0.01812499761581421
1.3445765972137451 4.450586318969727 -0.018643014132976532 -0.2920621335506439 -0.9563890695571899 -0.0 0.11844900250434875 0.01812499761581421
1.281081199645996 4.4745025634765625 -0.008194244466722012 -0.20651875436306 -0.6762596368789673 0.7070833444595337 0.09861200302839279 0.021438002586364746
1.3458406925201416 4.454725742340088 -0.008194244466722012 -0.20651875436306 -0.6762596368789673 0.7070833444595337 0.11844900250434875 0.021438002586364746
1.2841330766677856 4.484496116638184 -0.003866291604936123 -0.0 0.0 1.0 0.09861200302839279 0.024752020835876465
1.3488925695419312 4.464719295501709 -0.003866291604936123 -0.0 0.0 1.0 0.11844900250434875 0.024752020835876465
1.2871849536895752 4.4944891929626465 -0.008194438181817532 0.20651875436306 0.6762596368789673 0.7070833444595337 0.09861200302839279 0.028065025806427002
1.3519444465637207 4.474712371826172 -0.008194438181817532 0.20651875436306 0.6762596368789673 0.7070833444595337 0.11844900250434875 0.028065025806427002
1.2884490489959717 4.498628616333008 -0.018643520772457123 0.2920621335506439 0.9563890695571899 -0.0 0.09861200302839279 0.031378984451293945
1.3532085418701172 4.478851795196533 -0.018643520772457123 0.2920621335506439 0.9563890695571899 -0.0 0.11844900250434875 0.031378984451293945
0.9410216808319092 1.8167691230773926 -0.0233205147087574 0.20651875436306 0.6762596368789673 -0.7070833444595337 0.4573569893836975 0.0986739993095398
0.1430724859237671 2.0604538917541504 -0.023320481181144714 0.20651875436306 0.6762596368789673 -0.7070833444595337 0.32707399129867554 0.0987120270729065
0.1417061686515808 2.0559797286987305 -0.02525782212615013 -0.0 0.0 -0.999969482421875 0.32705798745155334 0.10098600387573242
0.9396553635597229 1.8122950792312622 -0.025257855653762817 0.9563890695571899 -0.2920621335506439 -0.0 0.4573409855365753 0.10094797611236572
0.14033985137939453 2.0515058040618896 -0.0233206395059824 -0.9563890695571899 0.2920621335506439 -0.0 0.3254390060901642 0.10258299112319946
0.9382890462875366 1.8078210353851318 -0.023320671170949936 0.9563890695571899 -0.2920621335506439 -0.0 0.45893698930740356 0.10256701707839966
0.13977399468421936 2.0496530532836914 -0.01864265464246273 -0.9563890695571899 0.2920621335506439 -0.0 0.32316499948501587 0.10256701707839966
0.9377231597900391 1.805968165397644 -0.018642686307430267 0.9563890695571899 -0.2920621335506439 -0.0 0.4612109959125519 0.10258299112319946
0.14033979177474976 2.0515055656433105 -0.013964624144136906 -0.9563890695571899 0.2920621335506439 -0.0 0.3215689957141876 0.10094797611236572
0.9382889866828918 1.8078209161758423 -0.013964655809104443 0.9563890695571899 -0.2920621335506439 -0.0 0.4628300070762634 0.10098600387573242
0.14170610904693604 2.0559797286987305 -0.012027284130454063 -0.0 0.0 0.999969482421875 0.32699498534202576 0.1100810170173645
0.9396553039550781 1.8122949600219727 -0.0120273157954216 -0.0 0.0 1.0 0.4572780132293701 0.1100429892539978
0.14307242631912231 2.0604536533355713 -0.013964465819299221 0.20651875436306 0.6762596368789673 0.7071138620376587 0.32697901129722595 0.11235499382019043
0.9410216212272644 1.8167688846588135 -0.013964497484266758 0.20651875436306 0.6762596368789673 0.7071138620376587 0.4572620093822479 0.1123170256614685
0.14363828301429749 2.0623066425323486 -0.018642451614141464 0.2920621335506439 0.9563890695571899 -0.0 0.32696399092674255 0.11462897062301636
0.9415874481201172 1.8186217546463013 -0.018642483279109 0.2920621335506439 0.9563890695571899 -0.0 0.45724600553512573 0.11459100246429443
1.052793025970459 2.2541799545288086 -0.023320283740758896 0.9563890695571899 -0.2920621335506439 -0.0 0.45749399065971375 0.06370097398757935
0.29474204778671265 2.485680103302002 -0.023320253938436508 -0.9563890695571899 0.2920621335506439 -0.0 0.33048099279403687 0.06373697519302368
0.29337576031684875 2.4812064170837402 -0.025258589535951614 -0.9563890695571899 0.2920621335506439 -0.0 0.33046600222587585 0.06595402956008911
1.051426649093628 2.2497060298919678 -0.025258619338274002 0.9563890695571899 -0.2920621335506439 -0.0 0.45747900009155273 0.06591802835464478
0.2920094132423401 2.4767322540283203 -0.023320414125919342 -0.20651875436306 -0.6763206720352173 -0.7070528268814087 0.33045101165771484 0.06817102432250977
1.0500602722167969 2.245231866836548 -0.02332044392824173 0.9563890695571899 -0.2920621335506439 -0.0 0.4590359926223755 0.06749600172042847
0.2914435863494873 2.474879264831543 -0.018642425537109375 -0.2920621335506439 -0.9563890695571899 6.103701889514923e-05 0.3304370045661926 0.07038700580596924
1.0494945049285889 2.2433791160583496 -0.018642455339431763 0.9563890695571899 -0.2920621335506439 -0.0 0.46125298738479614 0.06751102209091187
0.2920096516609192 2.4767329692840576 -0.013964257203042507 -0.206488236784935 -0.6761986017227173 0.7071443796157837 0.3304220139980316 0.07260400056838989
1.050060510635376 2.245232582092285 -0.013964287005364895 -0.206488236784935 -0.6761986017227173 0.7071443796157837 0.4574339985847473 0.07256799936294556
0.29337596893310547 2.4812068939208984 -0.01202691625803709 -0.9563890695571899 0.2920621335506439 -0.0 0.32512998580932617 0.06370097398757935
1.051426887512207 2.249706745147705 -0.012026946060359478 0.9563890695571899 -0.2920621335506439 -0.0 0.4628460109233856 0.06373697519302368
0.29474228620529175 2.4856810569763184 -0.013964100740849972 -0.9563890695571899 0.2920621335506439 -0.0 0.32670798897743225 0.06214398145675659
1.052793025970459 2.2541799545288086 -0.013964268378913403 0.9563890695571899 -0.2920621335506439 -0.0 0.4612889885902405 0.06215900182723999
0.2953081429004669 2.4875340461730957 -0.018642079085111618 0.2920621335506439 0.9563890695571899 -6.103701889514923e-05 0.3303770124912262 0.07925397157669067
1.053359031677246 2.2560336589813232 -0.018643103539943695 0.2920621335506439 0.9563890695571899 -6.103701889514923e-05 0.4573889970779419 0.07921797037124634
1.1630359888076782 2.683013916015625 -0.02332090586423874 0.20651875436306 0.6762901544570923 -0.7070833444595337 0.45762899518013 0.028442978858947754
0.44288644194602966 2.9029393196105957 -0.02332087606191635 -0.9563890695571899 0.2920621335506439 -0.0 0.3338020145893097 0.028478026390075684
0.44152018427848816 2.898465633392334 -0.02525821328163147 -0.9563890695571899 0.2920621335506439 -0.0 0.3337880074977875 0.03063899278640747
1.1616696119308472 2.678539991378784 -0.025258243083953857 0.9563890695571899 -0.2920621335506439 -0.0 0.457614004611969 0.030605018138885498
0.4401538372039795 2.893991470336914 -0.023321017622947693 -0.9563890695571899 0.2920621335506439 -0.0 0.3322489857673645 0.03215700387954712
1.1603033542633057 2.6740658283233643 -0.02332104742527008 0.9563890695571899 -0.2920621335506439 -0.0 0.45913198590278625 0.0321429967880249
0.4395879805088043 2.8921384811401367 -0.018643036484718323 -0.9563890695571899 0.2920621335506439 -0.0 0.3300879895687103 0.0321429967880249
1.1597371101379395 2.6722121238708496 -0.018643200397491455 0.9563890695571899 -0.2920621335506439 -0.0 0.4612939953804016 0.03215700387954712
0.4401537775993347 2.893991231918335 -0.013965009711682796 -0.9563890695571899 0.2920621335506439 -0.0 0.32857000827789307 0.030605018138885498
1.1603032350540161 2.674065589904785 -0.013965039514005184 0.9563890695571899 -0.2920621335506439 -0.0 0.4628320038318634 0.03063899278640747
0.441520094871521 2.898465156555176 -0.012026681564748287 -0.9563890695571899 0.2920621335506439 -0.0 0.3285839855670929 0.028442978858947754
1.1616694927215576 2.678539514541626 -0.012026711367070675 0.9563890695571899 -0.2920621335506439 -0.0 0.4628460109233856 0.028478026390075684
0.4428864121437073 2.9029393196105957 -0.013964853249490261 -0.9563890695571899 0.2920621335506439 -0.0 0.33012300729751587 0.02692502737045288
1.1630358695983887 2.683013677597046 -0.013964883051812649 0.9563890695571899 -0.2920621335506439 -0.0 0.46132799983024597 0.026938974857330322
0.44345226883888245 2.904792070388794 -0.018642835319042206 -0.9563890695571899 0.2920621335506439 -0.0 0.33228400349617004 0.026938974857330322
1.1636017560958862 2.684866428375244 -0.018642865121364594 0.2920621335506439 0.9563890695571899 -0.0 0.4575290083885193 0.04357099533081055
1.275489091873169 3.115694046020508 -0.023320667445659637 0.9563890695571899 -0.2920621335506439 -0.0 0.6118969917297363 0.06407302618026733
0.5913475751876831 3.3246231079101562 -0.02332063764333725 -0.9563890695571899 0.2920621335506439 -0.0 0.4911760091781616 0.06410497426986694
0.5899813175201416 3.3201491832733154 -0.02525796741247177 -0.0 0.0 -1.0 0.4911620020866394 0.066211998462677
1.2741228342056274 3.111220359802246 -0.025258980691432953 0.9563890695571899 -0.2920621335506439 -0.0 0.6118839979171753 0.06617999076843262
0.5886149406433105 3.3156752586364746 -0.023320801556110382 -0.20651875436306 -0.6762596368789673 -0.7070833444595337 0.49114900827407837 0.06831902265548706
1.2727564573287964 3.106745958328247 -0.02332083135843277 0.9563890695571899 -0.2920621335506439 -0.0 0.6133639812469482 0.06767898797988892
0.5880491137504578 3.3138222694396973 -0.018642820417881012 -0.9563890695571899 0.2920621335506439 -0.0 0.48755601048469543 0.06767898797988892
1.2721905708312988 3.104893207550049 -0.0186428502202034 0.9563890695571899 -0.2920621335506439 -0.0 0.6154710054397583 0.06769198179244995
0.5886149406433105 3.3156752586364746 -0.013964771293103695 -0.9563890695571899 0.2920621335506439 -0.0 0.4860750138759613 0.06617999076843262
1.2727564573287964 3.106745958328247 -0.013964801095426083 0.9563890695571899 -0.2920621335506439 -0.0 0.6169700026512146 0.066211998462677
0.5899815559387207 3.3201498985290527 -0.012027292512357235 -0.9563890695571899 0.2920621335506439 -0.0 0.48608899116516113 0.06407302618026733
1.274122714996338 3.111219882965088 -0.012027471326291561 -0.0 0.0 1.0 0.6118299961090088 0.07460802793502808
0.5913475751876831 3.3246231079101562 -0.01396461483091116 -0.9563890695571899 0.2920621335506439 -0.0 0.48758798837661743 0.0625920295715332
1.275489091873169 3.115694046020508 -0.013964644633233547 0.9563890695571899 -0.2920621335506439 -0.0 0.6155040264129639 0.06260597705841064
0.5919137001037598 3.32647705078125 -0.01864246279001236 -0.9563890695571899 0.2920621335506439 -0.0 0.4896950125694275 0.06260597705841064
1.2760552167892456 3.1175477504730225 -0.018642492592334747 0.9563890695571899 -0.2920621335506439 -0.0 0.6133970022201538 0.0625920295715332
1.372593879699707 3.5530624389648438 -0.02332129329442978 0.20651875436306 0.6762596368789673 -0.7070833444595337 0.6065490245819092 0.05277597904205322
0.7551555037498474 3.741621494293213 -0.02332126349210739 0.20651875436306 0.6762596368789673 -0.7070833444595337 0.4918000102043152 0.05280500650405884
0.753788948059082 3.7371463775634766 -0.02525874227285385 -0.9563890695571899 0.2920621335506439 -0.0 0.4918839931488037 0.03878599405288696
1.3712273836135864 3.5485877990722656 -0.02525877207517624 0.9563890695571899 -0.2920621335506439 -0.0 0.6066319942474365 0.03875702619552612
0.7524228096008301 3.732673168182373 -0.02332044392824173 -0.9563890695571899 0.2920621335506439 -0.0 0.49045899510383606 0.04019397497177124
1.3698612451553345 3.544114351272583 -0.023320473730564117 0.9563890695571899 -0.2920621335506439 -0.0 0.6080399751663208 0.04018199443817139
0.7518567442893982 3.7308194637298584 -0.01864258199930191 -0.2920621335506439 -0.9563890695571899 -0.0 0.4918600022792816 0.04279202222824097
1.3692951202392578 3.5422606468200684 -0.018642611801624298 -0.2920621335506439 -0.9563890695571899 -0.0 0.606607973575592 0.04276299476623535
0.7524228096008301 3.732673168182373 -0.013964406214654446 -0.206488236784935 -0.6762291193008423 0.7071138620376587 0.4918479919433594 0.04479402303695679
1.3698612451553345 3.544114351272583 -0.013965434394776821 -0.206488236784935 -0.6762291193008423 0.7071138620376587 0.6065959930419922 0.044766008853912354
0.7537891268730164 3.737147092819214 -0.01202706154435873 -0.9563890695571899 0.2920621335506439 -0.0 0.4870609939098358 0.0367550253868103
1.371227502822876 3.548588275909424 -0.012027091346681118 0.9563890695571899 -0.2920621335506439 -0.0 0.6114789843559265 0.03678297996520996
0.7551554441452026 3.741621255874634 -0.013965255580842495 -0.9563890695571899 0.2920621335506439 -0.0 0.4884850084781647 0.03534698486328125
1.372593879699707 3.5530624389648438 -0.013965285383164883 0.9563890695571899 -0.2920621335506439 -0.0 0.6100710034370422 0.03535902500152588
0.7557213306427002 3.743474006652832 -0.01864323765039444 0.2920621335506439 0.9563890695571899 -0.0 0.49181199073791504 0.050801992416381836
1.3731597661972046 3.554915428161621 -0.018643267452716827 0.2920621335506439 0.9563890695571899 -0.0 0.6065599918365479 0.0507739782333374
1.4884108304977417 3.9875659942626953 -0.023321054875850677 0.20651875436306 0.6762901544570923 -0.7070833444595337 0.6122699975967407 0.007466018199920654
0.9018454551696777 4.166696548461914 -0.02332102507352829 0.20651875436306 0.6762596368789673 -0.7070833444595337 0.5003949999809265 0.007492005825042725
0.9004791975021362 4.162222862243652 -0.025258369743824005 -0.9563890695571899 0.2920621335506439 -0.0 0.5003839731216431 0.009445011615753174
1.4870445728302002 3.9830923080444336 -0.025258399546146393 0.9563890695571899 -0.2920316159725189 -0.0 0.6122589707374573 0.009418010711669922
0.8991127610206604 4.157748222351074 -0.023321203887462616 -0.20651875436306 -0.6762596368789673 -0.7070833444595337 0.5003730058670044 0.011398017406463623
1.4856781959533691 3.9786176681518555 -0.023321233689785004 0.9563890695571899 -0.2920316159725189 -0.0 0.6136320233345032 0.01080697774887085
0.8985469937324524 4.155895709991455 -0.018643192946910858 -0.2920621335506439 -0.9563890695571899 -0.0 0.5003610253334045 0.01335000991821289
1.4851124286651611 3.9767651557922363 -0.018643222749233246 -0.2920621335506439 -0.9563890695571899 -0.0 0.6122369766235352 0.013323009014129639
0.8991127610206604 4.157748222351074 -0.013965166173875332 -0.20651875436306 -0.6763206720352173 0.7070223093032837 0.5003499984741211 0.01530301570892334
1.4856781959533691 3.9786176681518555 -0.01396519597619772 -0.20651875436306 -0.6763206720352173 0.7070223093032837 0.6122260093688965 0.015276014804840088
0.9004790186882019 4.162222385406494 -0.012026838026940823 -0.9563890695571899 0.2920621335506439 -0.0 0.4956809878349304 0.007466018199920654
1.4870444536209106 3.9830918312072754 -0.012027851305902004 -0.0 0.0 1.0 0.612214982509613 0.017229020595550537
0.901845395565033 4.166696548461914 -0.013965017162263393 -0.9563890695571899 0.2920621335506439 -0.0 0.49706900119781494 0.006093025207519531
1.4884108304977417 3.9875659942626953 -0.013965046964585781 0.20651875436306 0.6762596368789673 0.7070833444595337 0.6122030019760132 0.019181013107299805
0.9024112820625305 4.168549537658691 -0.018642999231815338 0.2920621335506439 0.9563890695571899 -0.0 0.5003169775009155 0.021161019802093506
1.4889767169952393 3.9894189834594727 -0.018643029034137726 0.2920621335506439 0.9563890695571899 -0.0 0.6121919751167297 0.021134018898010254
1.5964579582214355 4.393864631652832 -0.02332083135843277 0.20651875436306 0.6762596368789673 -0.7070833444595337 0.4492889940738678 0.017383992671966553
1.0392199754714966 4.5640387535095215 -0.023320801556110382 0.20651875436306 0.6762596368789673 -0.7070833444595337 0.34021300077438354 0.017409026622772217
1.037853717803955 4.55956506729126 -0.02525912970304489 -0.9563890695571899 0.2920621335506439 -0.0 0.34028398990631104 0.004082977771759033
1.595091700553894 4.389390468597412 -0.02525915950536728 0.9563890695571899 -0.2920621335506439 -0.0 0.4493600130081177 0.0040580034255981445
1.036487340927124 4.55509090423584 -0.02332095056772232 -0.20651875436306 -0.6762901544570923 -0.7070528268814087 0.34027400612831116 0.005986988544464111
1.593725323677063 4.384916305541992 -0.023320980370044708 0.9563890695571899 -0.2920621335506439 -0.0 0.45069900155067444 0.005411982536315918
1.035921573638916 4.5532379150390625 -0.01864296942949295 -0.2920621335506439 -0.9563890695571899 6.103701889514923e-05 0.3402639925479889 0.007889986038208008
1.5931594371795654 4.383063316345215 -0.018642999231815338 -0.2920621335506439 -0.9563890695571899 6.103701889514923e-05 0.44933998584747314 0.0078660249710083
1.0364875793457031 4.555091857910156 -0.01396480854600668 -0.206488236784935 -0.6761986017227173 0.7071443796157837 0.340254008769989 0.009793996810913086
1.593725562095642 4.384917259216309 -0.013964838348329067 -0.206488236784935 -0.6761986017227173 0.7071443796157837 0.44933000206947327 0.009769022464752197
1.0378539562225342 4.559565544128418 -0.012027463875710964 -0.9563890695571899 0.2920621335506439 -0.0 0.3356989920139313 0.0021539926528930664
1.5950918197631836 4.38939094543457 -0.012027493678033352 0.9563890695571899 -0.2920621335506439 -0.0 0.45396700501441956 0.0021790266036987305
1.0392203330993652 4.564039707183838 -0.013964629732072353 0.20651875436306 0.6762596368789673 0.7071138620376587 0.3402329981327057 0.013602018356323242
1.5964581966400146 4.393865585327148 -0.013964659534394741 0.9563890695571899 -0.2920621335506439 -0.0 0.4526279866695404 0.0008260011672973633
1.0397861003875732 4.565892696380615 -0.018642626702785492 0.2920621335506439 0.9563890695571899 -6.103701889514923e-05 0.3402230143547058 0.015505015850067139
1.5970240831375122 4.395718097686768 -0.01864265650510788 0.2920621335506439 0.9563890695571899 -6.103701889514923e-05 0.44929900765419006 0.015480995178222656
0.5687457919120789 1.9101165533065796 -0.018642742186784744 0.9563890695571899 -0.2920621335506439 -0.0 0.12410499900579453 0.013840973377227783
0.5700096487998962 1.9142550230026245 -0.00819411501288414 0.9563890695571899 -0.2920621335506439 -0.0 0.12644800543785095 0.011497974395751953
1.595091700553894 4.389390468597412 -0.02525915950536728 -0.0 0.0 -1.0 0.4493600130081177 0.0040580034255981445
1.593725323677063 4.384916305541992 -0.023320980370044708 -0.20651875436306 -0.6762901544570923 -0.7070528268814087 0.4493499994277954 0.005962014198303223
1.1644666194915771 4.092646598815918 -0.02909179776906967 -0.9563890695571899 0.2920621335506439 -0.0 0.09861200302839279 0.008185029029846191
1.1614151000976562 4.082653999328613 -0.033419616520404816 -0.9563890695571899 0.2920621335506439 -0.0 0.09861200302839279 0.011497974395751953
0.8309364318847656 2.7686638832092285 -0.008194110356271267 0.9563890695571899 -0.2920621335506439 -0.0 0.12644800543785095 0.011497974395751953
0.8339883089065552 2.7786571979522705 -0.0038661500439047813 0.9563890695571899 -0.2920621335506439 -0.0 0.12644800543785095 0.008185029029846191
0.9601356983184814 3.1917285919189453 -0.018642380833625793 0.9563890695571899 -0.2920621335506439 -0.0 0.12410499900579453 0.013840973377227783
0.9613997936248779 3.1958680152893066 -0.008193603716790676 0.9563890695571899 -0.2920621335506439 -0.0 0.12644800543785095 0.011497974395751953
1.1603032350540161 2.674065589904785 -0.013965039514005184 -0.20651875436306 -0.6762901544570923 0.7070528268814087 0.45757201313972473 0.037087976932525635
1.1616694927215576 2.678539514541626 -0.012026711367070675 -0.0 0.0 1.0 0.45755699276924133 0.0392490029335022
0.9027429819107056 3.2356319427490234 -0.00819381233304739 -0.9563890695571899 0.2920621335506439 -0.0 0.09295500069856644 0.005841970443725586
0.904007077217102 3.2397711277008057 -0.018642880022525787 -0.9563890695571899 0.2920621335506439 -0.0 0.09626899659633636 0.005841970443725586
0.7692276835441589 2.798433780670166 -0.03342011570930481 -0.9563890695571899 0.2920621335506439 -0.0 0.09861200302839279 0.011497974395751953
0.7661759257316589 2.788440704345703 -0.02909194678068161 -0.9563890695571899 0.2920621335506439 -0.0 0.09626899659633636 0.013840973377227783
1.0905988216400146 3.6189322471618652 -0.018643014132976532 0.9563890695571899 -0.2920621335506439 -0.0 0.12410499900579453 0.013840973377227783
1.0918629169464111 3.6230716705322266 -0.008194259367883205 0.9563890695571899 -0.2920621335506439 -0.0 0.12644800543785095 0.011497974395751953
1.284132957458496 4.484495639801025 -0.03342025727033615 -0.9563890695571899 0.2920621335506439 -0.0 0.09861200302839279 0.011497974395751953
1.281081199645996 4.4745025634765625 -0.02909209579229355 -0.9563890695571899 0.2920621335506439 -0.0 0.09626899659633636 0.013840973377227783
0.7078399658203125 2.3655824661254883 -0.008193823508918285 0.9563890695571899 -0.2920621335506439 -0.0 0.12410499900579453 0.005841970443725586
0.709104061126709 2.3697218894958496 -0.01864289492368698 0.9563890695571899 -0.2920621335506439 -0.0 0.12079200148582458 0.005841970443725586
0.9396553039550781 1.8122949600219727 -0.0120273157954216 0.9563890695571899 -0.2920621335506439 -0.0 0.4628460109233856 0.0987120270729065
0.9410216212272644 1.8167688846588135 -0.013964497484266758 0.9563890695571899 -0.2920621335506439 -0.0 0.4612489938735962 0.09709298610687256
1.3488925695419312 4.464719295501709 -0.003866291604936123 0.9563890695571899 -0.2920621335506439 -0.0 0.12644800543785095 0.008185029029846191
1.3519444465637207 4.474712371826172 -0.008194438181817532 0.9563890695571899 -0.2920621335506439 -0.0 0.12410499900579453 0.005841970443725586
1.035921573638916 4.5532379150390625 -0.01864296942949295 -0.9563890695571899 0.2920621335506439 -0.0 0.33702701330184937 0.005411982536315918
1.0364875793457031 4.555091857910156 -0.01396480854600668 -0.9563890695571899 0.2920621335506439 -0.0 0.3356879949569702 0.0040580034255981445
1.051426649093628 2.2497060298919678 -0.025258619338274002 -0.0 0.0 -1.0 0.45747900009155273 0.06591802835464478
1.0500602722167969 2.245231866836548 -0.02332044392824173 -0.20651875436306 -0.6763206720352173 -0.7070528268814087 0.4574640095233917 0.06813400983810425
1.3532085418701172 4.478851795196533 -0.018643520772457123 0.9563890695571899 -0.2920621335506439 -0.0 0.12079200148582458 0.005841970443725586
0.13977399468421936 2.0496530532836914 -0.01864265464246273 -0.2920621335506439 -0.9563890695571899 -0.0 0.32702699303627014 0.10553401708602905
0.14033979177474976 2.0515055656433105 -0.013964624144136906 -0.20651875436306 -0.6762596368789673 0.7070833444595337 0.32701098918914795 0.1078069806098938
0.2920094132423401 2.4767322540283203 -0.023320414125919342 -0.9563890695571899 0.2920621335506439 -0.0 0.3288879990577698 0.06751102209091187
0.2914435863494873 2.474879264831543 -0.018642425537109375 -0.9563890695571899 0.2920621335506439 -0.0 0.3266719877719879 0.06749600172042847
1.2841330766677856 4.484496116638184 -0.003866291604936123 -0.9563890695571899 0.2920621335506439 -0.0 0.0906120017170906 0.008185029029846191
1.2871849536895752 4.4944891929626465 -0.008194438181817532 -0.9563890695571899 0.2920621335506439 -0.0 0.09295500069856644 0.005841970443725586
1.036487340927124 4.55509090423584 -0.02332095056772232 -0.9563890695571899 0.2920621335506439 -0.0 0.33893099427223206 0.005421996116638184
1.0992310047149658 3.647198438644409 -0.018642403185367584 0.9563890695571899 -0.2920621335506439 -0.0 0.12079200148582458 0.005841970443725586
1.0979669094085693 3.643059015274048 -0.029092155396938324 0.9563890695571899 -0.2920621335506439 -0.0 0.11844900250434875 0.008185029029846191
0.9687675833702087 3.219994068145752 -0.018642880022525787 0.9563890695571899 -0.2920621335506439 -0.0 0.12079200148582458 0.005841970443725586
0.9675034284591675 3.2158546447753906 -0.029091648757457733 0.9563890695571899 -0.2920621335506439 -0.0 0.11844900250434875 0.008185029029846191
0.9415874481201172 1.8186217546463013 -0.018642483279109 0.9563890695571899 -0.2920621335506439 -0.0 0.4589749872684479 0.09707802534103394
0.9410216808319092 1.8167691230773926 -0.0233205147087574 0.9563890695571899 -0.2920621335506439 -0.0 0.4573569893836975 0.0986739993095398
1.1636017560958862 2.684866428375244 -0.018642865121364594 0.9563890695571899 -0.2920621335506439 -0.0 0.4591670036315918 0.02692502737045288
1.1630359888076782 2.683013916015625 -0.02332090586423874 0.9563890695571899 -0.2920621335506439 -0.0 0.45762899518013 0.028442978858947754
0.14363828301429749 2.0623066425323486 -0.018642451614141464 -0.9563890695571899 0.2920621335506439 -0.0 0.3254770040512085 0.09709298610687256
0.1430724859237671 2.0604538917541504 -0.023320481181144714 -0.9563890695571899 0.2920621335506439 -0.0 0.32707399129867554 0.0987120270729065
1.2304903268814087 4.077009201049805 -0.018643014132976532 0.2920621335506439 0.9563890695571899 -0.0 0.11844900250434875 0.031378984451293945
1.2292261123657227 4.072869777679443 -0.02909179776906967 0.20651875436306 0.6762596368789673 -0.7070833444595337 0.11844900250434875 0.03469198942184448
1.2884490489959717 4.498628616333008 -0.018643520772457123 -0.9563890695571899 0.2920621335506439 -0.0 0.09626899659633636 0.005841970443725586
1.287184715270996 4.494488716125488 -0.029092304408550262 -0.9563890695571899 0.2920621335506439 -0.0 0.09861200302839279 0.008185029029846191
0.7735437154769897 2.8125667572021484 -0.018642395734786987 -0.9563890695571899 0.2920621335506439 -0.0 0.09626899659633636 0.005841970443725586
0.7722795605659485 2.808427333831787 -0.029091164469718933 -0.9563890695571899 0.2920621335506439 -0.0 0.09861200302839279 0.008185029029846191
0.6400278806686401 2.3753669261932373 -0.03341948240995407 -0.0 0.0 -1.0 0.09861200302839279 0.011497974395751953
0.6369758248329163 2.365372896194458 -0.029091451317071915 -0.20651875436306 -0.6762596368789673 -0.7070833444595337 0.09861200302839279 0.01481097936630249
0.6430794596672058 2.385359525680542 -0.029091663658618927 -0.9563890695571899 0.2920621335506439 -0.0 0.09861200302839279 0.008185029029846191
0.6357117295265198 2.361233711242676 -0.018642384558916092 -0.9563890695571899 0.2920621335506439 -0.0 0.09295500069856644 0.013840973377227783
0.14170610904693604 2.0559797286987305 -0.012027284130454063 -0.9563890695571899 0.2920621335506439 -0.0 0.32158398628234863 0.0986739993095398
0.14307242631912231 2.0604536533355713 -0.013964465819299221 -0.9563890695571899 0.2920621335506439 -0.0 0.3232029974460602 0.09707802534103394
0.6443436145782471 2.3894989490509033 -0.018642891198396683 0.2920621335506439 0.9563890695571899 -0.0 0.09861200302839279 0.031378984451293945
0.5730616450309753 1.9242488145828247 -0.033418986946344376 -0.0 0.0 -1.0 0.11844900250434875 0.011497974395751953
0.5700098872184753 1.9142557382583618 -0.029091812670230865 -0.20651875436306 -0.6762291193008423 -0.7071138620376587 0.11844900250434875 0.01481097936630249
0.5761135220527649 1.9342422485351562 -0.02909102663397789 0.20651875436306 0.6762596368789673 -0.7071138620376587 0.11844900250434875 0.008185029029846191
1.4851124286651611 3.9767651557922363 -0.018643222749233246 0.9563890695571899 -0.2920621335506439 -0.0 0.6155840158462524 0.010818004608154297
1.4856781959533691 3.9786176681518555 -0.01396519597619772 0.9563890695571899 -0.2920621335506439 -0.0 0.6169729828834534 0.009445011615753174
1.4856781959533691 3.9786176681518555 -0.023321233689785004 -0.20651875436306 -0.6762596368789673 -0.7070833444595337 0.6122480034828186 0.011371016502380371
0.2920096516609192 2.4767329692840576 -0.013964257203042507 -0.9563890695571899 0.2920621335506439 -0.0 0.32511499524116516 0.06591802835464478
0.29337596893310547 2.4812068939208984 -0.01202691625803709 -0.0 0.0 1.0 0.3304060101509094 0.07482099533081055
0.29474204778671265 2.485680103302002 -0.023320253938436508 0.20651875436306 0.6762596368789673 -0.7070833444595337 0.3303619921207428 0.0814710259437561
0.29337576031684875 2.4812064170837402 -0.025258589535951614 -0.0 0.0 -1.0 0.33046600222587585 0.06595402956008911
0.5899813175201416 3.3201491832733154 -0.02525796741247177 -0.9563890695571899 0.2920621335506439 -0.0 0.4911620020866394 0.066211998462677
0.5886149406433105 3.3156752586364746 -0.023320801556110382 -0.9563890695571899 0.2920621335506439 -0.0 0.4896630048751831 0.06769198179244995
0.5880491137504578 3.3138222694396973 -0.018642820417881012 -0.2920621335506439 -0.9563890695571899 -0.0 0.49113500118255615 0.07042598724365234
1.0494945049285889 2.2433791160583496 -0.018642455339431763 -0.2920621335506439 -0.9563890695571899 6.103701889514923e-05 0.4574489891529083 0.0703510046005249
1.050060510635376 2.245232582092285 -0.013964287005364895 0.9563890695571899 -0.2920621335506439 -0.0 0.4628309905529022 0.06595402956008911
1.051426887512207 2.249706745147705 -0.012026946060359478 -0.0 0.0 0.999969482421875 0.4574190080165863 0.07478499412536621
0.8339881300926208 2.7786567211151123 -0.03342011570930481 -0.0 0.0 -1.0 0.11844900250434875 0.011497974395751953
0.8309363722801208 2.7686636447906494 -0.02909194678068161 -0.20651875436306 -0.6762596368789673 -0.7070833444595337 0.11844900250434875 0.01481097936630249
0.8370400071144104 2.7886500358581543 -0.029091164469718933 0.20651875436306 0.6762901544570923 -0.7070833444595337 0.11844900250434875 0.008185029029846191
0.9396553635597229 1.8122950792312622 -0.025257855653762817 -0.0 0.0 -1.0 0.4573409855365753 0.10094797611236572
0.9382890462875366 1.8078210353851318 -0.023320671170949936 -0.20651875436306 -0.6762596368789673 -0.7071138620376587 0.4573250114917755 0.10322201251983643
1.5931594371795654 4.383063316345215 -0.018642999231815338 0.9563890695571899 -0.2920621335506439 -0.0 0.4526030123233795 0.005421996116638184
0.5052492022514343 1.9340320825576782 -0.008194111287593842 -0.9563890695571899 0.2920621335506439 -0.0 0.0906120017170906 0.011497974395751953
0.5083010196685791 1.9440253973007202 -0.0038651619106531143 -0.0 0.0 1.0 0.09861200302839279 0.024752020835876465
0.511353075504303 1.95401930809021 -0.02909102290868759 0.20651875436306 0.6762596368789673 -0.7071138620376587 0.09861200302839279 0.008185029029846191
0.5083011984825134 1.9440258741378784 -0.03341898322105408 -0.0 0.0 -1.0 0.09861200302839279 0.011497974395751953
0.5126172304153442 1.9581587314605713 -0.018642256036400795 0.2920621335506439 0.9563890695571899 -0.0 0.09861200302839279 0.031378984451293945
0.5052494406700134 1.934032917022705 -0.029091808944940567 -0.20651875436306 -0.6762291193008423 -0.7071138620376587 0.09861200302839279 0.01481097936630249
0.44152018427848816 2.898465633392334 -0.02525821328163147 -0.0 0.0 -1.0 0.3337880074977875 0.03063899278640747
0.4401538372039795 2.893991470336914 -0.023321017622947693 -0.206488236784935 -0.6761986017227173 -0.7071443796157837 0.3337729871273041 0.03280001878738403
0.4395879805088043 2.8921384811401367 -0.018643036484718323 -0.2920621335506439 -0.9563890695571899 -0.0 0.33375900983810425 0.03496098518371582
0.4401537775993347 2.893991231918335 -0.013965009711682796 -0.20651875436306 -0.6762901544570923 0.7070528268814087 0.33374500274658203 0.03712201118469238
1.275489091873169 3.115694046020508 -0.023320667445659637 0.20651875436306 0.6762291193008423 -0.7071138620376587 0.6117900013923645 0.0809280276298523
1.2741228342056274 3.111220359802246 -0.025258980691432953 -0.0 0.0 -1.0 0.6118839979171753 0.06617999076843262
1.2727564573287964 3.106745958328247 -0.02332083135843277 -0.20651875436306 -0.6762901544570923 -0.7070833444595337 0.6118699908256531 0.06828701496124268
0.8991127610206604 4.157748222351074 -0.013965166173875332 -0.9563890695571899 0.2920621335506439 -0.0 0.49566999077796936 0.009418010711669922
0.9004790186882019 4.162222385406494 -0.012026838026940823 -0.0 0.0 0.999969482421875 0.5003389716148376 0.017255008220672607
0.901845395565033 4.166696548461914 -0.013965017162263393 0.20651875436306 0.6762596368789673 0.7070833444595337 0.500328004360199 0.019208014011383057
1.2292263507843018 4.072870254516602 -0.008193946443498135 0.20651875436306 0.6762596368789673 0.7070833444595337 0.11844900250434875 0.028065025806427002
1.2261743545532227 4.0628767013549805 -0.003865799866616726 -0.0 0.0 1.0 0.11844900250434875 0.024752020835876465
0.7524228096008301 3.732673168182373 -0.013964406214654446 -0.9563890695571899 0.2920621335506439 -0.0 0.48704901337623596 0.03875702619552612
0.7537891268730164 3.737147092819214 -0.01202706154435873 -0.0 0.0 1.0 0.4918360114097595 0.046796977519989014
1.1616696119308472 2.678539991378784 -0.025258243083953857 -0.0 0.0 -1.0 0.457614004611969 0.030605018138885498
1.1603033542633057 2.6740658283233643 -0.02332104742527008 -0.206488236784935 -0.6761986017227173 -0.7071443796157837 0.4575999975204468 0.032765984535217285
1.3698612451553345 3.544114351272583 -0.013965434394776821 0.9563890695571899 -0.2920621335506439 -0.0 0.6114670038223267 0.03878599405288696
1.371227502822876 3.548588275909424 -0.012027091346681118 -0.0 0.0 1.0 0.6065840125083923 0.046768009662628174
1.3692951202392578 3.5422606468200684 -0.018642611801624298 0.9563890695571899 -0.2920621335506439 -0.0 0.6100419759750366 0.04019397497177124
1.0949149131774902 3.6330652236938477 -0.003866291604936123 -0.0 0.0 0.999969482421875 0.11844900250434875 0.024752020835876465
1.0979666709899902 3.6430583000183105 -0.008194438181817532 0.206488236784935 0.6762291193008423 0.7071138620376587 0.11844900250434875 0.028065025806427002
0.7017362117767334 2.3455958366394043 -0.029091455042362213 0.9563890695571899 -0.2920621335506439 -0.0 0.12079200148582458 0.013840973377227783
0.7004721760749817 2.341456413269043 -0.01864238828420639 0.9563890695571899 -0.2920621335506439 -0.0 0.12410499900579453 0.013840973377227783
0.701736330986023 2.3455958366394043 -0.00819361861795187 -0.20651875436306 -0.6762596368789673 0.7071138620376587 0.11844900250434875 0.021438002586364746
0.9377231597900391 1.805968165397644 -0.018642686307430267 -0.2920621335506439 -0.9563890695571899 -0.0 0.4573090076446533 0.10549598932266235
0.9382889866828918 1.8078209161758423 -0.013964655809104443 -0.20651875436306 -0.6762596368789673 0.7070833444595337 0.4572939872741699 0.10777002573013306
1.2798171043395996 4.470363140106201 -0.018643014132976532 -0.9563890695571899 0.2920621335506439 -0.0 0.09295500069856644 0.013840973377227783
1.281081199645996 4.4745025634765625 -0.008194244466722012 -0.9563890695571899 0.2920621335506439 -0.0 0.0906120017170906 0.011497974395751953
1.1630358695983887 2.683013677597046 -0.013964883051812649 0.20651875436306 0.6763206720352173 0.7070223093032837 0.4575429856777191 0.04141002893447876
0.44288644194602966 2.9029393196105957 -0.02332087606191635 0.20651875436306 0.6762901544570923 -0.7070833444595337 0.3338020145893097 0.028478026390075684
1.1614148616790771 4.082653522491455 -0.003865799866616726 -0.0 0.0 1.0 0.09861200302839279 0.024752020835876465
1.1644668579101562 4.092647075653076 -0.008193946443498135 0.20651875436306 0.6762596368789673 0.7070833444595337 0.09861200302839279 0.028065025806427002
1.0332071781158447 3.662835121154785 -0.008194438181817532 0.206488236784935 0.6762291193008423 0.7071138620376587 0.09861200302839279 0.028065025806427002
1.0344715118408203 3.666975259780884 -0.018642403185367584 -0.9563890695571899 0.2920621335506439 -0.0 0.09626899659633636 0.005841970443725586
1.0301554203033447 3.6528420448303223 -0.003866291604936123 -0.0 0.0 0.999969482421875 0.09861200302839279 0.024752020835876465
1.5964579582214355 4.393864631652832 -0.02332083135843277 0.9563890695571899 -0.2920621335506439 -0.0 0.44937101006507874 0.0021539926528930664
1.0949149131774902 3.633065700531006 -0.03342010825872421 -0.0 0.0 -1.0 0.11844900250434875 0.011497974395751953
1.0918631553649902 3.623072624206543 -0.029091961681842804 -0.20651875436306 -0.6762291193008423 -0.7071138620376587 0.11844900250434875 0.01481097936630249
0.6369758248329163 2.365373134613037 -0.008193614892661572 -0.20651875436306 -0.6762596368789673 0.7071138620376587 0.09861200302839279 0.021438002586364746
0.6400277018547058 2.375366449356079 -0.0038656583055853844 -0.0 0.0 1.0 0.09861200302839279 0.024752020835876465
0.899691104888916 3.2256381511688232 -0.033419616520404816 -0.9563890695571899 0.2920621335506439 -0.0 0.09861200302839279 0.011497974395751953
0.8966392278671265 3.2156448364257812 -0.02909144014120102 -0.9563890695571899 0.2920621335506439 -0.0 0.09626899659633636 0.013840973377227783
0.8953751921653748 3.211505889892578 -0.018642380833625793 -0.9563890695571899 0.2920621335506439 -0.0 0.09295500069856644 0.013840973377227783
0.9644516706466675 3.2058615684509277 -0.0038656508550047874 -0.0 0.0 1.0 0.11844900250434875 0.024752020835876465
0.9675034880638123 3.2158546447753906 -0.00819381233304739 0.9563890695571899 -0.2920621335506439 -0.0 0.12410499900579453 0.005841970443725586
0.7649118304252625 2.784301519393921 -0.018642880022525787 -0.2920621335506439 -0.9563890695571899 -0.0 0.09861200302839279 0.01812499761581421
0.7661759853363037 2.7884409427642822 -0.008194110356271267 -0.9563890695571899 0.2920621335506439 -0.0 0.0906120017170906 0.011497974395751953
1.4870445728302002 3.9830923080444336 -0.025258399546146393 -0.0 3.0518509447574615e-05 -1.0 0.6122589707374573 0.009418010711669922
1.4884108304977417 3.9875659942626953 -0.023321054875850677 0.9563890695571899 -0.2920621335506439 -0.0 0.6122699975967407 0.007466018199920654
0.9644515514373779 3.2058610916137695 -0.033419616520404816 -0.0 0.0 -1.0 0.11844900250434875 0.011497974395751953
0.9613997340202332 3.1958680152893066 -0.02909144014120102 -0.20651875436306 -0.6762596368789673 -0.7070833444595337 0.11844900250434875 0.01481097936630249
1.3698612451553345 3.544114351272583 -0.023320473730564117 -0.20651875436306 -0.6762901544570923 -0.7070833444595337 0.6066200137138367 0.04075998067855835
0.8991127610206604 4.157748222351074 -0.023321203887462616 -0.9563890695571899 0.2920621335506439 -0.0 0.49899500608444214 0.010818004608154297
0.8985469937324524 4.155895709991455 -0.018643192946910858 -0.9563890695571899 0.2920621335506439 -0.0 0.49704301357269287 0.01080697774887085
0.7518567442893982 3.7308194637298584 -0.01864258199930191 -0.9563890695571899 0.2920621335506439 -0.0 0.48845699429512024 0.04018199443817139
0.7524228096008301 3.732673168182373 -0.02332044392824173 -0.20651875436306 -0.6762901544570923 -0.7070833444595337 0.49187201261520386 0.040789008140563965
1.2218585014343262 4.048744201660156 -0.018643520772457123 -0.2920621335506439 -0.9563890695571899 -0.0 0.11844900250434875 0.01812499761581421
1.2231225967407227 4.052883148193359 -0.008193752728402615 -0.20651875436306 -0.6762596368789673 0.7070833444595337 0.11844900250434875 0.021438002586364746
0.5899815559387207 3.3201498985290527 -0.012027292512357235 -0.0 0.0 1.0 0.4911080002784729 0.07463997602462769
0.5913475751876831 3.3246231079101562 -0.01396461483091116 0.206488236784935 0.6761986017227173 0.7071443796157837 0.49109500646591187 0.07674700021743774
0.7047881484031677 2.3555893898010254 -0.003865662030875683 -0.0 0.0 0.999969482421875 0.11844900250434875 0.024752020835876465
1.3712273836135864 3.5485877990722656 -0.02525877207517624 -3.0518509447574615e-05 -0.00012207403779029846 -1.0 0.6066319942474365 0.03875702619552612
0.6430795192718506 2.385359764099121 -0.008193819783627987 -0.9563890695571899 0.2920621335506439 -0.0 0.09295500069856644 0.005841970443725586
0.5773776769638062 1.9383816719055176 -0.018642259761691093 0.2920621335506439 0.9563890695571899 -0.0 0.11844900250434875 0.031378984451293945
1.2261745929718018 4.062877178192139 -0.033419616520404816 0.9563890695571899 -0.2920621335506439 -0.0 0.11844900250434875 0.011497974395751953
0.5886149406433105 3.3156752586364746 -0.013964771293103695 -0.20651875436306 -0.6762596368789673 0.7070833444595337 0.4911220073699951 0.0725330114364624
1.0301554203033447 3.6528425216674805 -0.03342010825872421 -0.0 0.0 -0.999969482421875 0.09861200302839279 0.011497974395751953
1.0271036624908447 3.6428494453430176 -0.029091961681842804 -0.20651875436306 -0.6762291193008423 -0.7071138620376587 0.09861200302839279 0.01481097936630249
1.0332074165344238 3.6628358364105225 -0.029092155396938324 -0.9563890695571899 0.2920621335506439 -0.0 0.09861200302839279 0.008185029029846191
1.0258393287658691 3.63870906829834 -0.018643014132976532 -0.9563890695571899 0.2920621335506439 -0.0 0.09295500069856644 0.013840973377227783
1.037853717803955 4.55956506729126 -0.02525912970304489 -0.0 0.0 -1.0 0.34028398990631104 0.004082977771759033
1.0392199754714966 4.5640387535095215 -0.023320801556110382 -0.9563890695571899 0.2920621335506439 -0.0 0.3402949869632721 0.0021790266036987305
1.4889767169952393 3.9894189834594727 -0.018643029034137726 0.9563890695571899 -0.2920621335506439 -0.0 0.6136590242385864 0.006093025207519531
0.4428864121437073 2.9029393196105957 -0.013964853249490261 0.20651875436306 0.6763206720352173 0.7070223093032837 0.3337160050868988 0.041445016860961914
0.44345226883888245 2.904792070388794 -0.018642835319042206 0.2920621335506439 0.9563890695571899 -0.0 0.3337019979953766 0.0436059832572937
0.441520094871521 2.898465156555176 -0.012026681564748287 -0.0 0.0 1.0 0.3337309956550598 0.03928297758102417
1.3458406925201416 4.454725742340088 -0.008194244466722012 0.9563890695571899 -0.2920621335506439 -0.0 0.12644800543785095 0.011497974395751953
1.3445765972137451 4.450586318969727 -0.018643014132976532 0.9563890695571899 -0.2920621335506439 -0.0 0.12410499900579453 0.013840973377227783
0.753788948059082 3.7371463775634766 -0.02525874227285385 -3.0518509447574615e-05 -0.00012207403779029846 -1.0 0.4918839931488037 0.03878599405288696
0.7551555037498474 3.741621494293213 -0.02332126349210739 -0.9563890695571899 0.2920621335506439 -0.0 0.49189600348472595 0.03678297996520996
0.7557213306427002 3.743474006652832 -0.01864323765039444 -0.9563890695571899 0.2920621335506439 -0.0 0.4904879927635193 0.03535902500152588
0.8370400667190552 2.7886505126953125 -0.008194311521947384 0.20651875436306 0.6762596368789673 0.7070833444595337 0.11844900250434875 0.028065025806427002
0.8383041620254517 2.7927894592285156 -0.018642395734786987 0.9563890695571899 -0.2920621335506439 -0.0 0.12079200148582458 0.005841970443725586
1.0271034240722656 3.642848491668701 -0.008194259367883205 -0.20651875436306 -0.6762596368789673 0.7071138620376587 0.09861200302839279 0.021438002586364746
0.7722796201705933 2.808427333831787 -0.008193320594727993 0.20651875436306 0.6762596368789673 0.7071138620376587 0.09861200302839279 0.028065025806427002
0.7692278623580933 2.798434257507324 -0.0038661500439047813 -0.0 0.0 1.0 0.09861200302839279 0.024752020835876465
0.9024112820625305 4.168549537658691 -0.018642999231815338 -0.9563890695571899 0.2920621335506439 -0.0 0.4990220069885254 0.006103992462158203
1.4870444536209106 3.9830918312072754 -0.012027851305902004 0.9563890695571899 -0.2920621335506439 -0.0 0.6169840097427368 0.007492005825042725
1.4884108304977417 3.9875659942626953 -0.013965046964585781 0.9563890695571899 -0.2920621335506439 -0.0 0.6156110167503357 0.006103992462158203
1.593725562095642 4.384917259216309 -0.013964838348329067 0.9563890695571899 -0.2920621335506439 -0.0 0.4539569914340973 0.004082977771759033
1.5950918197631836 4.38939094543457 -0.012027493678033352 -0.0 -3.0518509447574615e-05 1.0 0.4493190050125122 0.0116729736328125
1.5964581966400146 4.393865585327148 -0.013964659534394741 0.20651875436306 0.6762596368789673 0.7071138620376587 0.44930899143218994 0.013576984405517578
1.1583631038665771 4.072659969329834 -0.029091589152812958 -0.20651875436306 -0.6762291193008423 -0.7071138620376587 0.09861200302839279 0.01481097936630249
1.1657308340072632 4.096786022186279 -0.018643014132976532 -0.9563890695571899 0.2920621335506439 -0.0 0.09626899659633636 0.005841970443725586
1.3731597661972046 3.554915428161621 -0.018643267452716827 0.9563890695571899 -0.2920621335506439 -0.0 0.6080679893493652 0.03534698486328125
1.372593879699707 3.5530624389648438 -0.02332129329442978 0.9563890695571899 -0.2920621335506439 -0.0 0.6066439747810364 0.0367550253868103
1.1597371101379395 2.6722121238708496 -0.018643200397491455 -0.2920621335506439 -0.9563890695571899 -0.0 0.45758599042892456 0.03492701053619385
1.5970240831375122 4.395718097686768 -0.01864265650510788 0.9563890695571899 -0.2920621335506439 -0.0 0.4507240056991577 0.0008159875869750977
1.0378539562225342 4.559565544128418 -0.012027463875710964 -0.0 -3.0518509447574615e-05 1.0 0.34024301171302795 0.011698007583618164
1.0397861003875732 4.565892696380615 -0.018642626702785492 -0.9563890695571899 0.2920621335506439 -0.0 0.33895599842071533 0.0008260011672973633
0.9027429819107056 3.2356314659118652 -0.029091648757457733 0.20651875436306 0.6762596368789673 -0.7071138620376587 0.09861200302839279 0.008185029029846191
1.3519442081451416 4.474711894989014 -0.029092304408550262 0.9563890695571899 -0.2920621335506439 -0.0 0.11844900250434875 0.008185029029846191
1.3488924503326416 4.464718818664551 -0.03342025727033615 -0.0 0.0 -1.0 0.11844900250434875 0.011497974395751953
1.2231225967407227 4.052883148193359 -0.029091589152812958 -0.20651875436306 -0.6762291193008423 -0.7071138620376587 0.11844900250434875 0.01481097936630249
1.052793025970459 2.2541799545288086 -0.023320283740758896 0.20651875436306 0.6762596368789673 -0.7070833444595337 0.4573740065097809 0.08143502473831177
0.5039853453636169 1.9298936128616333 -0.018642738461494446 -0.2920621335506439 -0.9563890695571899 -0.0 0.09861200302839279 0.01812499761581421
0.7551554441452026 3.741621255874634 -0.013965255580842495 0.20651875436306 0.6763206720352173 0.7070528268814087 0.4918240010738373 0.048799991607666016
0.8296722769737244 2.764524459838867 -0.018642880022525787 -0.2920621335506439 -0.9563890695571899 -0.0 0.11844900250434875 0.01812499761581421
1.1583631038665771 4.072659969329834 -0.008193752728402615 -0.9563890695571899 0.2920621335506439 -0.0 0.0906120017170906 0.011497974395751953
0.14033985137939453 2.0515058040618896 -0.0233206395059824 -0.20651875436306 -0.6762596368789673 -0.7071138620376587 0.32704201340675354 0.10325998067855835
1.274122714996338 3.111219882965088 -0.012027471326291561 0.9563890695571899 -0.2920621335506439 -0.0 0.6169840097427368 0.06410497426986694
1.275489091873169 3.115694046020508 -0.013964644633233547 0.206488236784935 0.6761986017227173 0.7071443796157837 0.6118170022964478 0.07671397924423218
0.5913475751876831 3.3246231079101562 -0.02332063764333725 0.20651875436306 0.6762291193008423 -0.7071138620376587 0.4910680055618286 0.08096098899841309
0.7078399062156677 2.3655824661254883 -0.029091667383909225 0.9563890695571899 -0.2920621335506439 -0.0 0.11844900250434875 0.008185029029846191
0.704788327217102 2.3555898666381836 -0.03341948613524437 -0.0 0.0 -0.999969482421875 0.11844900250434875 0.011497974395751953
0.5919137001037598 3.32647705078125 -0.01864246279001236 0.2920621335506439 0.9563890695571899 -0.0 0.49108099937438965 0.0788540244102478
0.5113528370857239 1.9540185928344727 -0.008193324320018291 0.20651875436306 0.6762291193008423 0.7071138620376587 0.09861200302839279 0.028065025806427002
1.2760552167892456 3.1175477504730225 -0.018642492592334747 0.2920621335506439 0.9563890695571899 -0.0 0.6118029952049255 0.07882100343704224
0.5730615258216858 1.9242483377456665 -0.0038651656359434128 -0.0 0.0 1.0 0.11844900250434875 0.024752020835876465
0.5761132836341858 1.934241533279419 -0.00819332804530859 0.20651875436306 0.6762291193008423 0.7071138620376587 0.11844900250434875 0.028065025806427002
0.9018454551696777 4.166696548461914 -0.02332102507352829 -0.9563890695571899 0.2920621335506439 -0.0 0.5003949999809265 0.007492005825042725
0.9004791975021362 4.162222862243652 -0.025258369743824005 -0.0 3.0518509447574615e-05 -1.0 0.5003839731216431 0.009445011615753174
1.372593879699707 3.5530624389648438 -0.013965285383164883 0.20651875436306 0.6763206720352173 0.7070528268814087 0.6065719723701477 0.048771023750305176
1.2727564573287964 3.106745958328247 -0.013964801095426083 -0.20651875436306 -0.6762596368789673 0.7070833444595337 0.6118429899215698 0.07250100374221802
0.896639347076416 3.2156453132629395 -0.008193603716790676 -0.9563890695571899 0.2920621335506439 -0.0 0.0906120017170906 0.011497974395751953
0.8996912240982056 3.2256386280059814 -0.0038656508550047874 -0.0 0.0 1.0 0.09861200302839279 0.024752020835876465
1.2721905708312988 3.104893207550049 -0.0186428502202034 -0.2920621335506439 -0.9563890695571899 -0.0 0.611856997013092 0.07039397954940796
1.1570990085601807 4.068521022796631 -0.018643520772457123 -0.9563890695571899 0.2920621335506439 -0.0 0.09295500069856644 0.013840973377227783
1.0392203330993652 4.564039707183838 -0.013964629732072353 -0.9563890695571899 0.2920621335506439 -0.0 0.33705198764801025 0.0008159875869750977
1.052793025970459 2.2541799545288086 -0.013964268378913403 0.20651875436306 0.6762291193008423 0.7071138620376587 0.4574039876461029 0.07700097560882568
1.053359031677246 2.2560336589813232 -0.018643103539943695 0.9563890695571899 -0.2920621335506439 -0.0 0.4590719938278198 0.06214398145675659
1.3458406925201416 4.454725742340088 -0.02909209579229355 0.9563890695571899 -0.2920621335506439 -0.0 0.12079200148582458 0.013840973377227783
0.29474228620529175 2.4856810569763184 -0.013964100740849972 0.20651875436306 0.6762291193008423 0.7071138620376587 0.330390989780426 0.0770379900932312
0.2953081429004669 2.4875340461730957 -0.018642079085111618 -0.9563890695571899 0.2920621335506439 -0.0 0.3289240002632141 0.06215900182723999
0.1417061686515808 2.0559797286987305 -0.02525782212615013 -0.9563890695571899 0.2920621335506439 -0.0 0.32705798745155334 0.10098600387573242
0.8449994921684265 2.930633068084717 -0.005187316797673702 0.0011291848495602608 0.0037537766620516777 0.999969482421875 0.7037960290908813 0.11511200666427612
0.7925968766212463 2.759039878845215 -0.004479683004319668 0.0011291848495602608 0.0037537766620516777 0.999969482421875 0.6715260148048401 0.09306401014328003
0.5829873085021973 2.0726702213287354 -0.0016468390822410583 0.001037629321217537 0.003479110077023506 0.999969482421875 0.5424460172653198 0.09306401014328003
0.521692156791687 1.8719584941864014 -0.0009387768805027008 0.0009460737928748131 0.0032044434919953346 0.999969482421875 0.5047000050544739 0.09306401014328003
0.6353898644447327 2.244263172149658 -0.002354484051465988 0.0011291848495602608 0.0037537766620516777 0.999969482421875 0.5747159719467163 0.09306401014328003
0.5829873085021973 2.0726702213287354 -0.0016468390822410583 0.001037629321217537 0.003479110077023506 0.999969482421875 0.5424460172653198 0.09306401014328003
0.6877920627593994 2.4158549308776855 -0.0030632605776190758 0.0011291848495602608 0.0037537766620516777 0.999969482421875 0.6069859862327576 0.09306401014328003
0.6353898644447327 2.244263172149658 -0.002354484051465988 0.0011291848495602608 0.0037537766620516777 0.999969482421875 0.5747159719467163 0.09306401014328003
0.6877920627593994 2.4158549308776855 -0.0030632605776190758 0.0011291848495602608 0.0037537766620516777 0.999969482421875 0.6069859862327576 0.09306401014328003
1.159414291381836 3.960188865661621 -0.009437448345124722 0.0011291848495602608 0.0037537766620516777 0.999969482421875 0.8974159955978394 0.11511200666427612
1.2118167877197266 4.131781578063965 -0.010145089589059353 0.0011291848495602608 0.0037537766620516777 0.999969482421875 0.9296860098838806 0.11511200666427612
0.8449994921684265 2.930633068084717 -0.005187316797673702 0.0011291848495602608 0.0037537766620516777 0.999969482421875 0.7037960290908813 0.11511200666427612
0.8974021077156067 3.1022260189056396 -0.005895963869988918 0.0011291848495602608 0.0037537766620516777 0.999969482421875 0.7360659837722778 0.11511200666427612
1.264219045639038 4.303373336791992 -0.010853863321244717 0.0010986663401126862 0.0037537766620516777 0.999969482421875 0.9619560241699219 0.11511200666427612
1.3166227340698242 4.474969863891602 -0.011561504565179348 0.0010986663401126862 0.0037537766620516777 0.999969482421875 0.9942259788513184 0.11511200666427612
1.159414291381836 3.960188865661621 -0.009437448345124722 0.0011291848495602608 0.0037537766620516777 0.999969482421875 0.8974159955978394 0.11511200666427612
0.7401946783065796 2.5874478816986084 -0.003770909272134304 0.0011291848495602608 0.0037537766620516777 0.999969482421875 0.6392560005187988 0.11511200666427612
0.8974021077156067 3.1022260189056396 -0.005895963869988918 0.0011291848495602608 0.0037537766620516777 0.999969482421875 0.7360659837722778 0.11511200666427612
1.0546095371246338 3.617003917694092 -0.008021018467843533 0.0010986663401126862 0.0037537766620516777 0.999969482421875 0.8328760266304016 0.09306401014328003
1.1070116758346558 3.788595676422119 -0.008728793822228909 0.0011291848495602608 0.0037537766620516777 0.999969482421875 0.8651459813117981 0.09306401014328003
0.9498043060302734 3.273818016052246 -0.006604745052754879 0.0011291848495602608 0.0037537766620516777 0.999969482421875 0.7683359980583191 0.09306401014328003
1.0022070407867432 3.445411205291748 -0.007312378846108913 0.0011291848495602608 0.0037537766620516777 0.999969482421875 0.8006060123443604 0.09306401014328003
1.0022070407867432 3.445411205291748 -0.007312378846108913 0.0011291848495602608 0.0037537766620516777 0.999969482421875 0.8006060123443604 0.09306401014328003
1.0546095371246338 3.617003917694092 -0.008021018467843533 0.0010986663401126862 0.0037537766620516777 0.999969482421875 0.8328760266304016 0.09306401014328003
1.2118167877197266 4.131781578063965 -0.010145089589059353 0.0011291848495602608 0.0037537766620516777 0.999969482421875 0.9296860098838806 0.11511200666427612
1.264219045639038 4.303373336791992 -0.010853863321244717 0.0010986663401126862 0.0037537766620516777 0.999969482421875 0.9619560241699219 0.11511200666427612
0.9498043060302734 3.273818016052246 -0.006604745052754879 0.0011291848495602608 0.0037537766620516777 0.999969482421875 0.7683359980583191 0.09306401014328003
1.1070116758346558 3.788595676422119 -0.008728793822228909 0.0011291848495602608 0.0037537766620516777 0.999969482421875 0.8651459813117981 0.09306401014328003
0.7401946783065796 2.5874478816986084 -0.003770909272134304 0.0011291848495602608 0.0037537766620516777 0.999969482421875 0.6392560005187988 0.11511200666427612
0.7925968766212463 2.759039878845215 -0.004479683004319668 0.0011291848495602608 0.0037537766620516777 0.999969482421875 0.6715260148048401 0.09306401014328003
0.9675034284591675 3.2158546447753906 -0.029091648757457733 0.20651875436306 0.6762596368789673 -0.7071138620376587 0.11844900250434875 0.03469198942184448
0.9027429819107056 3.2356314659118652 -0.029091648757457733 0.20651875436306 0.6762596368789673 -0.7071138620376587 0.09861200302839279 0.03469198942184448
0.8370400071144104 2.7886500358581543 -0.029091164469718933 0.20651875436306 0.6762901544570923 -0.7070833444595337 0.11844900250434875 0.03469198942184448
0.7722795605659485 2.808427333831787 -0.029091164469718933 0.20651875436306 0.6762901544570923 -0.7070833444595337 0.09861200302839279 0.03469198942184448
1.372593879699707 3.5530624389648438 -0.02332129329442978 0.20651875436306 0.6762596368789673 -0.7070833444595337 0.6066439747810364 0.0367550253868103
0.7551555037498474 3.741621494293213 -0.02332126349210739 0.20651875436306 0.6762596368789673 -0.7070833444595337 0.49189600348472595 0.03678297996520996
1.3519442081451416 4.474711894989014 -0.029092304408550262 0.20651875436306 0.6762291193008423 -0.7071138620376587 0.11844900250434875 0.03469198942184448
1.287184715270996 4.494488716125488 -0.029092304408550262 0.20651875436306 0.6762291193008423 -0.7071138620376587 0.09861200302839279 0.03469198942184448
0.7078399062156677 2.3655824661254883 -0.029091667383909225 0.20651875436306 0.6762596368789673 -0.7070833444595337 0.11844900250434875 0.008185029029846191
0.6430794596672058 2.385359525680542 -0.029091663658618927 0.20651875436306 0.6762596368789673 -0.7070833444595337 0.09861200302839279 0.008185029029846191
1.1630359888076782 2.683013916015625 -0.02332090586423874 0.20651875436306 0.6762901544570923 -0.7070833444595337 0.45751500129699707 0.045732975006103516
0.44288644194602966 2.9029393196105957 -0.02332087606191635 0.20651875436306 0.6762901544570923 -0.7070833444595337 0.33368799090385437 0.045767009258270264
1.4884108304977417 3.9875659942626953 -0.023321054875850677 0.20651875436306 0.6762901544570923 -0.7070833444595337 0.6121810078620911 0.02308601140975952
0.9018454551696777 4.166696548461914 -0.02332102507352829 0.20651875436306 0.6762596368789673 -0.7070833444595337 0.5003060102462769 0.023113012313842773
1.2292261123657227 4.072869777679443 -0.02909179776906967 0.20651875436306 0.6762596368789673 -0.7070833444595337 0.11844900250434875 0.008185029029846191
1.1644666194915771 4.092646598815918 -0.02909179776906967 0.20651875436306 0.6762596368789673 -0.7070833444595337 0.09861200302839279 0.008185029029846191
1.5964579582214355 4.393864631652832 -0.02332083135843277 0.20651875436306 0.6762596368789673 -0.7070833444595337 0.44937101006507874 0.0021539926528930664
1.0392199754714966 4.5640387535095215 -0.023320801556110382 0.20651875436306 0.6762596368789673 -0.7070833444595337 0.3402949869632721 0.0021790266036987305
1.275489091873169 3.115694046020508 -0.023320667445659637 0.20651875436306 0.6762291193008423 -0.7071138620376587 0.6118969917297363 0.06407302618026733
0.5913475751876831 3.3246231079101562 -0.02332063764333725 0.20651875436306 0.6762291193008423 -0.7071138620376587 0.4911760091781616 0.06410497426986694
0.5761135220527649 1.9342422485351562 -0.02909102663397789 0.20651875436306 0.6762596368789673 -0.7071138620376587 0.11844900250434875 0.03469198942184448
0.511353075504303 1.95401930809021 -0.02909102290868759 0.20651875436306 0.6762596368789673 -0.7071138620376587 0.09861200302839279 0.03469198942184448
0.9410216808319092 1.8167691230773926 -0.0233205147087574 0.20651875436306 0.6762596368789673 -0.7070833444595337 0.45723098516464233 0.11686497926712036
0.1430724859237671 2.0604538917541504 -0.023320481181144714 0.20651875436306 0.6762596368789673 -0.7070833444595337 0.32694798707962036 0.11690300703048706
1.052793025970459 2.2541799545288086 -0.023320283740758896 0.20651875436306 0.6762596368789673 -0.7070833444595337 0.45749399065971375 0.06370097398757935
0.29474204778671265 2.485680103302002 -0.023320253938436508 0.20651875436306 0.6762596368789673 -0.7070833444595337 0.33048099279403687 0.06373697519302368
1.0979669094085693 3.643059015274048 -0.029092155396938324 0.20651875436306 0.6762596368789673 -0.7070833444595337 0.11844900250434875 0.03469198942184448
1.0332074165344238 3.6628358364105225 -0.029092155396938324 0.20651875436306 0.6762596368789673 -0.7070833444595337 0.09861200302839279 0.03469198942184448
1 60 0
60 1 57
153 141 146
141 153 147
9 8 12
8 9 5
4 65 7
65 4 62
104 157 162
157 104 110
13 12 17
12 13 9
185 178 184
178 185 179
18 17 23
17 18 13
143 134 138
134 143 142
135 129 131
129 135 132
62 66 65
66 62 61
24 23 30
23 24 18
32 28 40
28 32 21
146 137 142
137 146 141
28 29 36
29 28 22
16 76 640
76 16 71
31 30 38
30 31 24
34 35 44
35 34 26
83 90 85
90 83 84
66 70 69
70 66 63
71 77 76
77 71 72
166 158 163
158 166 161
21 22 28
22 21 641
134 127 130
127 134 133
61 63 66
63 61 58
55 75 64
75 55 191
59 64 67
64 59 54
53 54 59
54 53 47
111 112 106
112 111 138
57 56 60
56 57 52
45 47 53
47 45 38
72 78 77
78 72 73
77 82 81
82 77 78
0 62 4
62 0 60
55 190 191
190 55 49
47 48 54
48 47 43
642 2 643
2 642 3
60 61 62
61 60 56
116 150 155
150 116 118
54 55 64
55 54 48
154 111 105
111 154 148
39 38 45
38 39 31
17 19 26
19 17 12
68 72 71
72 68 69
92 97 98
97 92 91
5 3 8
3 5 2
12 14 19
14 12 8
49 50 190
50 49 42
52 51 56
51 52 46
23 26 34
26 23 17
644 3 645
3 644 6
42 41 50
41 42 33
63 67 70
67 63 59
48 49 55
49 48 44
191 87 75
87 191 188
6 646 10
646 6 647
10 11 15
11 10 648
76 81 80
81 76 77
114 115 109
115 114 120
14 10 20
10 14 6
20 15 25
15 20 10
70 74 73
74 70 67
186 182 185
182 186 40
165 148 154
148 165 159
89 100 95
100 89 94
67 75 74
75 67 64
183 172 177
172 183 176
50 186 187
186 50 41
69 73 72
73 69 70
40 36 182
36 40 28
649 109 650
109 649 103
86 91 92
91 86 85
125 121 122
121 125 123
176 154 172
154 176 165
190 187 189
187 190 50
175 169 174
169 175 170
172 105 99
105 172 154
181 174 180
174 181 175
138 130 112
130 138 134
94 105 100
105 94 99
38 43 47
43 38 30
110 155 157
155 110 116
95 106 101
106 95 100
96 107 102
107 96 101
41 40 186
40 41 32
19 20 27
20 19 14
174 168 173
168 174 169
170 166 169
166 170 167
187 185 184
185 187 186
178 165 176
165 178 171
173 164 171
164 173 168
169 163 168
163 169 166
120 117 115
117 120 119
651 80 652
80 651 76
139 132 135
132 139 136
168 160 164
160 168 163
161 151 158
151 161 156
171 159 165
159 171 164
160 146 152
146 160 153
188 93 87
93 188 177
155 145 149
145 155 150
157 149 156
149 157 155
149 140 144
140 149 145
130 124 113
124 130 127
144 136 139
136 144 140
653 117 654
117 653 115
90 101 96
101 90 95
100 111 106
111 100 105
162 156 161
156 162 157
187 183 189
183 187 184
142 133 134
133 142 137
101 112 107
112 101 106
151 139 147
139 151 144
26 27 35
27 26 19
98 103 655
103 98 97
102 113 108
113 102 107
156 144 151
144 156 149
189 177 188
177 189 183
180 173 179
173 180 174
177 99 93
99 177 172
184 176 183
176 184 178
133 125 127
125 133 128
51 53 58
53 51 45
75 79 74
79 75 87
127 122 124
122 127 125
158 147 153
147 158 151
163 153 160
153 163 158
148 138 111
138 148 143
30 34 43
34 30 23
152 142 143
142 152 146
112 113 107
113 112 130
124 120 114
120 124 122
33 32 41
32 33 25
25 21 32
21 25 15
37 85 86
85 37 83
190 188 191
188 190 189
7 68 656
68 7 65
137 128 133
128 137 131
97 108 103
108 97 102
58 59 63
59 58 53
141 131 137
131 141 135
657 83 37
83 657 80
147 135 141
135 147 139
103 114 109
114 103 108
179 171 178
171 179 173
122 119 120
119 122 121
128 123 125
123 128 126
27 25 33
25 27 20
43 44 48
44 43 34
658 167 170
167 658 659
167 161 166
161 167 162
73 79 78
79 73 74
78 88 82
88 78 79
660 175 181
175 660 661
662 170 175
170 662 663
113 114 108
114 113 124
664 115 665
115 664 109
164 152 159
152 164 160
91 102 97
102 91 96
36 666 181
666 36 29
131 126 128
126 131 129
159 143 148
143 159 152
84 95 90
95 84 89
8 6 14
6 8 3
182 181 180
181 182 36
80 84 83
84 80 81
88 99 94
99 88 93
82 94 89
94 82 88
81 89 84
89 81 82
56 58 61
58 56 51
182 179 185
179 182 180
85 96 91
96 85 90
667 162 167
162 667 104
668 71 16
71 668 68
79 93 88
93 79 87
65 69 68
69 65 66
35 33 42
33 35 27
15 669 21
669 15 11
44 42 49
42 44 35
46 45 51
45 46 39
595 408 409
408 595 603
542 571 541
571 542 572
208 476 223
476 208 209
299 296 297
296 299 298
554 605 240
605 554 242
297 294 295
294 297 296
285 281 287
281 285 283
198 206 193
206 198 499
196 193 194
193 196 198
613 284 598
284 613 282
586 590 235
590 586 589
308 463 639
463 308 310
493 225 495
225 493 226
445 486 444
486 445 324
419 575 418
575 419 404
464 536 515
536 464 286
375 560 556
560 375 374
216 567 222
567 216 218
473 222 472
222 473 216
443 633 604
633 443 410
192 197 195
197 192 416
519 534 336
534 519 505
618 526 211
526 618 527
400 414 415
414 400 401
399 514 397
514 399 398
427 508 426
508 427 580
295 292 293
292 295 294
541 257 256
257 541 571
609 334 335
334 609 485
608 274 275
274 608 597
230 468 469
468 230 551
431 469 430
469 431 230
549 425 456
425 549 251
207 416 192
416 207 417
557 625 386
625 557 558
329 326 490
326 329 328
556 583 566
583 556 560
263 572 542
572 263 262
477 501 479
501 477 502
524 588 265
588 524 539
478 502 477
502 478 504
629 428 429
428 629 250
546 241 545
241 546 547
441 581 446
581 441 440
456 424 457
424 456 425
436 217 437
217 436 219
596 603 595
603 596 412
497 306 496
306 497 614
670 254 255
254 670 671
562 278 561
278 562 280
465 286 464
286 465 273
264 268 538
268 264 266
239 589 586
589 239 238
260 573 258
573 260 574
454 432 455
432 454 433
269 433 454
433 269 267
672 238 239
238 672 673
525 539 524
539 525 537
265 262 263
262 265 588
319 316 317
316 319 318
223 220 221
220 223 476
213 470 619
470 213 471
607 289 288
289 607 290
606 636 291
636 606 582
363 570 628
570 363 563
276 420 421
420 276 632
439 313 458
313 439 438
287 279 272
279 287 281
488 353 487
353 488 358
249 246 247
246 249 248
253 630 548
630 253 252
303 300 301
300 303 302
383 611 627
611 383 382
368 382 383
382 368 369
520 505 519
505 520 506
437 527 618
527 437 217
391 388 482
388 391 390
532 452 466
452 532 451
531 466 467
466 531 532
499 204 206
204 499 202
593 481 577
481 593 592
351 578 533
578 351 579
340 337 338
337 340 342
492 328 329
328 492 484
566 675 674
675 566 583
552 385 384
385 552 626
496 305 304
305 496 306
676 302 303
302 676 677
619 679 678
679 619 470
509 620 622
620 509 617
561 597 608
597 561 278
312 475 462
475 312 474
395 392 393
392 395 513
205 417 207
417 205 203
435 467 434
467 435 531
458 311 459
311 458 313
459 309 307
309 459 311
624 500 623
500 624 621
247 244 555
244 247 246
315 448 530
448 315 314
530 447 529
447 530 448
317 314 315
314 317 316
377 374 375
374 377 376
367 359 352
359 367 361
634 484 492
484 634 637
365 361 367
361 365 615
601 506 520
506 601 507
349 345 460
345 349 347
272 277 569
277 272 279
511 354 510
354 511 356
320 325 323
325 320 327
533 580 427
580 533 578
255 252 253
252 255 254
522 376 377
376 522 518
460 343 461
343 460 345
494 226 493
226 494 228
547 429 241
429 547 629
680 579 351
579 680 681
574 538 573
538 574 264
540 405 403
405 540 498
342 350 337
350 342 344
372 584 370
584 372 559
224 229 227
229 224 231
635 327 320
327 635 491
551 236 468
236 551 234
442 604 576
604 442 443
397 513 395
513 397 514
415 412 596
412 415 414
221 544 565
544 221 220
682 398 399
398 682 683
461 341 339
341 461 343
358 366 353
366 358 360
381 521 599
521 381 379
450 638 321
638 450 483
237 422 587
422 237 423
235 232 233
232 235 590
409 406 407
406 409 408
275 685 684
685 275 274
616 563 363
563 616 564
558 591 625
591 558 512
418 687 686
687 418 575
482 626 552
626 482 388
301 298 299
298 301 300
344 348 350
348 344 346
449 321 322
321 449 450
360 364 366
364 360 362
483 332 638
332 483 330
426 507 601
507 426 508
600 373 371
373 600 523
215 471 213
471 215 214
293 290 607
290 293 292
393 390 391
390 393 392
555 242 554
242 555 244
510 689 688
689 510 354
559 585 584
585 559 517
690 503 568
503 690 691
490 324 445
324 490 326
517 380 585
380 517 378
310 462 463
462 310 312
212 472 210
472 212 473
352 357 355
357 352 359
577 480 553
480 577 481
553 389 387
389 553 480
612 228 494
228 612 550
201 610 199
610 201 200
199 504 478
504 199 610
271 537 525
537 271 270
692 318 319
318 692 693
628 489 631
489 628 570
528 214 215
214 528 543
515 535 516
535 515 536
457 245 243
245 457 424
599 523 600
523 599 521
453 576 402
576 453 442
413 594 602
594 413 411
602 498 540
498 602 594
512 396 591
396 512 394
407 404 419
404 407 406
446 582 606
582 446 581
233 550 612
550 233 232
333 491 635
491 333 331
632 598 420
598 632 613
622 564 616
564 622 620
587 231 224
231 587 422
335 637 634
637 335 334
631 356 511
356 631 489
455 261 259
261 455 432
516 280 562
280 516 535
568 621 624
621 568 503
627 518 522
518 627 611
444 695 694
695 444 486
623 200 201
200 623 500
565 543 528
543 565 544
548 248 249
248 548 630
529 614 497
614 529 447
696 270 271
270 696 697
LABEL Yagi_base
MATERIAL 1
TEXTURE 0
GEOM 30 16
0.47698327898979187 1.8177235126495361 -0.02552543766796589 -0.20651875436306 -0.6762596368789673 -0.7071138620376587 0.22128699719905853 0.05861300230026245
0.5286172032356262 1.8019551038742065 0.005577929317951202 -0.0 0.0 1.0 0.27675798535346985 0.07675999402999878
0.5286172032356262 1.8019551038742065 -0.025525415316224098 -0.20651875436306 -0.6762596368789673 -0.7071138620376587 0.27675798535346985 0.05861300230026245
0.4769832491874695 1.8177235126495361 0.005577908828854561 -0.0 0.0 1.0 0.22128699719905853 0.07675999402999878
0.549331545829773 1.8697847127914429 0.005577864125370979 0.2920621335506439 0.9563890695571899 -0.0 0.27675798535346985 0.01043999195098877
0.549331545829773 1.8697845935821533 -0.047848477959632874 0.2920621335506439 0.9563890695571899 -0.0 0.27675798535346985 0.03512698411941528
0.535137414932251 1.823305606842041 -0.04784843325614929 -0.20651875436306 -0.6762596368789673 -0.7071138620376587 0.27675798535346985 0.04936498403549194
0.4976976215839386 1.8855531215667725 0.005577843636274338 0.2920621335506439 0.9563890695571899 -0.0 0.22128699719905853 0.01043999195098877
0.4976976215839386 1.885553002357483 -0.047848500311374664 0.2920621335506439 0.9563890695571899 -0.0 0.22128699719905853 0.03512698411941528
0.4835034906864166 1.8390740156173706 -0.04784845560789108 -0.20651875436306 -0.6762596368789673 -0.7071138620376587 0.22128699719905853 0.04936498403549194
0.549331545829773 1.8697847127914429 0.005577864125370979 0.9563890695571899 -0.2920621335506439 -0.0 0.30144399404525757 0.03512698411941528
0.549331545829773 1.8697847127914429 0.005577864125370979 -0.0 0.0 1.0 0.27675798535346985 0.09753799438476562
0.549331545829773 1.8697845935821533 -0.047848477959632874 0.9563890695571899 -0.2920621335506439 -0.0 0.27675798535346985 0.03512698411941528
0.549331545829773 1.8697845935821533 -0.047848477959632874 -0.0 0.0 -1.0 0.27675798535346985 0.03512698411941528
0.4976976215839386 1.8855531215667725 0.005577843636274338 -0.9563890695571899 0.2920621335506439 -0.0 0.19660000503063202 0.03512698411941528
0.4976976215839386 1.8855531215667725 0.005577843636274338 -0.0 0.0 1.0 0.22128699719905853 0.09753799438476562
0.4976976215839386 1.885553002357483 -0.047848500311374664 -0.9563890695571899 0.2920621335506439 -0.0 0.22128699719905853 0.03512698411941528
0.4976976215839386 1.885553002357483 -0.047848500311374664 -0.0 0.0 -1.0 0.22128699719905853 0.03512698411941528
0.47698327898979187 1.8177235126495361 -0.02552543766796589 -0.9563890695571899 0.2920621335506439 -0.0 0.21474699676036835 0.05590498447418213
0.4769832491874695 1.8177235126495361 0.005577908828854561 -0.9563890695571899 0.2920621335506439 -0.0 0.19660000503063202 0.05590498447418213
0.4769832491874695 1.8177235126495361 0.005577908828854561 -0.2920621335506439 -0.9563890695571899 -0.0 0.22128699719905853 0.07675999402999878
0.5286172032356262 1.8019551038742065 0.005577929317951202 -0.2920621335506439 -0.9563890695571899 -0.0 0.27675798535346985 0.07675999402999878
0.5286172032356262 1.8019551038742065 0.005577929317951202 0.9563890695571899 -0.2920621335506439 -0.0 0.30144399404525757 0.05590498447418213
0.535137414932251 1.823305606842041 -0.04784843325614929 0.9563890695571899 -0.2920621335506439 -0.0 0.27675798535346985 0.04936498403549194
0.5286172032356262 1.8019551038742065 -0.025525415316224098 0.9563890695571899 -0.2920621335506439 -0.0 0.28329700231552124 0.05590498447418213
0.4835034906864166 1.8390740156173706 -0.04784845560789108 -0.9563890695571899 0.2920621335506439 -0.0 0.22128699719905853 0.04936498403549194
0.47698327898979187 1.8177235126495361 -0.02552543766796589 -0.2920621335506439 -0.9563890695571899 -0.0 0.22128699719905853 0.05861300230026245
0.5286172032356262 1.8019551038742065 -0.025525415316224098 -0.2920621335506439 -0.9563890695571899 -0.0 0.27675798535346985 0.05861300230026245
0.535137414932251 1.823305606842041 -0.04784843325614929 -0.0 0.0 -1.0 0.27675798535346985 0.04936498403549194
0.4835034906864166 1.8390740156173706 -0.04784845560789108 -0.0 0.0 -1.0 0.22128699719905853 0.04936498403549194
23 22 24
23 10 22
10 23 12
19 25 18
26 21 20
21 26 27
28 17 13
17 28 29
3 11 15
11 3 1
9 2 0
2 9 6
19 16 25
16 19 14
4 8 7
8 4 5
MATERIALS 1
METAL
MATERIAL METAL
0.74902 0.74902 0.74902 1.0
0.74902 0.74902 0.74902 1.0
0.556863 0.556863 0.556863 1.0 8.0
0.0 0.0 0.0 1.0
TEXTURES 0
